semester_raw,problem_name,total_rows,total_students,exam_rows,exam_students,midterm_n,midterm,exam_ratio,student_ratio,looks_midtermish,obvious_false_positive
F21,BS-Example1,1542,98,5.0,1.0,1.0,mid2,0.00324254215304799,0.01020408163265306,True,True
F21,BS-Example2,896,100,2.0,1.0,1.0,mid2,0.002232142857142857,0.01,True,True
F21,Dict-Tuple-Practice,1400,102,5.0,1.0,1.0,mid1,0.0035714285714285713,0.00980392156862745,False,False
F21,Diss-1-A,2772,100,5.0,1.0,1.0,mid1,0.0018037518037518038,0.01,False,False
F21,Diss-1-B,1386,100,6.0,1.0,1.0,mid1,0.004329004329004329,0.01,False,False
F21,Fall21-SI206_scratch_ac,33537,77,4509.0,22.0,2.0,mid1,0.13444851954557652,0.2857142857142857,False,False
F21,FuncWithTuplesAndDict,955,101,5.0,1.0,1.0,mid1,0.005235602094240838,0.009900990099009901,False,False
F21,HTML practice,707,99,11.0,3.0,1.0,mid2,0.015558698727015558,0.030303030303030304,False,False
F21,Mid2-Fall21-2Time,17,3,6.0,3.0,1.0,mid2,0.35294117647058826,1.0,True,False
F21,Mid2-Fall21-Practice,4265,98,117.0,24.0,1.0,mid2,0.02743259085580305,0.24489795918367346,True,False
F21,Mid2-Fall21-Timed,822,92,191.0,92.0,1.0,mid2,0.23236009732360097,1.0,True,False
F21,Mid2-Practice-Timed,1125,72,9.0,2.0,1.0,mid2,0.008,0.027777777777777776,True,False
F21,Midterm1-Fall21-2Time,18,3,6.0,3.0,1.0,mid1,0.3333333333333333,1.0,True,False
F21,Midterm1-Fall21-Q26andQ30,21,10,10.0,3.0,1.0,mid1,0.47619047619047616,0.3,True,False
F21,Midterm1-Fall21-Timed,955,99,197.0,92.0,1.0,mid1,0.20628272251308902,0.9292929292929293,True,False
F21,Midterm1-Practice-Fall21,3724,102,90.0,17.0,1.0,mid1,0.024167561761546726,0.16666666666666666,True,False
F21,Midterm1-Practice-Fall21-Timed,611,91,7.0,3.0,1.0,mid1,0.011456628477905073,0.03296703296703297,True,False
F21,Soup-Practice,1033,101,2.0,1.0,1.0,mid2,0.001936108422071636,0.009900990099009901,False,False
F21,Unit-Test-Practice,2392,100,5.0,1.0,1.0,mid1,0.0020903010033444815,0.01,False,False
F21,acid=Function_String_MixedUpCode_1_v2,86,21,5.0,1.0,1.0,mid1,0.05813953488372093,0.047619047619047616,False,False
F21,acid=Function_String_MixedUpCode_1_v2_ac,87,21,5.0,1.0,1.0,mid1,0.05747126436781609,0.047619047619047616,False,False
F21,acid=Function_String_MixedUpCode_2_v2,86,21,5.0,1.0,1.0,mid1,0.05813953488372093,0.047619047619047616,False,False
F21,acid=Function_String_MixedUpCode_2_v2_ac,86,21,5.0,1.0,1.0,mid1,0.05813953488372093,0.047619047619047616,False,False
F21,acid=Function_String_MixedUpCode_3,83,19,5.0,1.0,1.0,mid1,0.060240963855421686,0.05263157894736842,False,False
F21,acid=Function_String_MixedUpCode_3_ac,3426,104,16.0,3.0,1.0,mid1,0.004670169293636894,0.028846153846153848,False,False
F21,acid=Function_String_MixedUpCode_3_ordered,3344,104,11.0,2.0,1.0,mid1,0.003289473684210526,0.019230769230769232,False,False
F21,acid=Function_String_MixedUpCode_4,82,18,5.0,1.0,1.0,mid1,0.06097560975609756,0.05555555555555555,False,False
F21,acid=Function_String_MixedUpCode_4_ac,82,18,5.0,1.0,1.0,mid1,0.06097560975609756,0.05555555555555555,False,False
F21,acid=Function_String_MixedUpCode_5,82,18,5.0,1.0,1.0,mid1,0.06097560975609756,0.05555555555555555,False,False
F21,acid=Function_String_MixedUpCode_5_ac,82,18,5.0,1.0,1.0,mid1,0.06097560975609756,0.05555555555555555,False,False
F21,acid=Function_String_MixedUpCode_6,80,18,5.0,1.0,1.0,mid1,0.0625,0.05555555555555555,False,False
F21,acid=Function_String_MixedUpCode_6_ac,80,18,5.0,1.0,1.0,mid1,0.0625,0.05555555555555555,False,False
F21,acid=Function_String_MixedUpCode_7,79,18,5.0,1.0,1.0,mid1,0.06329113924050633,0.05555555555555555,False,False
F21,acid=Function_String_MixedUpCode_7_ac,79,18,5.0,1.0,1.0,mid1,0.06329113924050633,0.05555555555555555,False,False
F21,acid=Function_String_MixedUpCode_8,77,18,5.0,1.0,1.0,mid1,0.06493506493506493,0.05555555555555555,False,False
F21,acid=Function_String_MixedUpCode_8_ac,77,18,5.0,1.0,1.0,mid1,0.06493506493506493,0.05555555555555555,False,False
F21,acid=bsoup_writecode10q,22,6,5.0,1.0,1.0,mid2,0.22727272727272727,0.16666666666666666,False,False
F21,acid=bsoup_writecode10q_mu,22,5,5.0,1.0,1.0,mid2,0.22727272727272727,0.2,False,False
F21,acid=bsoup_writecode1q,31,7,5.0,1.0,1.0,mid2,0.16129032258064516,0.14285714285714285,False,False
F21,acid=bsoup_writecode1q_mu,36,7,5.0,1.0,1.0,mid2,0.1388888888888889,0.14285714285714285,False,False
F21,acid=bsoup_writecode2q,25,7,5.0,1.0,1.0,mid2,0.2,0.14285714285714285,False,False
F21,acid=bsoup_writecode2q_mu,27,7,5.0,1.0,1.0,mid2,0.18518518518518517,0.14285714285714285,False,False
F21,acid=bsoup_writecode3q,28,7,5.0,1.0,1.0,mid2,0.17857142857142858,0.14285714285714285,False,False
F21,acid=bsoup_writecode3q_mu,30,6,5.0,1.0,1.0,mid2,0.16666666666666666,0.16666666666666666,False,False
F21,acid=bsoup_writecode4q,26,6,5.0,1.0,1.0,mid2,0.19230769230769232,0.16666666666666666,False,False
F21,acid=bsoup_writecode4q_mu,27,6,5.0,1.0,1.0,mid2,0.18518518518518517,0.16666666666666666,False,False
F21,acid=bsoup_writecode5q,26,6,5.0,1.0,1.0,mid2,0.19230769230769232,0.16666666666666666,False,False
F21,acid=bsoup_writecode5q_mu,27,6,5.0,1.0,1.0,mid2,0.18518518518518517,0.16666666666666666,False,False
F21,acid=bsoup_writecode6q,22,6,5.0,1.0,1.0,mid2,0.22727272727272727,0.16666666666666666,False,False
F21,acid=bsoup_writecode6q_mu,23,6,5.0,1.0,1.0,mid2,0.21739130434782608,0.16666666666666666,False,False
F21,acid=bsoup_writecode7q,26,6,5.0,1.0,1.0,mid2,0.19230769230769232,0.16666666666666666,False,False
F21,acid=bsoup_writecode7q_mu,27,6,5.0,1.0,1.0,mid2,0.18518518518518517,0.16666666666666666,False,False
F21,acid=bsoup_writecode8q,26,6,5.0,1.0,1.0,mid2,0.19230769230769232,0.16666666666666666,False,False
F21,acid=bsoup_writecode8q_mu,27,6,5.0,1.0,1.0,mid2,0.18518518518518517,0.16666666666666666,False,False
F21,acid=bsoup_writecode9q,26,6,5.0,1.0,1.0,mid2,0.19230769230769232,0.16666666666666666,False,False
F21,acid=bsoup_writecode9q_mu,27,6,5.0,1.0,1.0,mid2,0.18518518518518517,0.16666666666666666,False,False
F21,acid=dp_get_counts_dict,1292,102,5.0,1.0,1.0,mid1,0.003869969040247678,0.00980392156862745,False,False
F21,acid=dp_get_counts_dict_pp,1288,102,5.0,1.0,1.0,mid1,0.0038819875776397515,0.00980392156862745,False,False
F21,acid=dp_get_tuple_from_dict,1331,102,5.0,1.0,1.0,mid1,0.003756574004507889,0.00980392156862745,False,False
F21,acid=dp_get_tuple_from_dict_pp,1331,102,5.0,1.0,1.0,mid1,0.003756574004507889,0.00980392156862745,False,False
F21,acid=dp_greater_dict,1304,102,5.0,1.0,1.0,mid1,0.003834355828220859,0.00980392156862745,False,False
F21,acid=dp_greater_dict_pp,1381,102,5.0,1.0,1.0,mid1,0.003620564808110065,0.00980392156862745,False,False
F21,acid=dp_list_of_tuples_to_dict,1382,102,5.0,1.0,1.0,mid1,0.00361794500723589,0.00980392156862745,False,False
F21,acid=dp_list_of_tuples_to_dict_pp,1454,102,5.0,1.0,1.0,mid1,0.0034387895460797797,0.00980392156862745,False,False
F21,acid=dp_two_list_to_dict,1398,102,5.0,1.0,1.0,mid1,0.00357653791130186,0.00980392156862745,False,False
F21,acid=dp_two_list_to_dict_pp,1396,102,5.0,1.0,1.0,mid1,0.0035816618911174787,0.00980392156862745,False,False
F21,acid=funct-strings-writecode4,3428,104,11.0,2.0,1.0,mid1,0.0032088681446907816,0.019230769230769232,False,False
F21,acid=funct-strings-writecode4-pp-ordered,3466,104,11.0,2.0,1.0,mid1,0.0031736872475476054,0.019230769230769232,False,False
F21,acid=str-mixed-book-ac,3955,105,11.0,2.0,1.0,mid1,0.002781289506953224,0.01904761904761905,False,False
F21,acid=str-mixed-book-ordered,3896,104,11.0,2.0,1.0,mid1,0.0028234086242299797,0.019230769230769232,False,False
F21,acid=str-mixed-code-ac,3800,105,11.0,2.0,1.0,mid1,0.0028947368421052633,0.01904761904761905,False,False
F21,acid=str-mixed-code-ordered,3756,104,11.0,2.0,1.0,mid1,0.0029286474973375934,0.019230769230769232,False,False
F21,acid=str-mixed-time-ac,3592,105,11.0,2.0,1.0,mid1,0.003062360801781737,0.01904761904761905,False,False
F21,acid=str-mixed-time-ordered,3559,104,11.0,2.0,1.0,mid1,0.0030907558302894073,0.019230769230769232,False,False
F21,assignment_id=72140,707,99,11.0,3.0,1.0,mid2,0.015558698727015558,0.030303030303030304,False,False
F21,assignment_id=72170,1033,101,2.0,1.0,1.0,mid2,0.001936108422071636,0.009900990099009901,False,False
F21,assignment_id=72213,955,101,5.0,1.0,1.0,mid1,0.005235602094240838,0.009900990099009901,False,False
F21,assignment_id=72244,2392,100,5.0,1.0,1.0,mid1,0.0020903010033444815,0.01,False,False
F21,assignment_id=73365,2769,100,5.0,1.0,1.0,mid1,0.0018057060310581437,0.01,False,False
F21,assignment_id=73514,1403,100,6.0,1.0,1.0,mid1,0.0042765502494654314,0.01,False,False
F21,assignment_id=79210,1400,102,5.0,1.0,1.0,mid1,0.0035714285714285713,0.00980392156862745,False,False
F21,assignment_id=81770,3724,102,90.0,17.0,1.0,mid1,0.024167561761546726,0.16666666666666666,False,False
F21,assignment_id=81772,474,91,7.0,3.0,1.0,mid1,0.014767932489451477,0.03296703296703297,False,False
F21,assignment_id=82105,768,99,10.0,4.0,1.0,mid1,0.013020833333333334,0.04040404040404041,False,False
F21,assignment_id=82320,23,8,7.0,1.0,1.0,mid1,0.30434782608695654,0.125,False,False
F21,assignment_id=82431,15,10,4.0,3.0,1.0,mid1,0.26666666666666666,0.3,False,False
F21,assignment_id=82436,4,1,1.0,1.0,1.0,mid1,0.25,1.0,False,False
F21,assignment_id=84150,1542,98,5.0,1.0,1.0,mid2,0.00324254215304799,0.01020408163265306,False,False
F21,assignment_id=84295,4265,98,117.0,24.0,1.0,mid2,0.02743259085580305,0.24489795918367346,False,False
F21,assignment_id=84731,896,100,2.0,1.0,1.0,mid2,0.002232142857142857,0.01,False,False
F21,assignment_id=85473,952,72,9.0,2.0,1.0,mid2,0.009453781512605041,0.027777777777777776,False,False
F21,assignment_id=85944,638,92,7.0,1.0,1.0,mid2,0.0109717868338558,0.010869565217391304,False,False
F21,chp13_classesmid1,106,47,0.0,0.0,0.0,,0.0,0.0,True,False
F21,class_car_test_pp,4072,97,1.0,1.0,1.0,mid1,0.0002455795677799607,0.010309278350515464,False,False
F21,funct_ac_grade,7100,96,1.0,1.0,1.0,mid1,0.00014084507042253522,0.010416666666666666,False,False
F21,get-index-duplicate-fix_v2,8970,97,3.0,1.0,1.0,mid1,0.00033444816053511704,0.010309278350515464,False,False
F21,mid_1_fall20_q1,267,103,0.0,0.0,0.0,,0.0,0.0,True,False
F21,mid_1_fall20_q10,233,103,0.0,0.0,0.0,,0.0,0.0,True,False
F21,mid_1_fall20_q12,200,103,0.0,0.0,0.0,,0.0,0.0,True,False
F21,mid_1_fall20_q13,182,103,0.0,0.0,0.0,,0.0,0.0,True,False
F21,mid_1_fall20_q14,244,103,1.0,1.0,1.0,mid1,0.004098360655737705,0.009708737864077669,True,False
F21,mid_1_fall20_q15,170,103,0.0,0.0,0.0,,0.0,0.0,True,False
F21,mid_1_fall20_q16,398,102,0.0,0.0,0.0,,0.0,0.0,True,False
F21,mid_1_fall20_q17,315,102,0.0,0.0,0.0,,0.0,0.0,True,False
F21,mid_1_fall20_q18,447,102,0.0,0.0,0.0,,0.0,0.0,True,False
F21,mid_1_fall20_q19,331,101,0.0,0.0,0.0,,0.0,0.0,True,False
F21,mid_1_fall20_q20,315,102,0.0,0.0,0.0,,0.0,0.0,True,False
F21,mid_1_fall20_q4,345,103,0.0,0.0,0.0,,0.0,0.0,True,False
F21,mid_1_fall20_q5,337,103,0.0,0.0,0.0,,0.0,0.0,True,False
F21,mid_1_fall20_q6,255,103,0.0,0.0,0.0,,0.0,0.0,True,False
F21,mid_1_fall20_q7,211,103,0.0,0.0,0.0,,0.0,0.0,True,False
F21,mid_1_fall20_q9,171,103,0.0,0.0,0.0,,0.0,0.0,True,False
F21,mid_1p_fall21_q11,278,103,0.0,0.0,0.0,,0.0,0.0,True,False
F21,mid_1p_fall21_q2,274,103,0.0,0.0,0.0,,0.0,0.0,True,False
F21,mid_1p_fall21_q3,215,103,0.0,0.0,0.0,,0.0,0.0,True,False
F21,mid_1p_fall21_q8,197,103,0.0,0.0,0.0,,0.0,0.0,True,False
F21,mid_2_fall20_q21,960,101,0.0,0.0,0.0,,0.0,0.0,True,False
F21,mid_2_fall20_q22,1472,97,0.0,0.0,0.0,,0.0,0.0,True,False
F21,mid_2_fall20_q23,1946,96,0.0,0.0,0.0,,0.0,0.0,True,False
F21,mid_2_fall20_q24,4072,97,1.0,1.0,1.0,mid1,0.0002455795677799607,0.010309278350515464,True,False
F21,mid_2_fall20_q25,3127,99,0.0,0.0,0.0,,0.0,0.0,True,False
F21,mid_2_fall20_q26,2662,95,0.0,0.0,0.0,,0.0,0.0,True,False
F21,mid_2_fall20_q27,1802,94,2.0,1.0,1.0,mid1,0.0011098779134295228,0.010638297872340425,True,False
F21,mid_2_fall20_q28,6836,96,2.0,1.0,1.0,mid1,0.0002925687536571094,0.010416666666666666,True,False
F21,mid_2_fall20_q29,4036,96,1.0,1.0,1.0,mid1,0.0002477700693756194,0.010416666666666666,True,False
F21,mid_2_fall20_q30,5281,96,1.0,1.0,1.0,mid1,0.0001893580761219466,0.010416666666666666,True,False
F21,mid_2_fall20_q31,3207,99,0.0,0.0,0.0,,0.0,0.0,True,False
F21,mid_2p_fall_20_q1,181,102,0.0,0.0,0.0,,0.0,0.0,True,False
F21,mid_2p_fall_20_q10,183,97,0.0,0.0,0.0,,0.0,0.0,True,False
F21,mid_2p_fall_20_q11,287,97,0.0,0.0,0.0,,0.0,0.0,True,False
F21,mid_2p_fall_20_q12,190,99,0.0,0.0,0.0,,0.0,0.0,True,False
F21,mid_2p_fall_20_q13,297,97,0.0,0.0,0.0,,0.0,0.0,True,False
F21,mid_2p_fall_20_q14,298,99,0.0,0.0,0.0,,0.0,0.0,True,False
F21,mid_2p_fall_20_q15,172,99,0.0,0.0,0.0,,0.0,0.0,True,False
F21,mid_2p_fall_20_q16_mc,280,98,0.0,0.0,0.0,,0.0,0.0,True,False
F21,mid_2p_fall_20_q17_v2,196,98,0.0,0.0,0.0,,0.0,0.0,True,False
F21,mid_2p_fall_20_q18,172,97,0.0,0.0,0.0,,0.0,0.0,True,False
F21,mid_2p_fall_20_q19,238,98,0.0,0.0,0.0,,0.0,0.0,True,False
F21,mid_2p_fall_20_q2,196,102,0.0,0.0,0.0,,0.0,0.0,True,False
F21,mid_2p_fall_20_q20,230,98,0.0,0.0,0.0,,0.0,0.0,True,False
F21,mid_2p_fall_20_q21,148,98,0.0,0.0,0.0,,0.0,0.0,True,False
F21,mid_2p_fall_20_q22_v2,218,98,0.0,0.0,0.0,,0.0,0.0,True,False
F21,mid_2p_fall_20_q23,255,99,0.0,0.0,0.0,,0.0,0.0,True,False
F21,mid_2p_fall_20_q24,204,98,0.0,0.0,0.0,,0.0,0.0,True,False
F21,mid_2p_fall_20_q25,195,99,0.0,0.0,0.0,,0.0,0.0,True,False
F21,mid_2p_fall_20_q26_v2,340,88,0.0,0.0,0.0,,0.0,0.0,True,False
F21,mid_2p_fall_20_q27,854,97,0.0,0.0,0.0,,0.0,0.0,True,False
F21,mid_2p_fall_20_q28,641,98,0.0,0.0,0.0,,0.0,0.0,True,False
F21,mid_2p_fall_20_q29,740,93,0.0,0.0,0.0,,0.0,0.0,True,False
F21,mid_2p_fall_20_q30,301,98,0.0,0.0,0.0,,0.0,0.0,True,False
F21,mid_2p_fall_20_q31,410,94,0.0,0.0,0.0,,0.0,0.0,True,False
F21,mid_2p_fall_20_q32,2342,94,0.0,0.0,0.0,,0.0,0.0,True,False
F21,mid_2p_fall_20_q33,5586,90,0.0,0.0,0.0,,0.0,0.0,True,False
F21,mid_2p_fall_20_q34,2898,92,0.0,0.0,0.0,,0.0,0.0,True,False
F21,mid_2p_fall_20_q35,1333,93,0.0,0.0,0.0,,0.0,0.0,True,False
F21,mid_2p_fall_20_q36,2649,92,0.0,0.0,0.0,,0.0,0.0,True,False
F21,mid_2p_fall_20_q37,3678,89,0.0,0.0,0.0,,0.0,0.0,True,False
F21,mid_2p_fall_20_q38,3671,87,0.0,0.0,0.0,,0.0,0.0,True,False
F21,mid_2p_fall_20_q39_v2,2519,85,0.0,0.0,0.0,,0.0,0.0,True,False
F21,mid_2p_fall_20_q3_v2,320,88,0.0,0.0,0.0,,0.0,0.0,True,False
F21,mid_2p_fall_20_q4,219,102,0.0,0.0,0.0,,0.0,0.0,True,False
F21,mid_2p_fall_20_q40,1337,88,0.0,0.0,0.0,,0.0,0.0,True,False
F21,mid_2p_fall_20_q5,192,102,0.0,0.0,0.0,,0.0,0.0,True,False
F21,mid_2p_fall_20_q6,220,101,0.0,0.0,0.0,,0.0,0.0,True,False
F21,mid_2p_fall_20_q7,278,102,0.0,0.0,0.0,,0.0,0.0,True,False
F21,mid_2p_fall_20_q8,341,101,0.0,0.0,0.0,,0.0,0.0,True,False
F21,mid_2p_fall_20_q9_mc,222,98,0.0,0.0,0.0,,0.0,0.0,True,False
F21,midterm_2_practice_q10_regex_b,183,97,0.0,0.0,0.0,,0.0,0.0,True,False
F21,midterm_2_practice_q11_regex_mc,297,97,0.0,0.0,0.0,,0.0,0.0,True,False
F21,midterm_2_practice_q12_continue_mc,192,99,0.0,0.0,0.0,,0.0,0.0,True,False
F21,midterm_2_practice_q13_regex_mc,298,98,0.0,0.0,0.0,,0.0,0.0,True,False
F21,midterm_2_practice_q14_strip_mc,301,99,0.0,0.0,0.0,,0.0,0.0,True,False
F21,midterm_2_practice_q15_str,172,99,0.0,0.0,0.0,,0.0,0.0,True,False
F21,midterm_2_practice_q16_sorted_mc,280,98,0.0,0.0,0.0,,0.0,0.0,True,False
F21,midterm_2_practice_q17_regex_mc,196,98,0.0,0.0,0.0,,0.0,0.0,True,False
F21,midterm_2_practice_q18_links_mc,175,97,0.0,0.0,0.0,,0.0,0.0,True,False
F21,midterm_2_practice_q19_step_into_mc,238,98,0.0,0.0,0.0,,0.0,0.0,True,False
F21,midterm_2_practice_q1_split_mc,181,102,0.0,0.0,0.0,,0.0,0.0,True,False
F21,midterm_2_practice_q20_soup_link,233,98,0.0,0.0,0.0,,0.0,0.0,True,False
F21,midterm_2_practice_q21_git_clone,150,98,0.0,0.0,0.0,,0.0,0.0,True,False
F21,midterm_2_practice_q22_html_false_mc,218,98,0.0,0.0,0.0,,0.0,0.0,True,False
F21,midterm_2_practice_q23_strings_mc,257,99,0.0,0.0,0.0,,0.0,0.0,True,False
F21,midterm_2_practice_q24_sorted_mc,205,98,0.0,0.0,0.0,,0.0,0.0,True,False
F21,midterm_2_practice_q25_dict,197,99,0.0,0.0,0.0,,0.0,0.0,True,False
F21,midterm_2_practice_q26_nested_dict_fitb,340,88,0.0,0.0,0.0,,0.0,0.0,True,False
F21,midterm_2_practice_q27_findall_regex_fib,854,97,0.0,0.0,0.0,,0.0,0.0,True,False
F21,midterm_2_practice_q28_findall_fib,640,98,0.0,0.0,0.0,,0.0,0.0,True,False
F21,midterm_2_practice_q29_email_fitb,740,93,0.0,0.0,0.0,,0.0,0.0,True,False
F21,midterm_2_practice_q2_types_mc,196,102,0.0,0.0,0.0,,0.0,0.0,True,False
F21,midterm_2_practice_q30_soup_fitb,301,98,0.0,0.0,0.0,,0.0,0.0,True,False
F21,midterm_2_practice_q31_soup_fitb,410,94,0.0,0.0,0.0,,0.0,0.0,True,False
F21,midterm_2_practice_q32_writecode,3241,95,0.0,0.0,0.0,,0.0,0.0,True,False
F21,midterm_2_practice_q33_writecode,7405,91,0.0,0.0,0.0,,0.0,0.0,True,False
F21,midterm_2_practice_q34_sumnums_pp,2898,92,0.0,0.0,0.0,,0.0,0.0,True,False
F21,midterm_2_practice_q35,1333,93,0.0,0.0,0.0,,0.0,0.0,True,False
F21,midterm_2_practice_q36_pp,2649,92,0.0,0.0,0.0,,0.0,0.0,True,False
F21,midterm_2_practice_q37_csvfile_pp,3678,89,0.0,0.0,0.0,,0.0,0.0,True,False
F21,midterm_2_practice_q38_get_from_lines_ac,4920,88,0.0,0.0,0.0,,0.0,0.0,True,False
F21,midterm_2_practice_q39_loop_two_lists_ac,3334,85,0.0,0.0,0.0,,0.0,0.0,True,False
F21,midterm_2_practice_q3_unit_test_mc,320,88,0.0,0.0,0.0,,0.0,0.0,True,False
F21,midterm_2_practice_q40_soup_pp,1337,88,0.0,0.0,0.0,,0.0,0.0,True,False
F21,midterm_2_practice_q4_split_mc,219,102,0.0,0.0,0.0,,0.0,0.0,True,False
F21,midterm_2_practice_q5_file_mc,192,102,0.0,0.0,0.0,,0.0,0.0,True,False
F21,midterm_2_practice_q6_regex_dig_mc,223,101,0.0,0.0,0.0,,0.0,0.0,True,False
F21,midterm_2_practice_q7_errors_mc,278,102,0.0,0.0,0.0,,0.0,0.0,True,False
F21,midterm_2_practice_q8_split2_mc,343,101,0.0,0.0,0.0,,0.0,0.0,True,False
F21,midterm_2_practice_q9_regex_dig_space_dash_mc,223,98,0.0,0.0,0.0,,0.0,0.0,True,False
F21,no params,54107,112,124.0,27.0,2.0,mid1,0.002291755225756372,0.24107142857142858,False,False
F21,py4e-int/bsoup/Exercises.html,115,23,5.0,1.0,1.0,mid2,0.043478260869565216,0.043478260869565216,False,False
F21,py4e-int/bsoup/plan2.html,332,85,5.0,1.0,1.0,mid2,0.015060240963855422,0.011764705882352941,False,False
F21,py4e-int/bsoup/plan4.html,647,87,6.0,1.0,1.0,mid2,0.00927357032457496,0.011494252873563218,False,False
F21,py4e-int/bsoup/writecode.html,84,20,5.0,1.0,1.0,mid2,0.05952380952380952,0.05,False,False
F21,py4e-int/database/mixedupCode.html,521,45,5.0,1.0,1.0,mid1,0.009596928982725527,0.022222222222222223,False,False
F21,py4e-int/dictionaries/dictionaries1.html,462,51,4.0,1.0,1.0,mid1,0.008658008658008658,0.0196078431372549,False,False
F21,py4e-int/dictionaries/dictionarycounters.html,558,48,5.0,1.0,1.0,mid1,0.008960573476702509,0.020833333333333332,False,False
F21,py4e-int/dictionaries/writecode.html,241,34,4.0,1.0,1.0,mid1,0.016597510373443983,0.029411764705882353,False,False
F21,py4e-int/files/Exercises.html,269,72,1.0,1.0,1.0,mid2,0.0037174721189591076,0.013888888888888888,False,False
F21,py4e-int/files/debugging.html,222,60,1.0,1.0,1.0,mid2,0.0045045045045045045,0.016666666666666666,False,False
F21,py4e-int/files/glossary.html,126,53,1.0,1.0,1.0,mid2,0.007936507936507936,0.018867924528301886,False,False
F21,py4e-int/files/mixedupCode.html,461,50,11.0,2.0,1.0,mid2,0.02386117136659436,0.04,False,False
F21,py4e-int/files/readingFiles.html,557,76,6.0,2.0,1.0,mid2,0.010771992818671455,0.02631578947368421,False,False
F21,py4e-int/files/searching.html,438,74,4.0,2.0,2.0,mid1,0.0091324200913242,0.02702702702702703,False,False
F21,py4e-int/files/textFiles.html,250,71,1.0,1.0,1.0,mid2,0.004,0.014084507042253521,False,False
F21,py4e-int/files/tryExceptOpen.html,302,91,1.0,1.0,1.0,mid2,0.0033112582781456954,0.01098901098901099,False,False
F21,py4e-int/files/userNames.html,496,87,1.0,1.0,1.0,mid2,0.0020161290322580645,0.011494252873563218,False,False
F21,py4e-int/files/writeCode.html,603,51,10.0,2.0,2.0,mid1,0.01658374792703151,0.0392156862745098,False,False
F21,py4e-int/files/writingFiles.html,582,70,1.0,1.0,1.0,mid2,0.001718213058419244,0.014285714285714285,False,False
F21,py4e-int/functions/func-group.html,1241,103,6.0,1.0,1.0,mid1,0.004834810636583401,0.009708737864077669,False,False
F21,py4e-int/functions/function_string_mixedUpCode.html,92,23,5.0,1.0,1.0,mid1,0.05434782608695652,0.043478260869565216,False,False
F21,py4e-int/functions/functions_tups_dicts_exercises.html,231,40,5.0,1.0,1.0,mid1,0.021645021645021644,0.025,False,False
F21,py4e-int/functions/mixedupcode_orig.html,141,7,5.0,1.0,1.0,mid1,0.03546099290780142,0.14285714285714285,False,False
F21,py4e-int/index.html,17142,114,8.0,4.0,2.0,mid1,0.000466690001166725,0.03508771929824561,False,False
F21,py4e-int/inheritance/Exercises.html,661,80,6.0,1.0,1.0,mid1,0.009077155824508321,0.0125,False,False
F21,py4e-int/inheritance/IntroToInheritance.html,451,63,6.0,1.0,1.0,mid1,0.013303769401330377,0.015873015873015872,False,False
F21,py4e-int/inheritance/UnitTests.html,1509,91,5.0,1.0,1.0,mid1,0.0033134526176275677,0.01098901098901099,False,False
F21,py4e-int/lists/listAsArgument.html,265,25,5.0,1.0,1.0,mid1,0.018867924528301886,0.04,False,False
F21,py4e-int/lists/objectsValues.html,68,28,6.0,1.0,1.0,mid1,0.08823529411764706,0.03571428571428571,False,False
F21,py4e-int/network/beautifulSoup.html,1098,65,6.0,2.0,1.0,mid2,0.00546448087431694,0.03076923076923077,False,False
F21,py4e-int/network/bonusforunixlinux.html,88,39,1.0,1.0,1.0,mid2,0.011363636363636364,0.02564102564102564,False,False
F21,py4e-int/network/glossary.html,101,34,1.0,1.0,1.0,mid2,0.009900990099009901,0.029411764705882353,False,False
F21,py4e-int/network/parsinghtmlusingbeautifulsoup.html,501,58,1.0,1.0,1.0,mid2,0.001996007984031936,0.017241379310344827,False,False
F21,py4e-int/network/parsinghtmlusingregex.html,162,42,1.0,1.0,1.0,mid2,0.006172839506172839,0.023809523809523808,False,False
F21,py4e-int/objects/Exercises.html,502,80,6.0,1.0,1.0,mid1,0.01195219123505976,0.0125,False,False
F21,py4e-int/objects/objectlifecycle.html,98,27,4.0,1.0,1.0,mid1,0.04081632653061224,0.037037037037037035,False,False
F21,py4e-int/pictures/exam9t11.html,6,6,0.0,0.0,0.0,,0.0,0.0,True,False
F21,py4e-int/regex/Exercises.html,435,84,6.0,1.0,1.0,mid2,0.013793103448275862,0.011904761904761904,False,False
F21,py4e-int/regex/charactermatching.html,590,85,6.0,1.0,1.0,mid2,0.010169491525423728,0.011764705882352941,False,False
F21,py4e-int/strings/count.html,119,32,5.0,1.0,1.0,mid1,0.04201680672268908,0.03125,False,False
F21,py4e-int/strings/toctree.html,127,28,5.0,1.0,1.0,mid1,0.03937007874015748,0.03571428571428571,False,False
F21,py4e-int/tuples/dictionariesandtuples.html,297,39,6.0,1.0,1.0,mid1,0.020202020202020204,0.02564102564102564,False,False
F21,py4e-int/web/writeCode.html,1206,89,5.0,1.0,1.0,mid2,0.0041459369817578775,0.011235955056179775,False,False
F21,q10_midw21_constructor_default,217,103,0.0,0.0,0.0,,0.0,0.0,True,False
F21,q3_midw21_flight_and_airport,274,103,0.0,0.0,0.0,,0.0,0.0,True,False
F21,q9_midw21_class_attribute_code,199,103,0.0,0.0,0.0,,0.0,0.0,True,False
F21,slicing_str_neg,245,103,1.0,1.0,1.0,mid1,0.004081632653061225,0.009708737864077669,False,False
F21,squirrel_party_v2,2470,95,3.0,1.0,1.0,mid1,0.0012145748987854252,0.010526315789473684,False,False
F21,total_first_half,5501,97,1.0,1.0,1.0,mid1,0.00018178512997636792,0.010309278350515464,False,False
F22,/runestone/assignments/practice,35580,148,4.0,1.0,1.0,mid1,0.00011242270938729624,0.006756756756756757,False,False
F22,BS-Reading,1303,137,1.0,1.0,1.0,mid2,0.0007674597083653108,0.0072992700729927005,False,False
F22,Class-Practice,1258,144,1.0,1.0,1.0,mid1,0.000794912559618442,0.006944444444444444,False,False
F22,Classes_Basic_Airport_pp,1518,142,1.0,1.0,1.0,mid1,0.0006587615283267457,0.007042253521126761,False,False
F22,Classes_Basic_Airport_sq,1560,143,1.0,1.0,1.0,mid1,0.000641025641025641,0.006993006993006993,False,False
F22,Diss-1-C,2463,85,4.0,1.0,1.0,mid2,0.0016240357287860333,0.011764705882352941,False,False
F22,File-Practice,1594,143,7.0,2.0,2.0,mid1,0.00439146800501882,0.013986013986013986,False,False
F22,File-Practice-CSV,2572,143,1.0,1.0,1.0,mid2,0.00038880248833592535,0.006993006993006993,False,False
F22,GroupWork-Classes,907,104,2.0,1.0,1.0,mid1,0.002205071664829107,0.009615384615384616,False,False
F22,GroupWork-More-HTML,735,100,2.0,1.0,1.0,mid2,0.0027210884353741495,0.01,False,False
F22,GroupWork-MultipleClasses,499,97,1.0,1.0,1.0,mid1,0.002004008016032064,0.010309278350515464,False,False
F22,GroupWork-Regex-Adv,570,95,5.0,1.0,1.0,mid2,0.008771929824561403,0.010526315789473684,False,False
F22,GroupWork-Soup,1934,110,6.0,2.0,1.0,mid2,0.0031023784901758012,0.01818181818181818,False,False
F22,GroupWork-Unittests,2653,134,8.0,2.0,1.0,mid1,0.003015454202789295,0.014925373134328358,False,False
F22,GroupWorkCSVReader-Writer,806,125,6.0,1.0,1.0,mid2,0.007444168734491315,0.008,False,False
F22,HTML practice,991,145,6.0,2.0,1.0,mid2,0.006054490413723511,0.013793103448275862,False,False
F22,HTML-Reading,748,131,1.0,1.0,1.0,mid2,0.001336898395721925,0.007633587786259542,False,False
F22,JSON Practice,1537,141,13.0,2.0,1.0,mid2,0.008458035133376708,0.014184397163120567,False,False
F22,Mid1-Fall22-15Time,258,19,26.0,13.0,1.0,mid1,0.10077519379844961,0.6842105263157895,True,False
F22,Mid1-Fall22-15time-v2,11,1,2.0,1.0,1.0,mid1,0.18181818181818182,1.0,True,False
F22,Mid1-Fall22-2Timed,29,7,4.0,2.0,1.0,mid1,0.13793103448275862,0.2857142857142857,True,False
F22,Mid1-Fall22-Practice,6226,146,74.0,14.0,1.0,mid1,0.011885640860905879,0.0958904109589041,True,False
F22,Mid1-Fall22-Practice-Timed,937,110,5.0,1.0,1.0,mid1,0.005336179295624333,0.00909090909090909,True,False
F22,Mid1-Fall22-Practice-Timed-15,708,99,5.0,1.0,1.0,mid1,0.007062146892655367,0.010101010101010102,True,False
F22,Mid1-Fall22-Practice-Timed-2,776,101,5.0,1.0,1.0,mid1,0.006443298969072165,0.009900990099009901,True,False
F22,Mid1-Fall22-Timed,1957,133,261.0,130.0,2.0,mid1,0.13336739908022482,0.9774436090225563,True,False
F22,Mid1-Fall22-Timed-28-31,17,5,2.0,1.0,1.0,mid1,0.11764705882352941,0.2,True,False
F22,Mid1-Fall22-Timed-v2,4,3,1.0,1.0,1.0,mid1,0.25,0.3333333333333333,True,False
F22,Mid2-Fall22-15Time,88,10,20.0,10.0,1.0,mid2,0.22727272727272727,1.0,True,False
F22,Mid2-Fall22-2Time,18,2,4.0,2.0,1.0,mid2,0.2222222222222222,1.0,True,False
F22,Mid2-Fall22-Practice,6382,144,124.0,21.0,1.0,mid2,0.019429645879034785,0.14583333333333334,True,False
F22,Mid2-Fall22-Practice-1.5Time,7,3,0.0,0.0,0.0,,0.0,0.0,True,False
F22,Mid2-Fall22-Practice-2Time,18,5,0.0,0.0,0.0,,0.0,0.0,True,False
F22,Mid2-Fall22-Practice-Timed,10,3,0.0,0.0,0.0,,0.0,0.0,True,False
F22,Mid2-Fall22-Timed,1027,131,265.0,131.0,1.0,mid2,0.25803310613437197,1.0,True,False
F22,Mid2_Fall22-Practice-Timed,602,85,6.0,1.0,1.0,mid2,0.009966777408637873,0.011764705882352941,True,False
F22,Mid2_Fall22-Practice-Timed1.5,166,44,4.0,1.0,1.0,mid2,0.024096385542168676,0.022727272727272728,True,False
F22,Mid2_Fall22-Practice-Timed2,203,53,3.0,2.0,1.0,mid2,0.014778325123152709,0.03773584905660377,True,False
F22,MultipleClassPractice,2104,144,3.0,1.0,1.0,mid1,0.0014258555133079848,0.006944444444444444,False,False
F22,PI-Mid2-Practice-NotTimed,833,116,17.0,4.0,1.0,mid2,0.02040816326530612,0.034482758620689655,True,False
F22,PI-Practice-Mid-2,739,120,12.0,3.0,1.0,mid2,0.016238159675236806,0.025,True,False
F22,PI-Practice-Mid2-NotTimed,113,31,0.0,0.0,0.0,,0.0,0.0,True,False
F22,Practice-PI-Mid1-Fall22,1073,139,0.0,0.0,0.0,,0.0,0.0,True,False
F22,Practice-PI-Mid1-Fall22-NotTimed,1160,112,20.0,5.0,1.0,mid1,0.017241379310344827,0.044642857142857144,True,False
F22,Reading-Regex,961,125,6.0,1.0,1.0,mid2,0.006243496357960458,0.008,False,False
F22,Regex-Adv-Practice,1678,135,6.0,1.0,1.0,mid2,0.003575685339690107,0.007407407407407408,False,False
F22,Regex-Midterm-Practice,2178,141,24.0,6.0,1.0,mid2,0.011019283746556474,0.0425531914893617,True,False
F22,Soup-Practice,1215,141,9.0,3.0,1.0,mid2,0.007407407407407408,0.02127659574468085,False,False
F22,Unit-Test-Practice,2463,143,18.0,5.0,2.0,mid1,0.007308160779537149,0.03496503496503497,False,False
F22,assignment_id=109287,2463,85,4.0,1.0,1.0,mid2,0.0016240357287860333,0.011764705882352941,False,False
F22,assignment_id=113686,1258,144,1.0,1.0,1.0,mid1,0.000794912559618442,0.006944444444444444,False,False
F22,assignment_id=113692,499,97,1.0,1.0,1.0,mid1,0.002004008016032064,0.010309278350515464,False,False
F22,assignment_id=113693,907,104,2.0,1.0,1.0,mid1,0.002205071664829107,0.009615384615384616,False,False
F22,assignment_id=114566,2104,144,3.0,1.0,1.0,mid1,0.0014258555133079848,0.006944444444444444,False,False
F22,assignment_id=114919,2653,134,8.0,2.0,1.0,mid1,0.003015454202789295,0.014925373134328358,False,False
F22,assignment_id=114920,2463,143,18.0,5.0,2.0,mid1,0.007308160779537149,0.03496503496503497,False,False
F22,assignment_id=114922,1594,143,7.0,2.0,2.0,mid1,0.00439146800501882,0.013986013986013986,False,False
F22,assignment_id=115642,6226,146,74.0,14.0,1.0,mid1,0.011885640860905879,0.0958904109589041,False,False
F22,assignment_id=115652,742,110,5.0,1.0,1.0,mid1,0.006738544474393531,0.00909090909090909,False,False
F22,assignment_id=115655,596,99,5.0,1.0,1.0,mid1,0.008389261744966443,0.010101010101010102,False,False
F22,assignment_id=115656,634,101,5.0,1.0,1.0,mid1,0.007886435331230283,0.009900990099009901,False,False
F22,assignment_id=116184,1160,112,20.0,5.0,1.0,mid1,0.017241379310344827,0.044642857142857144,False,False
F22,assignment_id=116230,1699,133,3.0,2.0,2.0,mid1,0.0017657445556209534,0.015037593984962405,False,False
F22,assignment_id=116618,2572,143,1.0,1.0,1.0,mid2,0.00038880248833592535,0.006993006993006993,False,False
F22,assignment_id=117100,961,125,6.0,1.0,1.0,mid2,0.006243496357960458,0.008,False,False
F22,assignment_id=117378,570,95,5.0,1.0,1.0,mid2,0.008771929824561403,0.010526315789473684,False,False
F22,assignment_id=117651,806,125,6.0,1.0,1.0,mid2,0.007444168734491315,0.008,False,False
F22,assignment_id=117660,748,131,1.0,1.0,1.0,mid2,0.001336898395721925,0.007633587786259542,False,False
F22,assignment_id=117661,991,145,6.0,2.0,1.0,mid2,0.006054490413723511,0.013793103448275862,False,False
F22,assignment_id=118329,6382,144,124.0,21.0,1.0,mid2,0.019429645879034785,0.14583333333333334,False,False
F22,assignment_id=118484,1678,135,6.0,1.0,1.0,mid2,0.003575685339690107,0.007407407407407408,False,False
F22,assignment_id=118494,1303,137,1.0,1.0,1.0,mid2,0.0007674597083653108,0.0072992700729927005,False,False
F22,assignment_id=118495,1215,141,9.0,3.0,1.0,mid2,0.007407407407407408,0.02127659574468085,False,False
F22,assignment_id=118499,735,100,2.0,1.0,1.0,mid2,0.0027210884353741495,0.01,False,False
F22,assignment_id=118500,1934,110,6.0,2.0,1.0,mid2,0.0031023784901758012,0.01818181818181818,False,False
F22,assignment_id=119001,489,85,6.0,1.0,1.0,mid2,0.012269938650306749,0.011764705882352941,False,False
F22,assignment_id=119002,113,44,4.0,1.0,1.0,mid2,0.035398230088495575,0.022727272727272728,False,False
F22,assignment_id=119003,139,53,2.0,2.0,1.0,mid2,0.014388489208633094,0.03773584905660377,False,False
F22,assignment_id=119072,529,120,12.0,3.0,1.0,mid2,0.022684310018903593,0.025,False,False
F22,assignment_id=119160,1537,141,13.0,2.0,1.0,mid2,0.008458035133376708,0.014184397163120567,False,False
F22,assignment_id=119199,2178,141,24.0,6.0,1.0,mid2,0.011019283746556474,0.0425531914893617,False,False
F22,assignment_id=119387,833,116,17.0,4.0,1.0,mid2,0.02040816326530612,0.034482758620689655,False,False
F22,assignment_id=119428,764,131,2.0,2.0,1.0,mid2,0.002617801047120419,0.015267175572519083,False,False
F22,bs_find_all_and_find,3306,145,2.0,1.0,1.0,mid2,0.0006049606775559589,0.006896551724137931,False,False
F22,bs_get_tag_text_with_class_pp,3316,146,2.0,1.0,1.0,mid2,0.0006031363088057901,0.00684931506849315,False,False
F22,bs_get_text_with_class,279,112,3.0,1.0,1.0,mid2,0.010752688172043012,0.008928571428571428,False,False
F22,bs_print_first_paragraph_pp,2369,146,4.0,1.0,1.0,mid2,0.0016884761502743773,0.00684931506849315,False,False
F22,bsoup/Exercises.html,103,23,1.0,1.0,1.0,mid2,0.009708737864077669,0.043478260869565216,False,False
F22,bsoup/activity-debugging.html,75,19,1.0,1.0,1.0,mid2,0.013333333333333334,0.05263157894736842,False,False
F22,bsoup/activity-explaining.html,100,20,1.0,1.0,1.0,mid2,0.01,0.05,False,False
F22,bsoup/example2.html,598,94,1.0,1.0,1.0,mid2,0.0016722408026755853,0.010638297872340425,True,True
F22,bsoup/plan4.html,569,106,1.0,1.0,1.0,mid2,0.0017574692442882249,0.009433962264150943,False,False
F22,bsoup/plan5.html,443,95,1.0,1.0,1.0,mid2,0.002257336343115124,0.010526315789473684,False,False
F22,bsoup/toctree.html,567,103,1.0,1.0,1.0,mid2,0.001763668430335097,0.009708737864077669,False,False
F22,bsoup_mixedupcode_5,3122,138,3.0,1.0,1.0,mid2,0.0009609224855861628,0.007246376811594203,False,False
F22,bsoup_mixedupcode_5_sq_v2,3156,138,3.0,1.0,1.0,mid2,0.0009505703422053232,0.007246376811594203,False,False
F22,bsoup_mixedupcode_7,2604,138,48.0,1.0,1.0,mid2,0.018433179723502304,0.007246376811594203,False,False
F22,bsoup_mixedupcode_7_sq_v2,2612,138,48.0,1.0,1.0,mid2,0.018376722817764167,0.007246376811594203,False,False
F22,chp13_classesmid1,297,143,0.0,0.0,0.0,,0.0,0.0,True,False
F22,class-pp-person,1815,143,1.0,1.0,1.0,mid1,0.0005509641873278236,0.006993006993006993,False,False
F22,classes-basics/AddingOtherMethodstoourClass.html,539,133,1.0,1.0,1.0,mid1,0.0018552875695732839,0.007518796992481203,False,False
F22,classes-basics/ImprovingourConstructor.html,364,134,1.0,1.0,1.0,mid1,0.0027472527472527475,0.007462686567164179,False,False
F22,classes-basics/ObjectsRevisited.html,488,135,1.0,1.0,1.0,mid1,0.0020491803278688526,0.007407407407407408,False,False
F22,classes-basics/ObjectsasArgumentsandParameters.html,338,130,1.0,1.0,1.0,mid1,0.0029585798816568047,0.007692307692307693,False,False
F22,classes-basics/UserDefinedClasses.html,1019,137,1.0,1.0,1.0,mid1,0.0009813542688910696,0.0072992700729927005,False,False
F22,classes-basics/toctree.html,327,96,2.0,1.0,1.0,mid1,0.0061162079510703364,0.010416666666666666,False,False
F22,csv_file_stocks_max_close_for_year_pp,5178,146,3.0,1.0,1.0,mid2,0.0005793742757821553,0.00684931506849315,False,False
F22,debug_fill_midtermPrac,73,56,0.0,0.0,0.0,,0.0,0.0,True,False
F22,debugging/KnowyourerrorMessages.html,129,31,1.0,1.0,1.0,mid2,0.007751937984496124,0.03225806451612903,False,False
F22,dictionaries/Exercises.html,369,76,5.0,1.0,1.0,mid2,0.013550135501355014,0.013157894736842105,False,False
F22,dp_get_counts_dict_pp,3521,149,1695.0,144.0,1.0,mid1,0.4813973303038909,0.9664429530201343,False,False
F22,dp_greater_dict_pp,1559,87,9.0,1.0,1.0,mid1,0.005772931366260423,0.011494252873563218,False,False
F22,exp/dict-practice-pp.html,33,14,1.0,1.0,1.0,mid1,0.030303030303030304,0.07142857142857142,False,False
F22,file_remove_newline,515,138,2.0,1.0,1.0,mid2,0.003883495145631068,0.007246376811594203,False,False
F22,files/Exercises.html,289,104,1.0,1.0,1.0,mid2,0.0034602076124567475,0.009615384615384616,False,False
F22,files/csv-file-group.html,2523,145,8.0,2.0,2.0,mid1,0.0031708283789139914,0.013793103448275862,False,False
F22,files/csv-reader-file-group.html,1958,139,7.0,2.0,1.0,mid2,0.003575076608784474,0.014388489208633094,False,False
F22,files/file-group.html,729,128,2.0,1.0,1.0,mid2,0.0027434842249657062,0.0078125,False,False
F22,files/mixedupCode_orig.html,38,21,1.0,1.0,1.0,mid2,0.02631578947368421,0.047619047619047616,False,False
F22,files/readingFiles.html,966,133,9.0,2.0,2.0,mid1,0.009316770186335404,0.015037593984962405,False,False
F22,files/writeCode.html,336,80,6.0,2.0,1.0,mid2,0.017857142857142856,0.025,False,False
F22,float_mid,120,57,0.0,0.0,0.0,,0.0,0.0,True,False
F22,functMath_MC_midtermPrac,8,6,0.0,0.0,0.0,,0.0,0.0,True,False
F22,functions/funcWithTuplesAndDict.html,1129,148,7.0,2.0,1.0,mid1,0.006200177147918512,0.013513513513513514,False,False
F22,functions/functions_loops_exercises.html,75,27,3.0,1.0,1.0,mid1,0.04,0.037037037037037035,False,False
F22,functions/functions_writecode.html,74,38,2.0,1.0,1.0,mid1,0.02702702702702703,0.02631578947368421,False,False
F22,functions/glossary.html,135,55,1.0,1.0,1.0,mid2,0.007407407407407408,0.01818181818181818,False,False
F22,functions/mathfunctions.html,168,63,8.0,1.0,1.0,mid2,0.047619047619047616,0.015873015873015872,False,False
F22,hparsons_learning_gain_sql_posttest_timed,171,89,0.0,0.0,0.0,,0.0,0.0,True,False
F22,hparsons_lg_regex_timed_post,224,114,0.0,0.0,0.0,,0.0,0.0,True,False
F22,hparsons_lg_regex_timed_pre,272,137,0.0,0.0,0.0,,0.0,0.0,True,False
F22,hparsons_lg_sql_posttest_timed_1,593,89,0.0,0.0,0.0,,0.0,0.0,True,False
F22,hparsons_lg_sql_posttest_timed_2,589,88,0.0,0.0,0.0,,0.0,0.0,True,False
F22,hparsons_lg_sql_posttest_timed_3,388,88,0.0,0.0,0.0,,0.0,0.0,True,False
F22,html_pp_ex1,3613,145,2.0,1.0,1.0,mid2,0.0005535566011624688,0.006896551724137931,False,False
F22,html_pp_ex2,3244,145,45.0,1.0,1.0,mid2,0.013871763255240444,0.006896551724137931,False,False
F22,index.html,22718,159,7.0,4.0,2.0,mid1,0.0003081257152918391,0.025157232704402517,False,False
F22,inheritance/AssociationVsInheritance.html,386,121,1.0,1.0,1.0,mid1,0.0025906735751295338,0.008264462809917356,False,False
F22,inheritance/ClassDiagrams.html,310,128,1.0,1.0,1.0,mid1,0.0032258064516129032,0.0078125,False,False
F22,inheritance/Extending.html,621,132,1.0,1.0,1.0,mid1,0.001610305958132045,0.007575757575757576,False,False
F22,inheritance/ReuseThroughAssociation.html,419,121,1.0,1.0,1.0,mid1,0.002386634844868735,0.008264462809917356,False,False
F22,inheritance/UnitTests.html,2241,144,11.0,2.0,2.0,mid1,0.0049085229808121375,0.013888888888888888,False,False
F22,iterations/Exercises.html,125,54,3.0,1.0,1.0,mid1,0.024,0.018518518518518517,False,False
F22,list_mid,31,11,0.0,0.0,0.0,,0.0,0.0,True,False
F22,lists/sequence.html,170,68,3.0,1.0,1.0,mid1,0.01764705882352941,0.014705882352941176,False,False
F22,lists/toctree.html,184,56,1.0,1.0,1.0,mid2,0.005434782608695652,0.017857142857142856,False,False
F22,mid2_fa22_file_write_author_Elaina_tiller,40,3,0.0,0.0,0.0,,0.0,0.0,True,False
F22,mid2_fa22_nested_dict_mc,487,143,0.0,0.0,0.0,,0.0,0.0,True,False
F22,mid2_fa22_test_case_author_Elaina_Tiller,5,2,0.0,0.0,0.0,,0.0,0.0,True,False
F22,mid2_regex_slash_b_mc,1347,146,463.0,144.0,1.0,mid2,0.3437268002969562,0.9863013698630136,True,False
F22,mid2_win22_get_dogs_try_except_ac,7537,133,0.0,0.0,0.0,,0.0,0.0,True,False
F22,mid2_win22_period_regex,1,1,0.0,0.0,0.0,,0.0,0.0,True,False
F22,mid2_win22_regex_wb_mc,669,138,0.0,0.0,0.0,,0.0,0.0,True,False
F22,mid_1_fall20_q1,466,146,0.0,0.0,0.0,,0.0,0.0,True,False
F22,mid_1_fall20_q10,514,145,0.0,0.0,0.0,,0.0,0.0,True,False
F22,mid_1_fall20_q12,58,43,0.0,0.0,0.0,,0.0,0.0,True,False
F22,mid_1_fall20_q13,387,140,0.0,0.0,0.0,,0.0,0.0,True,False
F22,mid_1_fall20_q14,448,145,0.0,0.0,0.0,,0.0,0.0,True,False
F22,mid_1_fall20_q15,368,145,0.0,0.0,0.0,,0.0,0.0,True,False
F22,mid_1_fall20_q16,703,145,0.0,0.0,0.0,,0.0,0.0,True,False
F22,mid_1_fall20_q17,487,145,0.0,0.0,0.0,,0.0,0.0,True,False
F22,mid_1_fall20_q18,670,144,0.0,0.0,0.0,,0.0,0.0,True,False
F22,mid_1_fall20_q19,509,142,0.0,0.0,0.0,,0.0,0.0,True,False
F22,mid_1_fall20_q20,378,141,0.0,0.0,0.0,,0.0,0.0,True,False
F22,mid_1_fall20_q4,550,146,0.0,0.0,0.0,,0.0,0.0,True,False
F22,mid_1_fall20_q5,586,145,0.0,0.0,0.0,,0.0,0.0,True,False
F22,mid_1_fall20_q6,431,145,0.0,0.0,0.0,,0.0,0.0,True,False
F22,mid_1_fall20_q7,353,140,0.0,0.0,0.0,,0.0,0.0,True,False
F22,mid_1_fall20_q9,61,43,0.0,0.0,0.0,,0.0,0.0,True,False
F22,mid_1_fall22_q12,430,145,0.0,0.0,0.0,,0.0,0.0,True,False
F22,mid_1_fall22_q9,676,145,0.0,0.0,0.0,,0.0,0.0,True,False
F22,mid_1_two_lists_to_one_pp,123,7,0.0,0.0,0.0,,0.0,0.0,True,False
F22,mid_1p_fall21_q11,524,144,0.0,0.0,0.0,,0.0,0.0,True,False
F22,mid_1p_fall21_q2,575,146,0.0,0.0,0.0,,0.0,0.0,True,False
F22,mid_1p_fall21_q3,457,145,0.0,0.0,0.0,,0.0,0.0,True,False
F22,mid_1p_fall21_q8,61,44,0.0,0.0,0.0,,0.0,0.0,True,False
F22,mid_1p_fall21_q8_v2,387,145,0.0,0.0,0.0,,0.0,0.0,True,False
F22,mid_2_create_list_from_two_lists_pp,1153,43,0.0,0.0,0.0,,0.0,0.0,True,False
F22,mid_2_fall20_q21,2101,141,0.0,0.0,0.0,,0.0,0.0,True,False
F22,mid_2_fall20_q22,3363,143,0.0,0.0,0.0,,0.0,0.0,True,False
F22,mid_2_fall20_q23,4574,142,0.0,0.0,0.0,,0.0,0.0,True,False
F22,mid_2_fall20_q24,7258,140,0.0,0.0,0.0,,0.0,0.0,True,False
F22,mid_2_fall20_q25,5729,141,0.0,0.0,0.0,,0.0,0.0,True,False
F22,mid_2_fall20_q26,3829,144,0.0,0.0,0.0,,0.0,0.0,True,False
F22,mid_2_fall20_q27,2789,142,0.0,0.0,0.0,,0.0,0.0,True,False
F22,mid_2_fall20_q28,7568,139,0.0,0.0,0.0,,0.0,0.0,True,False
F22,mid_2_fall20_q29,3864,139,0.0,0.0,0.0,,0.0,0.0,True,False
F22,mid_2_fall20_q30,2919,139,0.0,0.0,0.0,,0.0,0.0,True,False
F22,mid_2_fall20_q31,2985,141,0.0,0.0,0.0,,0.0,0.0,True,False
F22,mid_2p_fall_20_q1,490,143,0.0,0.0,0.0,,0.0,0.0,True,False
F22,mid_2p_fall_20_q10,493,142,0.0,0.0,0.0,,0.0,0.0,True,False
F22,mid_2p_fall_20_q11,688,143,0.0,0.0,0.0,,0.0,0.0,True,False
F22,mid_2p_fall_20_q12,471,142,0.0,0.0,0.0,,0.0,0.0,True,False
F22,mid_2p_fall_20_q13,525,140,0.0,0.0,0.0,,0.0,0.0,True,False
F22,mid_2p_fall_20_q14,630,140,0.0,0.0,0.0,,0.0,0.0,True,False
F22,mid_2p_fall_20_q15,429,140,0.0,0.0,0.0,,0.0,0.0,True,False
F22,mid_2p_fall_20_q16_mc,595,141,0.0,0.0,0.0,,0.0,0.0,True,False
F22,mid_2p_fall_20_q17_v2,482,140,0.0,0.0,0.0,,0.0,0.0,True,False
F22,mid_2p_fall_20_q18,455,140,0.0,0.0,0.0,,0.0,0.0,True,False
F22,mid_2p_fall_20_q19,558,140,0.0,0.0,0.0,,0.0,0.0,True,False
F22,mid_2p_fall_20_q20,484,140,0.0,0.0,0.0,,0.0,0.0,True,False
F22,mid_2p_fall_20_q21,376,141,0.0,0.0,0.0,,0.0,0.0,True,False
F22,mid_2p_fall_20_q22_v2,465,140,0.0,0.0,0.0,,0.0,0.0,True,False
F22,mid_2p_fall_20_q23,560,140,0.0,0.0,0.0,,0.0,0.0,True,False
F22,mid_2p_fall_20_q24,572,140,2.0,1.0,1.0,mid2,0.0034965034965034965,0.007142857142857143,True,False
F22,mid_2p_fall_20_q25,465,140,0.0,0.0,0.0,,0.0,0.0,True,False
F22,mid_2p_fall_20_q26_v2,427,140,0.0,0.0,0.0,,0.0,0.0,True,False
F22,mid_2p_fall_20_q27,1443,140,0.0,0.0,0.0,,0.0,0.0,True,False
F22,mid_2p_fall_20_q30,468,139,0.0,0.0,0.0,,0.0,0.0,True,False
F22,mid_2p_fall_20_q31,643,137,3.0,2.0,1.0,mid2,0.004665629860031105,0.014598540145985401,True,False
F22,mid_2p_fall_20_q32,2823,138,0.0,0.0,0.0,,0.0,0.0,True,False
F22,mid_2p_fall_20_q33,6604,132,0.0,0.0,0.0,,0.0,0.0,True,False
F22,mid_2p_fall_20_q34,5530,136,0.0,0.0,0.0,,0.0,0.0,True,False
F22,mid_2p_fall_20_q35,2354,138,2.0,1.0,1.0,mid2,0.0008496176720475786,0.007246376811594203,True,False
F22,mid_2p_fall_20_q36,4444,138,0.0,0.0,0.0,,0.0,0.0,True,False
F22,mid_2p_fall_20_q37,5917,137,3.0,1.0,1.0,mid2,0.000507013689369613,0.0072992700729927005,True,False
F22,mid_2p_fall_20_q38,3399,132,0.0,0.0,0.0,,0.0,0.0,True,False
F22,mid_2p_fall_20_q3_v2,872,144,0.0,0.0,0.0,,0.0,0.0,True,False
F22,mid_2p_fall_20_q4,568,143,0.0,0.0,0.0,,0.0,0.0,True,False
F22,mid_2p_fall_20_q5,461,143,0.0,0.0,0.0,,0.0,0.0,True,False
F22,mid_2p_fall_20_q6,557,143,0.0,0.0,0.0,,0.0,0.0,True,False
F22,mid_2p_fall_20_q7,618,144,0.0,0.0,0.0,,0.0,0.0,True,False
F22,mid_2p_fall_20_q8,704,144,0.0,0.0,0.0,,0.0,0.0,True,False
F22,mid_2p_fall_20_q9_mc,517,143,0.0,0.0,0.0,,0.0,0.0,True,False
F22,mid_2p_fall_22_q2,485,143,0.0,0.0,0.0,,0.0,0.0,True,False
F22,mid_2p_fall_22_q39,5024,133,0.0,0.0,0.0,,0.0,0.0,True,False
F22,midterm_2_practice_q10_regex_b,492,142,0.0,0.0,0.0,,0.0,0.0,True,False
F22,midterm_2_practice_q11_regex_mc,689,143,0.0,0.0,0.0,,0.0,0.0,True,False
F22,midterm_2_practice_q12_continue_mc,471,142,0.0,0.0,0.0,,0.0,0.0,True,False
F22,midterm_2_practice_q13_regex_mc,525,140,0.0,0.0,0.0,,0.0,0.0,True,False
F22,midterm_2_practice_q14_strip_mc,630,140,0.0,0.0,0.0,,0.0,0.0,True,False
F22,midterm_2_practice_q15_str,428,140,0.0,0.0,0.0,,0.0,0.0,True,False
F22,midterm_2_practice_q16_sorted_mc,596,141,0.0,0.0,0.0,,0.0,0.0,True,False
F22,midterm_2_practice_q17_regex_mc,482,140,0.0,0.0,0.0,,0.0,0.0,True,False
F22,midterm_2_practice_q18_links_mc,455,140,0.0,0.0,0.0,,0.0,0.0,True,False
F22,midterm_2_practice_q19_step_into_mc,559,140,0.0,0.0,0.0,,0.0,0.0,True,False
F22,midterm_2_practice_q1_split_mc,489,143,0.0,0.0,0.0,,0.0,0.0,True,False
F22,midterm_2_practice_q20_soup_link,484,140,0.0,0.0,0.0,,0.0,0.0,True,False
F22,midterm_2_practice_q21_git_clone,377,141,0.0,0.0,0.0,,0.0,0.0,True,False
F22,midterm_2_practice_q22_html_false_mc,467,140,0.0,0.0,0.0,,0.0,0.0,True,False
F22,midterm_2_practice_q23_strings_mc,560,140,0.0,0.0,0.0,,0.0,0.0,True,False
F22,midterm_2_practice_q24_sorted_mc,574,140,2.0,1.0,1.0,mid2,0.003484320557491289,0.007142857142857143,True,False
F22,midterm_2_practice_q25_dict,464,140,0.0,0.0,0.0,,0.0,0.0,True,False
F22,midterm_2_practice_q26_nested_dict_fitb,427,140,0.0,0.0,0.0,,0.0,0.0,True,False
F22,midterm_2_practice_q26_regex_mc,1,1,0.0,0.0,0.0,,0.0,0.0,True,False
F22,midterm_2_practice_q27_findall_regex_fib,1442,140,0.0,0.0,0.0,,0.0,0.0,True,False
F22,midterm_2_practice_q30_soup_fitb,468,139,0.0,0.0,0.0,,0.0,0.0,True,False
F22,midterm_2_practice_q31_soup_fitb,643,137,3.0,2.0,1.0,mid2,0.004665629860031105,0.014598540145985401,True,False
F22,midterm_2_practice_q32_writecode,4522,139,0.0,0.0,0.0,,0.0,0.0,True,False
F22,midterm_2_practice_q33_writecode,10233,139,0.0,0.0,0.0,,0.0,0.0,True,False
F22,midterm_2_practice_q34_sumnums_pp,5530,136,0.0,0.0,0.0,,0.0,0.0,True,False
F22,midterm_2_practice_q35,2683,138,2.0,1.0,1.0,mid2,0.0007454342154304882,0.007246376811594203,True,False
F22,midterm_2_practice_q36_pp,4444,138,0.0,0.0,0.0,,0.0,0.0,True,False
F22,midterm_2_practice_q37_csvfile_pp,5918,137,3.0,1.0,1.0,mid2,0.0005069280162216965,0.0072992700729927005,True,False
F22,midterm_2_practice_q38_get_from_lines_ac,5466,134,0.0,0.0,0.0,,0.0,0.0,True,False
F22,midterm_2_practice_q39_loop_two_lists_ac,27,4,0.0,0.0,0.0,,0.0,0.0,True,False
F22,midterm_2_practice_q3_unit_test_mc,872,144,0.0,0.0,0.0,,0.0,0.0,True,False
F22,midterm_2_practice_q4_split_mc,568,143,0.0,0.0,0.0,,0.0,0.0,True,False
F22,midterm_2_practice_q5_file_mc,460,143,0.0,0.0,0.0,,0.0,0.0,True,False
F22,midterm_2_practice_q6_regex_dig_mc,557,143,0.0,0.0,0.0,,0.0,0.0,True,False
F22,midterm_2_practice_q7_errors_mc,618,144,0.0,0.0,0.0,,0.0,0.0,True,False
F22,midterm_2_practice_q8_split2_mc,705,144,0.0,0.0,0.0,,0.0,0.0,True,False
F22,midterm_2_practice_q9_regex_dig_space_dash_mc,518,143,0.0,0.0,0.0,,0.0,0.0,True,False
F22,mult_class_item_order_line_order_practice_pp,2937,143,1.0,1.0,1.0,mid1,0.00034048348655090226,0.006993006993006993,False,False
F22,mult_class_item_order_line_order_practice_sq,3023,144,1.0,1.0,1.0,mid1,0.0003307972213033411,0.006944444444444444,False,False
F22,mult_class_point_and_triangle_practice_pp,2798,144,1.0,1.0,1.0,mid1,0.00035739814152966406,0.006944444444444444,False,False
F22,mult_class_point_and_triangle_practice_sq,2876,145,1.0,1.0,1.0,mid1,0.0003477051460361613,0.006896551724137931,False,False
F22,network/Exercises.html,641,84,13.0,4.0,1.0,mid2,0.0202808112324493,0.047619047619047616,False,False
F22,network/beautifulSoup.html,2020,128,9.0,3.0,1.0,mid2,0.004455445544554455,0.0234375,False,False
F22,network/bonusforunixlinux.html,65,40,3.0,2.0,1.0,mid2,0.046153846153846156,0.05,False,False
F22,network/glossary.html,83,37,2.0,1.0,1.0,mid2,0.024096385542168676,0.02702702702702703,False,False
F22,network/mixedupcode.html,54,23,3.0,2.0,1.0,mid2,0.05555555555555555,0.08695652173913043,False,False
F22,network/parsinghtmlusingbeautifulsoup.html,930,80,6.0,2.0,1.0,mid2,0.0064516129032258064,0.025,False,False
F22,network/writecode.html,48,26,6.0,2.0,1.0,mid2,0.125,0.07692307692307693,False,False
F22,no params,127497,158,304.0,39.0,2.0,mid1,0.002384369828309686,0.2468354430379747,False,False
F22,obj_mixedupcode_2_v2,1605,139,1.0,1.0,1.0,mid1,0.0006230529595015577,0.007194244604316547,False,False
F22,obj_mixedupcode_2_v2_sq,1616,140,1.0,1.0,1.0,mid1,0.0006188118811881188,0.007142857142857143,False,False
F22,obj_mixedupcode_5_v3,2313,142,3.0,1.0,1.0,mid1,0.0012970168612191958,0.007042253521126761,False,False
F22,obj_mixedupcode_5_v3_sq,2349,142,3.0,1.0,1.0,mid1,0.001277139208173691,0.007042253521126761,False,False
F22,objects/Exercises.html,857,90,1.0,1.0,1.0,mid1,0.0011668611435239206,0.011111111111111112,False,False
F22,objects/inheritance.html,155,35,5.0,1.0,1.0,mid1,0.03225806451612903,0.02857142857142857,False,False
F22,pi_html_false,754,142,9.0,1.0,1.0,mid2,0.011936339522546418,0.007042253521126761,False,False
F22,pi_soup_find,611,139,4.0,1.0,1.0,mid2,0.006546644844517185,0.007194244604316547,False,False
F22,pictures/exam9t11.html,31,15,0.0,0.0,0.0,,0.0,0.0,True,False
F22,q10_midw21_constructor_default,459,145,0.0,0.0,0.0,,0.0,0.0,True,False
F22,q13_midw21_arg_defaults,18,7,0.0,0.0,0.0,,0.0,0.0,True,False
F22,q15_midw21_keyword_pass,2,2,0.0,0.0,0.0,,0.0,0.0,True,False
F22,q16_midw21_function_fitb,12,10,0.0,0.0,0.0,,0.0,0.0,True,False
F22,q17_midw21_init_method_fitb,2,1,0.0,0.0,0.0,,0.0,0.0,True,False
F22,q18_midw21_git_fitb,10,5,0.0,0.0,0.0,,0.0,0.0,True,False
F22,q19_midw21_self_fitb,6,4,0.0,0.0,0.0,,0.0,0.0,True,False
F22,q20_midw21_continue_keyword,16,9,0.0,0.0,0.0,,0.0,0.0,True,False
F22,q24_midw21_cat_fix_errors_write,1,1,0.0,0.0,0.0,,0.0,0.0,True,False
F22,q26_midw21_actual_grade_ac,9,2,0.0,0.0,0.0,,0.0,0.0,True,False
F22,q29_mid1w21_class_car_test_pp,25,2,0.0,0.0,0.0,,0.0,0.0,True,False
F22,q29_midw21_class_car_test_pp,36,3,0.0,0.0,0.0,,0.0,0.0,True,False
F22,q2_midw21_import_unit_test_mc,4,2,0.0,0.0,0.0,,0.0,0.0,True,False
F22,q3_midw21_flight_and_airport,576,146,0.0,0.0,0.0,,0.0,0.0,True,False
F22,q4_midw21_git_clone,3,3,0.0,0.0,0.0,,0.0,0.0,True,False
F22,q5_midf21_tuple_not_error,34,18,0.0,0.0,0.0,,0.0,0.0,True,False
F22,q5_midw21_tuple_not_error,1,1,0.0,0.0,0.0,,0.0,0.0,True,False
F22,q8_midw21_cnd-lt30-gte15-and,4,2,0.0,0.0,0.0,,0.0,0.0,True,False
F22,q9_midw21_class_attribute_code,61,44,0.0,0.0,0.0,,0.0,0.0,True,False
F22,q_mid1_f22_cd_p_mc,387,145,0.0,0.0,0.0,,0.0,0.0,True,False
F22,q_mid1p_f22_flow_append,430,145,0.0,0.0,0.0,,0.0,0.0,True,False
F22,q_mid_1_two_lists_to_one_pp,198,10,0.0,0.0,0.0,,0.0,0.0,True,False
F22,q_midf21_arg_defaults,11,6,0.0,0.0,0.0,,0.0,0.0,True,False
F22,q_midf21_classify_team,49,10,0.0,0.0,0.0,,0.0,0.0,True,False
F22,q_midf21_classify_team1,20,5,0.0,0.0,0.0,,0.0,0.0,True,False
F22,q_midf21_create_dog,16,5,0.0,0.0,0.0,,0.0,0.0,True,False
F22,q_midf21_several_ifs,162,52,0.0,0.0,0.0,,0.0,0.0,True,False
F22,q_midf22_create_car_class,676,145,0.0,0.0,0.0,,0.0,0.0,True,False
F22,q_midw22_method_on_print_obj,2,1,0.0,0.0,0.0,,0.0,0.0,True,False
F22,q_midw22_method_on_print_object,3,2,0.0,0.0,0.0,,0.0,0.0,True,False
F22,regex/Exercises.html,329,69,1.0,1.0,1.0,mid2,0.00303951367781155,0.014492753623188406,False,False
F22,regex/extractingdata.html,1002,122,4.0,1.0,1.0,mid2,0.003992015968063872,0.00819672131147541,False,False
F22,regex/regex-group.html,1399,132,4.0,1.0,1.0,mid2,0.0028591851322373124,0.007575757575757576,False,False
F22,search.html,845,59,3.0,1.0,1.0,mid2,0.0035502958579881655,0.01694915254237288,False,False
F22,searchindex.js,854,59,3.0,1.0,1.0,mid2,0.00351288056206089,0.01694915254237288,False,False
F22,strings/traversal.html,210,57,3.0,1.0,1.0,mid1,0.014285714285714285,0.017543859649122806,False,False
F22,tuple_mid,7,4,0.0,0.0,0.0,,0.0,0.0,True,False
F22,tuples/Exercises.html,125,41,10.0,2.0,2.0,mid1,0.08,0.04878048780487805,False,False
F22,turtles/names4turtles.html,1618,145,5.0,1.0,1.0,mid1,0.0030902348578491965,0.006896551724137931,False,False
F22,unittest-car,5342,141,5.0,1.0,1.0,mid1,0.0009359790340696368,0.0070921985815602835,False,False
F22,ut_is_descending_ac,4516,145,2.0,1.0,1.0,mid1,0.0004428697962798937,0.006896551724137931,False,False
F22,var-debug-midtermPrac,21,11,0.0,0.0,0.0,,0.0,0.0,True,False
F22,variables/values-and-types.html,294,86,5.0,1.0,1.0,mid2,0.017006802721088437,0.011627906976744186,False,False
F22,web/parsingJSON.html,1252,141,8.0,1.0,1.0,mid2,0.006389776357827476,0.0070921985815602835,False,False
F23,/runestone/assignments/practice,33307,145,14.0,3.0,2.0,mid1,0.0004203320623292401,0.020689655172413793,False,False
F23,Mid1-Fall23-NoSQ,275,53,0.0,0.0,0.0,,0.0,0.0,True,False
F23,Mid1-Fall23-Practice,2085,105,35.0,8.0,2.0,mid1,0.016786570743405275,0.0761904761904762,True,False
F23,Mid1-Fall23-Practice-Timed,504,80,0.0,0.0,0.0,,0.0,0.0,True,False
F23,Mid1-Fall23-Practice-Timed-One-And-Half,510,98,0.0,0.0,0.0,,0.0,0.0,True,False
F23,Mid1-Fall23-Practice-Timed-One-Seven-Five,316,80,0.0,0.0,0.0,,0.0,0.0,True,False
F23,Mid1-Fall23-Timed,3377,148,378.0,143.0,1.0,mid1,0.11193366893692627,0.9662162162162162,True,False
F23,Mid1-Fall23-Timed-120-Minutes,159,14,30.0,14.0,1.0,mid1,0.18867924528301888,1.0,True,False
F23,Mid1-Fall23-Timed-120-Minutes-With-Pause,5,1,2.0,1.0,1.0,mid1,0.4,1.0,True,False
F23,Mid1-PI-Not-Timed,295,41,10.0,2.0,1.0,mid1,0.03389830508474576,0.04878048780487805,True,False
F23,Mid1-PI-NotTimed,1193,123,8.0,2.0,1.0,mid1,0.006705783738474434,0.016260162601626018,True,False
F23,Mid1-PI-Timed,764,114,4.0,1.0,1.0,mid1,0.005235602094240838,0.008771929824561403,True,False
F23,Mid1-Win23-Practice,3077,109,24.0,3.0,1.0,mid1,0.007799805004874878,0.027522935779816515,True,False
F23,Mid1-Win23-Practice-Timed,830,68,0.0,0.0,0.0,,0.0,0.0,True,False
F23,Mid2-Fall23-NoSQ-Final,232,51,2.0,1.0,1.0,mid2,0.008620689655172414,0.0196078431372549,True,False
F23,Mid2-Fall23-PI-NotTimed,1187,119,30.0,6.0,1.0,mid2,0.02527379949452401,0.05042016806722689,True,False
F23,Mid2-Fall23-PI-Timed,440,81,0.0,0.0,0.0,,0.0,0.0,True,False
F23,Mid2-Fall23-Practice,5698,135,114.0,24.0,1.0,mid2,0.020007020007020006,0.17777777777777778,True,False
F23,Mid2-Fall23-Practice-Timed,755,93,5.0,1.0,1.0,mid2,0.006622516556291391,0.010752688172043012,True,False
F23,Mid2-Fall23-Practice-Timed-120-Min,190,45,0.0,0.0,0.0,,0.0,0.0,True,False
F23,Mid2-Fall23-Practice-Timed-160-Min,239,41,4.0,1.0,1.0,mid2,0.016736401673640166,0.024390243902439025,True,False
F23,Mid2-Fall23-Timed,64,1,2.0,1.0,1.0,mid2,0.03125,1.0,True,False
F23,Mid2-Fall23-Timed-120-Th,93,10,20.0,10.0,1.0,mid2,0.21505376344086022,1.0,True,False
F23,Mid2-Fall23-Timed-120-Wed,46,4,10.0,4.0,1.0,mid2,0.21739130434782608,1.0,True,False
F23,Mid2-Fall23-Timed-120-With-Pause,6,1,2.0,1.0,1.0,mid2,0.3333333333333333,1.0,True,False
F23,Mid2-Fall23-Timed-Monday,492,57,111.0,56.0,1.0,mid2,0.22560975609756098,0.9824561403508771,True,False
F23,Mid2-Fall23-Timed-Thurs,2406,133,257.0,125.0,1.0,mid2,0.10681629260182876,0.9398496240601504,True,False
F23,Practice-CSV-Read-Write,2298,141,14.0,3.0,2.0,mid2,0.006092254134029591,0.02127659574468085,False,False
F23,Practice-FuncCondStrings,1754,136,5.0,1.0,1.0,mid1,0.0028506271379703536,0.007352941176470588,False,False
F23,Practice-HTML,1062,139,11.0,2.0,1.0,mid2,0.010357815442561206,0.014388489208633094,False,False
F23,Practice-More-Regex,1501,131,5.0,1.0,1.0,mid2,0.0033311125916055963,0.007633587786259542,False,False
F23,Practice-Regex-Adv,1544,137,15.0,3.0,1.0,mid2,0.009715025906735751,0.021897810218978103,False,False
F23,Practice-Regex-MCQs,1136,137,10.0,2.0,1.0,mid2,0.008802816901408451,0.014598540145985401,False,False
F23,Practice-Regex-Micro,1287,134,16.0,3.0,1.0,mid2,0.012432012432012432,0.022388059701492536,False,False
F23,Practice-Soup,1707,137,16.0,3.0,1.0,mid2,0.009373169302870533,0.021897810218978103,False,False
F23,Practice-UnitTest,2202,142,4.0,1.0,1.0,mid1,0.0018165304268846503,0.007042253521126761,False,False
F23,Reading-BS,1721,139,4.0,1.0,1.0,mid2,0.002324230098779779,0.007194244604316547,False,False
F23,Reading-Debugging,1206,137,5.0,1.0,1.0,mid2,0.0041459369817578775,0.0072992700729927005,False,False
F23,Reading-Files,1015,138,3.0,1.0,1.0,mid2,0.002955665024630542,0.007246376811594203,False,False
F23,Reading-Regex-v2,1398,136,5.0,1.0,1.0,mid2,0.00357653791130186,0.007352941176470588,False,False
F23,bsoup/example1.html,1000,140,11.0,2.0,1.0,mid2,0.011,0.014285714285714285,True,True
F23,chp13_classesmid1,346,140,0.0,0.0,0.0,,0.0,0.0,True,False
F23,classes-basics/Glossary.html,579,21,4.0,1.0,1.0,mid1,0.0069084628670120895,0.047619047619047616,False,False
F23,classes-basics/class-timed-intro.html,6,4,0.0,0.0,0.0,,0.0,0.0,True,False
F23,database/multTables.html,330,124,5.0,1.0,1.0,mid1,0.015151515151515152,0.008064516129032258,False,False
F23,database/toctree.html,55,21,5.0,1.0,1.0,mid1,0.09090909090909091,0.047619047619047616,False,False
F23,debugging/HowtoAvoidDebugging.html,406,141,5.0,1.0,1.0,mid2,0.012315270935960592,0.0070921985815602835,False,False
F23,debugging/KnowyourerrorMessages.html,621,140,5.0,1.0,1.0,mid1,0.008051529790660225,0.007142857142857143,False,False
F23,dictionaries/Exercises.html,241,48,5.0,1.0,1.0,mid2,0.02074688796680498,0.020833333333333332,False,False
F23,files/Exercises.html,324,63,10.0,2.0,1.0,mid2,0.030864197530864196,0.031746031746031744,False,False
F23,files/csv-file-group.html,2105,140,6.0,2.0,2.0,mid1,0.0028503562945368173,0.014285714285714285,False,False
F23,files/csv-reader-file-group.html,2135,142,5.0,1.0,1.0,mid2,0.00234192037470726,0.007042253521126761,False,False
F23,files/readingFiles.html,472,144,5.0,1.0,1.0,mid2,0.01059322033898305,0.006944444444444444,False,False
F23,files/searching.html,575,144,5.0,1.0,1.0,mid2,0.008695652173913044,0.006944444444444444,False,False
F23,files/writeCode.html,128,22,5.0,1.0,1.0,mid1,0.0390625,0.045454545454545456,False,False
F23,functions/func-string.html,130,19,5.0,1.0,1.0,mid1,0.038461538461538464,0.05263157894736842,False,False
F23,functions/func_Str_Cond.html,1418,122,5.0,1.0,1.0,mid1,0.003526093088857546,0.00819672131147541,False,False
F23,functions/glossary.html,245,33,1.0,1.0,1.0,mid1,0.004081632653061225,0.030303030303030304,False,False
F23,functions/system-fl-ps-N.html,66,7,5.0,1.0,1.0,mid1,0.07575757575757576,0.14285714285714285,False,False
F23,functions/system-fl-ps-P.html,66,7,5.0,1.0,1.0,mid1,0.07575757575757576,0.14285714285714285,False,False
F23,inheritance/Exercises.html,299,40,5.0,1.0,1.0,mid1,0.016722408026755852,0.025,False,False
F23,list_mid,1,1,0.0,0.0,0.0,,0.0,0.0,True,False
F23,mid1_f23__tuple,7,2,0.0,0.0,0.0,,0.0,0.0,True,False
F23,mid1_w23_class_attribute,6,3,0.0,0.0,0.0,,0.0,0.0,True,False
F23,mid1f23_assert,2,2,0.0,0.0,0.0,,0.0,0.0,True,False
F23,mid1f23_count_to_dict,21,4,0.0,0.0,0.0,,0.0,0.0,True,False
F23,mid1f23_dict_avg_grade_ac_v2,31,6,0.0,0.0,0.0,,0.0,0.0,True,False
F23,mid1f23_git,2,2,0.0,0.0,0.0,,0.0,0.0,True,False
F23,mid1f23_less_descend_dict,73,5,0.0,0.0,0.0,,0.0,0.0,True,False
F23,mid1f23_most_frequent_words,44,2,0.0,0.0,0.0,,0.0,0.0,True,False
F23,mid1f23_object_attributes_and_methods,2,2,0.0,0.0,0.0,,0.0,0.0,True,False
F23,mid1f23_transform_string,32,3,0.0,0.0,0.0,,0.0,0.0,True,False
F23,mid1f23_tuple_index,2,2,0.0,0.0,0.0,,0.0,0.0,True,False
F23,mid1f23_turtle,2,2,0.0,0.0,0.0,,0.0,0.0,True,False
F23,mid2_fa22_nested_dict_mc,386,136,0.0,0.0,0.0,,0.0,0.0,True,False
F23,mid2_regex_slash_b_mc,876,133,0.0,0.0,0.0,,0.0,0.0,True,False
F23,mid2_win22_get_dogs_try_except_ac,6717,123,0.0,0.0,0.0,,0.0,0.0,True,False
F23,mid_1_fall20_q1,598,140,0.0,0.0,0.0,,0.0,0.0,True,False
F23,mid_1_fall20_q10,542,138,0.0,0.0,0.0,,0.0,0.0,True,False
F23,mid_1_fall20_q12,56,34,0.0,0.0,0.0,,0.0,0.0,True,False
F23,mid_1_fall20_q13,417,136,0.0,0.0,0.0,,0.0,0.0,True,False
F23,mid_1_fall20_q14,544,137,0.0,0.0,0.0,,0.0,0.0,True,False
F23,mid_1_fall20_q15,389,137,0.0,0.0,0.0,,0.0,0.0,True,False
F23,mid_1_fall20_q16,750,135,0.0,0.0,0.0,,0.0,0.0,True,False
F23,mid_1_fall20_q17,543,136,0.0,0.0,0.0,,0.0,0.0,True,False
F23,mid_1_fall20_q18,990,137,0.0,0.0,0.0,,0.0,0.0,True,False
F23,mid_1_fall20_q19,531,133,0.0,0.0,0.0,,0.0,0.0,True,False
F23,mid_1_fall20_q20,432,138,0.0,0.0,0.0,,0.0,0.0,True,False
F23,mid_1_fall20_q4,642,139,0.0,0.0,0.0,,0.0,0.0,True,False
F23,mid_1_fall20_q5,666,139,0.0,0.0,0.0,,0.0,0.0,True,False
F23,mid_1_fall20_q6,477,139,0.0,0.0,0.0,,0.0,0.0,True,False
F23,mid_1_fall20_q7,457,138,0.0,0.0,0.0,,0.0,0.0,True,False
F23,mid_1_fall20_q9,58,34,0.0,0.0,0.0,,0.0,0.0,True,False
F23,mid_1_fall22_q12,487,136,0.0,0.0,0.0,,0.0,0.0,True,False
F23,mid_1_fall22_q9,767,138,0.0,0.0,0.0,,0.0,0.0,True,False
F23,mid_1_two_lists_to_one_pp,12,1,0.0,0.0,0.0,,0.0,0.0,True,False
F23,mid_1p_fall21_q11,564,137,0.0,0.0,0.0,,0.0,0.0,True,False
F23,mid_1p_fall21_q2,562,140,0.0,0.0,0.0,,0.0,0.0,True,False
F23,mid_1p_fall21_q3,502,139,0.0,0.0,0.0,,0.0,0.0,True,False
F23,mid_1p_fall21_q8,53,35,0.0,0.0,0.0,,0.0,0.0,True,False
F23,mid_1p_fall21_q8_v2,433,138,0.0,0.0,0.0,,0.0,0.0,True,False
F23,mid_2_create_list_from_two_lists_pp,210,12,0.0,0.0,0.0,,0.0,0.0,True,False
F23,mid_2_fall20_q21,3586,132,0.0,0.0,0.0,,0.0,0.0,True,False
F23,mid_2_fall20_q22,3573,130,0.0,0.0,0.0,,0.0,0.0,True,False
F23,mid_2_fall20_q23,5087,131,0.0,0.0,0.0,,0.0,0.0,True,False
F23,mid_2_fall20_q24,8285,130,0.0,0.0,0.0,,0.0,0.0,True,False
F23,mid_2_fall20_q25,5087,127,0.0,0.0,0.0,,0.0,0.0,True,False
F23,mid_2_fall20_q26,4347,135,0.0,0.0,0.0,,0.0,0.0,True,False
F23,mid_2_fall20_q27,2661,133,0.0,0.0,0.0,,0.0,0.0,True,False
F23,mid_2_fall20_q28,6369,132,0.0,0.0,0.0,,0.0,0.0,True,False
F23,mid_2_fall20_q29,3632,132,0.0,0.0,0.0,,0.0,0.0,True,False
F23,mid_2_fall20_q30,2397,130,0.0,0.0,0.0,,0.0,0.0,True,False
F23,mid_2_fall20_q31,2621,129,0.0,0.0,0.0,,0.0,0.0,True,False
F23,mid_2p_fall_20_q1,380,136,0.0,0.0,0.0,,0.0,0.0,True,False
F23,mid_2p_fall_20_q10,408,134,0.0,0.0,0.0,,0.0,0.0,True,False
F23,mid_2p_fall_20_q11,633,133,0.0,0.0,0.0,,0.0,0.0,True,False
F23,mid_2p_fall_20_q12,355,133,0.0,0.0,0.0,,0.0,0.0,True,False
F23,mid_2p_fall_20_q13,548,131,0.0,0.0,0.0,,0.0,0.0,True,False
F23,mid_2p_fall_20_q14,544,133,0.0,0.0,0.0,,0.0,0.0,True,False
F23,mid_2p_fall_20_q15,314,133,0.0,0.0,0.0,,0.0,0.0,True,False
F23,mid_2p_fall_20_q16_mc,452,133,0.0,0.0,0.0,,0.0,0.0,True,False
F23,mid_2p_fall_20_q17_v2,370,132,0.0,0.0,0.0,,0.0,0.0,True,False
F23,mid_2p_fall_20_q18,382,133,0.0,0.0,0.0,,0.0,0.0,True,False
F23,mid_2p_fall_20_q19,449,133,0.0,0.0,0.0,,0.0,0.0,True,False
F23,mid_2p_fall_20_q20,422,134,0.0,0.0,0.0,,0.0,0.0,True,False
F23,mid_2p_fall_20_q21,310,133,0.0,0.0,0.0,,0.0,0.0,True,False
F23,mid_2p_fall_20_q22_v2,361,133,0.0,0.0,0.0,,0.0,0.0,True,False
F23,mid_2p_fall_20_q23,496,133,0.0,0.0,0.0,,0.0,0.0,True,False
F23,mid_2p_fall_20_q24,442,133,0.0,0.0,0.0,,0.0,0.0,True,False
F23,mid_2p_fall_20_q25,333,133,0.0,0.0,0.0,,0.0,0.0,True,False
F23,mid_2p_fall_20_q26_v2,500,132,0.0,0.0,0.0,,0.0,0.0,True,False
F23,mid_2p_fall_20_q27,1640,132,0.0,0.0,0.0,,0.0,0.0,True,False
F23,mid_2p_fall_20_q30,426,132,0.0,0.0,0.0,,0.0,0.0,True,False
F23,mid_2p_fall_20_q31,509,131,0.0,0.0,0.0,,0.0,0.0,True,False
F23,mid_2p_fall_20_q32,2544,129,0.0,0.0,0.0,,0.0,0.0,True,False
F23,mid_2p_fall_20_q33,6446,126,0.0,0.0,0.0,,0.0,0.0,True,False
F23,mid_2p_fall_20_q34,6019,131,0.0,0.0,0.0,,0.0,0.0,True,False
F23,mid_2p_fall_20_q35,2722,132,0.0,0.0,0.0,,0.0,0.0,True,False
F23,mid_2p_fall_20_q36,4894,131,0.0,0.0,0.0,,0.0,0.0,True,False
F23,mid_2p_fall_20_q37,5188,128,0.0,0.0,0.0,,0.0,0.0,True,False
F23,mid_2p_fall_20_q38,3462,122,0.0,0.0,0.0,,0.0,0.0,True,False
F23,mid_2p_fall_20_q3_v2,776,135,0.0,0.0,0.0,,0.0,0.0,True,False
F23,mid_2p_fall_20_q4,412,136,0.0,0.0,0.0,,0.0,0.0,True,False
F23,mid_2p_fall_20_q5,429,136,0.0,0.0,0.0,,0.0,0.0,True,False
F23,mid_2p_fall_20_q6,390,135,0.0,0.0,0.0,,0.0,0.0,True,False
F23,mid_2p_fall_20_q7,511,135,0.0,0.0,0.0,,0.0,0.0,True,False
F23,mid_2p_fall_20_q8,613,134,0.0,0.0,0.0,,0.0,0.0,True,False
F23,mid_2p_fall_20_q9_mc,357,135,0.0,0.0,0.0,,0.0,0.0,True,False
F23,mid_2p_fall_22_q2,387,136,0.0,0.0,0.0,,0.0,0.0,True,False
F23,mid_2p_fall_22_q39,4520,123,0.0,0.0,0.0,,0.0,0.0,True,False
F23,midf23_class_food_which_method,2,2,0.0,0.0,0.0,,0.0,0.0,True,False
F23,midterm_2_practice_q10_regex_b,409,134,0.0,0.0,0.0,,0.0,0.0,True,False
F23,midterm_2_practice_q11_regex_mc,633,133,0.0,0.0,0.0,,0.0,0.0,True,False
F23,midterm_2_practice_q12_continue_mc,355,133,0.0,0.0,0.0,,0.0,0.0,True,False
F23,midterm_2_practice_q13_regex_mc,547,131,0.0,0.0,0.0,,0.0,0.0,True,False
F23,midterm_2_practice_q14_strip_mc,544,133,0.0,0.0,0.0,,0.0,0.0,True,False
F23,midterm_2_practice_q15_str,315,133,0.0,0.0,0.0,,0.0,0.0,True,False
F23,midterm_2_practice_q16_sorted_mc,452,133,0.0,0.0,0.0,,0.0,0.0,True,False
F23,midterm_2_practice_q17_regex_mc,370,132,0.0,0.0,0.0,,0.0,0.0,True,False
F23,midterm_2_practice_q18_links_mc,382,133,0.0,0.0,0.0,,0.0,0.0,True,False
F23,midterm_2_practice_q19_step_into_mc,449,133,0.0,0.0,0.0,,0.0,0.0,True,False
F23,midterm_2_practice_q1_split_mc,381,136,0.0,0.0,0.0,,0.0,0.0,True,False
F23,midterm_2_practice_q20_soup_link,421,134,0.0,0.0,0.0,,0.0,0.0,True,False
F23,midterm_2_practice_q21_git_clone,309,133,0.0,0.0,0.0,,0.0,0.0,True,False
F23,midterm_2_practice_q22_html_false_mc,361,133,0.0,0.0,0.0,,0.0,0.0,True,False
F23,midterm_2_practice_q23_strings_mc,496,133,0.0,0.0,0.0,,0.0,0.0,True,False
F23,midterm_2_practice_q24_sorted_mc,442,133,0.0,0.0,0.0,,0.0,0.0,True,False
F23,midterm_2_practice_q25_dict,333,133,0.0,0.0,0.0,,0.0,0.0,True,False
F23,midterm_2_practice_q26_nested_dict_fitb,500,132,0.0,0.0,0.0,,0.0,0.0,True,False
F23,midterm_2_practice_q27_findall_regex_fib,1640,132,0.0,0.0,0.0,,0.0,0.0,True,False
F23,midterm_2_practice_q30_soup_fitb,426,132,0.0,0.0,0.0,,0.0,0.0,True,False
F23,midterm_2_practice_q31_soup_fitb,509,131,0.0,0.0,0.0,,0.0,0.0,True,False
F23,midterm_2_practice_q32_writecode,3905,129,0.0,0.0,0.0,,0.0,0.0,True,False
F23,midterm_2_practice_q33_writecode,9734,126,0.0,0.0,0.0,,0.0,0.0,True,False
F23,midterm_2_practice_q34_sumnums_pp,6018,131,0.0,0.0,0.0,,0.0,0.0,True,False
F23,midterm_2_practice_q35,2722,132,0.0,0.0,0.0,,0.0,0.0,True,False
F23,midterm_2_practice_q36_pp,4894,131,0.0,0.0,0.0,,0.0,0.0,True,False
F23,midterm_2_practice_q37_csvfile_pp,5188,128,0.0,0.0,0.0,,0.0,0.0,True,False
F23,midterm_2_practice_q38_get_from_lines_ac,5454,123,0.0,0.0,0.0,,0.0,0.0,True,False
F23,midterm_2_practice_q3_unit_test_mc,776,135,0.0,0.0,0.0,,0.0,0.0,True,False
F23,midterm_2_practice_q4_split_mc,412,136,0.0,0.0,0.0,,0.0,0.0,True,False
F23,midterm_2_practice_q5_file_mc,428,136,0.0,0.0,0.0,,0.0,0.0,True,False
F23,midterm_2_practice_q6_regex_dig_mc,391,135,0.0,0.0,0.0,,0.0,0.0,True,False
F23,midterm_2_practice_q7_errors_mc,510,135,0.0,0.0,0.0,,0.0,0.0,True,False
F23,midterm_2_practice_q8_split2_mc,613,134,0.0,0.0,0.0,,0.0,0.0,True,False
F23,midterm_2_practice_q9_regex_dig_space_dash_mc,357,135,0.0,0.0,0.0,,0.0,0.0,True,False
F23,network/Exercises.html,359,64,10.0,2.0,1.0,mid2,0.027855153203342618,0.03125,False,False
F23,network/beautifulSoup.html,2511,138,10.0,2.0,1.0,mid2,0.00398247710075667,0.014492753623188406,False,False
F23,network/html.html,1481,143,5.0,1.0,1.0,mid2,0.00337609723160027,0.006993006993006993,False,False
F23,network/html2.html,887,135,10.0,2.0,1.0,mid2,0.011273957158962795,0.014814814814814815,False,False
F23,network/parsinghtmlusingbeautifulsoup.html,321,35,5.0,1.0,1.0,mid2,0.01557632398753894,0.02857142857142857,False,False
F23,no params,60431,153,50.0,8.0,2.0,mid1,0.0008273899157717066,0.05228758169934641,False,False
F23,objects/Exercises.html,367,63,8.0,1.0,1.0,mid1,0.021798365122615803,0.015873015873015872,False,False
F23,pictures/exam9t11.html,20,8,0.0,0.0,0.0,,0.0,0.0,True,False
F23,q10_midw21_constructor_default,502,139,0.0,0.0,0.0,,0.0,0.0,True,False
F23,q3_midw21_flight_and_airport,562,140,0.0,0.0,0.0,,0.0,0.0,True,False
F23,q9_midw21_class_attribute_code,53,35,0.0,0.0,0.0,,0.0,0.0,True,False
F23,q_mid1_f22_cd_p_mc,433,138,0.0,0.0,0.0,,0.0,0.0,True,False
F23,q_mid1_f23_dict_max_mc,6,3,0.0,0.0,0.0,,0.0,0.0,True,False
F23,q_mid1_f23_str_slice_methods,3,2,0.0,0.0,0.0,,0.0,0.0,True,False
F23,q_mid1_w23_list_vs_tuple,3,3,0.0,0.0,0.0,,0.0,0.0,True,False
F23,q_mid1f23_circle_class,20,5,0.0,0.0,0.0,,0.0,0.0,True,False
F23,q_mid1f23_fibonacci_sequence,6,1,0.0,0.0,0.0,,0.0,0.0,True,False
F23,q_mid1f23_terminal_command,3,3,0.0,0.0,0.0,,0.0,0.0,True,False
F23,q_mid1p_f22_flow_append,485,136,0.0,0.0,0.0,,0.0,0.0,True,False
F23,q_midf21_class_car_test_pp_v2,44,2,0.0,0.0,0.0,,0.0,0.0,True,False
F23,q_midf21_turtle_draw_E_pp,27,2,0.0,0.0,0.0,,0.0,0.0,True,False
F23,q_midf22_create_car_class,766,138,0.0,0.0,0.0,,0.0,0.0,True,False
F23,q_midf23_class_creation_pp,23,2,0.0,0.0,0.0,,0.0,0.0,True,False
F23,q_midf23_function_dictionary_list_iteration,21,2,0.0,0.0,0.0,,0.0,0.0,True,False
F23,q_midw22_loop_controls_mcq,8,6,0.0,0.0,0.0,,0.0,0.0,True,False
F23,regex/regex-group-adv.html,805,135,5.0,1.0,1.0,mid2,0.006211180124223602,0.007407407407407408,False,False
F23,regex/regularexpressions.html,933,138,5.0,1.0,1.0,mid2,0.0053590568060021436,0.007246376811594203,False,False
F23,search.html,592,30,5.0,1.0,1.0,mid1,0.008445945945945946,0.03333333333333333,False,False
F23,searchindex.js,589,30,5.0,1.0,1.0,mid1,0.008488964346349746,0.03333333333333333,False,False
F23,strings/pogil.html,110,16,5.0,1.0,1.0,mid1,0.045454545454545456,0.0625,False,False
F23,turtles/names4turtles.html,1697,149,4.0,1.0,1.0,mid1,0.002357100766057749,0.006711409395973154,False,False
F23,web/xml.html,673,141,6.0,2.0,1.0,mid2,0.008915304606240713,0.014184397163120567,False,False
F24,/runestone/assignments/practice,41981,149,35.0,8.0,2.0,mid1,0.00083371048807794,0.053691275167785234,False,False
F24,Exercises_question10_7,1010,144,2.0,2.0,1.0,mid1,0.0019801980198019802,0.013888888888888888,False,False
F24,Group-CSV-Files-Nested-Dicts,562,140,1.0,1.0,1.0,mid1,0.0017793594306049821,0.007142857142857143,False,False
F24,Group-Tuples-Dict,647,140,3.0,1.0,1.0,mid1,0.00463678516228748,0.007142857142857143,False,False
F24,M1-F24-100,18,8,5.0,2.0,1.0,mid1,0.2777777777777778,0.25,False,False
F24,M1-F24-160,43,15,19.0,8.0,1.0,mid1,0.4418604651162791,0.5333333333333333,False,False
F24,M1-F24-80,882,141,432.0,141.0,1.0,mid1,0.4897959183673469,1.0,False,False
F24,M1-F24-Erin,14,10,3.0,1.0,1.0,mid1,0.21428571428571427,0.1,False,False
F24,M1-F24-NotTimed,87,56,0.0,0.0,0.0,,0.0,0.0,True,False
F24,M1-F24-PI-NotTimed,1590,132,25.0,6.0,1.0,mid1,0.015723270440251572,0.045454545454545456,True,False
F24,M1-F24-PI-Timed,1186,139,12.0,4.0,1.0,mid1,0.01011804384485666,0.02877697841726619,True,False
F24,M1-F24-Practice,4343,141,107.0,21.0,1.0,mid1,0.0246373474556758,0.14893617021276595,False,False
F24,M1-F24-Practice-Timed,8,8,0.0,0.0,0.0,,0.0,0.0,True,False
F24,M1-F24-Practice-Timed-120,456,90,5.0,1.0,1.0,mid1,0.010964912280701754,0.011111111111111112,True,False
F24,M1-F24-Practice-Timed-160,330,62,3.0,1.0,1.0,mid1,0.00909090909090909,0.016129032258064516,True,False
F24,M1-F24-Practice-Timed-80,1736,121,22.0,4.0,1.0,mid1,0.012672811059907835,0.03305785123966942,True,False
F24,M1-Fall24-NotTimed,726,73,0.0,0.0,0.0,,0.0,0.0,True,False
F24,M2-F24-PI-NotTimed,799,127,12.0,3.0,1.0,mid2,0.015018773466833541,0.023622047244094488,True,False
F24,M2-F24-PI-Timed,885,135,0.0,0.0,0.0,,0.0,0.0,True,False
F24,M2-F24-Practice-Accom,78,23,4.0,1.0,1.0,mid2,0.05128205128205128,0.043478260869565216,False,False
F24,M2-F24-Timed,988,143,435.0,143.0,1.0,mid2,0.4402834008097166,1.0,True,False
F24,M2-F24-Timed-Flex,25,6,10.0,5.0,1.0,mid2,0.4,0.8333333333333334,True,False
F24,M2-F24-Timed-Sunday,40,4,8.0,4.0,1.0,mid2,0.2,1.0,True,False
F24,Mid2-F24-Practice-NotTimed,4247,136,76.0,17.0,1.0,mid2,0.01789498469507888,0.125,True,False
F24,Mid2-F24-Practice-Timed-120,303,44,0.0,0.0,0.0,,0.0,0.0,True,False
F24,Mid2-F24-Practice-Timed-160,235,54,0.0,0.0,0.0,,0.0,0.0,True,False
F24,Mid2-F24-Practice-Timed-80,733,102,7.0,2.0,1.0,mid2,0.009549795361527967,0.0196078431372549,True,False
F24,Practice-CSV-Read-Write,1700,144,5.0,1.0,1.0,mid2,0.0029411764705882353,0.006944444444444444,False,False
F24,Practice-Debugging,1070,142,2.0,1.0,1.0,mid1,0.001869158878504673,0.007042253521126761,False,False
F24,Practice-Files,1550,141,6.0,3.0,1.0,mid1,0.003870967741935484,0.02127659574468085,False,False
F24,Practice-More-Regex,847,145,5.0,1.0,1.0,mid2,0.0059031877213695395,0.006896551724137931,False,False
F24,Practice-Mult-Class,2166,142,7.0,2.0,1.0,mid1,0.003231763619575254,0.014084507042253521,False,False
F24,Practice-Nested,1244,144,8.0,2.0,1.0,mid1,0.006430868167202572,0.013888888888888888,False,False
F24,Practice-Regex-Adv,1901,142,5.0,1.0,1.0,mid2,0.0026301946344029457,0.007042253521126761,False,False
F24,Practice-Regex-MCQs,1197,141,5.0,1.0,1.0,mid2,0.004177109440267335,0.0070921985815602835,False,False
F24,Practice-SE-Turtle,747,143,3.0,1.0,1.0,mid1,0.004016064257028112,0.006993006993006993,False,False
F24,Practice-Tup-Dict,1921,138,3.0,1.0,1.0,mid1,0.0015616866215512754,0.007246376811594203,False,False
F24,Practice-Turtle-2,2533,144,5.0,1.0,1.0,mid1,0.0019739439399921043,0.006944444444444444,False,False
F24,Practice-UnitTest,2116,140,14.0,3.0,1.0,mid1,0.006616257088846881,0.02142857142857143,False,False
F24,QID=67860,102,53,1.0,1.0,1.0,mid1,0.00980392156862745,0.018867924528301886,False,False
F24,TupleExquestion_mystery2_count,1218,143,3.0,3.0,1.0,mid1,0.0024630541871921183,0.02097902097902098,False,False
F24,W9-Study_Mid2-F24-Practice-NotTimed,1,1,0.0,0.0,0.0,,0.0,0.0,True,False
F24,blanked-Write,4089,138,2.0,1.0,1.0,mid1,0.0004891171435558817,0.007246376811594203,False,False
F24,call_parent_method,911,142,2.0,2.0,1.0,mid1,0.0021953896816684962,0.014084507042253521,False,False
F24,chp13_classesmid1,269,138,0.0,0.0,0.0,,0.0,0.0,True,False
F24,class_attribute_mc,587,143,2.0,1.0,1.0,mid1,0.0034071550255536627,0.006993006993006993,False,False
F24,class_book_pp_v2,6151,139,9.0,1.0,1.0,mid1,0.001463176719232645,0.007194244604316547,False,False
F24,class_car_test_pp,9565,139,40.0,2.0,1.0,mid1,0.004181913225300575,0.014388489208633094,False,False
F24,class_inheritance_greeter,730,145,3.0,1.0,1.0,mid1,0.00410958904109589,0.006896551724137931,False,False
F24,classes-basics/Glossary.html,66,20,5.0,1.0,1.0,mid1,0.07575757575757576,0.05,False,False
F24,classes-basics/WriteCode.html,71,15,5.0,1.0,1.0,mid1,0.07042253521126761,0.06666666666666667,False,False
F24,classes-basics/class-timed-intro.html,3,3,0.0,0.0,0.0,,0.0,0.0,True,False
F24,cnd-altex-pp-odd,4672,139,10.0,1.0,1.0,mid1,0.0021404109589041095,0.007194244604316547,False,False
F24,cnd-lt20-gt10-and,465,142,4.0,1.0,1.0,mid1,0.008602150537634409,0.007042253521126761,False,False
F24,csv_file_strip_with_params_mcq,1126,138,2.0,1.0,1.0,mid1,0.0017761989342806395,0.007246376811594203,False,False
F24,csvrw_read_cols_return_list_tups_pp,9356,147,3789.0,144.0,1.0,mid2,0.4049807610089782,0.9795918367346939,False,False
F24,db-example-proj-continue-break,550,135,6.0,5.0,1.0,mid1,0.01090909090909091,0.037037037037037035,True,True
F24,debugging/KnowyourerrorMessages.html,566,142,11.0,2.0,2.0,mid2,0.019434628975265017,0.014084507042253521,False,False
F24,dict_which_is_best_v2,422,142,2.0,1.0,1.0,mid1,0.004739336492890996,0.007042253521126761,False,False
F24,dictionaries/dictionaries1.html,492,39,14.0,2.0,1.0,mid1,0.028455284552845527,0.05128205128205128,False,False
F24,dictionaries/loopinganddictionaries.html,324,36,6.0,1.0,1.0,mid1,0.018518518518518517,0.027777777777777776,False,False
F24,dictionaries/toctree.html,175,28,6.0,1.0,1.0,mid1,0.03428571428571429,0.03571428571428571,False,False
F24,dog_fix_errors_write,8749,139,25.0,1.0,1.0,mid1,0.0028574694250771515,0.007194244604316547,False,False
F24,dp_get_tuple_from_dict_pp,2245,132,1.0,1.0,1.0,mid1,0.00044543429844097997,0.007575757575757576,False,False
F24,dp_get_tuple_from_dict_sq,2357,133,1.0,1.0,1.0,mid1,0.00042426813746287653,0.007518796992481203,False,False
F24,dp_greater_dict,2481,134,2.0,1.0,1.0,mid1,0.0008061265618702137,0.007462686567164179,False,False
F24,dp_greater_dict_sq,2080,134,1.0,1.0,1.0,mid1,0.0004807692307692308,0.007462686567164179,False,False
F24,dp_list_of_tuples_to_dict,2355,134,4.0,1.0,1.0,mid1,0.0016985138004246285,0.007462686567164179,False,False
F24,dp_list_of_tuples_to_dict_sq,2213,134,2.0,1.0,1.0,mid1,0.0009037505648441031,0.007462686567164179,False,False
F24,dz-lecture_5_9,1258,149,5.0,5.0,1.0,mid1,0.00397456279809221,0.03355704697986577,False,False
F24,file_count_lines_starting_with_ac,2028,136,2.0,1.0,1.0,mid1,0.0009861932938856016,0.007352941176470588,False,False
F24,file_count_lines_starting_with_write_pp_sq,1848,136,1.0,1.0,1.0,mid1,0.0005411255411255411,0.007352941176470588,False,False
F24,file_read_n_lines_ac,3580,135,2.0,1.0,1.0,mid1,0.0005586592178770949,0.007407407407407408,False,False
F24,file_read_n_lines_write_pp_sq,3056,135,1.0,1.0,1.0,mid1,0.0003272251308900524,0.007407407407407408,False,False
F24,file_write_squares_pp,4839,137,2.0,2.0,1.0,mid1,0.0004133085348212441,0.014598540145985401,False,False
F24,file_write_squares_sq,5047,137,2.0,2.0,1.0,mid1,0.00039627501486031304,0.014598540145985401,False,False
F24,files/Exercises.html,248,48,5.0,1.0,1.0,mid2,0.020161290322580645,0.020833333333333332,False,False
F24,files/csv-file-group.html,1949,141,13.0,3.0,2.0,mid2,0.006670087224217547,0.02127659574468085,False,False
F24,files/csv-reader-file-group.html,2128,145,7.0,2.0,1.0,mid2,0.003289473684210526,0.013793103448275862,False,False
F24,files/tryExceptOpen.html,503,141,5.0,1.0,1.0,mid2,0.009940357852882704,0.0070921985815602835,False,False
F24,fitb_doc_string,651,141,3.0,1.0,1.0,mid1,0.004608294930875576,0.0070921985815602835,False,False
F24,func_dict_example,653,136,1.0,1.0,1.0,mid1,0.0015313935681470138,0.007352941176470588,True,True
F24,func_pp_print_name_v2,4267,139,13.0,1.0,1.0,mid1,0.0030466369814858216,0.007194244604316547,False,False
F24,func_tuple_change_ac,708,137,1.0,1.0,1.0,mid1,0.0014124293785310734,0.0072992700729927005,False,False
F24,func_tuple_list_zip_ac,706,137,1.0,1.0,1.0,mid1,0.00141643059490085,0.0072992700729927005,False,False
F24,funct_ac_grade,5218,139,19.0,1.0,1.0,mid1,0.003641241855116903,0.007194244604316547,False,False
F24,function_fitb,546,142,2.0,1.0,1.0,mid1,0.003663003663003663,0.007042253521126761,False,False
F24,functions/funcWithTuplesAndDict.html,597,139,1.0,1.0,1.0,mid1,0.0016750418760469012,0.007194244604316547,False,False
F24,functions/func_Str_Cond.html,1829,147,1.0,1.0,1.0,mid1,0.0005467468562055768,0.006802721088435374,False,False
F24,functions/function_list_writecode.html,123,11,5.0,1.0,1.0,mid1,0.04065040650406504,0.09090909090909091,False,False
F24,functions/functions_tups_dicts_writecode.html,140,24,5.0,1.0,1.0,mid1,0.03571428571428571,0.041666666666666664,False,False
F24,get-index-duplicate-fix_v2,11007,139,15.0,1.0,1.0,mid1,0.001362769146906514,0.007194244604316547,False,False
F24,get_counts_dict,5063,139,26.0,1.0,1.0,mid1,0.00513529527947857,0.007194244604316547,False,False
F24,git_add,529,143,2.0,1.0,1.0,mid1,0.003780718336483932,0.006993006993006993,False,False
F24,git_fitb,592,140,2.0,1.0,1.0,mid1,0.0033783783783783786,0.007142857142857143,False,False
F24,hparsons_learning_gain_sql_exe_posttest_timed,1,1,0.0,0.0,0.0,,0.0,0.0,True,False
F24,hparsons_lg_sql_exe_posttest_timed_1,1,1,0.0,0.0,0.0,,0.0,0.0,True,False
F24,index.html,13425,152,1.0,1.0,1.0,mid1,7.4487895716946e-05,0.006578947368421052,False,False
F24,inheritance/Exercises.html,448,50,5.0,1.0,1.0,mid2,0.011160714285714286,0.02,False,False
F24,inheritance/Extending.html,655,141,6.0,1.0,1.0,mid1,0.00916030534351145,0.0070921985815602835,False,False
F24,inheritance/UnitTests.html,1474,143,5.0,1.0,1.0,mid2,0.0033921302578018998,0.006993006993006993,False,False
F24,inheritance_override_both_pi_bird_penquin,1047,145,2.0,2.0,1.0,mid1,0.0019102196752626551,0.013793103448275862,False,False
F24,keyword_pass,456,143,2.0,1.0,1.0,mid1,0.0043859649122807015,0.006993006993006993,False,False
F24,listEx_MC12_v2,1228,145,3.0,3.0,1.0,mid1,0.0024429967426710096,0.020689655172413793,False,False
F24,lists/listAsArgument.html,414,41,4.0,1.0,1.0,mid2,0.00966183574879227,0.024390243902439025,False,False
F24,mid2_fa22_nested_dict_mc,387,135,0.0,0.0,0.0,,0.0,0.0,True,False
F24,mid2_regex_slash_b_mc,963,142,0.0,0.0,0.0,,0.0,0.0,True,False
F24,mid2_w24_csv_writer_fill,567,132,0.0,0.0,0.0,,0.0,0.0,True,False
F24,mid2_win22_get_dogs_try_except_ac,6724,130,0.0,0.0,0.0,,0.0,0.0,True,False
F24,mid_1_fall20_q1,597,145,3.0,1.0,1.0,mid1,0.005025125628140704,0.006896551724137931,True,False
F24,mid_1_fall20_q10,587,143,2.0,1.0,1.0,mid1,0.0034071550255536627,0.006993006993006993,True,False
F24,mid_1_fall20_q13,456,143,2.0,1.0,1.0,mid1,0.0043859649122807015,0.006993006993006993,True,False
F24,mid_1_fall20_q14,535,141,2.0,1.0,1.0,mid1,0.003738317757009346,0.0070921985815602835,True,False
F24,mid_1_fall20_q15,422,142,2.0,1.0,1.0,mid1,0.004739336492890996,0.007042253521126761,True,False
F24,mid_1_fall20_q16,651,141,3.0,1.0,1.0,mid1,0.004608294930875576,0.0070921985815602835,True,False
F24,mid_1_fall20_q17,546,142,2.0,1.0,1.0,mid1,0.003663003663003663,0.007042253521126761,True,False
F24,mid_1_fall20_q18,1043,142,2.0,1.0,1.0,mid1,0.0019175455417066154,0.007042253521126761,True,False
F24,mid_1_fall20_q19,592,140,2.0,1.0,1.0,mid1,0.0033783783783783786,0.007142857142857143,True,False
F24,mid_1_fall20_q20,478,141,2.0,1.0,1.0,mid1,0.0041841004184100415,0.0070921985815602835,True,False
F24,mid_1_fall20_q4,693,144,3.0,1.0,1.0,mid1,0.004329004329004329,0.006944444444444444,True,False
F24,mid_1_fall20_q5,729,145,3.0,1.0,1.0,mid1,0.00411522633744856,0.006896551724137931,True,False
F24,mid_1_fall20_q6,529,143,2.0,1.0,1.0,mid1,0.003780718336483932,0.006993006993006993,True,False
F24,mid_1_fall20_q7,465,142,4.0,1.0,1.0,mid1,0.008602150537634409,0.007042253521126761,True,False
F24,mid_1_fall22_q12,545,141,3.0,1.0,1.0,mid1,0.005504587155963303,0.0070921985815602835,True,False
F24,mid_1_fall22_q9,874,143,3.0,1.0,1.0,mid1,0.003432494279176201,0.006993006993006993,True,False
F24,mid_1p_fall21_q11,598,143,2.0,1.0,1.0,mid1,0.0033444816053511705,0.006993006993006993,True,False
F24,mid_1p_fall21_q2,613,145,3.0,1.0,1.0,mid1,0.004893964110929853,0.006896551724137931,True,False
F24,mid_1p_fall21_q3,556,143,5.0,1.0,1.0,mid1,0.008992805755395683,0.006993006993006993,True,False
F24,mid_1p_fall21_q8_v2,542,143,2.0,1.0,1.0,mid1,0.0036900369003690036,0.006993006993006993,True,False
F24,mid_2_fall20_q21,4259,139,13.0,1.0,1.0,mid1,0.0030523597088518433,0.007194244604316547,True,False
F24,mid_2_fall20_q22,4672,139,10.0,1.0,1.0,mid1,0.0021404109589041095,0.007194244604316547,True,False
F24,mid_2_fall20_q23,6152,139,9.0,1.0,1.0,mid1,0.0014629388816644994,0.007194244604316547,True,False
F24,mid_2_fall20_q24,9565,139,40.0,2.0,1.0,mid1,0.004181913225300575,0.014388489208633094,True,False
F24,mid_2_fall20_q25,7609,138,35.0,1.0,1.0,mid1,0.004599816007359705,0.007246376811594203,True,False
F24,mid_2_fall20_q26,5643,139,14.0,1.0,1.0,mid1,0.002480949849370902,0.007194244604316547,True,False
F24,mid_2_fall20_q27,3349,139,11.0,1.0,1.0,mid1,0.0032845625559868616,0.007194244604316547,True,False
F24,mid_2_fall20_q28,7439,139,7.0,1.0,1.0,mid1,0.0009409866917596451,0.007194244604316547,True,False
F24,mid_2_fall20_q29,4328,139,11.0,1.0,1.0,mid1,0.0025415896487985213,0.007194244604316547,True,False
F24,mid_2_fall20_q30,3528,139,12.0,1.0,1.0,mid1,0.003401360544217687,0.007194244604316547,True,False
F24,mid_2_fall20_q31,3321,139,17.0,1.0,1.0,mid1,0.005118940078289671,0.007194244604316547,True,False
F24,mid_2p_fall_20_q1,380,136,0.0,0.0,0.0,,0.0,0.0,True,False
F24,mid_2p_fall_20_q10,352,134,0.0,0.0,0.0,,0.0,0.0,True,False
F24,mid_2p_fall_20_q11,551,134,0.0,0.0,0.0,,0.0,0.0,True,False
F24,mid_2p_fall_20_q12,363,135,0.0,0.0,0.0,,0.0,0.0,True,False
F24,mid_2p_fall_20_q13,553,130,0.0,0.0,0.0,,0.0,0.0,True,False
F24,mid_2p_fall_20_q14,583,131,0.0,0.0,0.0,,0.0,0.0,True,False
F24,mid_2p_fall_20_q15,327,131,0.0,0.0,0.0,,0.0,0.0,True,False
F24,mid_2p_fall_20_q16_mc,468,130,0.0,0.0,0.0,,0.0,0.0,True,False
F24,mid_2p_fall_20_q17_v2,374,131,0.0,0.0,0.0,,0.0,0.0,True,False
F24,mid_2p_fall_20_q18,412,131,0.0,0.0,0.0,,0.0,0.0,True,False
F24,mid_2p_fall_20_q19,454,130,0.0,0.0,0.0,,0.0,0.0,True,False
F24,mid_2p_fall_20_q21,298,130,0.0,0.0,0.0,,0.0,0.0,True,False
F24,mid_2p_fall_20_q22_v2,366,131,0.0,0.0,0.0,,0.0,0.0,True,False
F24,mid_2p_fall_20_q24,468,129,0.0,0.0,0.0,,0.0,0.0,True,False
F24,mid_2p_fall_20_q26_v2,582,129,0.0,0.0,0.0,,0.0,0.0,True,False
F24,mid_2p_fall_20_q27,1474,131,0.0,0.0,0.0,,0.0,0.0,True,False
F24,mid_2p_fall_20_q33,4313,128,0.0,0.0,0.0,,0.0,0.0,True,False
F24,mid_2p_fall_20_q34,5060,129,0.0,0.0,0.0,,0.0,0.0,True,False
F24,mid_2p_fall_20_q36,4870,129,0.0,0.0,0.0,,0.0,0.0,True,False
F24,mid_2p_fall_20_q37,4917,127,0.0,0.0,0.0,,0.0,0.0,True,False
F24,mid_2p_fall_20_q38,2603,127,0.0,0.0,0.0,,0.0,0.0,True,False
F24,mid_2p_fall_20_q3_v2,801,134,0.0,0.0,0.0,,0.0,0.0,True,False
F24,mid_2p_fall_20_q4,397,134,0.0,0.0,0.0,,0.0,0.0,True,False
F24,mid_2p_fall_20_q5,415,134,0.0,0.0,0.0,,0.0,0.0,True,False
F24,mid_2p_fall_20_q6,428,134,0.0,0.0,0.0,,0.0,0.0,True,False
F24,mid_2p_fall_20_q7,496,133,0.0,0.0,0.0,,0.0,0.0,True,False
F24,mid_2p_fall_20_q8,607,132,0.0,0.0,0.0,,0.0,0.0,True,False
F24,mid_2p_fall_20_q9_mc,361,132,0.0,0.0,0.0,,0.0,0.0,True,False
F24,mid_2p_fall_22_q2,387,135,0.0,0.0,0.0,,0.0,0.0,True,False
F24,mid_2p_fall_22_q39,4548,130,0.0,0.0,0.0,,0.0,0.0,True,False
F24,midterm_2_practice_q10_regex_b,352,134,0.0,0.0,0.0,,0.0,0.0,True,False
F24,midterm_2_practice_q11_regex_mc,551,134,0.0,0.0,0.0,,0.0,0.0,True,False
F24,midterm_2_practice_q12_continue_mc,363,135,0.0,0.0,0.0,,0.0,0.0,True,False
F24,midterm_2_practice_q13_regex_mc,553,130,0.0,0.0,0.0,,0.0,0.0,True,False
F24,midterm_2_practice_q14_strip_mc,583,131,0.0,0.0,0.0,,0.0,0.0,True,False
F24,midterm_2_practice_q15_str,328,131,0.0,0.0,0.0,,0.0,0.0,True,False
F24,midterm_2_practice_q16_sorted_mc,468,130,0.0,0.0,0.0,,0.0,0.0,True,False
F24,midterm_2_practice_q17_regex_mc,374,131,0.0,0.0,0.0,,0.0,0.0,True,False
F24,midterm_2_practice_q18_links_mc,413,131,0.0,0.0,0.0,,0.0,0.0,True,False
F24,midterm_2_practice_q19_step_into_mc,454,130,0.0,0.0,0.0,,0.0,0.0,True,False
F24,midterm_2_practice_q1_split_mc,378,136,0.0,0.0,0.0,,0.0,0.0,True,False
F24,midterm_2_practice_q21_git_clone,298,130,0.0,0.0,0.0,,0.0,0.0,True,False
F24,midterm_2_practice_q22_html_false_mc,366,131,0.0,0.0,0.0,,0.0,0.0,True,False
F24,midterm_2_practice_q24_sorted_mc,468,129,0.0,0.0,0.0,,0.0,0.0,True,False
F24,midterm_2_practice_q26_nested_dict_fitb,582,129,0.0,0.0,0.0,,0.0,0.0,True,False
F24,midterm_2_practice_q27_findall_regex_fib,1474,131,0.0,0.0,0.0,,0.0,0.0,True,False
F24,midterm_2_practice_q33_writecode,6664,129,0.0,0.0,0.0,,0.0,0.0,True,False
F24,midterm_2_practice_q34_sumnums_pp,5060,129,0.0,0.0,0.0,,0.0,0.0,True,False
F24,midterm_2_practice_q35_nested_dict,5654,126,0.0,0.0,0.0,,0.0,0.0,True,False
F24,midterm_2_practice_q36_pp,4869,129,0.0,0.0,0.0,,0.0,0.0,True,False
F24,midterm_2_practice_q37_csvfile_pp,4917,127,0.0,0.0,0.0,,0.0,0.0,True,False
F24,midterm_2_practice_q38_get_from_lines_ac,4072,127,0.0,0.0,0.0,,0.0,0.0,True,False
F24,midterm_2_practice_q3_unit_test_mc,801,134,0.0,0.0,0.0,,0.0,0.0,True,False
F24,midterm_2_practice_q4_split_mc,397,134,0.0,0.0,0.0,,0.0,0.0,True,False
F24,midterm_2_practice_q5_file_mc,415,134,0.0,0.0,0.0,,0.0,0.0,True,False
F24,midterm_2_practice_q6_regex_dig_mc,428,134,0.0,0.0,0.0,,0.0,0.0,True,False
F24,midterm_2_practice_q7_errors_mc,496,133,0.0,0.0,0.0,,0.0,0.0,True,False
F24,midterm_2_practice_q8_split2_mc,607,132,0.0,0.0,0.0,,0.0,0.0,True,False
F24,midterm_2_practice_q9_regex_dig_space_dash_mc,361,132,0.0,0.0,0.0,,0.0,0.0,True,False
F24,multipleinstances_mchoice1,1623,143,2.0,2.0,1.0,mid1,0.0012322858903265558,0.013986013986013986,False,False
F24,nd_get_vegetarian_menu_ac,3728,142,2.0,1.0,1.0,mid1,0.000536480686695279,0.007042253521126761,False,False
F24,network/html2.html,1113,142,10.0,2.0,1.0,mid2,0.008984725965858042,0.014084507042253521,False,False
F24,network/html_mixedupcode_orig.html,95,43,5.0,1.0,1.0,mid2,0.05263157894736842,0.023255813953488372,False,False
F24,no params,73413,155,36.0,9.0,2.0,mid1,0.000490376363859262,0.05806451612903226,False,False
F24,objects/Exercises.html,574,78,5.0,1.0,1.0,mid2,0.008710801393728223,0.01282051282051282,False,False
F24,objects/writecode.html,69,12,6.0,1.0,1.0,mid1,0.08695652173913043,0.08333333333333333,False,False
F24,objects_mcq10_4_v2,891,142,2.0,2.0,1.0,mid1,0.002244668911335578,0.014084507042253521,False,False
F24,order-fix-test,3559,138,2.0,1.0,1.0,mid1,0.000561955605507165,0.007246376811594203,False,False
F24,pi-be-turtle-what-shape,987,143,2.0,2.0,1.0,mid1,0.002026342451874367,0.013986013986013986,False,False
F24,pi-cd-dir-ex,1216,145,3.0,2.0,1.0,mid1,0.0024671052631578946,0.013793103448275862,False,False
F24,pi-git-local-to-repo,1541,145,3.0,2.0,1.0,mid1,0.001946787800129786,0.013793103448275862,False,False
F24,pi-tuple-error-v2,1597,144,5.0,3.0,1.0,mid1,0.0031308703819661866,0.020833333333333332,False,False
F24,pi-unit-test-which-asssert-price-mcq,1559,141,3.0,3.0,1.0,mid1,0.001924310455420141,0.02127659574468085,False,False
F24,pi_str_neg_indices,1148,148,5.0,5.0,1.0,mid1,0.004355400696864111,0.033783783783783786,False,False
F24,pictures/exam9t11.html,27,10,0.0,0.0,0.0,,0.0,0.0,True,False
F24,q10_midw21_constructor_default,556,143,5.0,1.0,1.0,mid1,0.008992805755395683,0.006993006993006993,True,False
F24,q3_midw21_flight_and_airport,612,145,3.0,1.0,1.0,mid1,0.004901960784313725,0.006896551724137931,True,False
F24,q_mid1_f22_cd_p_mc,542,143,2.0,1.0,1.0,mid1,0.0036900369003690036,0.006993006993006993,True,False
F24,q_mid1p_f22_flow_append,545,141,3.0,1.0,1.0,mid1,0.005504587155963303,0.0070921985815602835,True,False
F24,q_midf22_create_car_class,874,143,3.0,1.0,1.0,mid1,0.003432494279176201,0.006993006993006993,True,False
F24,q_midwn24_password_validator,4810,128,0.0,0.0,0.0,,0.0,0.0,True,False
F24,question_2_book_and_dictionary,598,143,2.0,1.0,1.0,mid1,0.0033444816053511705,0.006993006993006993,False,False
F24,re-exercise1,44,27,3.0,1.0,1.0,mid2,0.06818181818181818,0.037037037037037035,False,False
F24,regex/Exercises.html,149,56,1.0,1.0,1.0,mid2,0.006711409395973154,0.017857142857142856,False,False
F24,regex/regex-group-adv.html,924,141,7.0,2.0,1.0,mid2,0.007575757575757576,0.014184397163120567,False,False
F24,self_fitb,478,141,2.0,1.0,1.0,mid1,0.0041841004184100415,0.0070921985815602835,False,False
F24,slicing_str_neg,535,141,2.0,1.0,1.0,mid1,0.003738317757009346,0.0070921985815602835,False,False
F24,squirrel_party_v2,5008,139,18.0,1.0,1.0,mid1,0.003594249201277955,0.007194244604316547,False,False
F24,str_method_fitb,1043,142,2.0,1.0,1.0,mid1,0.0019175455417066154,0.007042253521126761,False,False
F24,table_reservation_ac,5188,143,2.0,1.0,1.0,mid1,0.00038550501156515033,0.006993006993006993,False,False
F24,terminal_commands,597,145,3.0,1.0,1.0,mid1,0.005025125628140704,0.006896551724137931,False,False
F24,total_first_half,6626,139,19.0,1.0,1.0,mid1,0.0028674916993661334,0.007194244604316547,False,False
F24,tuple_not_error_v2,693,144,3.0,1.0,1.0,mid1,0.004329004329004329,0.006944444444444444,False,False
F24,tuples/mixedupcode.html,50,14,5.0,1.0,1.0,mid1,0.1,0.07142857142857142,False,False
F24,tuples/toctree.html,154,20,6.0,1.0,1.0,mid1,0.03896103896103896,0.05,False,False
F24,tuples/tupleassignment.html,163,25,5.0,1.0,1.0,mid1,0.03067484662576687,0.04,False,False
F24,turtle_draw_F_pp,7609,138,35.0,1.0,1.0,mid1,0.004599816007359705,0.007246376811594203,False,False
F24,turtle_mult_which_draws_pict_mcq,1112,145,5.0,3.0,1.0,mid1,0.0044964028776978415,0.020689655172413793,False,False
F24,turtle_penup_F_which_draws_pict_mcq,912,144,2.0,2.0,1.0,mid1,0.0021929824561403508,0.013888888888888888,False,False
F24,turtles/WriteCode.html,110,23,5.0,1.0,1.0,mid1,0.045454545454545456,0.043478260869565216,False,False
F24,unittest-car,9301,139,1.0,1.0,1.0,mid1,0.00010751532093323298,0.007194244604316547,False,False
F24,unittest_mcq_test_car_set_color_v5,1005,142,2.0,2.0,1.0,mid1,0.001990049751243781,0.014084507042253521,False,False
F24,willing_to_continue=1,1086,119,6.0,2.0,2.0,mid1,0.0055248618784530384,0.01680672268907563,False,False
F25,/runestone/assignments/practice,38477,127,9.0,2.0,2.0,mid1,0.00023390596980014033,0.015748031496062992,False,False
F25,M1-F25,971,123,378.0,119.0,1.0,mid1,0.38928939237899074,0.967479674796748,False,False
F25,M1-F25-Accom,87,14,30.0,14.0,1.0,mid1,0.3448275862068966,1.0,False,False
F25,M1-F25-Friday,125,9,20.0,9.0,1.0,mid1,0.16,1.0,False,False
F25,M1-F25-PI-NotTimed,2096,122,38.0,8.0,2.0,mid1,0.01812977099236641,0.06557377049180328,True,False
F25,M1-F25-PI-Timed,1530,122,5.0,1.0,1.0,mid1,0.0032679738562091504,0.00819672131147541,True,False
F25,M1-F25-Practice,4198,124,92.0,20.0,1.0,mid1,0.02191519771319676,0.16129032258064516,False,False
F25,M1-F25-Practice-Timed,886,114,0.0,0.0,0.0,,0.0,0.0,True,False
F25,M1-F25-Practice-Timed-1.5,448,80,4.0,1.0,1.0,mid1,0.008928571428571428,0.0125,True,False
F25,M1-F25-Practice-Timed-2.0,261,56,5.0,1.0,1.0,mid1,0.019157088122605363,0.017857142857142856,True,False
F25,M1-F25-Practice-Timed-2.5,225,60,0.0,0.0,0.0,,0.0,0.0,True,False
F25,M2-F25-PI-NotTimed,1274,118,32.0,6.0,1.0,mid2,0.02511773940345369,0.05084745762711865,True,False
F25,M2-F25-PI-Timed,940,120,0.0,0.0,0.0,,0.0,0.0,True,False
F25,Mid2-F25-Practice-NotTimed,4747,115,160.0,31.0,1.0,mid2,0.033705498209395404,0.26956521739130435,True,False
F25,Mid2-F25-Practice-Timed,673,100,1.0,1.0,1.0,mid2,0.0014858841010401188,0.01,True,False
F25,Mid2-F25-Practice-Timed-120,367,52,21.0,4.0,1.0,mid2,0.05722070844686648,0.07692307692307693,True,False
F25,Mid2-F25-Practice-Timed-160,132,39,5.0,1.0,1.0,mid2,0.03787878787878788,0.02564102564102564,True,False
F25,Mid2-F25-Practice-Timed-200,285,48,5.0,1.0,1.0,mid2,0.017543859649122806,0.020833333333333332,True,False
F25,Mid2-F25-Timed,1261,122,383.0,119.0,1.0,mid2,0.3037272006344171,0.9754098360655737,True,False
F25,Mid2-F25-Timed-Accom,200,22,50.0,21.0,1.0,mid2,0.25,0.9545454545454546,True,False
F25,Mid2-F25-Timed-Jean,27,16,3.0,1.0,1.0,mid2,0.1111111111111111,0.0625,True,False
F25,Practice-Classes,2438,125,3.0,1.0,1.0,mid1,0.0012305168170631665,0.008,False,False
F25,Practice-Files,1201,123,5.0,1.0,1.0,mid2,0.004163197335553705,0.008130081300813009,False,False
F25,Practice-Mult-Class,2259,124,10.0,2.0,1.0,mid1,0.004426737494466578,0.016129032258064516,False,False
F25,Practice-Nested,1413,123,8.0,2.0,2.0,mid1,0.005661712668082095,0.016260162601626018,False,False
F25,Practice-Tup-Dict,1345,125,5.0,1.0,1.0,mid2,0.0037174721189591076,0.008,False,False
F25,Practice-Turtle-2,2588,125,5.0,1.0,1.0,mid1,0.0019319938176197836,0.008,False,False
F25,Practice-UnitTest,1297,125,9.0,2.0,1.0,mid1,0.006939090208172706,0.016,False,False
F25,Reading-Turtle-Part2,2201,122,2.0,1.0,1.0,mid1,0.0009086778736937755,0.00819672131147541,False,False
F25,bsoup/toctree.html,63,14,4.0,1.0,1.0,mid2,0.06349206349206349,0.07142857142857142,False,False
F25,chp13_classesmid1,347,125,0.0,0.0,0.0,,0.0,0.0,True,False
F25,class_car_test_pp,8133,118,1.0,1.0,1.0,mid1,0.00012295585884667404,0.00847457627118644,False,False
F25,classes-basics/Exercises.html,93,32,5.0,1.0,1.0,mid1,0.053763440860215055,0.03125,False,False
F25,classes-basics/MultipleClassesMCQs.html,62,16,5.0,1.0,1.0,mid1,0.08064516129032258,0.0625,False,False
F25,classes-basics/class-timed-intro.html,2,2,0.0,0.0,0.0,,0.0,0.0,True,False
F25,csvrw_read_cols_return_list_tups_pp,10544,126,4092.0,126.0,1.0,mid2,0.3880880121396055,1.0,False,False
F25,dictionaries/Exercises.html,372,64,5.0,1.0,1.0,mid1,0.013440860215053764,0.015625,False,False
F25,dictionaries/dictionariesandfiles.html,195,50,4.0,1.0,1.0,mid1,0.020512820512820513,0.02,False,False
F25,dictionaries/mixedupcode.html,80,33,5.0,1.0,1.0,mid1,0.0625,0.030303030303030304,False,False
F25,dog_fix_errors_write,26292,117,2.0,1.0,1.0,mid1,7.606876616461281e-05,0.008547008547008548,False,False
F25,files/Exercises.html,200,42,4.0,1.0,1.0,mid2,0.02,0.023809523809523808,False,False
F25,files/csv-file-group.html,1478,126,14.0,3.0,1.0,mid2,0.009472259810554804,0.023809523809523808,False,False
F25,files/csv-reader-file-group.html,1392,124,9.0,2.0,1.0,mid2,0.00646551724137931,0.016129032258064516,False,False
F25,files/debugging.html,194,80,5.0,1.0,1.0,mid2,0.02577319587628866,0.0125,False,False
F25,files/file-group.html,70,24,2.0,1.0,1.0,mid2,0.02857142857142857,0.041666666666666664,False,False
F25,files/writingFiles.html,572,125,3.0,1.0,1.0,mid2,0.005244755244755245,0.008,False,False
F25,functions/functions_tups_dicts_writecode.html,48,13,5.0,1.0,1.0,mid1,0.10416666666666667,0.07692307692307693,False,False
F25,functions/toctree.html,102,25,5.0,1.0,1.0,mid1,0.049019607843137254,0.04,False,False
F25,hparsons_lg_regex_timed_pre,2,1,0.0,0.0,0.0,,0.0,0.0,True,False
F25,inheritance/Exercises.html,160,36,5.0,1.0,1.0,mid1,0.03125,0.027777777777777776,False,False
F25,inheritance/Extending.html,553,125,5.0,1.0,1.0,mid1,0.009041591320072333,0.008,False,False
F25,inheritance/IntroToInheritance.html,621,125,4.0,1.0,1.0,mid1,0.00644122383252818,0.008,False,False
F25,inheritance/UnitTests.html,1822,124,14.0,3.0,2.0,mid1,0.007683863885839737,0.024193548387096774,False,False
F25,inheritance/mixedupcode.html,66,17,4.0,1.0,1.0,mid2,0.06060606060606061,0.058823529411764705,False,False
F25,inheritance/peer_in.html,42,3,4.0,1.0,1.0,mid2,0.09523809523809523,0.3333333333333333,False,False
F25,inheritance/writecode.html,81,15,1.0,1.0,1.0,mid1,0.012345679012345678,0.06666666666666667,False,False
F25,intro-timed-exam-v1-class-exp,20,1,0.0,0.0,0.0,,0.0,0.0,True,False
F25,mid1-fall24-mcq2,603,121,0.0,0.0,0.0,,0.0,0.0,True,False
F25,mid2_fa22_nested_dict_mc,387,117,0.0,0.0,0.0,,0.0,0.0,True,False
F25,mid2_regex_slash_b_mc,1613,121,0.0,0.0,0.0,,0.0,0.0,True,False
F25,mid2_w24_csv_writer_fill,542,109,0.0,0.0,0.0,,0.0,0.0,True,False
F25,mid2_win22_get_dogs_try_except_ac,86408,109,0.0,0.0,0.0,,0.0,0.0,True,False
F25,mid_1_fall20_q1,535,122,0.0,0.0,0.0,,0.0,0.0,True,False
F25,mid_1_fall20_q10,504,120,0.0,0.0,0.0,,0.0,0.0,True,False
F25,mid_1_fall20_q13,423,119,0.0,0.0,0.0,,0.0,0.0,True,False
F25,mid_1_fall20_q14,472,120,0.0,0.0,0.0,,0.0,0.0,True,False
F25,mid_1_fall20_q17,515,119,0.0,0.0,0.0,,0.0,0.0,True,False
F25,mid_1_fall20_q18,724,119,0.0,0.0,0.0,,0.0,0.0,True,False
F25,mid_1_fall20_q20,404,119,0.0,0.0,0.0,,0.0,0.0,True,False
F25,mid_1_fall20_q4,557,120,0.0,0.0,0.0,,0.0,0.0,True,False
F25,mid_1_fall20_q6,450,120,0.0,0.0,0.0,,0.0,0.0,True,False
F25,mid_1_fall20_q7,396,120,0.0,0.0,0.0,,0.0,0.0,True,False
F25,mid_1_fall22_q12,455,120,0.0,0.0,0.0,,0.0,0.0,True,False
F25,mid_1_fall22_q9,802,120,0.0,0.0,0.0,,0.0,0.0,True,False
F25,mid_1p_fall21_q11,498,120,0.0,0.0,0.0,,0.0,0.0,True,False
F25,mid_1p_fall21_q2,488,121,0.0,0.0,0.0,,0.0,0.0,True,False
F25,mid_1p_fall21_q3,490,120,0.0,0.0,0.0,,0.0,0.0,True,False
F25,mid_1p_fall21_q8_v2,454,120,0.0,0.0,0.0,,0.0,0.0,True,False
F25,mid_2_fall20_q23,4723,118,0.0,0.0,0.0,,0.0,0.0,True,False
F25,mid_2_fall20_q24,8133,118,1.0,1.0,1.0,mid1,0.00012295585884667404,0.00847457627118644,True,False
F25,mid_2_fall20_q25,4446,115,0.0,0.0,0.0,,0.0,0.0,True,False
F25,mid_2_fall20_q26,23703,117,1.0,1.0,1.0,mid1,4.218875247858921e-05,0.008547008547008548,True,False
F25,mid_2_fall20_q27,42286,110,0.0,0.0,0.0,,0.0,0.0,True,False
F25,mid_2_fall20_q28,29144,115,0.0,0.0,0.0,,0.0,0.0,True,False
F25,mid_2_fall20_q29,36958,112,0.0,0.0,0.0,,0.0,0.0,True,False
F25,mid_2_fall20_q30,56026,113,0.0,0.0,0.0,,0.0,0.0,True,False
F25,mid_2_fall20_q31,37433,113,0.0,0.0,0.0,,0.0,0.0,True,False
F25,mid_2p_fall_20_q1,399,118,0.0,0.0,0.0,,0.0,0.0,True,False
F25,mid_2p_fall_20_q10,376,113,0.0,0.0,0.0,,0.0,0.0,True,False
F25,mid_2p_fall_20_q11,578,113,0.0,0.0,0.0,,0.0,0.0,True,False
F25,mid_2p_fall_20_q12,344,113,0.0,0.0,0.0,,0.0,0.0,True,False
F25,mid_2p_fall_20_q13,474,113,0.0,0.0,0.0,,0.0,0.0,True,False
F25,mid_2p_fall_20_q14,509,112,1.0,1.0,1.0,mid2,0.0019646365422396855,0.008928571428571428,True,False
F25,mid_2p_fall_20_q15,296,112,0.0,0.0,0.0,,0.0,0.0,True,False
F25,mid_2p_fall_20_q16_mc,424,112,0.0,0.0,0.0,,0.0,0.0,True,False
F25,mid_2p_fall_20_q17_v2,366,112,0.0,0.0,0.0,,0.0,0.0,True,False
F25,mid_2p_fall_20_q18,419,113,0.0,0.0,0.0,,0.0,0.0,True,False
F25,mid_2p_fall_20_q19,462,111,0.0,0.0,0.0,,0.0,0.0,True,False
F25,mid_2p_fall_20_q21,291,110,0.0,0.0,0.0,,0.0,0.0,True,False
F25,mid_2p_fall_20_q22_v2,341,110,0.0,0.0,0.0,,0.0,0.0,True,False
F25,mid_2p_fall_20_q24,437,108,0.0,0.0,0.0,,0.0,0.0,True,False
F25,mid_2p_fall_20_q26_v2,534,109,0.0,0.0,0.0,,0.0,0.0,True,False
F25,mid_2p_fall_20_q27,1017,108,0.0,0.0,0.0,,0.0,0.0,True,False
F25,mid_2p_fall_20_q33,83484,110,0.0,0.0,0.0,,0.0,0.0,True,False
F25,mid_2p_fall_20_q34,5547,110,1.0,1.0,1.0,mid2,0.0001802776275464215,0.00909090909090909,True,False
F25,mid_2p_fall_20_q36,5763,108,2.0,2.0,1.0,mid2,0.00034704147145583897,0.018518518518518517,True,False
F25,mid_2p_fall_20_q37,5246,108,0.0,0.0,0.0,,0.0,0.0,True,False
F25,mid_2p_fall_20_q38,47492,110,0.0,0.0,0.0,,0.0,0.0,True,False
F25,mid_2p_fall_20_q3_v2,795,117,0.0,0.0,0.0,,0.0,0.0,True,False
F25,mid_2p_fall_20_q4,445,117,0.0,0.0,0.0,,0.0,0.0,True,False
F25,mid_2p_fall_20_q5,419,116,0.0,0.0,0.0,,0.0,0.0,True,False
F25,mid_2p_fall_20_q6,462,114,0.0,0.0,0.0,,0.0,0.0,True,False
F25,mid_2p_fall_20_q7,517,114,0.0,0.0,0.0,,0.0,0.0,True,False
F25,mid_2p_fall_20_q8,608,114,0.0,0.0,0.0,,0.0,0.0,True,False
F25,mid_2p_fall_20_q9_mc,384,114,0.0,0.0,0.0,,0.0,0.0,True,False
F25,mid_2p_fall_22_q2,387,117,0.0,0.0,0.0,,0.0,0.0,True,False
F25,mid_2p_fall_22_q39,84507,109,0.0,0.0,0.0,,0.0,0.0,True,False
F25,midterm_2_practice_q10_regex_b,376,113,0.0,0.0,0.0,,0.0,0.0,True,False
F25,midterm_2_practice_q11_regex_mc,578,113,0.0,0.0,0.0,,0.0,0.0,True,False
F25,midterm_2_practice_q12_continue_mc,344,113,0.0,0.0,0.0,,0.0,0.0,True,False
F25,midterm_2_practice_q13_regex_mc,474,113,0.0,0.0,0.0,,0.0,0.0,True,False
F25,midterm_2_practice_q14_strip_mc,509,112,1.0,1.0,1.0,mid2,0.0019646365422396855,0.008928571428571428,True,False
F25,midterm_2_practice_q15_str,296,112,0.0,0.0,0.0,,0.0,0.0,True,False
F25,midterm_2_practice_q16_sorted_mc,424,112,0.0,0.0,0.0,,0.0,0.0,True,False
F25,midterm_2_practice_q17_regex_mc,365,112,0.0,0.0,0.0,,0.0,0.0,True,False
F25,midterm_2_practice_q18_links_mc,419,113,0.0,0.0,0.0,,0.0,0.0,True,False
F25,midterm_2_practice_q19_step_into_mc,462,111,0.0,0.0,0.0,,0.0,0.0,True,False
F25,midterm_2_practice_q1_split_mc,399,118,0.0,0.0,0.0,,0.0,0.0,True,False
F25,midterm_2_practice_q21_git_clone,290,110,0.0,0.0,0.0,,0.0,0.0,True,False
F25,midterm_2_practice_q22_html_false_mc,341,110,0.0,0.0,0.0,,0.0,0.0,True,False
F25,midterm_2_practice_q24_sorted_mc,437,108,0.0,0.0,0.0,,0.0,0.0,True,False
F25,midterm_2_practice_q26_nested_dict_fitb,534,109,0.0,0.0,0.0,,0.0,0.0,True,False
F25,midterm_2_practice_q27_findall_regex_fib,1017,108,0.0,0.0,0.0,,0.0,0.0,True,False
F25,midterm_2_practice_q33_writecode,85445,110,0.0,0.0,0.0,,0.0,0.0,True,False
F25,midterm_2_practice_q34_sumnums_pp,5547,110,1.0,1.0,1.0,mid2,0.0001802776275464215,0.00909090909090909,True,False
F25,midterm_2_practice_q35_nested_dict,5860,106,0.0,0.0,0.0,,0.0,0.0,True,False
F25,midterm_2_practice_q36_pp,5763,108,2.0,2.0,1.0,mid2,0.00034704147145583897,0.018518518518518517,True,False
F25,midterm_2_practice_q37_csvfile_pp,5246,108,0.0,0.0,0.0,,0.0,0.0,True,False
F25,midterm_2_practice_q38_get_from_lines_ac,48928,110,0.0,0.0,0.0,,0.0,0.0,True,False
F25,midterm_2_practice_q3_unit_test_mc,795,117,0.0,0.0,0.0,,0.0,0.0,True,False
F25,midterm_2_practice_q4_split_mc,445,117,0.0,0.0,0.0,,0.0,0.0,True,False
F25,midterm_2_practice_q5_file_mc,418,116,0.0,0.0,0.0,,0.0,0.0,True,False
F25,midterm_2_practice_q6_regex_dig_mc,462,114,0.0,0.0,0.0,,0.0,0.0,True,False
F25,midterm_2_practice_q7_errors_mc,517,114,0.0,0.0,0.0,,0.0,0.0,True,False
F25,midterm_2_practice_q8_split2_mc,608,114,0.0,0.0,0.0,,0.0,0.0,True,False
F25,midterm_2_practice_q9_regex_dig_space_dash_mc,384,114,0.0,0.0,0.0,,0.0,0.0,True,False
F25,mult_class_point_and_triangle_practice_pp_v2,6847,125,3253.0,125.0,1.0,mid1,0.47509858332116256,1.0,False,False
F25,network/Exercises.html,357,43,5.0,1.0,1.0,mid2,0.014005602240896359,0.023255813953488372,False,False
F25,network/beautifulSoup.html,1193,124,4.0,1.0,1.0,mid2,0.003352891869237217,0.008064516129032258,False,False
F25,network/html.html,843,125,4.0,1.0,1.0,mid2,0.004744958481613286,0.008,False,False
F25,network/html2.html,964,118,14.0,3.0,1.0,mid2,0.014522821576763486,0.025423728813559324,False,False
F25,no params,67765,129,5.0,2.0,1.0,mid2,7.378440197742197e-05,0.015503875968992248,False,False
F25,objects/usingobjects.html,39,6,4.0,1.0,1.0,mid1,0.10256410256410256,0.16666666666666666,False,False
F25,pictures/exam9t11.html,6,4,0.0,0.0,0.0,,0.0,0.0,True,False
F25,q10_midw21_constructor_default,490,120,0.0,0.0,0.0,,0.0,0.0,True,False
F25,q3_midw21_flight_and_airport,488,121,0.0,0.0,0.0,,0.0,0.0,True,False
F25,q_mid1_f22_cd_p_mc,453,120,0.0,0.0,0.0,,0.0,0.0,True,False
F25,q_mid1_w24_unittest_class,646,120,0.0,0.0,0.0,,0.0,0.0,True,False
F25,q_mid1p_f22_flow_append,455,120,0.0,0.0,0.0,,0.0,0.0,True,False
F25,q_midf21_class_song_pp,3054,125,0.0,0.0,0.0,,0.0,0.0,True,False
F25,q_midf21_cond_weather_ac,82514,125,0.0,0.0,0.0,,0.0,0.0,True,False
F25,q_midf21_no_return_fitb,675,125,0.0,0.0,0.0,,0.0,0.0,True,False
F25,q_midf21_several_ifs_fitb,907,125,0.0,0.0,0.0,,0.0,0.0,True,False
F25,q_midf21_turtle_draw_E_pp_v3,3869,125,0.0,0.0,0.0,,0.0,0.0,True,False
F25,q_midf21_while_and,673,125,0.0,0.0,0.0,,0.0,0.0,True,False
F25,q_midf22_class_pet_which_method,519,120,0.0,0.0,0.0,,0.0,0.0,True,False
F25,q_midf22_create_car_class,803,120,0.0,0.0,0.0,,0.0,0.0,True,False
F25,q_midw22_loop_controls_mcq,722,125,0.0,0.0,0.0,,0.0,0.0,True,False
F25,q_midwn24_password_validator,56056,111,0.0,0.0,0.0,,0.0,0.0,True,False
F25,regex/regex-group-adv.html,598,123,5.0,2.0,1.0,mid2,0.008361204013377926,0.016260162601626018,False,False
F25,regex/summary.html,659,120,5.0,1.0,1.0,mid2,0.007587253414264037,0.008333333333333333,False,False
F25,regex/writecode.html,139,23,5.0,1.0,1.0,mid2,0.03597122302158273,0.043478260869565216,False,False
F25,timed1,2,1,0.0,0.0,0.0,,0.0,0.0,True,False
F25,tuples/Exercises.html,117,24,9.0,2.0,2.0,mid1,0.07692307692307693,0.08333333333333333,False,False
F25,tuples/mixedupcode.html,46,17,10.0,2.0,2.0,mid1,0.21739130434782608,0.11764705882352941,False,False
F25,web/Exercises.html,138,37,4.0,1.0,1.0,mid2,0.028985507246376812,0.02702702702702703,False,False
F25,willing_to_continue=1,1010,109,4.0,1.0,1.0,mid1,0.0039603960396039604,0.009174311926605505,False,False
W20,Midterm2-Practice,64,2,0.0,0.0,0.0,,0.0,0.0,True,False
W20,Practice for midterm,9,2,0.0,0.0,0.0,,0.0,0.0,True,False
W22,BS-Reading,2235,119,6.0,1.0,1.0,mid2,0.0026845637583892616,0.008403361344537815,False,False
W22,Exercises_bsoup_mc1,7,4,1.0,1.0,1.0,mid2,0.14285714285714285,0.25,False,False
W22,Exercises_bsoup_mc10,5,2,2.0,1.0,1.0,mid2,0.4,0.5,False,False
W22,Exercises_bsoup_mc2,9,5,2.0,1.0,1.0,mid2,0.2222222222222222,0.2,False,False
W22,Exercises_bsoup_mc3,12,5,1.0,1.0,1.0,mid2,0.08333333333333333,0.2,False,False
W22,Exercises_bsoup_mc4,9,5,1.0,1.0,1.0,mid2,0.1111111111111111,0.2,False,False
W22,Exercises_bsoup_mc5,8,5,1.0,1.0,1.0,mid2,0.125,0.2,False,False
W22,Exercises_bsoup_mc6,9,5,1.0,1.0,1.0,mid2,0.1111111111111111,0.2,False,False
W22,Exercises_bsoup_mc7,5,4,1.0,1.0,1.0,mid2,0.2,0.25,False,False
W22,Exercises_bsoup_mc8,5,3,1.0,1.0,1.0,mid2,0.2,0.3333333333333333,False,False
W22,Exp1-A,515,63,5.0,1.0,1.0,mid1,0.009708737864077669,0.015873015873015872,False,False
W22,File-Practice-CSV,2858,120,10.0,3.0,1.0,mid2,0.0034989503149055285,0.025,False,False
W22,File-Reading,1008,117,1.0,1.0,1.0,mid2,0.000992063492063492,0.008547008547008548,False,False
W22,GroupWork-Strings,992,85,1.0,1.0,1.0,mid2,0.0010080645161290322,0.011764705882352941,False,False
W22,HTML practice,1070,120,3.0,1.0,1.0,mid2,0.002803738317757009,0.008333333333333333,False,False
W22,JSON Practice,1863,118,12.0,4.0,1.0,mid2,0.00644122383252818,0.03389830508474576,False,False
W22,Mid-Win22-MCQs-Only,2,1,0.0,0.0,0.0,,0.0,0.0,True,False
W22,Mid1-Win22-Practice,4226,126,85.0,20.0,2.0,mid1,0.020113582584003788,0.15873015873015872,True,False
W22,Mid1-Win22-Practice-Timed,829,119,5.0,1.0,1.0,mid1,0.006031363088057901,0.008403361344537815,True,False
W22,Mid1-Win22-Timed,960,115,231.0,115.0,1.0,mid1,0.240625,1.0,True,False
W22,Mid1-Win22-Timed-1.5,96,11,22.0,11.0,1.0,mid1,0.22916666666666666,1.0,True,False
W22,Mid2-Win22-LastThree,10,1,2.0,1.0,1.0,mid2,0.2,1.0,True,False
W22,Mid2-Win22-More-Practice,1402,118,43.0,12.0,1.0,mid2,0.030670470756062766,0.1016949152542373,True,False
W22,Mid2-Win22-NoSQ,29,1,0.0,0.0,0.0,,0.0,0.0,True,False
W22,Mid2-Win22-PI-Questions,575,109,30.0,9.0,1.0,mid2,0.05217391304347826,0.08256880733944955,True,False
W22,Mid2-Win22-Practice,4854,122,182.0,39.0,1.0,mid2,0.03749484960857025,0.319672131147541,True,False
W22,Mid2-Win22-TimeAndHalf,381,11,23.0,11.0,1.0,mid2,0.06036745406824147,1.0,True,False
W22,Mid2-Win22-Timed,1164,111,230.0,110.0,1.0,mid2,0.19759450171821305,0.990990990990991,True,False
W22,Mid2-Win22-TimedPractice,665,103,170.0,91.0,1.0,mid2,0.2556390977443609,0.883495145631068,True,False
W22,More-Regex,1976,120,1.0,1.0,1.0,mid2,0.0005060728744939271,0.008333333333333333,False,False
W22,Reading-Regex,1190,115,6.0,1.0,1.0,mid2,0.005042016806722689,0.008695652173913044,False,False
W22,ReadingOnInheritance,605,99,3.0,1.0,1.0,mid1,0.0049586776859504135,0.010101010101010102,False,False
W22,Regex-Group1,1465,112,6.0,1.0,1.0,mid2,0.004095563139931741,0.008928571428571428,False,False
W22,Regex-Midterm-Practice,1802,120,9.0,3.0,1.0,mid2,0.004994450610432853,0.025,True,False
W22,Soup-Practice,1941,120,13.0,3.0,1.0,mid2,0.006697578567748583,0.025,False,False
W22,Turtle-Practice,1578,126,4.0,1.0,1.0,mid1,0.0025348542458808617,0.007936507936507936,False,False
W22,Win22-SI206_scratch_ac,5774,85,757.0,11.0,2.0,mid1,0.13110495323865604,0.12941176470588237,False,False
W22,XML Practice,1356,116,7.0,2.0,1.0,mid2,0.005162241887905605,0.017241379310344827,False,False
W22,assignment_id=100125,519,103,24.0,8.0,1.0,mid2,0.046242774566473986,0.07766990291262135,False,False
W22,assignment_id=100287,1402,118,43.0,12.0,1.0,mid2,0.030670470756062766,0.1016949152542373,False,False
W22,assignment_id=100307,382,109,18.0,9.0,1.0,mid2,0.04712041884816754,0.08256880733944955,False,False
W22,assignment_id=100432,946,111,12.0,12.0,1.0,mid2,0.012684989429175475,0.10810810810810811,False,False
W22,assignment_id=100484,359,11,1.0,1.0,1.0,mid2,0.002785515320334262,0.09090909090909091,False,False
W22,assignment_id=90722,515,63,5.0,1.0,1.0,mid1,0.009708737864077669,0.015873015873015872,False,False
W22,assignment_id=90861,1070,120,3.0,1.0,1.0,mid2,0.002803738317757009,0.008333333333333333,False,False
W22,assignment_id=90871,1465,112,6.0,1.0,1.0,mid2,0.004095563139931741,0.008928571428571428,False,False
W22,assignment_id=90874,1863,118,12.0,4.0,1.0,mid2,0.00644122383252818,0.03389830508474576,False,False
W22,assignment_id=90888,1578,126,4.0,1.0,1.0,mid1,0.0025348542458808617,0.007936507936507936,False,False
W22,assignment_id=90890,992,85,1.0,1.0,1.0,mid2,0.0010080645161290322,0.011764705882352941,False,False
W22,assignment_id=90891,1190,115,6.0,1.0,1.0,mid2,0.005042016806722689,0.008695652173913044,False,False
W22,assignment_id=90892,1356,116,7.0,2.0,1.0,mid2,0.005162241887905605,0.017241379310344827,False,False
W22,assignment_id=90894,1941,120,13.0,3.0,1.0,mid2,0.006697578567748583,0.025,False,False
W22,assignment_id=90902,1008,117,1.0,1.0,1.0,mid2,0.000992063492063492,0.008547008547008548,False,False
W22,assignment_id=90903,1976,120,1.0,1.0,1.0,mid2,0.0005060728744939271,0.008333333333333333,False,False
W22,assignment_id=90915,2235,119,6.0,1.0,1.0,mid2,0.0026845637583892616,0.008403361344537815,False,False
W22,assignment_id=90932,1802,120,9.0,3.0,1.0,mid2,0.004994450610432853,0.025,False,False
W22,assignment_id=93083,605,99,3.0,1.0,1.0,mid1,0.0049586776859504135,0.010101010101010102,False,False
W22,assignment_id=93522,325,92,4.0,1.0,1.0,mid1,0.012307692307692308,0.010869565217391304,False,False
W22,assignment_id=93524,359,73,4.0,1.0,1.0,mid1,0.011142061281337047,0.0136986301369863,False,False
W22,assignment_id=95763,4226,126,85.0,20.0,2.0,mid1,0.020113582584003788,0.15873015873015872,False,False
W22,assignment_id=95779,663,119,5.0,1.0,1.0,mid1,0.007541478129713424,0.008403361344537815,False,False
W22,assignment_id=96154,2858,120,10.0,3.0,1.0,mid2,0.0034989503149055285,0.025,False,False
W22,assignment_id=96438,731,115,2.0,1.0,1.0,mid1,0.0027359781121751026,0.008695652173913044,False,False
W22,assignment_id=99986,4854,122,182.0,39.0,1.0,mid2,0.03749484960857025,0.319672131147541,False,False
W22,bsoup/Exercises.html,89,17,40.0,1.0,1.0,mid2,0.449438202247191,0.058823529411764705,False,False
W22,bsoup/example1.html,284,65,1.0,1.0,1.0,mid2,0.0035211267605633804,0.015384615384615385,True,True
W22,bsoup/example2.html,195,58,1.0,1.0,1.0,mid2,0.005128205128205128,0.017241379310344827,True,True
W22,bsoup/mixedupcode.html,82,7,5.0,1.0,1.0,mid2,0.06097560975609756,0.14285714285714285,False,False
W22,bsoup/plan2.html,262,79,1.0,1.0,1.0,mid2,0.003816793893129771,0.012658227848101266,False,False
W22,bsoup/plan3.html,280,62,1.0,1.0,1.0,mid2,0.0035714285714285713,0.016129032258064516,False,False
W22,bsoup/plan4.html,406,69,1.0,1.0,1.0,mid2,0.0024630541871921183,0.014492753623188406,False,False
W22,bsoup/toctree.html,213,64,1.0,1.0,1.0,mid2,0.004694835680751174,0.015625,False,False
W22,bsoup_mixedupcode_4,2146,65,32.0,2.0,1.0,mid2,0.014911463187325256,0.03076923076923077,False,False
W22,bsoup_mixedupcode_4_sq,2131,65,34.0,2.0,1.0,mid2,0.015954950727358048,0.03076923076923077,False,False
W22,bsoup_mixedupcode_6,2305,60,25.0,1.0,1.0,mid2,0.010845986984815618,0.016666666666666666,False,False
W22,bsoup_mixedupcode_6_sq_v2,2309,60,25.0,1.0,1.0,mid2,0.010827197921177999,0.016666666666666666,False,False
W22,chp13_classesmid1,356,119,0.0,0.0,0.0,,0.0,0.0,True,False
W22,class_car_test_pp,4743,122,1.0,1.0,1.0,mid1,0.0002108370229812355,0.00819672131147541,False,False
W22,classes-basics/Glossary.html,159,36,5.0,1.0,1.0,mid1,0.031446540880503145,0.027777777777777776,False,False
W22,fileEx_close_v2,141,91,7.0,6.0,1.0,mid2,0.04964539007092199,0.06593406593406594,False,False
W22,fileEx_how_many_errors,177,93,7.0,6.0,1.0,mid2,0.03954802259887006,0.06451612903225806,False,False
W22,fileEx_read_v2,191,91,6.0,6.0,1.0,mid2,0.031413612565445025,0.06593406593406594,False,False
W22,fileEx_write_v2,137,91,6.0,6.0,1.0,mid2,0.043795620437956206,0.06593406593406594,False,False
W22,file_ex_emotionq,3431,91,38.0,3.0,1.0,mid2,0.011075488195861264,0.03296703296703297,False,False
W22,file_ex_valueCity,962,98,4.0,1.0,1.0,mid2,0.004158004158004158,0.01020408163265306,False,False
W22,files/debugging.html,231,79,2.0,1.0,1.0,mid2,0.008658008658008658,0.012658227848101266,False,False
W22,files/file-group.html,692,97,5.0,1.0,1.0,mid2,0.0072254335260115606,0.010309278350515464,False,False
W22,files/glossary.html,300,75,1.0,1.0,1.0,mid2,0.0033333333333333335,0.013333333333333334,False,False
W22,files/writeCode.html,379,68,2.0,2.0,1.0,mid2,0.005277044854881266,0.029411764705882353,False,False
W22,files/writingFiles.html,545,91,1.0,1.0,1.0,mid2,0.001834862385321101,0.01098901098901099,False,False
W22,files_csv_dictionary_sorted_countries,114,85,6.0,6.0,1.0,mid2,0.05263157894736842,0.07058823529411765,False,False
W22,files_csv_sorted_items_tuple_zero,125,85,10.0,6.0,1.0,mid2,0.08,0.07058823529411765,False,False
W22,files_csv_str_nums_sorted,139,87,10.0,6.0,1.0,mid2,0.07194244604316546,0.06896551724137931,False,False
W22,functions/func-group.html,922,129,7.0,2.0,2.0,mid1,0.007592190889370932,0.015503875968992248,False,False
W22,functions/glossary.html,78,41,5.0,1.0,1.0,mid1,0.0641025641025641,0.024390243902439025,False,False
W22,functions/randomnumbers.html,257,36,5.0,1.0,1.0,mid1,0.019455252918287938,0.027777777777777776,False,False
W22,index.html,19092,145,57.0,23.0,2.0,mid1,0.0029855436832181017,0.15862068965517243,False,False
W22,inheritance/Exercises.html,247,50,7.0,2.0,1.0,mid1,0.02834008097165992,0.04,False,False
W22,inheritance/MoreOnTesting.html,616,97,4.0,1.0,1.0,mid2,0.006493506493506494,0.010309278350515464,False,False
W22,inheritance/UnitTests.html,1046,108,5.0,1.0,1.0,mid1,0.004780114722753346,0.009259259259259259,False,False
W22,iterations/continue.html,65,34,4.0,1.0,1.0,mid1,0.06153846153846154,0.029411764705882353,False,False
W22,mid_1_fall20_q1,290,127,0.0,0.0,0.0,,0.0,0.0,True,False
W22,mid_1_fall20_q10,311,126,0.0,0.0,0.0,,0.0,0.0,True,False
W22,mid_1_fall20_q12,250,124,0.0,0.0,0.0,,0.0,0.0,True,False
W22,mid_1_fall20_q13,239,126,0.0,0.0,0.0,,0.0,0.0,True,False
W22,mid_1_fall20_q14,351,125,0.0,0.0,0.0,,0.0,0.0,True,False
W22,mid_1_fall20_q15,235,126,0.0,0.0,0.0,,0.0,0.0,True,False
W22,mid_1_fall20_q16,412,124,0.0,0.0,0.0,,0.0,0.0,True,False
W22,mid_1_fall20_q17,342,126,0.0,0.0,0.0,,0.0,0.0,True,False
W22,mid_1_fall20_q18,500,125,0.0,0.0,0.0,,0.0,0.0,True,False
W22,mid_1_fall20_q19,386,125,0.0,0.0,0.0,,0.0,0.0,True,False
W22,mid_1_fall20_q20,270,125,0.0,0.0,0.0,,0.0,0.0,True,False
W22,mid_1_fall20_q4,444,127,0.0,0.0,0.0,,0.0,0.0,True,False
W22,mid_1_fall20_q5,436,127,0.0,0.0,0.0,,0.0,0.0,True,False
W22,mid_1_fall20_q6,289,127,0.0,0.0,0.0,,0.0,0.0,True,False
W22,mid_1_fall20_q7,255,125,0.0,0.0,0.0,,0.0,0.0,True,False
W22,mid_1_fall20_q9,239,126,0.0,0.0,0.0,,0.0,0.0,True,False
W22,mid_1p_fall21_q11,343,126,0.0,0.0,0.0,,0.0,0.0,True,False
W22,mid_1p_fall21_q2,346,127,0.0,0.0,0.0,,0.0,0.0,True,False
W22,mid_1p_fall21_q3,314,127,0.0,0.0,0.0,,0.0,0.0,True,False
W22,mid_1p_fall21_q8,248,126,0.0,0.0,0.0,,0.0,0.0,True,False
W22,mid_2_csv_read_write_pp_v2,8228,121,2065.0,119.0,1.0,mid2,0.2509722897423432,0.9834710743801653,True,False
W22,mid_2_fall20_q21,1224,124,0.0,0.0,0.0,,0.0,0.0,True,False
W22,mid_2_fall20_q22,2273,125,0.0,0.0,0.0,,0.0,0.0,True,False
W22,mid_2_fall20_q23,3016,125,0.0,0.0,0.0,,0.0,0.0,True,False
W22,mid_2_fall20_q24,4743,122,1.0,1.0,1.0,mid1,0.0002108370229812355,0.00819672131147541,True,False
W22,mid_2_fall20_q25,4624,123,0.0,0.0,0.0,,0.0,0.0,True,False
W22,mid_2_fall20_q26,3086,119,0.0,0.0,0.0,,0.0,0.0,True,False
W22,mid_2_fall20_q27,2282,117,0.0,0.0,0.0,,0.0,0.0,True,False
W22,mid_2_fall20_q28,6560,118,0.0,0.0,0.0,,0.0,0.0,True,False
W22,mid_2_fall20_q29,3469,121,0.0,0.0,0.0,,0.0,0.0,True,False
W22,mid_2_fall20_q30,5334,123,0.0,0.0,0.0,,0.0,0.0,True,False
W22,mid_2_fall20_q31,2609,117,0.0,0.0,0.0,,0.0,0.0,True,False
W22,mid_2p_fall_20_q1,230,123,67.0,57.0,1.0,mid2,0.29130434782608694,0.4634146341463415,True,False
W22,mid_2p_fall_20_q10,269,119,74.0,52.0,1.0,mid2,0.275092936802974,0.4369747899159664,True,False
W22,mid_2p_fall_20_q11,405,120,69.0,52.0,1.0,mid2,0.17037037037037037,0.43333333333333335,True,False
W22,mid_2p_fall_20_q12,291,120,66.0,53.0,1.0,mid2,0.2268041237113402,0.44166666666666665,True,False
W22,mid_2p_fall_20_q13,375,120,66.0,52.0,1.0,mid2,0.176,0.43333333333333335,True,False
W22,mid_2p_fall_20_q14,411,120,73.0,53.0,1.0,mid2,0.17761557177615572,0.44166666666666665,True,False
W22,mid_2p_fall_20_q15,225,119,67.0,53.0,1.0,mid2,0.29777777777777775,0.44537815126050423,True,False
W22,mid_2p_fall_20_q16_mc,398,119,71.0,52.0,1.0,mid2,0.17839195979899497,0.4369747899159664,True,False
W22,mid_2p_fall_20_q17_v2,267,119,73.0,53.0,1.0,mid2,0.27340823970037453,0.44537815126050423,True,False
W22,mid_2p_fall_20_q18,251,118,59.0,53.0,1.0,mid2,0.2350597609561753,0.4491525423728814,True,False
W22,mid_2p_fall_20_q19,311,117,60.0,53.0,1.0,mid2,0.19292604501607716,0.452991452991453,True,False
W22,mid_2p_fall_20_q2,248,123,62.0,57.0,1.0,mid2,0.25,0.4634146341463415,True,False
W22,mid_2p_fall_20_q20,316,118,68.0,53.0,1.0,mid2,0.21518987341772153,0.4491525423728814,True,False
W22,mid_2p_fall_20_q21,209,118,62.0,53.0,1.0,mid2,0.2966507177033493,0.4491525423728814,True,False
W22,mid_2p_fall_20_q22_v2,305,117,66.0,54.0,1.0,mid2,0.21639344262295082,0.46153846153846156,True,False
W22,mid_2p_fall_20_q23,343,118,65.0,53.0,1.0,mid2,0.18950437317784258,0.4491525423728814,True,False
W22,mid_2p_fall_20_q24,292,117,68.0,52.0,1.0,mid2,0.2328767123287671,0.4444444444444444,True,False
W22,mid_2p_fall_20_q25,258,118,64.0,50.0,1.0,mid2,0.24806201550387597,0.423728813559322,True,False
W22,mid_2p_fall_20_q26_v2,389,119,55.0,48.0,1.0,mid2,0.14138817480719795,0.40336134453781514,True,False
W22,mid_2p_fall_20_q27,924,119,70.0,49.0,1.0,mid2,0.07575757575757576,0.4117647058823529,True,False
W22,mid_2p_fall_20_q28,621,118,60.0,49.0,1.0,mid2,0.0966183574879227,0.4152542372881356,True,False
W22,mid_2p_fall_20_q29,962,113,65.0,45.0,1.0,mid2,0.06756756756756757,0.39823008849557523,True,False
W22,mid_2p_fall_20_q30,329,117,64.0,48.0,1.0,mid2,0.1945288753799392,0.41025641025641024,True,False
W22,mid_2p_fall_20_q31,470,118,61.0,49.0,1.0,mid2,0.12978723404255318,0.4152542372881356,True,False
W22,mid_2p_fall_20_q32,2750,117,684.0,56.0,1.0,mid2,0.2487272727272727,0.47863247863247865,True,False
W22,mid_2p_fall_20_q33,5127,114,1153.0,55.0,1.0,mid2,0.22488784864443145,0.4824561403508772,True,False
W22,mid_2p_fall_20_q34,3839,112,599.0,47.0,1.0,mid2,0.15603021620213597,0.41964285714285715,True,False
W22,mid_2p_fall_20_q35,1773,113,410.0,47.0,1.0,mid2,0.23124647490129724,0.415929203539823,True,False
W22,mid_2p_fall_20_q36,3977,110,692.0,47.0,1.0,mid2,0.17400050289162686,0.42727272727272725,True,False
W22,mid_2p_fall_20_q37,3702,108,762.0,45.0,1.0,mid2,0.20583468395461912,0.4166666666666667,True,False
W22,mid_2p_fall_20_q38,3095,111,705.0,56.0,1.0,mid2,0.22778675282714056,0.5045045045045045,True,False
W22,mid_2p_fall_20_q39_v2,2796,112,893.0,54.0,1.0,mid2,0.31938483547925606,0.48214285714285715,True,False
W22,mid_2p_fall_20_q3_v2,514,120,68.0,55.0,1.0,mid2,0.13229571984435798,0.4583333333333333,True,False
W22,mid_2p_fall_20_q4,267,121,66.0,55.0,1.0,mid2,0.24719101123595505,0.45454545454545453,True,False
W22,mid_2p_fall_20_q40,1865,111,424.0,52.0,1.0,mid2,0.22734584450402145,0.46846846846846846,True,False
W22,mid_2p_fall_20_q5,231,121,57.0,52.0,1.0,mid2,0.24675324675324675,0.4297520661157025,True,False
W22,mid_2p_fall_20_q6,283,121,67.0,52.0,1.0,mid2,0.23674911660777384,0.4297520661157025,True,False
W22,mid_2p_fall_20_q7,352,121,68.0,53.0,1.0,mid2,0.19318181818181818,0.4380165289256198,True,False
W22,mid_2p_fall_20_q8,415,121,73.0,53.0,1.0,mid2,0.17590361445783131,0.4380165289256198,True,False
W22,mid_2p_fall_20_q9_mc,263,120,62.0,53.0,1.0,mid2,0.23574144486692014,0.44166666666666665,True,False
W22,midterm_2_practice_q10_regex_b,269,119,74.0,52.0,1.0,mid2,0.275092936802974,0.4369747899159664,True,False
W22,midterm_2_practice_q11_regex_mc,405,120,69.0,52.0,1.0,mid2,0.17037037037037037,0.43333333333333335,True,False
W22,midterm_2_practice_q12_continue_mc,292,120,66.0,53.0,1.0,mid2,0.22602739726027396,0.44166666666666665,True,False
W22,midterm_2_practice_q13_regex_mc,375,120,66.0,52.0,1.0,mid2,0.176,0.43333333333333335,True,False
W22,midterm_2_practice_q14_strip_mc,411,120,73.0,53.0,1.0,mid2,0.17761557177615572,0.44166666666666665,True,False
W22,midterm_2_practice_q15_str,226,119,67.0,53.0,1.0,mid2,0.29646017699115046,0.44537815126050423,True,False
W22,midterm_2_practice_q16_sorted_mc,398,119,71.0,52.0,1.0,mid2,0.17839195979899497,0.4369747899159664,True,False
W22,midterm_2_practice_q17_regex_mc,268,119,73.0,53.0,1.0,mid2,0.27238805970149255,0.44537815126050423,True,False
W22,midterm_2_practice_q18_links_mc,251,118,59.0,53.0,1.0,mid2,0.2350597609561753,0.4491525423728814,True,False
W22,midterm_2_practice_q19_step_into_mc,311,117,60.0,53.0,1.0,mid2,0.19292604501607716,0.452991452991453,True,False
W22,midterm_2_practice_q1_split_mc,230,123,67.0,57.0,1.0,mid2,0.29130434782608694,0.4634146341463415,True,False
W22,midterm_2_practice_q20_soup_link,317,118,68.0,53.0,1.0,mid2,0.21451104100946372,0.4491525423728814,True,False
W22,midterm_2_practice_q21_git_clone,209,118,62.0,53.0,1.0,mid2,0.2966507177033493,0.4491525423728814,True,False
W22,midterm_2_practice_q22_html_false_mc,306,117,66.0,54.0,1.0,mid2,0.21568627450980393,0.46153846153846156,True,False
W22,midterm_2_practice_q23_strings_mc,344,118,65.0,53.0,1.0,mid2,0.18895348837209303,0.4491525423728814,True,False
W22,midterm_2_practice_q24_sorted_mc,292,117,68.0,52.0,1.0,mid2,0.2328767123287671,0.4444444444444444,True,False
W22,midterm_2_practice_q25_dict,258,118,64.0,50.0,1.0,mid2,0.24806201550387597,0.423728813559322,True,False
W22,midterm_2_practice_q26_nested_dict_fitb,389,119,55.0,48.0,1.0,mid2,0.14138817480719795,0.40336134453781514,True,False
W22,midterm_2_practice_q27_findall_regex_fib,924,119,70.0,49.0,1.0,mid2,0.07575757575757576,0.4117647058823529,True,False
W22,midterm_2_practice_q28_findall_fib,621,118,60.0,49.0,1.0,mid2,0.0966183574879227,0.4152542372881356,True,False
W22,midterm_2_practice_q29_email_fitb,962,113,65.0,45.0,1.0,mid2,0.06756756756756757,0.39823008849557523,True,False
W22,midterm_2_practice_q2_types_mc,249,123,61.0,56.0,1.0,mid2,0.24497991967871485,0.45528455284552843,True,False
W22,midterm_2_practice_q30_soup_fitb,329,117,64.0,48.0,1.0,mid2,0.1945288753799392,0.41025641025641024,True,False
W22,midterm_2_practice_q31_soup_fitb,470,118,61.0,49.0,1.0,mid2,0.12978723404255318,0.4152542372881356,True,False
W22,midterm_2_practice_q32_writecode,3663,117,916.0,56.0,1.0,mid2,0.25006825006825006,0.47863247863247865,True,False
W22,midterm_2_practice_q33_writecode,7023,114,1506.0,55.0,1.0,mid2,0.21443827424177703,0.4824561403508772,True,False
W22,midterm_2_practice_q34_sumnums_pp,3839,112,599.0,47.0,1.0,mid2,0.15603021620213597,0.41964285714285715,True,False
W22,midterm_2_practice_q35,1773,113,410.0,47.0,1.0,mid2,0.23124647490129724,0.415929203539823,True,False
W22,midterm_2_practice_q36_pp,3977,110,692.0,47.0,1.0,mid2,0.17400050289162686,0.42727272727272725,True,False
W22,midterm_2_practice_q37_csvfile_pp,3702,108,762.0,45.0,1.0,mid2,0.20583468395461912,0.4166666666666667,True,False
W22,midterm_2_practice_q38_get_from_lines_ac,4296,111,952.0,56.0,1.0,mid2,0.22160148975791433,0.5045045045045045,True,False
W22,midterm_2_practice_q39_loop_two_lists_ac,3731,112,1200.0,54.0,1.0,mid2,0.32162958992227286,0.48214285714285715,True,False
W22,midterm_2_practice_q3_unit_test_mc,514,120,68.0,55.0,1.0,mid2,0.13229571984435798,0.4583333333333333,True,False
W22,midterm_2_practice_q40_soup_pp,1864,111,423.0,52.0,1.0,mid2,0.226931330472103,0.46846846846846846,True,False
W22,midterm_2_practice_q4_split_mc,267,121,66.0,55.0,1.0,mid2,0.24719101123595505,0.45454545454545453,True,False
W22,midterm_2_practice_q5_file_mc,231,121,57.0,52.0,1.0,mid2,0.24675324675324675,0.4297520661157025,True,False
W22,midterm_2_practice_q6_regex_dig_mc,283,121,67.0,52.0,1.0,mid2,0.23674911660777384,0.4297520661157025,True,False
W22,midterm_2_practice_q7_errors_mc,350,121,68.0,53.0,1.0,mid2,0.19428571428571428,0.4380165289256198,True,False
W22,midterm_2_practice_q8_split2_mc,415,121,73.0,53.0,1.0,mid2,0.17590361445783131,0.4380165289256198,True,False
W22,midterm_2_practice_q9_regex_dig_space_dash_mc,263,120,62.0,53.0,1.0,mid2,0.23574144486692014,0.44166666666666665,True,False
W22,network/Exercises.html,289,78,11.0,5.0,1.0,mid2,0.03806228373702422,0.0641025641025641,False,False
W22,network/beautifulSoup.html,729,52,1.0,1.0,1.0,mid2,0.0013717421124828531,0.019230769230769232,False,False
W22,network/bonusforunixlinux.html,82,29,1.0,1.0,1.0,mid2,0.012195121951219513,0.034482758620689655,False,False
W22,network/glossary.html,110,25,2.0,2.0,1.0,mid2,0.01818181818181818,0.08,False,False
W22,network/html.html,473,101,9.0,2.0,1.0,mid2,0.019027484143763214,0.019801980198019802,False,False
W22,network/mixedupcode.html,30,19,2.0,2.0,1.0,mid2,0.06666666666666667,0.10526315789473684,False,False
W22,network/parsinghtmlusingbeautifulsoup.html,432,52,1.0,1.0,1.0,mid2,0.0023148148148148147,0.019230769230769232,False,False
W22,network/toctree.html,75,26,2.0,1.0,1.0,mid2,0.02666666666666667,0.038461538461538464,False,False
W22,networks_ex1,33,13,2.0,1.0,1.0,mid2,0.06060606060606061,0.07692307692307693,False,False
W22,networks_ex10,16,8,1.0,1.0,1.0,mid2,0.0625,0.125,False,False
W22,no params,67694,144,281.0,54.0,2.0,mid1,0.004151032587821668,0.375,False,False
W22,objects/Exercises.html,445,73,7.0,1.0,1.0,mid1,0.015730337078651686,0.0136986301369863,False,False
W22,objects/multipleinstances.html,149,21,4.0,1.0,1.0,mid1,0.026845637583892617,0.047619047619047616,False,False
W22,pi_html_attributes,222,96,7.0,6.0,1.0,mid2,0.03153153153153153,0.0625,False,False
W22,pi_html_false,299,99,6.0,6.0,1.0,mid2,0.020066889632107024,0.06060606060606061,False,False
W22,pi_html_link_syntax,225,99,7.0,6.0,1.0,mid2,0.03111111111111111,0.06060606060606061,False,False
W22,pictures/exam9t11.html,7,4,0.0,0.0,0.0,,0.0,0.0,True,False
W22,posttest-Ex1,359,73,4.0,1.0,1.0,mid1,0.011142061281337047,0.0136986301369863,False,False
W22,pretest-Ex1,325,92,4.0,1.0,1.0,mid1,0.012307692307692308,0.010869565217391304,False,False
W22,q10_midw21_constructor_default,315,127,0.0,0.0,0.0,,0.0,0.0,True,False
W22,q3_midw21_flight_and_airport,347,127,0.0,0.0,0.0,,0.0,0.0,True,False
W22,q9_midw21_class_attribute_code,248,126,0.0,0.0,0.0,,0.0,0.0,True,False
W22,re-exercise10,19,11,1.0,1.0,1.0,mid2,0.05263157894736842,0.09090909090909091,False,False
W22,re-exercise8,29,11,1.0,1.0,1.0,mid2,0.034482758620689655,0.09090909090909091,False,False
W22,re-exercise9,14,10,2.0,1.0,1.0,mid2,0.14285714285714285,0.1,False,False
W22,regex/Exercises.html,252,72,6.0,1.0,1.0,mid2,0.023809523809523808,0.013888888888888888,False,False
W22,regex/charactermatching.html,512,99,7.0,2.0,1.0,mid2,0.013671875,0.020202020202020204,False,False
W22,regex/combiningsearchingandextracting.html,985,97,1.0,1.0,1.0,mid2,0.0010152284263959391,0.010309278350515464,False,False
W22,regex/extractingdata.html,1178,101,8.0,2.0,1.0,mid2,0.006791171477079796,0.019801980198019802,False,False
W22,regex/summary.html,1168,84,40.0,2.0,1.0,mid2,0.03424657534246575,0.023809523809523808,False,False
W22,regex/writecode.html,186,42,3.0,2.0,1.0,mid2,0.016129032258064516,0.047619047619047616,False,False
W22,regex_student_gen_answer1,5959,117,6.0,1.0,1.0,mid2,0.0010068803490518544,0.008547008547008548,False,False
W22,regex_student_gen_answer2,4305,116,1.0,1.0,1.0,mid2,0.00023228803716608595,0.008620689655172414,False,False
W22,regex_writecode4_v2,3556,118,68.0,3.0,1.0,mid2,0.019122609673790775,0.025423728813559324,False,False
W22,regex_writecode6,3078,77,71.0,4.0,1.0,mid2,0.023066926575698504,0.05194805194805195,False,False
W22,strings/sequence.html,359,30,4.0,1.0,1.0,mid1,0.011142061281337047,0.03333333333333333,False,False
W22,turtles/summary.html,455,95,3.0,1.0,1.0,mid1,0.006593406593406593,0.010526315789473684,False,False
W22,variables/debugging.html,73,42,5.0,1.0,1.0,mid2,0.0684931506849315,0.023809523809523808,False,False
W22,web/parsingJSON.html,494,55,5.0,1.0,1.0,mid2,0.010121457489878543,0.01818181818181818,False,False
W23,/runestone/assignments/practice,36716,204,10.0,4.0,2.0,mid1,0.0002723608236191306,0.0196078431372549,False,False
W23,CSV-Read-Write-Practice,3112,185,1.0,1.0,1.0,mid2,0.00032133676092544985,0.005405405405405406,False,False
W23,File-Practice,1051,180,5.0,1.0,1.0,mid1,0.004757373929590866,0.005555555555555556,False,False
W23,File-Practice-CSV,2083,184,12.0,3.0,1.0,mid1,0.005760921747479597,0.016304347826086956,False,False
W23,File-Reading,1199,160,5.0,1.0,1.0,mid1,0.004170141784820684,0.00625,False,False
W23,FunctionsWithLists-Practice,1659,183,3.0,1.0,1.0,mid2,0.0018083182640144665,0.00546448087431694,False,False
W23,GroupWork-Soup,1034,146,11.0,3.0,1.0,mid2,0.010638297872340425,0.02054794520547945,False,False
W23,GroupWork-Unittests,968,156,5.0,1.0,1.0,mid1,0.005165289256198347,0.00641025641025641,False,False
W23,HTML practice,887,180,6.0,3.0,1.0,mid2,0.006764374295377677,0.016666666666666666,False,False
W23,HTML-Reading,893,167,1.0,1.0,1.0,mid2,0.0011198208286674132,0.005988023952095809,False,False
W23,MId2-Win23-Timed,7,2,2.0,1.0,1.0,mid2,0.2857142857142857,0.5,True,False
W23,Mid1-W23-extra,11,3,3.0,1.0,1.0,mid1,0.2727272727272727,0.3333333333333333,True,False
W23,Mid1-Win23-Louis,5,1,2.0,1.0,1.0,mid1,0.4,1.0,True,False
W23,Mid1-Win23-Nate,44,1,2.0,1.0,1.0,mid1,0.045454545454545456,1.0,True,False
W23,Mid1-Win23-Practice,4055,171,34.0,7.0,1.0,mid1,0.008384710234278668,0.04093567251461988,True,False
W23,Mid1-Win23-Practice-Timed,1115,136,5.0,2.0,1.0,mid1,0.004484304932735426,0.014705882352941176,True,False
W23,Mid1-Win23-Practice-Timed-Time-And-Half,496,84,0.0,0.0,0.0,,0.0,0.0,True,False
W23,Mid1-Win23-Time-And-Half,64,11,22.0,11.0,1.0,mid1,0.34375,1.0,True,False
W23,Mid1-Win23-Timed,1469,178,363.0,177.0,1.0,mid1,0.2471068754254595,0.9943820224719101,True,False
W23,Mid2-Win23-One-And-Half-Time,113,12,25.0,12.0,1.0,mid2,0.22123893805309736,1.0,True,False
W23,Mid2-Win23-One-And-Half-Time-With-Pause,616,61,232.0,48.0,1.0,mid2,0.37662337662337664,0.7868852459016393,True,False
W23,Mid2-Win23-Practice,2999,127,136.0,19.0,1.0,mid2,0.04534844948316105,0.14960629921259844,True,False
W23,Mid2-Win23-Practice-Timed,657,105,16.0,4.0,1.0,mid2,0.0243531202435312,0.0380952380952381,True,False
W23,Mid2-Win23-Practice-Timed-One-And-Half,326,78,31.0,11.0,1.0,mid2,0.0950920245398773,0.14102564102564102,True,False
W23,Mid2-Win23-Practice-Timed-Twice,30,13,0.0,0.0,0.0,,0.0,0.0,True,False
W23,Mid2-Win23-Timed,1310,175,387.0,174.0,1.0,mid2,0.2954198473282443,0.9942857142857143,True,False
W23,Midterm1-PIQuestions,1574,181,6.0,1.0,1.0,mid1,0.0038119440914866584,0.0055248618784530384,True,False
W23,Midterm1-Pi-NotTimed,1962,165,40.0,8.0,1.0,mid1,0.020387359836901122,0.048484848484848485,True,False
W23,PI-Mid2-Practice-NotTimed,1613,160,59.0,13.0,1.0,mid2,0.0365778053316801,0.08125,True,False
W23,PI-Mid2-Practice-Timed,835,151,3.0,2.0,1.0,mid2,0.003592814371257485,0.013245033112582781,True,False
W23,Regex-Adv-Practice,1320,156,1.0,1.0,1.0,mid2,0.0007575757575757576,0.00641025641025641,False,False
W23,Regex-Midterm-Practice,1168,113,22.0,5.0,1.0,mid2,0.018835616438356163,0.04424778761061947,True,False
W23,Regex-Practice,1190,170,2.0,1.0,1.0,mid2,0.0016806722689075631,0.0058823529411764705,False,False
W23,Soup-Practice,1264,164,22.0,4.0,1.0,mid2,0.01740506329113924,0.024390243902439025,False,False
W23,Tuple-Dict-Practice,1800,179,10.0,1.0,2.0,mid1,0.005555555555555556,0.00558659217877095,False,False
W23,Unit-Test-Practice,2336,186,5.0,1.0,1.0,mid1,0.0021404109589041095,0.005376344086021506,False,False
W23,Win23-SI206_scratch_ac,5810,183,5.0,1.0,1.0,mid2,0.0008605851979345956,0.00546448087431694,False,False
W23,XML Practice,1263,170,4.0,1.0,1.0,mid2,0.003167062549485352,0.0058823529411764705,False,False
W23,ack/AA-contrib.html,34,17,2.0,1.0,1.0,mid2,0.058823529411764705,0.058823529411764705,False,False
W23,assignment_id=123908,3112,185,1.0,1.0,1.0,mid2,0.00032133676092544985,0.005405405405405406,False,False
W23,assignment_id=123911,893,167,1.0,1.0,1.0,mid2,0.0011198208286674132,0.005988023952095809,False,False
W23,assignment_id=123912,887,180,6.0,3.0,1.0,mid2,0.006764374295377677,0.016666666666666666,False,False
W23,assignment_id=123913,1264,164,22.0,4.0,1.0,mid2,0.01740506329113924,0.024390243902439025,False,False
W23,assignment_id=123914,1320,156,1.0,1.0,1.0,mid2,0.0007575757575757576,0.00641025641025641,False,False
W23,assignment_id=123918,1034,146,11.0,3.0,1.0,mid2,0.010638297872340425,0.02054794520547945,False,False
W23,assignment_id=123935,1051,180,5.0,1.0,1.0,mid1,0.004757373929590866,0.005555555555555556,False,False
W23,assignment_id=123945,1800,179,10.0,1.0,2.0,mid1,0.005555555555555556,0.00558659217877095,False,False
W23,assignment_id=123952,1199,160,5.0,1.0,1.0,mid1,0.004170141784820684,0.00625,False,False
W23,assignment_id=123953,968,156,5.0,1.0,1.0,mid1,0.005165289256198347,0.00641025641025641,False,False
W23,assignment_id=123954,1263,170,4.0,1.0,1.0,mid2,0.003167062549485352,0.0058823529411764705,False,False
W23,assignment_id=123971,1659,183,3.0,1.0,1.0,mid2,0.0018083182640144665,0.00546448087431694,False,False
W23,assignment_id=123995,1168,113,22.0,5.0,1.0,mid2,0.018835616438356163,0.04424778761061947,False,False
W23,assignment_id=124015,1190,170,2.0,1.0,1.0,mid2,0.0016806722689075631,0.0058823529411764705,False,False
W23,assignment_id=124021,2336,186,5.0,1.0,1.0,mid1,0.0021404109589041095,0.005376344086021506,False,False
W23,assignment_id=124031,1613,160,59.0,13.0,1.0,mid2,0.0365778053316801,0.08125,False,False
W23,assignment_id=124040,2083,184,12.0,3.0,1.0,mid1,0.005760921747479597,0.016304347826086956,False,False
W23,assignment_id=128598,4055,171,34.0,7.0,1.0,mid1,0.008384710234278668,0.04093567251461988,False,False
W23,assignment_id=128601,919,136,5.0,2.0,1.0,mid1,0.00544069640914037,0.014705882352941176,False,False
W23,assignment_id=128919,1114,178,9.0,3.0,1.0,mid1,0.00807899461400359,0.016853932584269662,False,False
W23,assignment_id=128973,1265,181,6.0,1.0,1.0,mid1,0.0047430830039525695,0.0055248618784530384,False,False
W23,assignment_id=128997,1956,165,40.0,8.0,1.0,mid1,0.02044989775051125,0.048484848484848485,False,False
W23,assignment_id=129311,8,3,1.0,1.0,1.0,mid1,0.125,0.3333333333333333,False,False
W23,assignment_id=130324,2999,127,136.0,19.0,1.0,mid2,0.04534844948316105,0.14960629921259844,False,False
W23,assignment_id=131612,492,105,13.0,4.0,1.0,mid2,0.026422764227642278,0.0380952380952381,False,False
W23,assignment_id=131613,233,78,24.0,11.0,1.0,mid2,0.10300429184549356,0.14102564102564102,False,False
W23,assignment_id=131832,563,151,3.0,2.0,1.0,mid2,0.0053285968028419185,0.013245033112582781,False,False
W23,assignment_id=131833,959,176,32.0,19.0,1.0,mid2,0.03336809176225235,0.10795454545454546,False,False
W23,assignment_id=131902,89,12,1.0,1.0,1.0,mid2,0.011235955056179775,0.08333333333333333,False,False
W23,assignment_id=131998,358,61,78.0,12.0,1.0,mid2,0.21787709497206703,0.19672131147540983,False,False
W23,bs_find_all_and_find,2778,161,16.0,1.0,1.0,mid2,0.005759539236861051,0.006211180124223602,False,False
W23,bs_get_most_read_href,1398,158,1.0,1.0,1.0,mid2,0.000715307582260372,0.006329113924050633,False,False
W23,bs_get_tag_text_with_class_pp,2691,160,24.0,1.0,1.0,mid2,0.008918617614269788,0.00625,False,False
W23,bs_print_first_paragraph_pp,2039,166,8.0,1.0,1.0,mid2,0.00392349190779794,0.006024096385542169,False,False
W23,bs_print_get_all_href_pp,2664,161,11.0,1.0,1.0,mid2,0.004129129129129129,0.006211180124223602,False,False
W23,bsoup/activity-debugging.html,32,20,1.0,1.0,1.0,mid2,0.03125,0.05,False,False
W23,bsoup/example1.html,370,109,2.0,2.0,1.0,mid2,0.005405405405405406,0.01834862385321101,True,True
W23,bsoup/example2.html,234,87,1.0,1.0,1.0,mid2,0.004273504273504274,0.011494252873563218,True,True
W23,bsoup/plan10.html,171,80,1.0,1.0,1.0,mid2,0.005847953216374269,0.0125,False,False
W23,bsoup/plan2.html,377,128,3.0,2.0,1.0,mid2,0.007957559681697613,0.015625,False,False
W23,bsoup/plan3.html,321,95,1.0,1.0,1.0,mid2,0.003115264797507788,0.010526315789473684,False,False
W23,bsoup/plan4.html,980,97,1.0,1.0,1.0,mid2,0.0010204081632653062,0.010309278350515464,False,False
W23,bsoup/plan5.html,776,97,2.0,2.0,1.0,mid2,0.002577319587628866,0.020618556701030927,False,False
W23,bsoup/plan9.html,224,98,1.0,1.0,1.0,mid2,0.004464285714285714,0.01020408163265306,False,False
W23,bsoup/toctree.html,318,111,1.0,1.0,1.0,mid2,0.0031446540880503146,0.009009009009009009,False,False
W23,bsoup/writecode_mu.html,12,6,2.0,1.0,1.0,mid2,0.16666666666666666,0.16666666666666666,False,False
W23,bsoup/writecode_orig.html,14,8,2.0,1.0,1.0,mid2,0.14285714285714285,0.125,False,False
W23,bsoup_mixedupcode_5,3216,156,37.0,2.0,1.0,mid2,0.011504975124378109,0.01282051282051282,False,False
W23,bsoup_mixedupcode_5_sq_v2,3228,156,37.0,2.0,1.0,mid2,0.011462205700123915,0.01282051282051282,False,False
W23,bsoup_mixedupcode_7,2601,153,24.0,2.0,1.0,mid2,0.00922722029988466,0.013071895424836602,False,False
W23,bsoup_mixedupcode_7_sq_v2,2607,153,24.0,2.0,1.0,mid2,0.009205983889528193,0.013071895424836602,False,False
W23,chp13_classesmid1,319,176,0.0,0.0,0.0,,0.0,0.0,True,False
W23,classes-basics/Achangeofperspective.html,324,123,3.0,2.0,1.0,mid2,0.009259259259259259,0.016260162601626018,False,False
W23,classes-basics/AddingOtherMethodstoourClass.html,617,141,1.0,1.0,1.0,mid2,0.0016207455429497568,0.0070921985815602835,False,False
W23,classes-basics/MultipleClasses.html,427,104,2.0,1.0,1.0,mid2,0.00468384074941452,0.009615384615384616,False,False
W23,classes-basics/MultipleClassesPractice.html,150,45,4.0,1.0,1.0,mid1,0.02666666666666667,0.022222222222222223,False,False
W23,classes-basics/Objectorientedprogramming.html,378,127,1.0,1.0,1.0,mid2,0.0026455026455026454,0.007874015748031496,False,False
W23,classes-basics/class-timed-intro.html,3,3,0.0,0.0,0.0,,0.0,0.0,True,False
W23,conditional/debugging.html,104,53,1.0,1.0,1.0,mid2,0.009615384615384616,0.018867924528301886,False,False
W23,debug_fill_midtermPrac,112,83,0.0,0.0,0.0,,0.0,0.0,True,False
W23,debugging/HowtoAvoidDebugging.html,33,17,3.0,1.0,1.0,mid2,0.09090909090909091,0.058823529411764705,False,False
W23,debugging/KnowyourerrorMessages.html,46,23,2.0,1.0,1.0,mid2,0.043478260869565216,0.043478260869565216,False,False
W23,dict_mid,3,2,0.0,0.0,0.0,,0.0,0.0,True,False
W23,dictionaries/dictionaries1.html,107,31,2.0,1.0,1.0,mid2,0.018691588785046728,0.03225806451612903,False,False
W23,dictionaries/dictionariesandfiles.html,54,25,2.0,1.0,1.0,mid2,0.037037037037037035,0.04,False,False
W23,dictionaries/dictionarycounters.html,119,32,2.0,1.0,1.0,mid2,0.01680672268907563,0.03125,False,False
W23,dictionaries/loopinganddictionaries.html,105,25,2.0,1.0,1.0,mid2,0.01904761904761905,0.04,False,False
W23,dictionaries/peer_in.html,10,6,2.0,1.0,1.0,mid2,0.2,0.16666666666666666,False,False
W23,dictionaries/toctree.html,29,22,2.0,1.0,1.0,mid2,0.06896551724137931,0.045454545454545456,False,False
W23,exp/dict-practice-ac.html,7,6,2.0,1.0,1.0,mid2,0.2857142857142857,0.16666666666666666,False,False
W23,exp/dict-practice-pp.html,6,5,2.0,1.0,1.0,mid2,0.3333333333333333,0.2,False,False
W23,exp/dict-practice.html,10,8,2.0,1.0,1.0,mid2,0.2,0.125,False,False
W23,exp/ex-cogload-A-orig.html,12,9,2.0,1.0,1.0,mid2,0.16666666666666666,0.1111111111111111,False,False
W23,exp/ex-cogload-A.html,12,9,2.0,1.0,1.0,mid2,0.16666666666666666,0.1111111111111111,False,False
W23,exp/ex-cogload-B.html,11,8,2.0,1.0,1.0,mid2,0.18181818181818182,0.125,False,False
W23,extractingdata_exercise_1,434,119,2.0,1.0,1.0,mid2,0.004608294930875576,0.008403361344537815,False,False
W23,file-try-fitb-close,476,177,2.0,1.0,1.0,mid2,0.004201680672268907,0.005649717514124294,False,False
W23,file-try-fitb-python,127,101,1.0,1.0,1.0,mid2,0.007874015748031496,0.009900990099009901,False,False
W23,file-try-mc-qa,158,101,1.0,1.0,1.0,mid2,0.006329113924050633,0.009900990099009901,False,False
W23,fileRepr,123,101,1.0,1.0,1.0,mid2,0.008130081300813009,0.009900990099009901,False,False
W23,files/csv-reader-file-group.html,3679,177,12.0,2.0,1.0,mid2,0.0032617559119325905,0.011299435028248588,False,False
W23,files/debugging.html,233,113,9.0,1.0,1.0,mid2,0.03862660944206009,0.008849557522123894,False,False
W23,files/mChoice-Errors.py.html,225,17,2.0,1.0,1.0,mid2,0.008888888888888889,0.058823529411764705,False,False
W23,files/tryExceptOpen.html,508,159,29.0,1.0,1.0,mid2,0.05708661417322835,0.006289308176100629,False,False
W23,files_csv_sorted_items_tuple_zero,375,162,2.0,1.0,1.0,mid2,0.005333333333333333,0.006172839506172839,False,False
W23,files_csv_str_nums_sorted,1312,179,3.0,1.0,1.0,mid2,0.0022865853658536584,0.00558659217877095,False,False
W23,files_csvrw_create_writer,350,167,1.0,1.0,1.0,mid2,0.002857142857142857,0.005988023952095809,False,False
W23,float_mid,49,28,0.0,0.0,0.0,,0.0,0.0,True,False
W23,functMath_MC_midtermPrac,20,17,0.0,0.0,0.0,,0.0,0.0,True,False
W23,functions/func-string.html,974,198,1.0,1.0,1.0,mid2,0.001026694045174538,0.005050505050505051,False,False
W23,functions/funcWithTuplesAndDict.html,1277,186,2.0,1.0,1.0,mid2,0.0015661707126076742,0.005376344086021506,False,False
W23,functions/functions_tups_dicts_exercises.html,162,60,2.0,1.0,1.0,mid2,0.012345679012345678,0.016666666666666666,False,False
W23,functions/functions_tups_dicts_mixedupcode.html,36,23,2.0,1.0,1.0,mid2,0.05555555555555555,0.043478260869565216,False,False
W23,functions/functions_tups_dicts_mixedupcode_orig.html,14,10,2.0,1.0,1.0,mid2,0.14285714285714285,0.1,False,False
W23,functions/functions_tups_dicts_writecode.html,215,25,2.0,1.0,1.0,mid2,0.009302325581395349,0.04,False,False
W23,get-index-duplicate-fix_v2,14345,193,2.0,1.0,1.0,mid1,0.0001394214011850819,0.0051813471502590676,False,False
W23,hparsons_learning_gain_sql_exe_posttest_timed,106,55,0.0,0.0,0.0,,0.0,0.0,True,False
W23,hparsons_lg_sql_exe_posttest_timed_1,837,55,0.0,0.0,0.0,,0.0,0.0,True,False
W23,hparsons_lg_sql_exe_posttest_timed_2,508,54,0.0,0.0,0.0,,0.0,0.0,True,False
W23,hparsons_lg_sql_exe_posttest_timed_3,967,53,0.0,0.0,0.0,,0.0,0.0,True,False
W23,html_pp_ex1,4045,175,13.0,1.0,1.0,mid2,0.0032138442521631645,0.005714285714285714,False,False
W23,html_pp_ex2,3732,174,16.0,1.0,1.0,mid2,0.004287245444801715,0.005747126436781609,False,False
W23,html_pp_ex3,2954,174,15.0,1.0,1.0,mid2,0.0050778605280974946,0.005747126436781609,False,False
W23,html_pp_ex4,2925,174,17.0,1.0,1.0,mid2,0.005811965811965812,0.005747126436781609,False,False
W23,html_true_items,662,169,2.0,1.0,1.0,mid2,0.0030211480362537764,0.005917159763313609,False,False
W23,htmlp5,3880,174,17.0,1.0,1.0,mid2,0.004381443298969072,0.005747126436781609,False,False
W23,index.html,21335,213,46.0,17.0,2.0,mid1,0.0021560815561284274,0.07981220657276995,False,False
W23,inheritance/MoreOnTesting.html,1177,123,6.0,1.0,1.0,mid1,0.005097706032285472,0.008130081300813009,False,False
W23,inheritance/ReuseThroughAssociation.html,562,124,5.0,1.0,1.0,mid1,0.008896797153024912,0.008064516129032258,False,False
W23,inheritance/UnitTests.html,1634,158,9.0,1.0,1.0,mid1,0.0055079559363525096,0.006329113924050633,False,False
W23,intro/debugging.html,25,15,1.0,1.0,1.0,mid2,0.04,0.06666666666666667,False,False
W23,intro/goWrong.html,32,12,2.0,1.0,1.0,mid2,0.0625,0.08333333333333333,False,False
W23,intro/learning.html,27,12,2.0,1.0,1.0,mid2,0.07407407407407407,0.08333333333333333,False,False
W23,intro/whatIsAProgram.html,34,16,2.0,1.0,1.0,mid2,0.058823529411764705,0.0625,False,False
W23,iterations/debugging.html,68,38,3.0,1.0,1.0,mid2,0.04411764705882353,0.02631578947368421,False,False
W23,iterations/definite_for.html,83,41,2.0,1.0,1.0,mid2,0.024096385542168676,0.024390243902439025,False,False
W23,iterations/infinite_loops.html,75,44,2.0,1.0,1.0,mid2,0.02666666666666667,0.022727272727272728,False,False
W23,iterations/while.html,118,43,2.0,1.0,1.0,mid2,0.01694915254237288,0.023255813953488372,False,False
W23,list_mid,49,16,0.0,0.0,0.0,,0.0,0.0,True,False
W23,message1=The+practice+period+is+already+started%2C+but+your+instructor+has+not+added+topics+of+your+course+to+practice.&message2=Please+ask+your+instructor+to+add+topics+to+practice.,851,144,1.0,1.0,1.0,mid2,0.0011750881316098707,0.006944444444444444,False,False
W23,mid2_fa22_file_write_author_Elaina_tiller,16,2,0.0,0.0,0.0,,0.0,0.0,True,False
W23,mid2_fa22_nested_dict_mc,308,148,32.0,19.0,1.0,mid2,0.1038961038961039,0.12837837837837837,True,False
W23,mid2_fa22_nested_dict_ret_11_mc,1,1,0.0,0.0,0.0,,0.0,0.0,True,False
W23,mid2_fa22_test_case_author_Elaina_Tiller,14,6,0.0,0.0,0.0,,0.0,0.0,True,False
W23,mid2_regex_slash_b_mc,1025,180,0.0,0.0,0.0,,0.0,0.0,True,False
W23,mid2_win22_get_dogs_try_except_ac,5773,131,521.0,23.0,1.0,mid2,0.09024770483284254,0.17557251908396945,True,False
W23,mid2_win22_regex_wb_mc,1020,179,0.0,0.0,0.0,,0.0,0.0,True,False
W23,mid2_win22_w_plus_regex,2,1,0.0,0.0,0.0,,0.0,0.0,True,False
W23,mid_1_fall20_q1,419,167,0.0,0.0,0.0,,0.0,0.0,True,False
W23,mid_1_fall20_q10,448,163,0.0,0.0,0.0,,0.0,0.0,True,False
W23,mid_1_fall20_q12,188,112,0.0,0.0,0.0,,0.0,0.0,True,False
W23,mid_1_fall20_q13,336,153,0.0,0.0,0.0,,0.0,0.0,True,False
W23,mid_1_fall20_q14,423,162,0.0,0.0,0.0,,0.0,0.0,True,False
W23,mid_1_fall20_q15,325,161,0.0,0.0,0.0,,0.0,0.0,True,False
W23,mid_1_fall20_q16,715,161,0.0,0.0,0.0,,0.0,0.0,True,False
W23,mid_1_fall20_q17,454,159,0.0,0.0,0.0,,0.0,0.0,True,False
W23,mid_1_fall20_q18,599,161,0.0,0.0,0.0,,0.0,0.0,True,False
W23,mid_1_fall20_q19,571,161,0.0,0.0,0.0,,0.0,0.0,True,False
W23,mid_1_fall20_q20,367,161,0.0,0.0,0.0,,0.0,0.0,True,False
W23,mid_1_fall20_q4,522,163,0.0,0.0,0.0,,0.0,0.0,True,False
W23,mid_1_fall20_q5,533,163,0.0,0.0,0.0,,0.0,0.0,True,False
W23,mid_1_fall20_q6,398,163,0.0,0.0,0.0,,0.0,0.0,True,False
W23,mid_1_fall20_q7,343,162,0.0,0.0,0.0,,0.0,0.0,True,False
W23,mid_1_fall20_q9,190,114,0.0,0.0,0.0,,0.0,0.0,True,False
W23,mid_1_fall22_q12,261,156,0.0,0.0,0.0,,0.0,0.0,True,False
W23,mid_1_fall22_q9,493,158,0.0,0.0,0.0,,0.0,0.0,True,False
W23,mid_1_two_lists_to_one_pp,338,19,0.0,0.0,0.0,,0.0,0.0,True,False
W23,mid_1p_fall21_q11,471,162,0.0,0.0,0.0,,0.0,0.0,True,False
W23,mid_1p_fall21_q2,505,166,0.0,0.0,0.0,,0.0,0.0,True,False
W23,mid_1p_fall21_q3,405,163,0.0,0.0,0.0,,0.0,0.0,True,False
W23,mid_1p_fall21_q8,201,114,0.0,0.0,0.0,,0.0,0.0,True,False
W23,mid_1p_fall21_q8_v2,215,157,0.0,0.0,0.0,,0.0,0.0,True,False
W23,mid_2_create_list_from_two_lists_pp,338,20,0.0,0.0,0.0,,0.0,0.0,True,False
W23,mid_2_fall20_q21,1709,157,0.0,0.0,0.0,,0.0,0.0,True,False
W23,mid_2_fall20_q22,2975,158,0.0,0.0,0.0,,0.0,0.0,True,False
W23,mid_2_fall20_q23,3772,159,0.0,0.0,0.0,,0.0,0.0,True,False
W23,mid_2_fall20_q24,7870,154,0.0,0.0,0.0,,0.0,0.0,True,False
W23,mid_2_fall20_q25,5220,153,0.0,0.0,0.0,,0.0,0.0,True,False
W23,mid_2_fall20_q26,3467,158,0.0,0.0,0.0,,0.0,0.0,True,False
W23,mid_2_fall20_q27,2025,153,0.0,0.0,0.0,,0.0,0.0,True,False
W23,mid_2_fall20_q28,4529,153,1.0,1.0,1.0,mid1,0.00022079929344226098,0.006535947712418301,True,False
W23,mid_2_fall20_q29,2955,149,0.0,0.0,0.0,,0.0,0.0,True,False
W23,mid_2_fall20_q30,2352,148,0.0,0.0,0.0,,0.0,0.0,True,False
W23,mid_2_fall20_q31,2343,148,0.0,0.0,0.0,,0.0,0.0,True,False
W23,mid_2p_fall_20_q1,326,149,32.0,20.0,1.0,mid2,0.09815950920245399,0.1342281879194631,True,False
W23,mid_2p_fall_20_q10,336,141,31.0,18.0,1.0,mid2,0.09226190476190477,0.1276595744680851,True,False
W23,mid_2p_fall_20_q11,469,142,37.0,18.0,1.0,mid2,0.07889125799573561,0.1267605633802817,True,False
W23,mid_2p_fall_20_q12,335,142,37.0,18.0,1.0,mid2,0.11044776119402985,0.1267605633802817,True,False
W23,mid_2p_fall_20_q13,395,141,35.0,18.0,1.0,mid2,0.08860759493670886,0.1276595744680851,True,False
W23,mid_2p_fall_20_q14,471,142,41.0,18.0,1.0,mid2,0.0870488322717622,0.1267605633802817,True,False
W23,mid_2p_fall_20_q15,285,142,31.0,18.0,1.0,mid2,0.10877192982456141,0.1267605633802817,True,False
W23,mid_2p_fall_20_q16_mc,437,142,35.0,18.0,1.0,mid2,0.08009153318077804,0.1267605633802817,True,False
W23,mid_2p_fall_20_q17_v2,311,142,32.0,18.0,1.0,mid2,0.10289389067524116,0.1267605633802817,True,False
W23,mid_2p_fall_20_q18,330,143,36.0,19.0,1.0,mid2,0.10909090909090909,0.13286713286713286,True,False
W23,mid_2p_fall_20_q19,397,142,35.0,20.0,1.0,mid2,0.08816120906801007,0.14084507042253522,True,False
W23,mid_2p_fall_20_q20,318,142,34.0,19.0,1.0,mid2,0.1069182389937107,0.13380281690140844,True,False
W23,mid_2p_fall_20_q21,269,142,32.0,19.0,1.0,mid2,0.11895910780669144,0.13380281690140844,True,False
W23,mid_2p_fall_20_q22_v2,296,142,34.0,19.0,1.0,mid2,0.11486486486486487,0.13380281690140844,True,False
W23,mid_2p_fall_20_q23,391,142,36.0,18.0,1.0,mid2,0.09207161125319693,0.1267605633802817,True,False
W23,mid_2p_fall_20_q24,349,142,27.0,17.0,1.0,mid2,0.07736389684813753,0.11971830985915492,True,False
W23,mid_2p_fall_20_q25,287,140,25.0,18.0,1.0,mid2,0.08710801393728224,0.12857142857142856,True,False
W23,mid_2p_fall_20_q26_v2,402,141,29.0,18.0,1.0,mid2,0.07213930348258707,0.1276595744680851,True,False
W23,mid_2p_fall_20_q27,1026,140,52.0,19.0,1.0,mid2,0.050682261208576995,0.1357142857142857,True,False
W23,mid_2p_fall_20_q30,364,140,32.0,20.0,1.0,mid2,0.08791208791208792,0.14285714285714285,True,False
W23,mid_2p_fall_20_q31,427,137,29.0,17.0,1.0,mid2,0.06791569086651054,0.12408759124087591,True,False
W23,mid_2p_fall_20_q32,2209,140,257.0,23.0,1.0,mid2,0.11634223630602082,0.16428571428571428,True,False
W23,mid_2p_fall_20_q33,6011,133,506.0,23.0,1.0,mid2,0.08417900515721177,0.17293233082706766,True,False
W23,mid_2p_fall_20_q34,3803,136,244.0,19.0,1.0,mid2,0.06415987378385485,0.13970588235294118,True,False
W23,mid_2p_fall_20_q35,1911,136,187.0,19.0,1.0,mid2,0.09785452642595499,0.13970588235294118,True,False
W23,mid_2p_fall_20_q36,3695,136,400.0,19.0,1.0,mid2,0.10825439783491204,0.13970588235294118,True,False
W23,mid_2p_fall_20_q37,4083,134,252.0,19.0,1.0,mid2,0.06171932402645114,0.1417910447761194,True,False
W23,mid_2p_fall_20_q38,2908,132,254.0,23.0,1.0,mid2,0.0873452544704264,0.17424242424242425,True,False
W23,mid_2p_fall_20_q3_v2,579,146,40.0,19.0,1.0,mid2,0.0690846286701209,0.13013698630136986,True,False
W23,mid_2p_fall_20_q4,347,147,37.0,19.0,1.0,mid2,0.10662824207492795,0.1292517006802721,True,False
W23,mid_2p_fall_20_q5,300,148,29.0,19.0,1.0,mid2,0.09666666666666666,0.12837837837837837,True,False
W23,mid_2p_fall_20_q6,359,146,35.0,19.0,1.0,mid2,0.09749303621169916,0.13013698630136986,True,False
W23,mid_2p_fall_20_q7,431,144,36.0,18.0,1.0,mid2,0.08352668213457076,0.125,True,False
W23,mid_2p_fall_20_q8,489,144,34.0,18.0,1.0,mid2,0.06952965235173825,0.125,True,False
W23,mid_2p_fall_20_q9_mc,360,143,32.0,18.0,1.0,mid2,0.08888888888888889,0.1258741258741259,True,False
W23,mid_2p_fall_22_q2,309,149,32.0,19.0,1.0,mid2,0.10355987055016182,0.12751677852348994,True,False
W23,mid_2p_fall_22_q39,3829,131,351.0,23.0,1.0,mid2,0.09166884303995822,0.17557251908396945,True,False
W23,midterm_2_practice_q10_regex_b,336,141,31.0,18.0,1.0,mid2,0.09226190476190477,0.1276595744680851,True,False
W23,midterm_2_practice_q11_regex_mc,469,142,37.0,18.0,1.0,mid2,0.07889125799573561,0.1267605633802817,True,False
W23,midterm_2_practice_q12_continue_mc,335,142,37.0,18.0,1.0,mid2,0.11044776119402985,0.1267605633802817,True,False
W23,midterm_2_practice_q13_regex_mc,396,141,35.0,18.0,1.0,mid2,0.08838383838383838,0.1276595744680851,True,False
W23,midterm_2_practice_q14_strip_mc,471,142,41.0,18.0,1.0,mid2,0.0870488322717622,0.1267605633802817,True,False
W23,midterm_2_practice_q15_str,285,142,31.0,18.0,1.0,mid2,0.10877192982456141,0.1267605633802817,True,False
W23,midterm_2_practice_q16_sorted_mc,437,142,35.0,18.0,1.0,mid2,0.08009153318077804,0.1267605633802817,True,False
W23,midterm_2_practice_q17_regex_mc,312,142,32.0,18.0,1.0,mid2,0.10256410256410256,0.1267605633802817,True,False
W23,midterm_2_practice_q18_links_mc,330,143,36.0,19.0,1.0,mid2,0.10909090909090909,0.13286713286713286,True,False
W23,midterm_2_practice_q19_step_into_mc,397,142,35.0,20.0,1.0,mid2,0.08816120906801007,0.14084507042253522,True,False
W23,midterm_2_practice_q1_split_mc,325,149,31.0,19.0,1.0,mid2,0.09538461538461539,0.12751677852348994,True,False
W23,midterm_2_practice_q20_soup_link,318,142,34.0,19.0,1.0,mid2,0.1069182389937107,0.13380281690140844,True,False
W23,midterm_2_practice_q21_git_clone,269,142,32.0,19.0,1.0,mid2,0.11895910780669144,0.13380281690140844,True,False
W23,midterm_2_practice_q22_html_false_mc,296,142,34.0,19.0,1.0,mid2,0.11486486486486487,0.13380281690140844,True,False
W23,midterm_2_practice_q23_strings_mc,391,142,36.0,18.0,1.0,mid2,0.09207161125319693,0.1267605633802817,True,False
W23,midterm_2_practice_q24_sorted_mc,349,142,27.0,17.0,1.0,mid2,0.07736389684813753,0.11971830985915492,True,False
W23,midterm_2_practice_q25_dict,286,140,25.0,18.0,1.0,mid2,0.08741258741258741,0.12857142857142856,True,False
W23,midterm_2_practice_q26_nested_dict_fitb,403,141,29.0,18.0,1.0,mid2,0.07196029776674938,0.1276595744680851,True,False
W23,midterm_2_practice_q26_regex_mc,1,1,0.0,0.0,0.0,,0.0,0.0,True,False
W23,midterm_2_practice_q27_findall_regex_fib,1026,140,52.0,19.0,1.0,mid2,0.050682261208576995,0.1357142857142857,True,False
W23,midterm_2_practice_q30_soup_fitb,365,141,33.0,21.0,1.0,mid2,0.09041095890410959,0.14893617021276595,True,False
W23,midterm_2_practice_q31_soup_fitb,429,138,30.0,18.0,1.0,mid2,0.06993006993006994,0.13043478260869565,True,False
W23,midterm_2_practice_q32_writecode,3367,140,389.0,23.0,1.0,mid2,0.11553311553311553,0.16428571428571428,True,False
W23,midterm_2_practice_q33_writecode,9365,133,738.0,23.0,1.0,mid2,0.07880405766150561,0.17293233082706766,True,False
W23,midterm_2_practice_q34_sumnums_pp,3803,136,244.0,19.0,1.0,mid2,0.06415987378385485,0.13970588235294118,True,False
W23,midterm_2_practice_q35,2180,141,187.0,19.0,1.0,mid2,0.08577981651376147,0.1347517730496454,True,False
W23,midterm_2_practice_q36_pp,3695,136,400.0,19.0,1.0,mid2,0.10825439783491204,0.13970588235294118,True,False
W23,midterm_2_practice_q37_csvfile_pp,4082,134,252.0,19.0,1.0,mid2,0.061734443900048994,0.1417910447761194,True,False
W23,midterm_2_practice_q38_get_from_lines_ac,4719,132,399.0,23.0,1.0,mid2,0.0845518118245391,0.17424242424242425,True,False
W23,midterm_2_practice_q39_loop_two_lists_ac,29,8,0.0,0.0,0.0,,0.0,0.0,True,False
W23,midterm_2_practice_q3_unit_test_mc,580,146,40.0,19.0,1.0,mid2,0.06896551724137931,0.13013698630136986,True,False
W23,midterm_2_practice_q4_split_mc,348,147,37.0,19.0,1.0,mid2,0.10632183908045977,0.1292517006802721,True,False
W23,midterm_2_practice_q5_file_mc,300,148,29.0,19.0,1.0,mid2,0.09666666666666666,0.12837837837837837,True,False
W23,midterm_2_practice_q6_regex_dig_mc,360,146,35.0,19.0,1.0,mid2,0.09722222222222222,0.13013698630136986,True,False
W23,midterm_2_practice_q7_errors_mc,431,144,36.0,18.0,1.0,mid2,0.08352668213457076,0.125,True,False
W23,midterm_2_practice_q8_split2_mc,490,144,34.0,18.0,1.0,mid2,0.06938775510204082,0.125,True,False
W23,midterm_2_practice_q9_regex_dig_space_dash_mc,360,143,32.0,18.0,1.0,mid2,0.08888888888888889,0.1258741258741259,True,False
W23,midterm_2_practice_regex_repetition_mc,3,1,0.0,0.0,0.0,,0.0,0.0,True,False
W23,midw22_import_unit_test_mc,8,4,0.0,0.0,0.0,,0.0,0.0,True,False
W23,network/Exercises.html,229,70,3.0,1.0,1.0,mid2,0.013100436681222707,0.014285714285714285,False,False
W23,network/beautifulSoup.html,1474,121,11.0,2.0,1.0,mid2,0.007462686567164179,0.01652892561983471,False,False
W23,network/html.html,613,128,1.0,1.0,1.0,mid2,0.0016313213703099511,0.0078125,False,False
W23,network/html2.html,356,86,2.0,1.0,1.0,mid2,0.0056179775280898875,0.011627906976744186,False,False
W23,network/http.html,172,34,3.0,2.0,1.0,mid2,0.01744186046511628,0.058823529411764705,False,False
W23,network/networkedprograms.html,45,24,1.0,1.0,1.0,mid2,0.022222222222222223,0.041666666666666664,False,False
W23,network/parsinghtmlusingbeautifulsoup.html,640,78,1.0,1.0,1.0,mid2,0.0015625,0.01282051282051282,False,False
W23,networks_ex3,11,7,1.0,1.0,1.0,mid2,0.09090909090909091,0.14285714285714285,False,False
W23,no params,128071,213,571.0,92.0,2.0,mid1,0.004458464445502885,0.431924882629108,False,False
W23,objects/Exercises.html,589,97,3.0,1.0,1.0,mid1,0.0050933786078098476,0.010309278350515464,False,False
W23,objects/mixedupcode.html,65,19,6.0,1.0,1.0,mid1,0.09230769230769231,0.05263157894736842,False,False
W23,objects/ourfirstpythonobject.html,57,21,2.0,1.0,1.0,mid2,0.03508771929824561,0.047619047619047616,False,False
W23,objects/startingwithprograms.html,67,19,2.0,1.0,1.0,mid2,0.029850746268656716,0.05263157894736842,False,False
W23,pi-regex_match_d+,566,169,1.0,1.0,1.0,mid2,0.0017667844522968198,0.005917159763313609,False,False
W23,pi-soup-find-all-from-tag,952,175,1.0,1.0,1.0,mid2,0.0010504201680672268,0.005714285714285714,False,False
W23,pi_html_a_link_attr_value,851,176,7.0,2.0,1.0,mid2,0.008225616921269096,0.011363636363636364,False,False
W23,pi_html_false,954,178,1.0,1.0,1.0,mid2,0.0010482180293501049,0.0056179775280898875,False,False
W23,pi_soup_link_with_class,907,174,2.0,1.0,1.0,mid2,0.002205071664829107,0.005747126436781609,False,False
W23,pictures/changeColor.html,15,4,1.0,1.0,1.0,mid2,0.06666666666666667,0.25,False,False
W23,pictures/changeColorLoc.html,17,4,1.0,1.0,1.0,mid2,0.058823529411764705,0.25,False,False
W23,pictures/changeData.html,17,5,1.0,1.0,1.0,mid2,0.058823529411764705,0.2,False,False
W23,pictures/exam9t11.html,7,6,0.0,0.0,0.0,,0.0,0.0,True,False
W23,pictures/pattern.html,19,6,2.0,1.0,1.0,mid2,0.10526315789473684,0.16666666666666666,False,False
W23,pictures/repeatimages.html,24,10,2.0,1.0,1.0,mid2,0.08333333333333333,0.1,False,False
W23,pictures/toctree.html,28,13,2.0,1.0,1.0,mid2,0.07142857142857142,0.07692307692307693,False,False
W23,plan5_click,759,171,1.0,1.0,1.0,mid2,0.0013175230566534915,0.005847953216374269,False,False
W23,q10_midw21_constructor_default,405,163,0.0,0.0,0.0,,0.0,0.0,True,False
W23,q11_midw21_class_attribute,16,8,0.0,0.0,0.0,,0.0,0.0,True,False
W23,q13_midw21_arg_defaults,8,3,0.0,0.0,0.0,,0.0,0.0,True,False
W23,q14_midw21_class_inheritance_greeter,47,16,0.0,0.0,0.0,,0.0,0.0,True,False
W23,q15_midw21_keyword_pass,20,15,0.0,0.0,0.0,,0.0,0.0,True,False
W23,q16_midw21_function_fitb,2,2,0.0,0.0,0.0,,0.0,0.0,True,False
W23,q17_midw21_init_method_fitb,18,8,0.0,0.0,0.0,,0.0,0.0,True,False
W23,q18_midw21_git_fitb,25,11,0.0,0.0,0.0,,0.0,0.0,True,False
W23,q19_midw21_self_fitb,4,3,0.0,0.0,0.0,,0.0,0.0,True,False
W23,q20_midw21_continue_keyword,50,19,0.0,0.0,0.0,,0.0,0.0,True,False
W23,q23_midw21_no_return_keyword_fitb,6,5,0.0,0.0,0.0,,0.0,0.0,True,False
W23,q24_midw21_cat_fix_errors_write,291,18,0.0,0.0,0.0,,0.0,0.0,True,False
W23,q26_midw21_actual_grade_ac,40,5,0.0,0.0,0.0,,0.0,0.0,True,False
W23,q29_mid1w21_class_car_test_pp,75,4,0.0,0.0,0.0,,0.0,0.0,True,False
W23,q29_midw21_class_car_test_pp,176,9,0.0,0.0,0.0,,0.0,0.0,True,False
W23,q2_midw21_import_unit_test_mc,2,2,0.0,0.0,0.0,,0.0,0.0,True,False
W23,q3_midw21_flight_and_airport,507,166,0.0,0.0,0.0,,0.0,0.0,True,False
W23,q4_midw21_git_clone,2,2,0.0,0.0,0.0,,0.0,0.0,True,False
W23,q5_midf21_tuple_not_error,1,1,0.0,0.0,0.0,,0.0,0.0,True,False
W23,q5_midw21_tuple_not_error,1,1,0.0,0.0,0.0,,0.0,0.0,True,False
W23,q8_midw21_cnd-lt30-gte15-and,10,7,0.0,0.0,0.0,,0.0,0.0,True,False
W23,q9_midw21_class_attribute_code,215,115,0.0,0.0,0.0,,0.0,0.0,True,False
W23,q_mid1_f22_cd_p_mc,215,157,0.0,0.0,0.0,,0.0,0.0,True,False
W23,q_mid1p_f22_flow_append,261,156,0.0,0.0,0.0,,0.0,0.0,True,False
W23,q_mid_1_two_lists_to_one_pp,192,13,0.0,0.0,0.0,,0.0,0.0,True,False
W23,q_midf21_arg_defaults,14,8,0.0,0.0,0.0,,0.0,0.0,True,False
W23,q_midf21_class_car_test_pp,143,5,0.0,0.0,0.0,,0.0,0.0,True,False
W23,q_midf21_classify_team,6,1,0.0,0.0,0.0,,0.0,0.0,True,False
W23,q_midf21_create_dog,10,3,0.0,0.0,0.0,,0.0,0.0,True,False
W23,q_midf21_several_ifs,98,38,0.0,0.0,0.0,,0.0,0.0,True,False
W23,q_midf22_create_car_class,493,158,0.0,0.0,0.0,,0.0,0.0,True,False
W23,q_midw22_arg_defaults,3,1,0.0,0.0,0.0,,0.0,0.0,True,False
W23,q_midw22_method_on_print_obj,3,3,0.0,0.0,0.0,,0.0,0.0,True,False
W23,q_midw22_method_on_print_object,64,43,0.0,0.0,0.0,,0.0,0.0,True,False
W23,q_midw23_wizard_instance_KelseyPeregord,6,2,0.0,0.0,0.0,,0.0,0.0,True,False
W23,re-ac2,221,124,1.0,1.0,1.0,mid2,0.004524886877828055,0.008064516129032258,False,False
W23,re-mixed10,1226,91,8.0,1.0,1.0,mid2,0.0065252854812398045,0.01098901098901099,False,False
W23,re-mixed2,990,91,9.0,1.0,1.0,mid2,0.00909090909090909,0.01098901098901099,False,False
W23,re-pp-wolverines-v2,3544,178,1.0,1.0,1.0,mid2,0.0002821670428893905,0.0056179775280898875,False,False
W23,re_ac1,288,130,1.0,1.0,1.0,mid2,0.003472222222222222,0.007692307692307693,False,False
W23,re_char_ac1,209,120,1.0,1.0,1.0,mid2,0.004784688995215311,0.008333333333333333,False,False
W23,re_data_ac2,196,118,1.0,1.0,1.0,mid2,0.00510204081632653,0.00847457627118644,False,False
W23,re_mc_startswith,298,181,3.0,1.0,1.0,mid2,0.010067114093959731,0.0055248618784530384,False,False
W23,re_mixed10_v2,1871,128,8.0,1.0,1.0,mid2,0.00427578834847675,0.0078125,False,False
W23,re_mixed10_v2_sq,1899,129,8.0,1.0,1.0,mid2,0.00421274354923644,0.007751937984496124,False,False
W23,re_mixed2,2036,139,19.0,1.0,1.0,mid2,0.009332023575638507,0.007194244604316547,False,False
W23,re_mixed2_sq,2042,139,19.0,1.0,1.0,mid2,0.00930460333006856,0.007194244604316547,False,False
W23,re_mixed4_v2_ac,2281,130,2.0,1.0,1.0,mid2,0.0008768084173608067,0.007692307692307693,False,False
W23,re_mixed4_v2_write_sq,1979,130,1.0,1.0,1.0,mid2,0.0005053057099545225,0.007692307692307693,False,False
W23,re_mixed6_v2,2755,132,12.0,1.0,1.0,mid2,0.004355716878402904,0.007575757575757576,False,False
W23,re_mixed6_v2_sq,2837,132,12.0,1.0,1.0,mid2,0.0042298202326401125,0.007575757575757576,False,False
W23,re_mixed9_ac,3057,124,2.0,1.0,1.0,mid2,0.0006542361792607131,0.008064516129032258,False,False
W23,re_mixed9_v2_write_sq,2431,124,1.0,1.0,1.0,mid2,0.00041135335252982314,0.008064516129032258,False,False
W23,regex-alt-mc1,333,167,1.0,1.0,1.0,mid2,0.003003003003003003,0.005988023952095809,False,False
W23,regex-leading_trailing_alpha_mc1,1023,174,2.0,2.0,1.0,mid2,0.0019550342130987292,0.011494252873563218,False,False
W23,regex-opt-mc1,456,167,1.0,1.0,1.0,mid2,0.0021929824561403508,0.005988023952095809,False,False
W23,regex-parens-mc1,1035,173,2.0,1.0,1.0,mid2,0.001932367149758454,0.005780346820809248,False,False
W23,regex-w-zero-one-mc1,506,167,1.0,1.0,1.0,mid2,0.001976284584980237,0.005988023952095809,False,False
W23,regex-zero-to-many-mc-1,638,167,5.0,1.0,1.0,mid2,0.007836990595611285,0.005988023952095809,False,False
W23,regex/bonussection.html,157,64,3.0,1.0,1.0,mid2,0.01910828025477707,0.015625,False,False
W23,regex/charactermatching.html,602,141,2.0,2.0,1.0,mid2,0.0033222591362126247,0.014184397163120567,False,False
W23,regex/extractingdata.html,871,142,27.0,1.0,1.0,mid2,0.030998851894374284,0.007042253521126761,False,False
W23,regex/regex-group-adv.html,166,40,2.0,1.0,1.0,mid2,0.012048192771084338,0.025,False,False
W23,regex/regularexpressions.html,840,151,5.0,3.0,1.0,mid2,0.005952380952380952,0.019867549668874173,False,False
W23,regex/toctree.html,123,65,2.0,1.0,1.0,mid2,0.016260162601626018,0.015384615384615385,False,False
W23,regex_bound_caret,9,5,4.0,1.0,1.0,mid2,0.4444444444444444,0.2,False,False
W23,regex_bound_dollar,6,5,1.0,1.0,1.0,mid2,0.16666666666666666,0.2,False,False
W23,regex_extract_symbols_fitb,25,7,3.0,1.0,1.0,mid2,0.12,0.14285714285714285,False,False
W23,regex_findall_return_type_fitb,514,176,1.0,1.0,1.0,mid2,0.0019455252918287938,0.005681818181818182,False,False
W23,regex_logical_or,12,6,1.0,1.0,1.0,mid2,0.08333333333333333,0.16666666666666666,False,False
W23,regex_logical_or_with_non_capture_group,12,10,1.0,1.0,1.0,mid2,0.08333333333333333,0.1,False,False
W23,regex_logical_or_with_outer_paren,7,6,1.0,1.0,1.0,mid2,0.14285714285714285,0.16666666666666666,False,False
W23,regex_match_caret_mc,9,6,2.0,1.0,1.0,mid2,0.2222222222222222,0.16666666666666666,False,False
W23,regex_match_chars_ex_v2,189,88,1.0,1.0,1.0,mid2,0.005291005291005291,0.011363636363636364,False,False
W23,regex_mc_findall_in_spain,855,181,1.0,1.0,1.0,mid2,0.0011695906432748538,0.0055248618784530384,False,False
W23,regex_mc_use_dot_and_plus_with_letters,833,180,2.0,1.0,1.0,mid2,0.0024009603841536613,0.005555555555555556,False,False
W23,regex_methods_ex,221,113,6.0,1.0,1.0,mid2,0.027149321266968326,0.008849557522123894,False,False
W23,regex_negate_char_set,7,6,1.0,1.0,1.0,mid2,0.14285714285714285,0.16666666666666666,False,False
W23,regex_quant_2_mc,480,176,3.0,1.0,1.0,mid2,0.00625,0.005681818181818182,False,False
W23,regex_search_fitb,240,87,4.0,1.0,1.0,mid2,0.016666666666666666,0.011494252873563218,False,False
W23,regex_search_not_found_return_fitb,193,88,1.0,1.0,1.0,mid2,0.0051813471502590676,0.011363636363636364,False,False
W23,regex_student_gen_answer1,3953,95,16.0,1.0,1.0,mid2,0.004047558816089046,0.010526315789473684,False,False
W23,regex_student_gen_answer2,2801,92,28.0,1.0,1.0,mid2,0.009996429846483398,0.010869565217391304,False,False
W23,regex_word_boundary,8,7,1.0,1.0,1.0,mid2,0.125,0.14285714285714285,False,False
W23,regex_writecode4_v2,1587,88,4.0,1.0,1.0,mid2,0.002520478890989288,0.011363636363636364,False,False
W23,search.html,598,42,4.0,2.0,1.0,mid2,0.006688963210702341,0.047619047619047616,False,False
W23,searchindex.js,602,42,4.0,2.0,1.0,mid2,0.006644518272425249,0.047619047619047616,False,False
W23,soup-nyt,3394,153,48.0,2.0,1.0,mid2,0.014142604596346494,0.013071895424836602,False,False
W23,soup-pp-get-dict,2251,155,29.0,2.0,1.0,mid2,0.01288316303864949,0.012903225806451613,False,False
W23,soup_count_spans,2109,154,26.0,2.0,1.0,mid2,0.012328117591275486,0.012987012987012988,False,False
W23,tuples/comparingtuples.html,92,20,3.0,1.0,1.0,mid1,0.03260869565217391,0.05,False,False
W23,tuples/dictionariesandtuples.html,74,21,2.0,1.0,1.0,mid2,0.02702702702702703,0.047619047619047616,False,False
W23,tuples/multipleassignments.html,87,18,2.0,1.0,1.0,mid2,0.022988505747126436,0.05555555555555555,False,False
W23,tuples/usingtuplesaskeys.html,32,15,2.0,1.0,1.0,mid2,0.0625,0.06666666666666667,False,False
W23,tuples/writecode.html,19,12,2.0,1.0,1.0,mid2,0.10526315789473684,0.08333333333333333,False,False
W23,turtles/repeatturtles.html,366,138,2.0,1.0,1.0,mid2,0.00546448087431694,0.007246376811594203,False,False
W23,unittest_mcq_test_car_set_color_v5,1457,187,4.0,2.0,1.0,mid2,0.002745367192862045,0.0106951871657754,False,False
W23,var-debug-midtermPrac,53,23,0.0,0.0,0.0,,0.0,0.0,True,False
W23,variables/peer_int.html,14,8,2.0,1.0,1.0,mid2,0.14285714285714285,0.125,False,False
W23,viz/visualizingmaildata.html,109,28,2.0,1.0,1.0,mid2,0.01834862385321101,0.03571428571428571,False,False
W23,web/JSON.html,487,135,2.0,1.0,1.0,mid2,0.004106776180698152,0.007407407407407408,False,False
W23,web/applicationProg.html,1250,164,4.0,2.0,1.0,mid2,0.0032,0.012195121951219513,False,False
W23,web/google.html,96,25,2.0,1.0,1.0,mid2,0.020833333333333332,0.04,False,False
W23,web/parsingJSON.html,1537,172,2.0,1.0,1.0,mid2,0.0013012361743656475,0.005813953488372093,False,False
W23,web/parsingXML.html,930,142,3.0,1.0,1.0,mid2,0.0032258064516129032,0.007042253521126761,False,False
W23,web/twitter.html,68,18,2.0,1.0,1.0,mid2,0.029411764705882353,0.05555555555555555,False,False
W23,web/writeCode.html,671,129,4.0,1.0,1.0,mid2,0.005961251862891207,0.007751937984496124,False,False
W24,/runestone/assignments/practice,33401,187,6.0,2.0,1.0,mid2,0.00017963534025927368,0.0106951871657754,False,False
W24,M1-W24-PI-NonTimed,101,25,0.0,0.0,0.0,,0.0,0.0,True,False
W24,M1-W24-PI-Timed,697,131,0.0,0.0,0.0,,0.0,0.0,True,False
W24,M1-W24-Tajerne,5,1,2.0,1.0,1.0,mid1,0.4,1.0,False,False
W24,M2-W24-PI-Not-Timed,361,94,4.0,1.0,1.0,mid2,0.0110803324099723,0.010638297872340425,True,False
W24,M2-W24-PI-Timed,211,65,0.0,0.0,0.0,,0.0,0.0,True,False
W24,MId2-W24-Pratice-Not-Timed,3864,161,77.0,16.0,1.0,mid2,0.019927536231884056,0.09937888198757763,True,False
W24,Mid1-Fall23-Timed,1,1,0.0,0.0,0.0,,0.0,0.0,True,False
W24,Mid1-PI-NotTimed,685,120,22.0,3.0,1.0,mid1,0.032116788321167884,0.025,True,False
W24,Mid1-W24-Practice,2671,157,76.0,15.0,1.0,mid1,0.02845376263571696,0.09554140127388536,True,False
W24,Mid1-W24-Practice-Timed-120,346,72,0.0,0.0,0.0,,0.0,0.0,True,False
W24,Mid1-W24-Practice-Timed-160,348,62,5.0,1.0,1.0,mid1,0.014367816091954023,0.016129032258064516,True,False
W24,Mid1-W24-Practice-Timed-80,1175,127,15.0,3.0,1.0,mid1,0.01276595744680851,0.023622047244094488,True,False
W24,Mid1-W24-Timed-120,79,8,15.0,8.0,1.0,mid1,0.189873417721519,1.0,True,False
W24,Mid1-W24-Timed-160,13,1,2.0,1.0,1.0,mid1,0.15384615384615385,1.0,True,False
W24,Mid1-W24-Timed-80,2136,181,363.0,178.0,1.0,mid1,0.1699438202247191,0.9834254143646409,True,False
W24,Mid2-W24-Non-Timed,238,73,0.0,0.0,0.0,,0.0,0.0,True,False
W24,Mid2-W24-Practice-Timed-120,462,56,3.0,1.0,1.0,mid2,0.006493506493506494,0.017857142857142856,True,False
W24,Mid2-W24-Practice-Timed-160,182,48,0.0,0.0,0.0,,0.0,0.0,True,False
W24,Mid2-W24-Practice-Timed-80,615,93,4.0,1.0,1.0,mid2,0.0065040650406504065,0.010752688172043012,True,False
W24,Mid2-W24-Timed-120,72,11,23.0,11.0,1.0,mid2,0.3194444444444444,1.0,True,False
W24,Mid2-W24-Timed-160,13,1,2.0,1.0,1.0,mid2,0.15384615384615385,1.0,True,False
W24,Mid2-W24-Timed-160-Pause,7,1,2.0,1.0,1.0,mid2,0.2857142857142857,1.0,True,False
W24,Mid2-W24-Timed-Normal,1302,175,346.0,174.0,1.0,mid2,0.26574500768049153,0.9942857142857143,True,False
W24,Mid2-W24-Write-Code,1,1,0.0,0.0,0.0,,0.0,0.0,True,False
W24,Post-Mid2-Q2,3,1,0.0,0.0,0.0,,0.0,0.0,True,False
W24,Post-Mid2-Test,3,1,0.0,0.0,0.0,,0.0,0.0,True,False
W24,Practice-CSV-Read-Write,2125,178,8.0,2.0,1.0,mid2,0.0037647058823529413,0.011235955056179775,False,False
W24,Practice-Files,1023,180,5.0,1.0,1.0,mid2,0.004887585532746823,0.005555555555555556,False,False
W24,Practice-Soup,1470,171,5.0,1.0,1.0,mid2,0.003401360544217687,0.005847953216374269,False,False
W24,Practice-Turtle-1,118,25,5.0,1.0,1.0,mid1,0.0423728813559322,0.04,False,False
W24,bsoup/plan5.html,720,177,3.0,1.0,1.0,mid2,0.004166666666666667,0.005649717514124294,False,False
W24,chp13_classesmid1,37,16,0.0,0.0,0.0,,0.0,0.0,True,False
W24,dictionaries/loopinganddictionaries.html,73,30,6.0,1.0,1.0,mid2,0.0821917808219178,0.03333333333333333,False,False
W24,files/csv-file-group.html,1901,174,10.0,2.0,1.0,mid2,0.0052603892688058915,0.011494252873563218,False,False
W24,files/csv-reader-file-group.html,1871,179,9.0,2.0,2.0,mid1,0.004810261892036344,0.0111731843575419,False,False
W24,files/glossary.html,171,45,8.0,1.0,1.0,mid1,0.04678362573099415,0.022222222222222223,False,False
W24,funct_ac_grade,3433,154,1.0,1.0,1.0,mid1,0.00029129041654529564,0.006493506493506494,False,False
W24,functions/functions_tups_dicts_mixedupcode_orig.html,18,2,5.0,1.0,1.0,mid1,0.2777777777777778,0.5,False,False
W24,functions/randomnumbers.html,107,29,5.0,1.0,1.0,mid1,0.04672897196261682,0.034482758620689655,False,False
W24,inheritance/UnitTests.html,1090,50,10.0,1.0,1.0,mid1,0.009174311926605505,0.02,False,False
W24,message1=Practice%20tool%20is%20not%20set%20up%20for%20this%20course%20yet.,806,1,5.0,1.0,1.0,mid2,0.00620347394540943,1.0,False,False
W24,mid2_fa22_nested_dict_mc,325,164,0.0,0.0,0.0,,0.0,0.0,True,False
W24,mid2_regex_slash_b_mc,950,153,0.0,0.0,0.0,,0.0,0.0,True,False
W24,mid2_w24_csv_writer_fill,437,148,0.0,0.0,0.0,,0.0,0.0,True,False
W24,mid2_win22_get_dogs_try_except_ac,4287,145,1.0,1.0,1.0,mid2,0.00023326335432703523,0.006896551724137931,True,False
W24,mid_1_fall20_q1,440,169,0.0,0.0,0.0,,0.0,0.0,True,False
W24,mid_1_fall20_q10,443,160,0.0,0.0,0.0,,0.0,0.0,True,False
W24,mid_1_fall20_q13,326,159,0.0,0.0,0.0,,0.0,0.0,True,False
W24,mid_1_fall20_q14,449,159,0.0,0.0,0.0,,0.0,0.0,True,False
W24,mid_1_fall20_q15,313,159,0.0,0.0,0.0,,0.0,0.0,True,False
W24,mid_1_fall20_q16,499,158,0.0,0.0,0.0,,0.0,0.0,True,False
W24,mid_1_fall20_q17,422,159,0.0,0.0,0.0,,0.0,0.0,True,False
W24,mid_1_fall20_q18,793,159,0.0,0.0,0.0,,0.0,0.0,True,False
W24,mid_1_fall20_q19,434,156,0.0,0.0,0.0,,0.0,0.0,True,False
W24,mid_1_fall20_q20,874,158,0.0,0.0,0.0,,0.0,0.0,True,False
W24,mid_1_fall20_q4,508,164,0.0,0.0,0.0,,0.0,0.0,True,False
W24,mid_1_fall20_q5,535,163,0.0,0.0,0.0,,0.0,0.0,True,False
W24,mid_1_fall20_q6,394,163,0.0,0.0,0.0,,0.0,0.0,True,False
W24,mid_1_fall20_q7,330,162,0.0,0.0,0.0,,0.0,0.0,True,False
W24,mid_1_fall22_q12,406,160,0.0,0.0,0.0,,0.0,0.0,True,False
W24,mid_1_fall22_q9,663,162,0.0,0.0,0.0,,0.0,0.0,True,False
W24,mid_1p_fall21_q11,413,160,0.0,0.0,0.0,,0.0,0.0,True,False
W24,mid_1p_fall21_q2,411,168,0.0,0.0,0.0,,0.0,0.0,True,False
W24,mid_1p_fall21_q3,412,165,0.0,0.0,0.0,,0.0,0.0,True,False
W24,mid_1p_fall21_q8_v2,385,163,0.0,0.0,0.0,,0.0,0.0,True,False
W24,mid_2_fall20_q21,3016,156,0.0,0.0,0.0,,0.0,0.0,True,False
W24,mid_2_fall20_q22,3438,153,0.0,0.0,0.0,,0.0,0.0,True,False
W24,mid_2_fall20_q23,4413,153,0.0,0.0,0.0,,0.0,0.0,True,False
W24,mid_2_fall20_q24,7077,151,0.0,0.0,0.0,,0.0,0.0,True,False
W24,mid_2_fall20_q25,5037,150,0.0,0.0,0.0,,0.0,0.0,True,False
W24,mid_2_fall20_q26,3767,156,0.0,0.0,0.0,,0.0,0.0,True,False
W24,mid_2_fall20_q27,2192,152,0.0,0.0,0.0,,0.0,0.0,True,False
W24,mid_2_fall20_q28,4742,154,0.0,0.0,0.0,,0.0,0.0,True,False
W24,mid_2_fall20_q29,2826,152,0.0,0.0,0.0,,0.0,0.0,True,False
W24,mid_2_fall20_q30,2330,153,0.0,0.0,0.0,,0.0,0.0,True,False
W24,mid_2_fall20_q31,2215,154,0.0,0.0,0.0,,0.0,0.0,True,False
W24,mid_2p_fall_20_q1,312,165,0.0,0.0,0.0,,0.0,0.0,True,False
W24,mid_2p_fall_20_q10,312,154,0.0,0.0,0.0,,0.0,0.0,True,False
W24,mid_2p_fall_20_q11,468,154,0.0,0.0,0.0,,0.0,0.0,True,False
W24,mid_2p_fall_20_q12,300,154,0.0,0.0,0.0,,0.0,0.0,True,False
W24,mid_2p_fall_20_q13,452,151,0.0,0.0,0.0,,0.0,0.0,True,False
W24,mid_2p_fall_20_q14,475,155,0.0,0.0,0.0,,0.0,0.0,True,False
W24,mid_2p_fall_20_q15,269,154,0.0,0.0,0.0,,0.0,0.0,True,False
W24,mid_2p_fall_20_q16_mc,411,153,0.0,0.0,0.0,,0.0,0.0,True,False
W24,mid_2p_fall_20_q17_v2,321,154,0.0,0.0,0.0,,0.0,0.0,True,False
W24,mid_2p_fall_20_q18,321,155,0.0,0.0,0.0,,0.0,0.0,True,False
W24,mid_2p_fall_20_q19,373,153,0.0,0.0,0.0,,0.0,0.0,True,False
W24,mid_2p_fall_20_q21,223,152,0.0,0.0,0.0,,0.0,0.0,True,False
W24,mid_2p_fall_20_q22_v2,326,153,0.0,0.0,0.0,,0.0,0.0,True,False
W24,mid_2p_fall_20_q23,406,153,0.0,0.0,0.0,,0.0,0.0,True,False
W24,mid_2p_fall_20_q24,447,153,0.0,0.0,0.0,,0.0,0.0,True,False
W24,mid_2p_fall_20_q25,293,152,0.0,0.0,0.0,,0.0,0.0,True,False
W24,mid_2p_fall_20_q26_v2,492,151,0.0,0.0,0.0,,0.0,0.0,True,False
W24,mid_2p_fall_20_q27,1206,150,0.0,0.0,0.0,,0.0,0.0,True,False
W24,mid_2p_fall_20_q32,2229,144,0.0,0.0,0.0,,0.0,0.0,True,False
W24,mid_2p_fall_20_q33,3408,141,0.0,0.0,0.0,,0.0,0.0,True,False
W24,mid_2p_fall_20_q34,4922,145,0.0,0.0,0.0,,0.0,0.0,True,False
W24,mid_2p_fall_20_q36,4995,145,0.0,0.0,0.0,,0.0,0.0,True,False
W24,mid_2p_fall_20_q37,4637,130,0.0,0.0,0.0,,0.0,0.0,True,False
W24,mid_2p_fall_20_q38,3009,143,0.0,0.0,0.0,,0.0,0.0,True,False
W24,mid_2p_fall_20_q3_v2,712,165,0.0,0.0,0.0,,0.0,0.0,True,False
W24,mid_2p_fall_20_q4,331,162,0.0,0.0,0.0,,0.0,0.0,True,False
W24,mid_2p_fall_20_q5,320,162,0.0,0.0,0.0,,0.0,0.0,True,False
W24,mid_2p_fall_20_q6,362,162,0.0,0.0,0.0,,0.0,0.0,True,False
W24,mid_2p_fall_20_q7,446,159,0.0,0.0,0.0,,0.0,0.0,True,False
W24,mid_2p_fall_20_q8,520,160,0.0,0.0,0.0,,0.0,0.0,True,False
W24,mid_2p_fall_20_q9_mc,325,158,0.0,0.0,0.0,,0.0,0.0,True,False
W24,mid_2p_fall_22_q2,325,164,0.0,0.0,0.0,,0.0,0.0,True,False
W24,mid_2p_fall_22_q39,2914,145,0.0,0.0,0.0,,0.0,0.0,True,False
W24,midterm_2_practice_q10_regex_b,313,154,0.0,0.0,0.0,,0.0,0.0,True,False
W24,midterm_2_practice_q11_regex_mc,468,154,0.0,0.0,0.0,,0.0,0.0,True,False
W24,midterm_2_practice_q12_continue_mc,300,154,0.0,0.0,0.0,,0.0,0.0,True,False
W24,midterm_2_practice_q13_regex_mc,453,151,0.0,0.0,0.0,,0.0,0.0,True,False
W24,midterm_2_practice_q14_strip_mc,475,155,0.0,0.0,0.0,,0.0,0.0,True,False
W24,midterm_2_practice_q15_str,269,154,0.0,0.0,0.0,,0.0,0.0,True,False
W24,midterm_2_practice_q16_sorted_mc,412,153,0.0,0.0,0.0,,0.0,0.0,True,False
W24,midterm_2_practice_q17_regex_mc,320,154,0.0,0.0,0.0,,0.0,0.0,True,False
W24,midterm_2_practice_q18_links_mc,321,155,0.0,0.0,0.0,,0.0,0.0,True,False
W24,midterm_2_practice_q19_step_into_mc,373,153,0.0,0.0,0.0,,0.0,0.0,True,False
W24,midterm_2_practice_q1_split_mc,310,165,0.0,0.0,0.0,,0.0,0.0,True,False
W24,midterm_2_practice_q21_git_clone,222,152,0.0,0.0,0.0,,0.0,0.0,True,False
W24,midterm_2_practice_q22_html_false_mc,326,153,0.0,0.0,0.0,,0.0,0.0,True,False
W24,midterm_2_practice_q23_strings_mc,406,153,0.0,0.0,0.0,,0.0,0.0,True,False
W24,midterm_2_practice_q24_sorted_mc,447,153,0.0,0.0,0.0,,0.0,0.0,True,False
W24,midterm_2_practice_q25_dict,293,152,0.0,0.0,0.0,,0.0,0.0,True,False
W24,midterm_2_practice_q26_nested_dict_fitb,492,151,0.0,0.0,0.0,,0.0,0.0,True,False
W24,midterm_2_practice_q27_findall_regex_fib,1206,150,0.0,0.0,0.0,,0.0,0.0,True,False
W24,midterm_2_practice_q32_writecode,3451,144,0.0,0.0,0.0,,0.0,0.0,True,False
W24,midterm_2_practice_q33_writecode,5294,141,0.0,0.0,0.0,,0.0,0.0,True,False
W24,midterm_2_practice_q34_sumnums_pp,4922,145,0.0,0.0,0.0,,0.0,0.0,True,False
W24,midterm_2_practice_q35_nested_dict,5347,135,0.0,0.0,0.0,,0.0,0.0,True,False
W24,midterm_2_practice_q36_pp,4995,145,0.0,0.0,0.0,,0.0,0.0,True,False
W24,midterm_2_practice_q37_csvfile_pp,4638,130,0.0,0.0,0.0,,0.0,0.0,True,False
W24,midterm_2_practice_q38_get_from_lines_ac,4722,143,0.0,0.0,0.0,,0.0,0.0,True,False
W24,midterm_2_practice_q3_unit_test_mc,714,165,0.0,0.0,0.0,,0.0,0.0,True,False
W24,midterm_2_practice_q4_split_mc,331,162,0.0,0.0,0.0,,0.0,0.0,True,False
W24,midterm_2_practice_q5_file_mc,320,162,0.0,0.0,0.0,,0.0,0.0,True,False
W24,midterm_2_practice_q6_regex_dig_mc,361,162,0.0,0.0,0.0,,0.0,0.0,True,False
W24,midterm_2_practice_q7_errors_mc,445,159,0.0,0.0,0.0,,0.0,0.0,True,False
W24,midterm_2_practice_q8_split2_mc,519,160,0.0,0.0,0.0,,0.0,0.0,True,False
W24,midterm_2_practice_q9_regex_dig_space_dash_mc,325,158,0.0,0.0,0.0,,0.0,0.0,True,False
W24,network/beautifulSoup.html,941,174,5.0,1.0,1.0,mid2,0.005313496280552604,0.005747126436781609,False,False
W24,network/html2.html,550,165,21.0,5.0,1.0,mid2,0.038181818181818185,0.030303030303030304,False,False
W24,no params,51861,192,51.0,10.0,2.0,mid1,0.0009833979290796552,0.052083333333333336,False,False
W24,objects/Exercises.html,193,48,4.0,1.0,1.0,mid1,0.02072538860103627,0.020833333333333332,False,False
W24,q10_midw21_constructor_default,412,165,0.0,0.0,0.0,,0.0,0.0,True,False
W24,q3_midw21_flight_and_airport,410,168,0.0,0.0,0.0,,0.0,0.0,True,False
W24,q_mid1_f22_cd_p_mc,385,163,0.0,0.0,0.0,,0.0,0.0,True,False
W24,q_mid1p_f22_flow_append,409,160,0.0,0.0,0.0,,0.0,0.0,True,False
W24,q_midf22_create_car_class,663,162,0.0,0.0,0.0,,0.0,0.0,True,False
W24,regex/Exercises.html,71,30,5.0,1.0,1.0,mid2,0.07042253521126761,0.03333333333333333,False,False
W24,regex/charactermatching.html,628,180,5.0,1.0,1.0,mid2,0.007961783439490446,0.005555555555555556,False,False
W24,regex/writecode.html,98,13,5.0,1.0,1.0,mid2,0.05102040816326531,0.07692307692307693,False,False
W24,tuples/toctree.html,321,13,5.0,1.0,1.0,mid1,0.01557632398753894,0.07692307692307693,False,False
W24,variables/variables-section.html,154,42,5.0,1.0,1.0,mid2,0.032467532467532464,0.023809523809523808,False,False
