semester_raw,anon_student_id,midterm,score_group,active_days,last3_share,last7_share,concentration_hhi
F21,1,mid1,Q4 highest,13,0.44945420028476507,0.588514475557665,0.17173009533390293
F21,2,mid2,Q4 highest,11,0.2755729457797652,0.31470095025153716,0.23894265964822597
F21,3,mid2,Q4 highest,9,0.2449528936742934,0.37415881561238223,0.1768230718649975
F21,4,mid1,Q1 lowest,18,0.135,0.14208333333333334,0.14283020833333335
F21,4,mid2,Q1 lowest,9,0.41252220248667854,0.41252220248667854,0.19424297013272593
F21,6,mid1,Q1 lowest,12,0.17510944340212634,0.17761100687929957,0.1968354205118036
F21,6,mid2,Q1 lowest,7,0.018796992481203006,0.018796992481203006,0.2918975069252078
F21,7,mid2,Q1 lowest,9,0.2616892911010558,0.4720965309200603,0.19636393831230137
F21,8,mid1,Q4 highest,10,0.39534883720930236,0.48421926910299007,0.2240082890917319
F21,8,mid2,Q4 highest,8,0.012048192771084338,0.08032128514056225,0.34430089837260686
F21,10,mid1,Q1 lowest,15,0.5540322580645162,0.6685483870967742,0.17502124523066248
F21,10,mid2,Q1 lowest,9,0.2744721689059501,0.2744721689059501,0.22123367099623448
F21,12,mid1,Q1 lowest,10,0.03932119205298013,0.17115066225165565,0.15948073823516515
F21,12,mid2,Q1 lowest,5,0.3965785381026439,0.3965785381026439,0.2880282695084521
F21,14,mid1,Q4 highest,2,1.0,1.0,0.5234514903150217
F21,15,mid1,Q4 highest,6,0.0,0.33421052631578946,0.21851454293628808
F21,15,mid2,Q4 highest,8,0.45616883116883117,0.6022727272727273,0.30915837409343905
F21,17,mid2,Q1 lowest,2,0.0,0.0,0.9523620780118578
F21,19,mid1,Q1 lowest,11,0.14398513701811425,0.22015791918253597,0.19956707164351623
F21,20,mid1,Q4 highest,19,0.4376370139610015,0.44721356870889584,0.10433987754737818
F21,21,mid2,Q4 highest,12,0.4617414248021108,0.6138962181178539,0.19947801966167192
F21,22,mid2,Q4 highest,12,0.49624765478424016,0.525797373358349,0.16298589526521617
F21,24,mid1,Q1 lowest,9,0.3438395415472779,0.3438395415472779,0.1914639452878055
F21,24,mid2,Q1 lowest,9,0.1937436932391524,0.19878910191725532,0.3632663700855633
F21,26,mid1,Q4 highest,1,1.0,1.0,1.0
F21,27,mid1,Q1 lowest,8,0.11884057971014493,0.5898550724637681,0.27537912203318626
F21,27,mid2,Q1 lowest,7,0.08401253918495298,0.20501567398119122,0.4105914839673352
F21,28,mid1,Q4 highest,12,0.09273318872017354,0.5759219088937093,0.13669002122143223
F21,28,mid2,Q4 highest,8,0.5206017004578155,0.8221059516023543,0.3029286422814896
F21,29,mid1,Q1 lowest,15,0.12371638141809291,0.13007334963325184,0.10490205103986706
F21,29,mid2,Q1 lowest,8,0.3540268456375839,0.3540268456375839,0.21415827114894725
F21,30,mid1,Q1 lowest,15,0.449868073878628,0.5932277924362357,0.2136112484132896
F21,30,mid2,Q1 lowest,7,0.16145833333333331,0.2899305555555555,0.19252748842592593
F21,31,mid1,Q1 lowest,15,0.07461999078765545,0.4251497005988024,0.19449228248672198
F21,32,mid1,Q4 highest,13,0.5069674850696748,0.7136695421366954,0.20350243433761225
F21,34,mid1,Q4 highest,12,0.19966254218222723,0.3557367829021373,0.21789168578337156
F21,34,mid2,Q4 highest,9,0.41710427606901723,0.5138784696174044,0.25180244798634016
F21,35,mid1,Q4 highest,3,1.0,1.0,0.6480008358267864
F21,35,mid2,Q4 highest,13,0.5300842358604092,0.7021660649819494,0.21044266907630177
F21,36,mid1,Q1 lowest,12,0.26950925181013674,0.4231697506033789,0.1121356021718405
F21,36,mid2,Q1 lowest,10,0.10071210579857579,0.32146490335707023,0.16856137242584773
F21,39,mid1,Q4 highest,9,0.0009478672985781991,0.3289099526066351,0.23732710406325105
F21,39,mid2,Q4 highest,8,0.09285051067780872,0.11977715877437325,0.34967097124048113
F21,40,mid1,Q4 highest,2,1.0,1.0,0.6572963331109325
F21,41,mid1,Q4 highest,12,0.230712711241734,0.47318148420279205,0.12914554226832176
F21,41,mid2,Q4 highest,6,0.2956120092378753,0.45265588914549654,0.26609027729626805
F21,42,mid2,Q4 highest,7,0.4629537543510691,0.4629537543510691,0.30595301179168477
F21,43,mid1,Q1 lowest,12,0.3602896801448401,0.4514182257091129,0.15042745813467054
F21,44,mid1,Q4 highest,14,0.0018867924528301887,0.330188679245283,0.228856453463075
F21,45,mid1,Q1 lowest,12,0.10492227979274613,0.2079015544041451,0.12633057263282235
F21,47,mid2,Q4 highest,7,0.5374507227332457,0.5374507227332457,0.3938503352494557
F21,48,mid1,Q1 lowest,1,0.0,0.0,1.0
F21,49,mid1,Q1 lowest,17,0.09752547307132459,0.12663755458515283,0.1300318453118743
F21,49,mid2,Q1 lowest,11,0.2632893328576525,0.3328576525151623,0.21572511181066
F21,50,mid1,Q4 highest,10,0.5738522954091816,0.5738522954091816,0.20299221915450535
F21,50,mid2,Q4 highest,9,0.6985507246376811,0.7014492753623187,0.3616989894746668
F21,51,mid1,Q1 lowest,9,0.15137614678899083,0.1941896024464832,0.17339075461287398
F21,51,mid2,Q1 lowest,3,0.0,0.4492753623188406,0.39550514597773573
F21,52,mid1,Q4 highest,12,0.24721448467966572,0.4338440111420613,0.18534248647977597
F21,52,mid2,Q4 highest,9,0.47731239092495636,0.6195462478184991,0.1897288999753296
F21,53,mid1,Q4 highest,14,0.5822898032200358,0.7104203935599285,0.20004486272765382
F21,54,mid1,Q1 lowest,8,0.36885245901639346,0.36885245901639346,0.227354350225768
F21,55,mid1,Q4 highest,9,0.47200520833333337,0.6223958333333334,0.24945237901475692
F21,55,mid2,Q4 highest,12,0.28934624697336564,0.3855932203389831,0.144495775903007
F21,57,mid1,Q1 lowest,22,0.5074786324786325,0.6949786324786325,0.11123909366096868
F21,58,mid1,Q1 lowest,9,0.22257250945775536,0.26292559899117274,0.1446722504130562
F21,59,mid1,Q1 lowest,14,0.390625,0.4742943548387097,0.19968823165972946
F21,60,mid1,Q4 highest,1,1.0,1.0,1.0
F21,63,mid1,Q4 highest,8,0.11148936170212766,0.11148936170212766,0.1489347215934812
F21,64,mid1,Q1 lowest,12,0.061611374407582936,0.1056194989844279,0.12000069675901627
F21,64,mid2,Q1 lowest,7,0.0,0.15706521739130436,0.42612948960302466
F21,65,mid1,Q1 lowest,1,0.0,0.0,1.0
F21,66,mid1,Q4 highest,14,0.003150157507875394,0.003150157507875394,0.12905550772813407
F21,66,mid2,Q4 highest,9,0.21830265848670755,0.26993865030674846,0.38345596999008863
F21,67,mid1,Q4 highest,2,1.0,1.0,0.5349389445041656
F21,68,mid1,Q1 lowest,9,0.22620904836193445,0.22620904836193445,0.21195431280589758
F21,68,mid2,Q1 lowest,7,0.2754374594944913,0.2754374594944913,0.23940661503522484
F21,70,mid1,Q1 lowest,9,0.1442663378545006,0.24907521578298397,0.1292668167809755
F21,70,mid2,Q1 lowest,6,0.39073426573426573,0.39073426573426573,0.2634694850603942
F21,74,mid1,Q4 highest,14,0.3979551710578057,0.3979551710578057,0.17229333791464746
F21,74,mid2,Q4 highest,9,0.26039783001808314,0.6130198915009042,0.16333470310625986
F21,77,mid1,Q4 highest,8,0.30577223088923555,0.375195007800312,0.20825007727298173
F21,77,mid2,Q4 highest,9,0.2053475935828877,0.20962566844919786,0.2835871772141039
F21,78,mid1,Q4 highest,14,0.686541737649063,0.6936967632027257,0.19670730680937637
F21,78,mid2,Q4 highest,10,0.48757943385326397,0.6776429809358752,0.2183398462334812
F21,79,mid1,Q1 lowest,10,0.10897083104017612,0.26967528893780957,0.19827084082364047
F21,79,mid2,Q1 lowest,4,0.0,0.0,0.47873176696654723
F21,81,mid1,Q4 highest,9,0.4813953488372093,0.5459302325581395,0.23186857760951868
F21,82,mid1,Q4 highest,3,1.0,1.0,0.7232187154995552
F21,84,mid1,Q4 highest,15,0.0027114967462039045,0.016268980477223426,0.24794961439104843
F21,87,mid1,Q4 highest,16,0.30910575745202123,0.33483054307880766,0.15765753673843924
F21,88,mid2,Q4 highest,13,0.31935817805383027,0.7308488612836439,0.2146875763537929
F21,89,mid1,Q1 lowest,14,0.06912991656734208,0.15196662693682955,0.11079581373477988
F21,89,mid2,Q1 lowest,10,0.4880268199233717,0.5507662835249043,0.17021549889167809
F21,90,mid1,Q4 highest,12,0.2699243746364165,0.3647469458987783,0.1679416411925572
F21,92,mid1,Q4 highest,2,1.0,1.0,0.5961834410587874
F21,93,mid1,Q1 lowest,12,0.3575129533678757,0.42746113989637313,0.20838733925742978
F21,94,mid2,Q4 highest,9,0.7875950848449386,0.8291398478642481,0.29174600033348386
F21,95,mid1,Q4 highest,12,0.008675078864353312,0.1222397476340694,0.1481816417717362
F21,95,mid2,Q4 highest,8,0.1619644723092999,0.26436781609195403,0.2832639441654683
F21,96,mid1,Q4 highest,14,0.38589015151515155,0.5596590909090909,0.1221882353363177
F21,96,mid2,Q4 highest,9,0.5481874447391688,0.6392572944297081,0.3208751673948783
F21,97,mid2,Q4 highest,8,0.6589887640449439,0.7365168539325844,0.24947907461179145
F21,99,mid1,Q1 lowest,24,0.3141001623579368,0.45784938179093293,0.08666572175847943
F21,99,mid2,Q1 lowest,21,0.3609610300034487,0.4946545579951719,0.1659435890144704
F21,103,mid2,Q1 lowest,8,0.1105121293800539,0.21024258760107817,0.2242508490283499
F21,104,mid1,Q1 lowest,16,0.13020372010628875,0.3095659875996457,0.0974784272591263
F21,104,mid2,Q1 lowest,12,0.35844155844155845,0.48571428571428577,0.12923299038623715
F21,105,mid1,Q1 lowest,13,0.3631413012324448,0.3631413012324448,0.1836382797805098
F21,105,mid2,Q1 lowest,15,0.37043054427294886,0.37611697806661254,0.16872580197061954
F21,111,mid1,Q1 lowest,2,0.0,0.0,0.5082182774490467
F22,2,mid2,Q4 highest,9,0.4876566654006836,0.6133687808583365,0.2629468882853392
F22,4,mid1,Q4 highest,23,0.2497663551401869,0.5060747663551401,0.0842216569132675
F22,4,mid2,Q4 highest,13,0.3408555069046817,0.7126978780734254,0.1292762384314576
F22,5,mid2,Q1 lowest,15,0.39092762487257904,0.39220183486238536,0.13674741079490962
F22,6,mid1,Q4 highest,19,0.03856960408684547,0.48888888888888893,0.1270003539453489
F22,6,mid2,Q4 highest,17,0.12393036293892004,0.5556211271761582,0.16701500985475284
F22,9,mid2,Q4 highest,10,0.4572841726618705,0.5953237410071942,0.14323226670462194
F22,10,mid1,Q4 highest,19,0.2848366378106674,0.4459648142976822,0.09669537190176737
F22,11,mid1,Q4 highest,21,0.16158221302998965,0.2841261633919338,0.07950860827151213
F22,11,mid2,Q4 highest,19,0.23001745200698082,0.5462478184991274,0.08233266022800302
F22,12,mid1,Q4 highest,19,0.023391812865497075,0.07407407407407407,0.0954168234100521
F22,12,mid2,Q4 highest,12,0.43585780525502316,0.5618238021638331,0.15615168331306778
F22,13,mid1,Q1 lowest,17,0.2427341227125942,0.41550053821313243,0.09981623121033648
F22,15,mid2,Q4 highest,11,0.4452554744525547,0.4452554744525547,0.2427054066693898
F22,16,mid1,Q1 lowest,1,0.0,0.0,1.0
F22,18,mid1,Q4 highest,15,0.13523890784982934,0.13523890784982934,0.1050864017053198
F22,18,mid2,Q4 highest,14,0.15540883697308278,0.5068562722194008,0.13791498031576796
F22,22,mid1,Q4 highest,16,0.11699429296131897,0.25396322130627774,0.10706879850610934
F22,22,mid2,Q4 highest,11,0.6527950310559006,0.7459627329192546,0.2618440646579993
F22,23,mid1,Q4 highest,19,0.078018392168496,0.22129931770987837,0.0910040188703603
F22,24,mid1,Q4 highest,11,0.5464765560734851,0.5675897998354813,0.2315878167683901
F22,25,mid1,Q1 lowest,13,0.5042325056433409,0.5042325056433409,0.1753929319385067
F22,25,mid2,Q1 lowest,11,0.4546822113576532,0.47461451673561483,0.1712049351362414
F22,26,mid1,Q1 lowest,16,0.15696278511404563,0.31782713085234093,0.13227115576122406
F22,26,mid2,Q1 lowest,8,0.0,0.4845512506130456,0.20999942032764235
F22,27,mid2,Q4 highest,11,0.5832167832167833,0.5832167832167833,0.3102080514667927
F22,30,mid2,Q1 lowest,9,0.1528888888888889,0.21244444444444446,0.2167853827160494
F22,31,mid2,Q4 highest,17,0.48959445037353255,0.7457310565635005,0.14768573833472481
F22,32,mid1,Q1 lowest,15,0.20667522464698332,0.27086007702182285,0.11537838302509773
F22,32,mid2,Q1 lowest,8,0.049069373942470386,0.20304568527918782,0.15938026975415212
F22,33,mid1,Q1 lowest,23,0.2504539402009442,0.34063672678852436,0.08647767622356803
F22,33,mid2,Q1 lowest,10,0.26627109215649913,0.35508993139254585,0.15873049546168122
F22,34,mid1,Q4 highest,12,0.22674650698602794,0.4491017964071856,0.15547236863598152
F22,36,mid2,Q4 highest,11,0.232502965599051,0.5527876631079478,0.13285883748517202
F22,39,mid1,Q4 highest,15,0.2860759493670886,0.2911392405063291,0.12803153340810766
F22,39,mid2,Q4 highest,14,0.5991066443327749,0.7051926298157454,0.2633799932100479
F22,41,mid1,Q4 highest,19,0.28337874659400547,0.37026945201332123,0.0978820985775278
F22,42,mid1,Q4 highest,20,0.27643650410429743,0.3447609850313858,0.11154509830985529
F22,44,mid1,Q1 lowest,15,0.3872246696035242,0.4898678414096916,0.16386200003881307
F22,44,mid2,Q1 lowest,12,0.48191881918819185,0.49790897908979087,0.18636801423364785
F22,45,mid2,Q4 highest,6,0.5069033530571991,0.5069033530571991,0.20620149811471308
F22,47,mid2,Q4 highest,9,0.5077275329135661,0.5970234688036634,0.16476851804827575
F22,48,mid1,Q1 lowest,13,0.422680412371134,0.5014727540500736,0.1315916950264004
F22,48,mid2,Q1 lowest,13,0.4422148844297688,0.6068072136144271,0.175913706666123
F22,49,mid2,Q1 lowest,14,0.10993037742762918,0.609380725540491,0.17039503904764067
F22,50,mid1,Q1 lowest,16,0.18953634085213034,0.34429824561403505,0.10830019911935226
F22,50,mid2,Q1 lowest,14,0.2551369863013699,0.406392694063927,0.12478107212109837
F22,51,mid1,Q4 highest,18,0.11969286359530262,0.24299909665763325,0.09049172996999467
F22,52,mid2,Q1 lowest,14,0.17783804726850058,0.33746609841146846,0.1332608077896457
F22,54,mid1,Q1 lowest,19,0.31789693593314766,0.4775417827298051,0.1256791027187871
F22,57,mid1,Q1 lowest,11,0.4291139240506329,0.479746835443038,0.2351898734177215
F22,58,mid1,Q1 lowest,17,0.18704512372634644,0.2979136341581756,0.11189317754155699
F22,58,mid2,Q1 lowest,12,0.3341911764705882,0.450735294117647,0.13660818555363322
F22,60,mid2,Q4 highest,10,0.438758389261745,0.5612416107382551,0.21369955182199002
F22,61,mid2,Q4 highest,8,0.1,0.1,0.19123431952662717
F22,62,mid2,Q4 highest,8,0.3090909090909091,0.6982683982683983,0.2167553081838796
F22,63,mid1,Q1 lowest,15,0.28564593301435404,0.42153110047846887,0.11432705295208442
F22,65,mid2,Q4 highest,8,0.452,0.47733333333333333,0.2199964444444445
F22,66,mid1,Q1 lowest,11,0.0,0.0038893690579083835,0.1415703444293463
F22,68,mid1,Q4 highest,17,0.41631663974151856,0.4697899838449111,0.13318291788569298
F22,72,mid1,Q4 highest,13,0.39566929133858264,0.47637795275590544,0.14157577620710796
F22,72,mid2,Q4 highest,11,0.49783048886317616,0.5660977726352329,0.15117829703981706
F22,73,mid1,Q1 lowest,12,0.25878524945770065,0.3175704989154013,0.11286686962700157
F22,75,mid1,Q4 highest,15,0.0,0.09222318589187627,0.15846665698818047
F22,75,mid2,Q1 lowest,10,0.35192743764172335,0.35192743764172335,0.2073154704058494
F22,76,mid2,Q4 highest,11,0.37539936102236426,0.496272630457934,0.160439073130843
F22,77,mid1,Q1 lowest,13,0.19857206604194558,0.35698348951361003,0.12228815106725678
F22,77,mid2,Q1 lowest,10,0.25,0.4274193548387097,0.163678459937565
F22,78,mid1,Q4 highest,14,0.20296553052185634,0.31638744463701135,0.15311302239245836
F22,81,mid2,Q1 lowest,9,0.6254738438210765,0.8078089461713418,0.20977737746736477
F22,82,mid2,Q4 highest,10,0.23920595533498762,0.39950372208436724,0.15664821530826492
F22,83,mid1,Q1 lowest,8,0.32212548784148903,0.42179525667967577,0.18505986312904774
F22,83,mid2,Q1 lowest,12,0.284789644012945,0.5388349514563107,0.14294234222282737
F22,85,mid1,Q1 lowest,10,0.21423905943827565,0.2645329849771391,0.3308514945427847
F22,85,mid2,Q1 lowest,7,0.2387774594078319,0.24259789875835722,0.2689715191172486
F22,86,mid1,Q4 highest,13,0.2603960396039604,0.4024752475247525,0.17387020880305853
F22,87,mid1,Q4 highest,12,0.3343276732446076,0.3343276732446076,0.13706547605633568
F22,87,mid2,Q4 highest,16,0.17020424509411294,0.4169002803364037,0.1282517795884497
F22,88,mid1,Q1 lowest,19,0.07925223802001054,0.2414428646656135,0.08183639791570131
F22,88,mid2,Q1 lowest,12,0.1517423908248787,0.3533303925893251,0.14055465649042115
F22,89,mid1,Q4 highest,20,0.08976343135087332,0.18991819588768516,0.07711473853953721
F22,91,mid1,Q1 lowest,23,0.15756838905775078,0.2854711246200608,0.09140132851692058
F22,91,mid2,Q1 lowest,10,0.37494772061898785,0.5526976160602258,0.21358482011432456
F22,92,mid1,Q4 highest,22,0.09453503746143675,0.19678272366681357,0.10211958718512551
F22,92,mid2,Q4 highest,13,0.1506700470843897,0.37558855487142334,0.1384958995141229
F22,93,mid1,Q1 lowest,14,0.19634340222575516,0.1987281399046105,0.1270018147765272
F22,95,mid2,Q4 highest,22,0.29750000000000004,0.4897222222222223,0.08911867283950616
F22,96,mid1,Q4 highest,12,0.3767241379310345,0.3767241379310345,0.18485619797859695
F22,96,mid2,Q4 highest,9,0.2968679073990014,0.5093054925102134,0.15675669438509654
F22,99,mid2,Q1 lowest,10,0.22924648786717752,0.43805874840357606,0.1551291900523415
F22,100,mid1,Q4 highest,12,0.19732937685459942,0.2529673590504451,0.1446364654967465
F22,100,mid2,Q4 highest,8,0.290437890974084,0.290437890974084,0.21155346636734412
F22,101,mid1,Q4 highest,16,0.2017592083562397,0.3150082462891699,0.095188954415263
F22,103,mid1,Q4 highest,10,0.12886597938144329,0.1944704779756326,0.13983095137502427
F22,103,mid2,Q4 highest,11,0.3579913606911447,0.4454643628509719,0.16781344317508595
F22,104,mid2,Q1 lowest,1,0.0,0.0,1.0
F22,105,mid1,Q4 highest,15,0.22698779280765424,0.33784229627185747,0.11509692922392945
F22,105,mid2,Q4 highest,15,0.28536345776031435,0.3988212180746562,0.10521757674240874
F22,106,mid1,Q4 highest,13,0.24494949494949494,0.3368686868686869,0.13627333945515765
F22,106,mid2,Q4 highest,12,0.35344302254722726,0.5703839122486288,0.12090656809565666
F22,107,mid1,Q4 highest,21,0.38425925925925924,0.47971781305114636,0.11439679895735155
F22,108,mid1,Q4 highest,15,0.2274173027989822,0.30407124681933845,0.09619032819895242
F22,108,mid2,Q4 highest,8,0.47123893805309736,0.47123893805309736,0.18997289442312545
F22,109,mid2,Q1 lowest,11,0.5566502463054187,0.5660098522167487,0.1449178577495207
F22,110,mid1,Q1 lowest,14,0.2552858261550509,0.5452884364395719,0.13413462458950703
F22,110,mid2,Q1 lowest,9,0.6038415366146459,0.6726690676270508,0.20162863064393427
F22,111,mid1,Q1 lowest,14,0.2496641289744738,0.36990595611285265,0.16286821722527514
F22,113,mid1,Q1 lowest,20,0.1533983637507867,0.24197608558842043,0.10699141676115809
F22,113,mid2,Q1 lowest,12,0.37019839594765724,0.4622203461376108,0.12347881680514868
F22,114,mid1,Q1 lowest,4,0.36662286465177396,0.36662286465177396,0.35777842627015766
F22,115,mid1,Q1 lowest,14,0.3187639198218263,0.3694320712694878,0.15464209006899765
F22,115,mid2,Q1 lowest,14,0.3993399339933994,0.4946828016134947,0.13812586490283305
F22,116,mid1,Q4 highest,11,0.11436031331592689,0.19843342036553524,0.13135572537818105
F22,116,mid2,Q4 highest,9,0.25271966527196654,0.35146443514644354,0.15507221512228428
F22,118,mid1,Q1 lowest,14,0.37948131197559115,0.4691075514874142,0.20378525659487493
F22,119,mid1,Q4 highest,15,0.16083916083916083,0.2007992007992008,0.09468403724147981
F22,119,mid2,Q4 highest,13,0.2533814247069432,0.3660955816050496,0.14173159842293684
F22,120,mid1,Q1 lowest,24,0.2040673211781206,0.2570126227208976,0.08271907315355578
F22,120,mid2,Q1 lowest,11,0.33702531645569617,0.40696202531645564,0.19933303957699083
F22,122,mid1,Q4 highest,22,0.33100625902744346,0.40274434280211846,0.10625847110603812
F22,124,mid2,Q4 highest,13,0.17053140096618358,0.5521739130434783,0.13469952624331955
F22,125,mid1,Q1 lowest,16,0.2308170239204722,0.2957440198819509,0.08138372649733
F22,125,mid2,Q1 lowest,7,0.002053388090349076,0.09514031485284052,0.30959404943778956
F22,126,mid1,Q1 lowest,15,0.36782296650717705,0.43600478468899523,0.11610203807147272
F22,126,mid2,Q1 lowest,12,0.21648659463785513,0.4005602240896359,0.16215834072724727
F22,127,mid1,Q1 lowest,16,0.3351859769132108,0.5763146643864899,0.14948196108114153
F22,127,mid2,Q1 lowest,14,0.2471498371335505,0.5138436482084691,0.10347788835955819
F22,128,mid1,Q1 lowest,13,0.18789653489507077,0.2934764925980153,0.14243727023163766
F22,129,mid2,Q1 lowest,1,0.0,0.0,1.0
F22,130,mid2,Q1 lowest,15,0.34779813564770173,0.5091610414657667,0.13343151151940505
F22,132,mid2,Q1 lowest,10,0.5389457120377655,0.5601888276947286,0.14441814959506416
F22,136,mid2,Q4 highest,12,0.2621359223300971,0.3602452733776188,0.14112436286652552
F22,139,mid1,Q4 highest,12,0.22006841505131128,0.2859179019384265,0.13295510246005549
F22,139,mid2,Q4 highest,8,0.311520737327189,0.4285714285714286,0.15491431119794433
F22,141,mid1,Q4 highest,17,0.40409285277947465,0.47800855222968847,0.10310254354013348
F22,141,mid2,Q4 highest,15,0.3659231134314191,0.5700047460844803,0.12200230253799514
F22,142,mid1,Q4 highest,16,0.060705368289637955,0.3842072409488139,0.19648192568278416
F22,143,mid2,Q1 lowest,1,0.0,0.0,1.0
F22,144,mid2,Q1 lowest,9,0.16941176470588237,0.32529411764705884,0.16131487889273358
F22,145,mid1,Q1 lowest,20,0.3274336283185841,0.4718650859909835,0.09092550457270956
F22,146,mid2,Q4 highest,14,0.4134212103055722,0.5733972438585979,0.13116908945810196
F22,147,mid1,Q4 highest,14,0.11894446632532493,0.18865695155573062,0.13166543628726252
F22,147,mid2,Q4 highest,13,0.4055346771438333,0.5309190297232662,0.13111309254027714
F22,148,mid1,Q1 lowest,19,0.22156862745098038,0.40941176470588236,0.159521414840446
F22,148,mid2,Q1 lowest,12,0.39939024390243905,0.5736788617886179,0.13414892342520987
F22,149,mid2,Q4 highest,13,0.3617096432356058,0.4337689862239491,0.14534308242210645
F22,150,mid2,Q1 lowest,11,0.3361157484696717,0.4785754034501948,0.13030094986109603
F22,151,mid1,Q4 highest,17,0.24579560155239327,0.39353169469598964,0.1011716586140589
F22,156,mid1,Q1 lowest,11,0.0,0.12406815761448349,0.1645421284056975
F22,156,mid2,Q1 lowest,16,0.1798076923076923,0.24903846153846154,0.15253122945430636
F23,2,mid1,Q4 highest,21,0.39488910318225645,0.5028929604628737,0.1616547436275362
F23,2,mid2,Q4 highest,13,0.37205987170349253,0.5367070563079116,0.17646586659581417
F23,3,mid1,Q1 lowest,15,0.37680020947892123,0.4679235401937681,0.1005503621211208
F23,5,mid1,Q4 highest,23,0.33964646464646464,0.46428571428571425,0.07165918096654027
F23,6,mid2,Q4 highest,9,0.14609571788413098,0.14609571788413098,0.2699528580220673
F23,7,mid1,Q4 highest,20,0.0662551440329218,0.27530864197530863,0.10255482734677979
F23,8,mid1,Q4 highest,22,0.27473897459872215,0.3740065451145395,0.08510098708556915
F23,8,mid2,Q4 highest,15,0.3657957244655582,0.43094672548354257,0.19361888096790614
F23,9,mid1,Q4 highest,20,0.2189256012587098,0.4057091481231737,0.0640620673317604
F23,9,mid2,Q4 highest,15,0.280187074829932,0.3656462585034014,0.11326226919339165
F23,10,mid1,Q4 highest,21,0.07669946332737029,0.23591234347048298,0.10057251480890038
F23,10,mid2,Q4 highest,15,0.14746543778801843,0.2541651896490606,0.11330816214694042
F23,11,mid1,Q1 lowest,12,0.24145077720207253,0.34922279792746114,0.1395119332062606
F23,11,mid2,Q1 lowest,9,0.23422013562858635,0.4637454355764215,0.15830056363607173
F23,12,mid2,Q4 highest,12,0.16871832005792906,0.30629978276611153,0.12395545001182386
F23,14,mid1,Q1 lowest,4,0.0,0.0,0.3174222222222222
F23,14,mid2,Q1 lowest,7,0.1780821917808219,0.1780821917808219,0.24897844294407573
F23,15,mid1,Q4 highest,17,0.29319012797074956,0.45566727605118834,0.09076932846271335
F23,17,mid1,Q4 highest,12,0.17753338570306362,0.2906520031421838,0.16150343498943864
F23,17,mid2,Q4 highest,11,0.17081260364842454,0.3374792703150912,0.15256223030783067
F23,18,mid2,Q4 highest,21,0.25657472738935216,0.4081676288218944,0.09523679560639323
F23,19,mid2,Q1 lowest,14,0.0,0.19344153693275917,0.16275425123055803
F23,21,mid1,Q4 highest,20,0.19949012109623965,0.36647546207775655,0.08733118284025135
F23,23,mid1,Q4 highest,11,0.4970911441499677,0.6328377504848093,0.2892396777715611
F23,23,mid2,Q4 highest,8,0.19510537049626103,0.21753908905506458,0.19651767389563282
F23,24,mid2,Q4 highest,10,0.06682867557715674,0.06682867557715674,0.19763364627824886
F23,26,mid1,Q4 highest,16,0.10366074664733599,0.2682131206959043,0.07992229720098878
F23,26,mid2,Q1 lowest,13,0.1799919646444355,0.3423061470470068,0.11147562735255696
F23,29,mid1,Q4 highest,14,0.34072645451623274,0.4223722275795564,0.11365680059588848
F23,29,mid2,Q4 highest,14,0.19715909090909092,0.35454545454545455,0.12307722107438016
F23,31,mid2,Q4 highest,18,0.32090112640801,0.4397997496871089,0.09824025964871608
F23,32,mid1,Q4 highest,17,0.2553694158075601,0.3672680412371133,0.12709278055289852
F23,32,mid2,Q4 highest,20,0.1717572391907973,0.35303451011503373,0.08068346476664641
F23,33,mid1,Q4 highest,21,0.104542626011201,0.2016179215930305,0.08105794151210732
F23,33,mid2,Q4 highest,15,0.21166928309785452,0.4309262166405024,0.11566528958320837
F23,35,mid2,Q4 highest,16,0.20740169622205087,0.3535080956052428,0.13860287277026814
F23,37,mid2,Q4 highest,13,0.08552803129074316,0.1955671447196871,0.25015834054350833
F23,38,mid1,Q4 highest,20,0.20657015590200448,0.3908685968819599,0.09210857364574362
F23,38,mid2,Q4 highest,12,0.20281810418445773,0.4850555081127242,0.10888421510150295
F23,39,mid2,Q1 lowest,14,0.09482758620689655,0.20935960591133004,0.14540664660632388
F23,40,mid2,Q4 highest,12,0.5029436501261565,0.595878889823381,0.14525390794930546
F23,41,mid1,Q4 highest,9,0.29213483146067415,0.31753786028334147,0.1734059088699394
F23,42,mid1,Q4 highest,21,0.2940226171243942,0.3884401364207503,0.11796005167025009
F23,43,mid1,Q1 lowest,15,0.0,0.34209354120267266,0.1428982991155798
F23,43,mid2,Q1 lowest,13,0.2609375,0.40390624999999997,0.16825439453125
F23,44,mid2,Q4 highest,10,0.010296010296010296,0.3359073359073359,0.23385161222999062
F23,45,mid1,Q4 highest,18,0.28015673103834315,0.39322698012874335,0.09495423469033265
F23,45,mid2,Q4 highest,14,0.31431535269709543,0.3772475795297372,0.13582013815954347
F23,46,mid1,Q1 lowest,18,0.276171875,0.34687500000000004,0.11830566406250001
F23,46,mid2,Q4 highest,16,0.1652892561983471,0.3801652892561983,0.12283996994740796
F23,48,mid1,Q4 highest,19,0.2690483717989251,0.4166930129623775,0.0936211245082122
F23,48,mid2,Q4 highest,9,0.3904080774084981,0.4181741691207404,0.16844907434856796
F23,51,mid1,Q1 lowest,20,0.15022590361445784,0.23230421686746988,0.07322872060531282
F23,51,mid2,Q4 highest,18,0.10798750557786702,0.2605979473449353,0.10532864762635251
F23,52,mid1,Q4 highest,19,0.3447287163652404,0.3506837229819144,0.11575754934194205
F23,52,mid2,Q1 lowest,13,0.06490299823633157,0.16261022927689595,0.1232421638065377
F23,54,mid1,Q1 lowest,19,0.21460775473399457,0.2813345356176735,0.10139219431256628
F23,54,mid2,Q1 lowest,18,0.29421326397919373,0.4496098829648894,0.15518968109158363
F23,57,mid1,Q4 highest,21,0.30588488898469496,0.4850183229144212,0.0680415036560096
F23,58,mid1,Q4 highest,18,0.3598947116535056,0.48600143575017946,0.10178348756739634
F23,58,mid2,Q4 highest,24,0.20434932688988608,0.5077666551605109,0.08516815212051462
F23,59,mid1,Q4 highest,18,0.33304976605699704,0.37622288387920033,0.1059764245953784
F23,59,mid2,Q4 highest,13,0.3654141104294478,0.5007668711656441,0.12073045654710378
F23,60,mid2,Q4 highest,15,0.17673716012084592,0.4219536757301108,0.12179402342074279
F23,61,mid2,Q1 lowest,19,0.2880098887515451,0.41192830655129786,0.10763452262174149
F23,62,mid1,Q4 highest,11,0.0062678062678062675,0.1492877492877493,0.196075356531197
F23,62,mid2,Q4 highest,8,0.15890688259109312,0.6538461538461539,0.30832950876100246
F23,63,mid1,Q4 highest,18,0.3165033911077619,0.4054257724189902,0.09379509338536647
F23,63,mid2,Q4 highest,16,0.12479474548440064,0.3936781609195402,0.08558911079294976
F23,64,mid2,Q1 lowest,18,0.19496221662468513,0.3239294710327456,0.10246496075731715
F23,66,mid1,Q4 highest,17,0.24681238615664847,0.4395871281117183,0.09579025211521452
F23,66,mid2,Q4 highest,12,0.10744580584354382,0.12158341187558906,0.11216189446585788
F23,68,mid2,Q1 lowest,13,0.2143864598025388,0.36483309826046073,0.1724908816702618
F23,69,mid2,Q4 highest,18,0.11182294700058241,0.34362259755387303,0.13179690301072997
F23,70,mid1,Q1 lowest,17,0.5814102564102565,0.5891025641025641,0.23482129812258018
F23,70,mid2,Q1 lowest,11,0.33484162895927605,0.33484162895927605,0.17973900315434216
F23,72,mid2,Q1 lowest,6,0.10185185185185185,0.74,0.44199890260631
F23,73,mid1,Q1 lowest,10,0.16568047337278108,0.32938856015779094,0.17323588541916568
F23,74,mid1,Q1 lowest,22,0.16049959145558537,0.31679701178942454,0.08813483441290001
F23,74,mid2,Q1 lowest,13,0.3024779848453819,0.42330534507474915,0.16735485016601245
F23,75,mid1,Q1 lowest,11,0.1338954468802698,0.24283305227655985,0.14905237893467638
F23,75,mid2,Q1 lowest,14,0.2522704339051463,0.3683148335015136,0.13618010010262788
F23,76,mid1,Q1 lowest,13,0.111729356777209,0.2951257511684843,0.146854896919307
F23,76,mid2,Q1 lowest,9,0.09696969696969697,0.3393939393939394,0.1844077134986226
F23,77,mid1,Q1 lowest,15,0.1704059829059829,0.17147435897435898,0.1027330338227774
F23,77,mid2,Q1 lowest,10,0.12137592137592138,0.22063882063882062,0.18909598005421102
F23,80,mid1,Q1 lowest,10,0.31655524970507276,0.41289815178922534,0.13231374352486042
F23,81,mid2,Q1 lowest,2,0.6680327868852459,1.0,0.556470034936845
F23,82,mid1,Q4 highest,10,0.24559777571825764,0.25023169601482853,0.15314440910430058
F23,82,mid2,Q4 highest,15,0.36731107205623903,0.6212653778558875,0.23799963553361891
F23,83,mid2,Q1 lowest,5,0.01225114854517611,0.03215926493108729,0.678407350689127
F23,84,mid1,Q1 lowest,12,0.3333333333333333,0.46247086247086244,0.16736379393722048
F23,86,mid1,Q4 highest,20,0.21700069108500347,0.38078783690393925,0.09089319990505343
F23,88,mid2,Q1 lowest,7,0.014979029358897543,0.3996405032953865,0.20164807017329722
F23,89,mid1,Q1 lowest,9,0.3068932955618508,0.3068932955618508,0.19331312790854235
F23,90,mid1,Q1 lowest,9,0.30193236714975846,0.41207729468599036,0.17684893463091322
F23,92,mid2,Q4 highest,13,0.31024318349299923,0.6529108327192336,0.2091358489971756
F23,93,mid2,Q1 lowest,9,0.5420528664606934,0.6155166495022313,0.20744478066232214
F23,95,mid1,Q4 highest,17,0.1362530413625304,0.4592457420924574,0.1559937781566531
F23,95,mid2,Q4 highest,8,0.517428350116189,0.6460108443067389,0.19221014699273586
F23,96,mid1,Q1 lowest,13,0.548918918918919,0.6535135135135135,0.14983272461650837
F23,96,mid2,Q1 lowest,16,0.30695142378559465,0.4250418760469012,0.12410566231492469
F23,98,mid1,Q1 lowest,6,0.12255892255892256,0.24242424242424243,0.19027944994274962
F23,98,mid2,Q1 lowest,7,0.1291390728476821,0.5225165562913907,0.25696943116529974
F23,100,mid1,Q1 lowest,16,0.16203104786545924,0.2561448900388098,0.18838541727681835
F23,100,mid2,Q1 lowest,12,0.2764127764127764,0.4643734643734644,0.14641350083610527
F23,101,mid1,Q1 lowest,10,0.07894736842105263,0.3014354066985646,0.14744651246791765
F23,104,mid1,Q1 lowest,8,0.5296590378327883,0.6352171882297991,0.20355349538960543
F23,104,mid2,Q1 lowest,4,0.0,0.25533980582524274,0.45664435856348384
F23,105,mid1,Q1 lowest,10,0.1343784994400896,0.3475177304964539,0.1444237255994497
F23,105,mid2,Q1 lowest,9,0.1780330222541278,0.32160804020100503,0.1819027451893866
F23,106,mid1,Q4 highest,11,0.05172413793103448,0.24876847290640394,0.14293263877092652
F23,106,mid2,Q4 highest,17,0.30647130647130644,0.37179487179487175,0.17600307710197818
F23,107,mid2,Q1 lowest,8,0.4250304754164974,0.646485168630638,0.21673052896208897
F23,108,mid1,Q1 lowest,9,0.12187195320116997,0.2268443288917777,0.21495630142558103
F23,108,mid2,Q1 lowest,6,0.3079497907949791,0.5338912133891214,0.29528124507624165
F23,110,mid1,Q1 lowest,5,0.06010518407212622,0.6018031555221638,0.449133278504099
F23,110,mid2,Q1 lowest,2,0.0,0.0,0.5013850415512464
F23,111,mid1,Q1 lowest,21,0.10217344981887919,0.43234604730449605,0.1864950764041943
F23,112,mid1,Q4 highest,13,0.38027397260273976,0.5183561643835617,0.12739320698067177
F23,112,mid2,Q4 highest,8,0.1423927178153446,0.6235370611183355,0.1946636656796779
F23,113,mid1,Q1 lowest,11,0.2294010889292196,0.2294010889292196,0.17529019996640327
F23,113,mid2,Q1 lowest,6,0.0,0.43259557344064387,0.2708605759304317
F23,114,mid1,Q4 highest,21,0.4049159120310479,0.475636050021561,0.13731867221321292
F23,115,mid2,Q1 lowest,9,0.24550898203592816,0.4281437125748503,0.18534388309209926
F23,116,mid1,Q4 highest,22,0.15162980209545984,0.4438300349243306,0.09194978594109349
F23,116,mid2,Q4 highest,14,0.1569832402234637,0.5195530726256983,0.1793402203426859
F23,118,mid2,Q1 lowest,14,0.5029711375212224,0.6196943972835314,0.18888089795659532
F23,121,mid2,Q4 highest,10,0.10206185567010309,0.21804123711340206,0.16899989371877988
F23,122,mid1,Q4 highest,17,0.17458100558659218,0.1843575418994413,0.1031110530258107
F23,122,mid2,Q4 highest,14,0.26057529610829105,0.3886068809926678,0.17490247425743488
F23,124,mid1,Q1 lowest,16,0.21712662337662336,0.5280032467532467,0.13582207159723392
F23,126,mid2,Q1 lowest,9,0.07782672540381791,0.1776798825256975,0.1652534626911515
F23,127,mid1,Q1 lowest,14,0.3215424760800232,0.49840533487967525,0.10314510380770169
F23,128,mid1,Q1 lowest,7,0.17651195499296765,0.17651195499296765,0.18977055354772604
F23,128,mid2,Q1 lowest,5,0.10606060606060606,0.61489898989899,0.3906265942250791
F23,129,mid1,Q1 lowest,8,0.05019815059445178,0.14663143989431968,0.2728649731523831
F23,129,mid2,Q1 lowest,2,0.0,0.0,0.6958749547124892
F23,131,mid2,Q4 highest,8,0.1787878787878788,0.1787878787878788,0.20329354147535966
F23,132,mid1,Q1 lowest,12,0.49724409448818896,0.6488188976377953,0.13899094798189598
F23,132,mid2,Q1 lowest,6,0.13947990543735225,0.6926713947990544,0.3577340732916409
F23,134,mid1,Q1 lowest,13,0.30301339285714285,0.5368303571428571,0.12370829679528061
F23,135,mid1,Q1 lowest,15,0.39740698985343853,0.47294250281848926,0.16227712468476913
F23,135,mid2,Q1 lowest,15,0.28937839468919735,0.40585395292697646,0.1477368374471755
F23,136,mid1,Q4 highest,11,0.0975896531452087,0.2616108171663727,0.11512023393922931
F23,137,mid1,Q1 lowest,15,0.18927613941018767,0.21662198391420912,0.13450739960755848
F23,137,mid2,Q1 lowest,9,0.18493150684931509,0.45547945205479456,0.18939085923979904
F23,138,mid2,Q1 lowest,11,0.23365172667156503,0.29390154298310067,0.12294899210234078
F23,140,mid1,Q1 lowest,12,0.15304798962386512,0.44314742758322523,0.12237098943937805
F23,140,mid2,Q1 lowest,7,0.4705573080967403,0.6019978969505784,0.20061510325618834
F23,141,mid1,Q1 lowest,10,0.33070244672454613,0.46645619573796365,0.17293147838177422
F23,141,mid2,Q1 lowest,5,0.0,0.12751677852348994,0.39885590739155896
F23,142,mid2,Q1 lowest,9,0.11043990086741017,0.5096034696406444,0.28905845728745844
F23,143,mid1,Q1 lowest,15,0.2685624012638231,0.3630858346498157,0.09343017763014318
F23,145,mid1,Q1 lowest,10,0.08691631992602866,0.2561257512713824,0.16593300216369578
F23,145,mid2,Q1 lowest,7,0.11032388663967611,0.3441295546558705,0.21245994443442773
F23,146,mid2,Q4 highest,13,0.24137931034482757,0.34420062695924764,0.11460854354811764
F23,147,mid1,Q4 highest,5,0.04864091559370529,0.20028612303290413,0.5330586715950234
F23,152,mid1,Q1 lowest,8,0.1786339754816112,0.5761821366024518,0.24994368465588343
F23,152,mid2,Q1 lowest,10,0.5690586419753086,0.5690586419753086,0.24335889870065538
F24,1,mid1,Q4 highest,2,0.6540084388185654,0.6540084388185654,0.5474371984546637
F24,3,mid1,Q4 highest,16,0.08654453569172457,0.1572962728995578,0.206432328008144
F24,4,mid2,Q4 highest,16,0.16876310272536688,0.370020964360587,0.08794825177352239
F24,6,mid1,Q1 lowest,23,0.068215892053973,0.3003498250874562,0.06671164667541292
F24,6,mid2,Q4 highest,19,0.09799147900182592,0.2638466220328667,0.1015672087155564
F24,7,mid1,Q4 highest,15,0.14934441957147426,0.36008954269267673,0.09083752116585904
F24,8,mid2,Q4 highest,13,0.15192672141503474,0.29911560328490205,0.14083065929895539
F24,9,mid1,Q4 highest,16,0.06551326412918108,0.23344867358708188,0.10725313261202438
F24,9,mid2,Q4 highest,15,0.09922928709055877,0.11801541425818883,0.12144343464718353
F24,10,mid2,Q4 highest,12,0.12158808933002481,0.41780397022332505,0.12138874692904951
F24,11,mid1,Q1 lowest,7,0.0,0.1398176291793313,0.17048633245360917
F24,12,mid2,Q4 highest,17,0.2798937112488928,0.47962798937112483,0.11646534200610209
F24,13,mid2,Q1 lowest,16,0.2102661596958175,0.47718631178707227,0.11222281657968165
F24,14,mid2,Q4 highest,11,0.13757434703904833,0.1973105766744246,0.14081508582932278
F24,16,mid1,Q4 highest,20,0.22004953721809412,0.4030765219658454,0.07987960962908844
F24,16,mid2,Q4 highest,17,0.11206581352833637,0.1952468007312614,0.12761614790998935
F24,17,mid1,Q4 highest,24,0.06818181818181818,0.300767414403778,0.07228373215278872
F24,17,mid2,Q4 highest,13,0.020765472312703582,0.16734527687296416,0.11053466084520791
F24,18,mid1,Q4 highest,21,0.049503254539225765,0.2262761219595752,0.07252415656668618
F24,19,mid1,Q4 highest,18,0.22134467395706764,0.350546780072904,0.10100835618863047
F24,19,mid2,Q4 highest,12,0.24622871046228711,0.37445255474452555,0.13330112893009158
F24,21,mid1,Q4 highest,21,0.3074400138097704,0.46366304160193333,0.07658608911169748
F24,23,mid2,Q4 highest,7,0.623199393479909,0.7566338134950721,0.2623147662236365
F24,24,mid2,Q1 lowest,16,0.15800203873598367,0.29493713897383617,0.09939755801963435
F24,25,mid2,Q1 lowest,15,0.17598217901984609,0.32725799918995546,0.10193298480748154
F24,27,mid1,Q4 highest,22,0.3128774595752971,0.4324956165984804,0.09490543933473637
F24,27,mid2,Q4 highest,13,0.14429530201342283,0.29488255033557054,0.11022518692851674
F24,29,mid2,Q4 highest,16,0.04158493526873284,0.08826990976853669,0.1123506152690899
F24,30,mid1,Q1 lowest,12,0.28039793662490786,0.4159911569638909,0.15924741874469509
F24,30,mid2,Q1 lowest,6,0.0,0.01021566401816118,0.3136424015120574
F24,32,mid1,Q1 lowest,14,0.05800169348010161,0.18035563082133785,0.12959424589589186
F24,33,mid1,Q4 highest,24,0.11244619799139167,0.37392395982783355,0.08705652581570124
F24,33,mid2,Q4 highest,16,0.09887522887784463,0.37012817159298983,0.11031219345113613
F24,38,mid1,Q4 highest,17,0.10662251655629139,0.28410596026490065,0.10549888162799877
F24,40,mid1,Q4 highest,23,0.1858718610654776,0.4010795587890167,0.058382239245927045
F24,40,mid2,Q4 highest,16,0.03572757722366952,0.13248976553777447,0.18940095172153784
F24,41,mid2,Q4 highest,17,0.08139534883720931,0.19226608977825851,0.12864144476382217
F24,43,mid1,Q4 highest,21,0.4388453195394627,0.5329551143000167,0.12587985387813674
F24,44,mid2,Q4 highest,20,0.20513560300057707,0.4096941719561455,0.08157356817808743
F24,45,mid1,Q1 lowest,22,0.1875,0.3521440129449838,0.07438783632345701
F24,45,mid2,Q4 highest,16,0.10482297184276554,0.11625313632562029,0.13718303613030017
F24,49,mid1,Q1 lowest,12,0.16056670602125148,0.2535419126328217,0.1422473094148526
F24,49,mid2,Q1 lowest,5,0.37724550898203596,0.6450734893848666,0.22835419871396911
F24,51,mid1,Q4 highest,21,0.2473351099267155,0.36442371752165226,0.0857610027691954
F24,52,mid1,Q1 lowest,11,0.2174982431482783,0.3836964160224877,0.13321825110905122
F24,52,mid2,Q1 lowest,11,0.10478723404255319,0.2377659574468085,0.1754940018107741
F24,54,mid2,Q1 lowest,2,0.0,0.0,0.6257949105568152
F24,55,mid1,Q4 highest,21,0.2863413374644978,0.517428350116189,0.07735126811242757
F24,56,mid1,Q4 highest,17,0.1536919478783829,0.3264283327764784,0.08345890941208292
F24,56,mid2,Q4 highest,14,0.14886039886039887,0.27386039886039887,0.10125907054325857
F24,57,mid1,Q1 lowest,19,0.08617193836171938,0.3471208434712084,0.08971131475660221
F24,57,mid2,Q1 lowest,14,0.16417189763399326,0.4476098503138581,0.10975204014137427
F24,58,mid1,Q1 lowest,16,0.038434163701067614,0.13594306049822064,0.19256468383125847
F24,59,mid1,Q4 highest,19,0.2081759608975783,0.22883803599200178,0.11086277156509346
F24,60,mid1,Q1 lowest,16,0.04996096799375488,0.23419203747072603,0.1022331155679846
F24,61,mid2,Q4 highest,14,0.37371601208459215,0.47401812688821754,0.14390047553417734
F24,63,mid2,Q1 lowest,17,0.2854319593450028,0.48560135516657255,0.09858929276845954
F24,65,mid1,Q4 highest,19,0.1924260355029586,0.3659171597633136,0.10319890760127448
F24,65,mid2,Q1 lowest,12,0.16568047337278108,0.41301775147929,0.1232484856972795
F24,66,mid2,Q1 lowest,17,0.189718482252142,0.4806201550387597,0.0975233715878131
F24,67,mid1,Q1 lowest,17,0.04757630161579892,0.09186116098144823,0.11796044825643631
F24,67,mid2,Q1 lowest,13,0.10329444063143445,0.33287577213452296,0.12509910031283433
F24,68,mid1,Q4 highest,18,0.4117799688635184,0.5119356512714064,0.12422478589966038
F24,69,mid2,Q4 highest,12,0.10604490500863559,0.2338514680483592,0.11729889840443145
F24,70,mid1,Q4 highest,18,0.13658940397350994,0.3192604856512141,0.08975666271947136
F24,70,mid2,Q4 highest,10,0.417447018235584,0.5943814687037949,0.1938445035890383
F24,73,mid1,Q4 highest,21,0.08066211245401997,0.30635838150289013,0.07215754972719182
F24,73,mid2,Q1 lowest,12,0.2326129666011788,0.45265225933202363,0.11547539186586434
F24,74,mid1,Q1 lowest,23,0.11093937832732269,0.2691052721964623,0.08274367467871034
F24,74,mid2,Q4 highest,18,0.38151086581579857,0.40151776474646433,0.12900203124603993
F24,75,mid1,Q1 lowest,18,0.08807658833768495,0.47119234116623154,0.10317577399199063
F24,75,mid2,Q1 lowest,12,0.16455696202531644,0.29646902065289804,0.11520301145006148
F24,76,mid1,Q4 highest,22,0.30849220103986136,0.3873483535528597,0.11245199802360262
F24,78,mid1,Q1 lowest,22,0.08218451749734888,0.20890774125132555,0.075196161155212
F24,79,mid1,Q1 lowest,19,0.09100418410041841,0.27573221757322175,0.0886646767388526
F24,79,mid2,Q1 lowest,13,0.05786163522012579,0.4373165618448637,0.12088639250381271
F24,80,mid1,Q4 highest,21,0.17841287458379576,0.29189789123196447,0.07574947554881059
F24,80,mid2,Q4 highest,10,0.09123222748815166,0.21721958925750395,0.1617276740813948
F24,81,mid2,Q4 highest,16,0.08459968246767974,0.31322295305057835,0.11214360243056315
F24,82,mid1,Q1 lowest,8,0.0,0.08440090429540316,0.17063777131275593
F24,82,mid2,Q1 lowest,6,0.19708029197080293,0.3474452554744526,0.2673323032660238
F24,83,mid2,Q4 highest,11,0.030254777070063694,0.1464968152866242,0.14983704545147197
F24,84,mid2,Q1 lowest,13,0.6021546748749519,0.7549057329742208,0.18196968348882517
F24,85,mid1,Q1 lowest,8,0.0,0.0,0.22325590618046448
F24,86,mid1,Q1 lowest,15,0.03151199768719283,0.1344319167389419,0.12428538629655067
F24,86,mid2,Q1 lowest,7,0.06047197640117994,0.21165191740412978,0.1773971358585463
F24,87,mid1,Q1 lowest,8,0.44632086851628466,0.44632086851628466,0.2376386158567373
F24,87,mid2,Q1 lowest,9,0.2616740088105727,0.5013215859030837,0.1763674823885579
F24,89,mid1,Q1 lowest,10,0.07047872340425532,0.07047872340425532,0.13641832968663548
F24,89,mid2,Q1 lowest,11,0.37311767986614613,0.5108756274400447,0.16038171621746464
F24,91,mid1,Q4 highest,9,0.10479041916167664,0.38822355289421157,0.19965259102553373
F24,92,mid1,Q1 lowest,5,0.0,0.32831608654750705,0.29897722857883713
F24,93,mid1,Q1 lowest,11,0.0,0.16504281074697372,0.17016965735624556
F24,93,mid2,Q1 lowest,10,0.15275177836016474,0.23474354174466494,0.16709654187460166
F24,96,mid1,Q4 highest,13,0.15471698113207547,0.44150943396226416,0.15288002847988608
F24,97,mid1,Q1 lowest,14,0.21517412935323382,0.21517412935323382,0.12406664851530075
F24,97,mid2,Q1 lowest,11,0.08789625360230548,0.2824207492795389,0.30955742510941875
F24,98,mid1,Q1 lowest,10,0.24892561983471073,0.46082644628099173,0.1623627894269517
F24,98,mid2,Q1 lowest,11,0.04695259593679458,0.14221218961625282,0.1903587788982364
F24,99,mid1,Q1 lowest,13,0.31377807576265504,0.42474019443513245,0.10926156702709923
F24,100,mid1,Q1 lowest,17,0.030944625407166124,0.14250814332247558,0.1169176861292958
F24,102,mid1,Q4 highest,17,0.14322916666666669,0.2765625,0.11697808159722223
F24,103,mid1,Q1 lowest,15,0.15694330320460148,0.4494658997534922,0.15196318384648053
F24,104,mid2,Q1 lowest,9,0.2111913357400722,0.3109205776173285,0.17077677605598926
F24,105,mid1,Q1 lowest,19,0.04006677796327212,0.22954924874791321,0.10940604959294986
F24,105,mid2,Q1 lowest,14,0.2318840579710145,0.31822386679000925,0.14695823895086918
F24,106,mid1,Q1 lowest,7,0.02716390423572744,0.02716390423572744,0.1960715484875309
F24,106,mid2,Q1 lowest,7,0.24027916251246262,0.47058823529411764,0.17968725925911203
F24,107,mid2,Q1 lowest,6,0.09625275532696546,0.31227038941954444,0.2723906925419514
F24,108,mid1,Q1 lowest,19,0.19536213468869124,0.3440279542566709,0.09150764729910602
F24,108,mid2,Q1 lowest,21,0.2932692307692308,0.36899038461538464,0.09489973621255546
F24,109,mid1,Q1 lowest,11,0.27054980947196516,0.3987479586281981,0.14728058605410052
F24,110,mid2,Q1 lowest,9,0.22718293164757014,0.3235875148162782,0.1544678464324088
F24,111,mid1,Q1 lowest,24,0.14724974376494704,0.5857533310556884,0.1650446130876963
F24,111,mid2,Q1 lowest,12,0.3661308203991131,0.6513303769401331,0.10851363193887938
F24,114,mid1,Q1 lowest,14,0.1673913043478261,0.3807453416149068,0.13128872342888007
F24,114,mid2,Q1 lowest,15,0.17487091222030982,0.18623063683304647,0.16279878303477002
F24,116,mid1,Q1 lowest,15,0.04081632653061224,0.265740338688667,0.13444507522801066
F24,116,mid2,Q1 lowest,15,0.22478120681713495,0.38645785352372175,0.11481886879962216
F24,117,mid1,Q4 highest,20,0.25245499181669395,0.38175122749590834,0.12424729656247574
F24,117,mid2,Q4 highest,10,0.10805084745762712,0.3495762711864407,0.13826396868715887
F24,118,mid1,Q1 lowest,16,0.6250237687773341,0.6250237687773341,0.18685229290827907
F24,119,mid1,Q1 lowest,11,0.2263088137839629,0.3820410868124586,0.15035631143556155
F24,119,mid2,Q1 lowest,10,0.09264184397163121,0.2925531914893617,0.17648445752225744
F24,120,mid2,Q4 highest,6,0.38146551724137934,0.5969827586206897,0.24614484244946494
F24,122,mid1,Q4 highest,12,0.21309823677581863,0.3370277078085642,0.1391395161443826
F24,122,mid2,Q4 highest,8,0.15151515151515152,0.5885167464114832,0.293611003004103
F24,123,mid1,Q1 lowest,17,0.2009132420091324,0.3458904109589041,0.10226114707783407
F24,123,mid2,Q1 lowest,11,0.22524752475247523,0.36287128712871286,0.1512459562787962
F24,125,mid1,Q4 highest,12,0.3163716814159292,0.47787610619469023,0.13764904260317956
F24,126,mid1,Q1 lowest,13,0.014878621769772905,0.3598277212216131,0.11878644459011892
F24,126,mid2,Q1 lowest,9,0.22207176709546378,0.3493568043331077,0.19868862618832936
F24,127,mid1,Q4 highest,7,0.09535452322738386,0.21271393643031783,0.16474300727518365
F24,128,mid2,Q1 lowest,12,0.16384647131654972,0.26784977300866697,0.18460741051373641
F24,131,mid1,Q1 lowest,12,0.19295058139534885,0.25908430232558144,0.13198725451257437
F24,132,mid1,Q4 highest,11,0.40703517587939697,0.48827470686767166,0.15494067209301673
F24,132,mid2,Q4 highest,10,0.12421580928481807,0.24466750313676286,0.18425746486589453
F24,133,mid1,Q1 lowest,14,0.3114754098360656,0.4265938069216758,0.15063241329657168
F24,133,mid2,Q1 lowest,18,0.33633440514469454,0.4842443729903537,0.13900125102097785
F24,135,mid1,Q4 highest,12,0.08159300631374454,0.5254978144730452,0.15345015109160767
F24,135,mid2,Q4 highest,11,0.454136690647482,0.6357913669064749,0.2112791780963718
F24,137,mid1,Q1 lowest,17,0.39305485656769,0.5460493205837946,0.13105024126373516
F24,137,mid2,Q1 lowest,13,0.26483790523690776,0.3336658354114713,0.14961872127660897
F24,139,mid1,Q1 lowest,9,0.01849217638691323,0.11664295874822192,0.20507315730794057
F24,140,mid1,Q4 highest,18,0.3473938742611499,0.4637291778613649,0.10457101724038863
F24,140,mid2,Q4 highest,11,0.1563998524529694,0.4367392106233862,0.15876939463129636
F24,142,mid1,Q1 lowest,9,0.2972972972972973,0.6672297297297298,0.23674328889700516
F24,142,mid2,Q1 lowest,8,0.07124352331606218,0.3069948186528497,0.19924360385513706
F24,143,mid1,Q4 highest,9,0.1111111111111111,0.25857338820301784,0.12398083700730655
F24,143,mid2,Q4 highest,9,0.29395604395604397,0.4684065934065934,0.15528676337398867
F24,144,mid2,Q4 highest,11,0.046709129511677286,0.0865180467091295,0.2276298114415279
F24,149,mid1,Q4 highest,8,0.38072669826224326,0.38072669826224326,0.16824644549763035
F24,150,mid1,Q4 highest,11,0.037376826367652057,0.145769622833843,0.1358331806417296
F24,150,mid2,Q4 highest,7,0.10172413793103448,0.32068965517241377,0.22207788347205704
F24,151,mid1,Q4 highest,7,0.2413134784268805,0.3669339442535319,0.23257028082589112
F24,151,mid2,Q4 highest,15,0.07184579439252337,0.2926401869158879,0.17803479015634555
F25,1,mid1,Q1 lowest,13,0.02792976205624125,0.18233871993892353,0.15456323089541604
F25,1,mid2,Q1 lowest,8,0.025615268709191362,0.06454043194374687,0.4636536185814569
F25,2,mid1,Q4 highest,21,0.1681491681863858,0.17094048903941347,0.0913665625817875
F25,2,mid2,Q4 highest,18,0.55093592512599,0.662347012239021,0.1388494320022433
F25,5,mid1,Q4 highest,22,0.10880846251081099,0.38863016432705744,0.08401890522653954
F25,8,mid2,Q1 lowest,13,0.057378164987748434,0.10032670841274163,0.1511442521860429
F25,9,mid1,Q1 lowest,18,0.08134266886326194,0.08587314662273476,0.16458256434404764
F25,9,mid2,Q1 lowest,16,0.03396984924623116,0.07417085427135679,0.21070825484204947
F25,10,mid2,Q4 highest,13,0.4109964985331693,0.44960726790952965,0.19184443259573586
F25,11,mid1,Q1 lowest,15,0.02201608408312764,0.2385938370889402,0.17441040974711475
F25,12,mid1,Q4 highest,23,0.19368930407607782,0.33421821969824256,0.13340924459388026
F25,13,mid1,Q4 highest,23,0.07850058082387633,0.2363953176659816,0.09679755697452128
F25,13,mid2,Q1 lowest,18,0.2342686567164179,0.27773134328358207,0.1781005658275785
F25,15,mid2,Q1 lowest,9,0.43721190110350605,0.5229780695627881,0.27947119994912906
F25,16,mid2,Q4 highest,8,0.03192446043165468,0.16052158273381295,0.40080599638993836
F25,17,mid2,Q4 highest,14,0.3307970678296372,0.37552194488262036,0.1489705655998009
F25,19,mid1,Q4 highest,16,0.0,0.4116715986511596,0.1293388872565314
F25,19,mid2,Q4 highest,14,0.6630748317363483,0.668048141639866,0.2517270166699656
F25,20,mid1,Q1 lowest,20,0.2841689398927664,0.317279653842536,0.14551016274278256
F25,21,mid2,Q4 highest,14,0.2737507906388362,0.3148640101201771,0.2741295611509381
F25,22,mid1,Q4 highest,21,0.008128311198200159,0.19105160026126713,0.16394004596240042
F25,22,mid2,Q4 highest,17,0.4545524513199415,0.48295235896251826,0.2493105757903884
F25,23,mid1,Q1 lowest,20,0.08683781581092094,0.23740831295843523,0.1366893796134116
F25,24,mid1,Q4 highest,19,0.14701590803943201,0.26687782483362393,0.107669089671066
F25,24,mid2,Q4 highest,12,0.6672516085902899,0.6810395253614104,0.4131499991596203
F25,25,mid1,Q1 lowest,19,0.017550685168374183,0.09717719275493883,0.15321756086426894
F25,26,mid2,Q1 lowest,15,0.07495373226403454,0.13695249845774213,0.2669304901240314
F25,29,mid1,Q1 lowest,17,0.04477744280900869,0.1123426139386416,0.16237325470737907
F25,29,mid2,Q1 lowest,9,0.2021978021978022,0.4197802197802198,0.1697910880328463
F25,31,mid2,Q1 lowest,10,0.01951219512195122,0.0949343339587242,0.3088463278917679
F25,32,mid2,Q4 highest,15,0.47615889159112684,0.49635197877514925,0.27962148094990136
F25,33,mid1,Q1 lowest,17,0.06738026622752848,0.3494579387951146,0.23224684182514815
F25,34,mid1,Q4 highest,11,0.24704565801253356,0.39256938227394805,0.19571196828696893
F25,34,mid2,Q4 highest,9,0.4083368779242876,0.449808592088473,0.26999660406777315
F25,35,mid2,Q1 lowest,4,0.0,0.0,0.37840254315140504
F25,36,mid1,Q4 highest,22,0.21855244163472548,0.29971626263129075,0.10306209149859559
F25,38,mid2,Q1 lowest,16,0.07431439764936337,0.16050440744368266,0.16320066315503706
F25,39,mid1,Q1 lowest,17,0.12525579809004092,0.29237721691678037,0.11381658369611139
F25,40,mid1,Q1 lowest,17,0.1290029615004936,0.2977295162882527,0.10265718180923415
F25,41,mid1,Q4 highest,18,0.1535028712059065,0.31251845775225595,0.10585157376270306
F25,45,mid1,Q1 lowest,19,0.18024819027921407,0.18862461220268872,0.1173789874546701
F25,46,mid1,Q4 highest,4,0.09865689865689865,0.6317460317460317,0.363707430813658
F25,46,mid2,Q1 lowest,9,0.33006050919054686,0.33006050919054686,0.2508534760280037
F25,47,mid2,Q1 lowest,12,0.24173124173124175,0.2965412965412966,0.2343722009191675
F25,48,mid2,Q4 highest,18,0.4528754497822107,0.4919512657029228,0.24181437990475393
F25,49,mid1,Q1 lowest,11,0.2145667829831465,0.36795604721954117,0.18321177056489052
F25,49,mid2,Q1 lowest,11,0.6193784739767559,0.6577817079332996,0.41713998117168116
F25,50,mid1,Q4 highest,18,0.04471350939079035,0.1314710649251597,0.08712535523711375
F25,50,mid2,Q4 highest,3,0.19014084507042256,0.19014084507042256,0.674386034516961
F25,52,mid1,Q1 lowest,12,0.1452298804461205,0.5328572574821471,0.13950748439886598
F25,52,mid2,Q1 lowest,10,0.21477663230240548,0.30343642611683846,0.19165196443121832
F25,53,mid1,Q1 lowest,18,0.2243104554201411,0.336241180243746,0.20952678914173778
F25,53,mid2,Q1 lowest,10,0.7311157311157311,0.7711365211365212,0.3363996092686321
F25,55,mid1,Q4 highest,21,0.21358298952713425,0.28078387813392575,0.14199677785867598
F25,56,mid1,Q4 highest,15,0.24322177321866473,0.2781404344972887,0.1315328740291137
F25,57,mid2,Q4 highest,21,0.20646304421194733,0.2086567667904151,0.14327913258914166
F25,58,mid2,Q1 lowest,16,0.6714260428343855,0.6939052451472063,0.20680196440960844
F25,59,mid1,Q4 highest,9,0.09371614301191765,0.6560130010834235,0.3237962840147998
F25,59,mid2,Q4 highest,8,0.012409147314305974,0.04821840099273178,0.3568536961625921
F25,60,mid1,Q1 lowest,20,0.030179173993631483,0.25573879568461577,0.11730926360815111
F25,60,mid2,Q1 lowest,19,0.2265850756416794,0.2892231854496005,0.16289188556418405
F25,61,mid1,Q1 lowest,22,0.15941506616549095,0.24375675814839604,0.155094445873238
F25,62,mid1,Q4 highest,18,0.017664272412875767,0.13226922053737694,0.1333491888687687
F25,62,mid2,Q4 highest,13,0.044474948524365135,0.07151681537405628,0.2275996267280433
F25,64,mid1,Q1 lowest,19,0.2801359883438562,0.3783875667799903,0.18767481679950918
F25,65,mid1,Q1 lowest,18,0.23917514312711913,0.4791840364626758,0.11003525156991752
F25,66,mid2,Q4 highest,17,0.39817292006525284,0.43588907014681894,0.21426512139106735
F25,68,mid2,Q4 highest,12,0.0465341735336888,0.11912263693650024,0.25202124944989024
F25,69,mid1,Q4 highest,17,0.14760670468290998,0.2006912044237083,0.14727617591122721
F25,69,mid2,Q4 highest,12,0.09115628641719539,0.1417842807199275,0.23219263851462887
F25,70,mid1,Q1 lowest,17,0.1554376936407079,0.2613558788006091,0.12187508521806403
F25,71,mid2,Q1 lowest,11,0.12255161461090525,0.19163578613022764,0.19273868578527548
F25,73,mid2,Q4 highest,10,0.01767852989067225,0.1872528494998837,0.27903918106641373
F25,74,mid1,Q1 lowest,23,0.23382624768946395,0.3008046101989779,0.08297069483244918
F25,75,mid1,Q1 lowest,23,0.13036082012713762,0.23424955979347598,0.10691919149935078
F25,78,mid1,Q1 lowest,24,0.18878300372305906,0.2886566246541654,0.07232062631193362
F25,78,mid2,Q1 lowest,20,0.37050325296593956,0.4177669345579793,0.1259071319636033
F25,79,mid2,Q1 lowest,15,0.02429055237650356,0.04717972673128576,0.22587848622206716
F25,80,mid1,Q4 highest,18,0.1678128489978252,0.4263798271909716,0.09247368858682095
F25,80,mid2,Q4 highest,16,0.4083597367779674,0.42602973434072633,0.2244448623665688
F25,81,mid1,Q1 lowest,13,0.037509297630432474,0.20773562851981725,0.131936606444747
F25,81,mid2,Q1 lowest,15,0.06683990183340552,0.15576728742601414,0.15386041681268092
F25,82,mid1,Q4 highest,20,0.160656576968611,0.36847662624388056,0.13915737675718823
F25,83,mid2,Q1 lowest,18,0.11640439749946109,0.11769777969389954,0.1901096539302447
F25,84,mid2,Q1 lowest,11,0.6329699865611468,0.6974764820068687,0.41402113886371295
F25,85,mid1,Q1 lowest,21,0.2033706452018614,0.3572716220181948,0.08307168351189394
F25,85,mid2,Q1 lowest,17,0.20237993322489514,0.35617669720058215,0.17536682946126847
F25,86,mid1,Q4 highest,18,0.024679442989107955,0.10699021094719427,0.09933338603960622
F25,86,mid2,Q4 highest,13,0.18189300411522633,0.297119341563786,0.12995173499974597
F25,87,mid1,Q4 highest,19,0.021654599088227408,0.19911504424778761,0.1277511443182564
F25,88,mid1,Q4 highest,20,0.049343474476860785,0.24671737238430394,0.11770674709183776
F25,89,mid1,Q4 highest,20,0.012748020972550633,0.20859463349439705,0.0951403668669111
F25,89,mid2,Q4 highest,15,0.060168799346583174,0.09338415464198203,0.24185102449208645
F25,90,mid1,Q4 highest,18,0.02993655828707375,0.22209555908009515,0.13476950024557882
F25,90,mid2,Q4 highest,13,0.04571575606827343,0.10609829316407925,0.19116300270132303
F25,93,mid1,Q1 lowest,16,0.08253342475145697,0.16823791566678092,0.1239297956525229
F25,93,mid2,Q1 lowest,6,0.004822763443453099,0.14058355437665782,0.34690095582473124
F25,94,mid2,Q4 highest,18,0.24746475389562209,0.3173386099431116,0.1449312911186198
F25,96,mid1,Q1 lowest,12,0.34545335857431947,0.34545335857431947,0.1930005758127839
F25,96,mid2,Q1 lowest,7,0.0,0.0,0.43230531621555757
F25,97,mid2,Q4 highest,12,0.08050202839756593,0.13387423935091278,0.1639695082061642
F25,99,mid1,Q4 highest,20,0.199044015136427,0.3245170284803824,0.11707051852048125
F25,101,mid1,Q4 highest,27,0.18203874834980557,0.30167338637742186,0.08648120710466553
F25,102,mid2,Q4 highest,13,0.22590401051939513,0.2861275476660092,0.17040387889727898
F25,103,mid1,Q1 lowest,12,0.07988917109212652,0.16670514892634494,0.12657162623648135
F25,103,mid2,Q1 lowest,14,0.4304707150556953,0.5594681997844053,0.20510842418983177
F25,104,mid1,Q1 lowest,12,0.04610041048310704,0.30691506157246606,0.16322055009781267
F25,104,mid2,Q1 lowest,6,0.06831395348837209,0.4309593023255814,0.23331868577609519
F25,105,mid1,Q4 highest,4,0.11355735805330243,0.5330243337195829,0.297985851989006
F25,105,mid2,Q1 lowest,8,0.03910917979359044,0.11596958174904942,0.41386875269415546
F25,106,mid1,Q1 lowest,19,0.059505034574790734,0.15479801043309477,0.1329400854480082
F25,106,mid2,Q1 lowest,8,0.1495557749259625,0.22013820335636725,0.37546447027731294
F25,107,mid1,Q4 highest,14,0.012053505806261943,0.12222548875496105,0.257511995954954
F25,108,mid1,Q1 lowest,11,0.06583346191431363,0.2958905518695675,0.24706846938060767
F25,108,mid2,Q1 lowest,8,0.20409704521854055,0.4927782497875956,0.3126168745635313
F25,109,mid1,Q4 highest,4,0.4315985760298356,0.7521613832853027,0.31980506693435107
F25,109,mid2,Q1 lowest,6,0.048934945308002305,0.1318364997121474,0.39408299634524946
F25,111,mid2,Q4 highest,8,0.0022841480127912287,0.09090909090909091,0.3164576986014003
F25,112,mid1,Q4 highest,11,0.04788259958071279,0.24486373165618447,0.1943909110487015
F25,113,mid1,Q1 lowest,10,0.10246871829556983,0.35982414609401425,0.150068694004208
F25,113,mid2,Q1 lowest,9,0.2689022461246441,0.29231255931667194,0.19692039198468442
F25,114,mid1,Q1 lowest,11,0.22879025923016497,0.3718250851008117,0.18050507478319322
F25,114,mid2,Q1 lowest,9,0.04555367094741943,0.09401502301914223,0.26653819965783493
F25,115,mid2,Q1 lowest,4,0.9626865671641791,0.9626865671641791,0.8185509482315818
F25,116,mid1,Q4 highest,13,0.25558884535607285,0.4499500652992241,0.1545871998931742
F25,116,mid2,Q4 highest,7,0.04155759162303665,0.12729057591623036,0.44707261999396947
F25,117,mid1,Q1 lowest,10,0.01420017108639863,0.01420017108639863,0.21862719629786007
F25,118,mid1,Q4 highest,4,0.7719298245614035,0.7862838915470494,0.34780695395150196
F25,118,mid2,Q4 highest,6,0.06993006993006994,0.09324009324009325,0.6675680358664041
F25,122,mid1,Q1 lowest,13,0.012897386582192557,0.06047064147528001,0.29587862705318885
F25,122,mid2,Q1 lowest,7,0.0,0.05536626916524702,0.21261053664142737
F25,123,mid1,Q4 highest,13,0.040101095197978096,0.5277169334456613,0.2999366203230872
F25,124,mid1,Q1 lowest,14,0.09435173299101413,0.11514762516046213,0.13053030365449925
F25,124,mid2,Q4 highest,8,0.6737709576584257,0.7783461210571184,0.38560363377923
F25,125,mid1,Q1 lowest,11,0.0,0.22523334406179593,0.22424017364156584
F25,125,mid2,Q1 lowest,7,0.06658878504672897,0.08060747663551401,0.48661870032317234
F25,126,mid1,Q1 lowest,6,0.07014266304347827,0.45754076086956524,0.26875636888586957
F25,126,mid2,Q1 lowest,7,0.13034001743679163,0.1791630340017437,0.301848516542529
F25,127,mid1,Q1 lowest,6,0.14719891131775914,0.14719891131775914,0.3342399855220983
F25,127,mid2,Q1 lowest,4,0.0,0.0,0.5312296029182446
F25,129,mid1,Q1 lowest,16,0.22882717466146432,0.3845153393007421,0.15212899990465967
F25,129,mid2,Q1 lowest,11,0.25228915662650603,0.28072289156626506,0.15557125852808826
W22,1,mid2,Q1 lowest,6,0.0,0.6463195691202872,0.25146575814909955
W22,2,mid1,Q4 highest,14,0.2325959661678595,0.42973324658425505,0.10448325388624724
W22,2,mid2,Q4 highest,9,0.0,0.2922848664688427,0.20985039931671495
W22,3,mid2,Q4 highest,12,0.009259259259259259,0.6410675381263616,0.22641457938779486
W22,5,mid1,Q1 lowest,13,0.4169014084507042,0.5215962441314553,0.14165002534770438
W22,6,mid1,Q4 highest,9,0.3787493645144891,0.4300965937976614,0.24967556962375384
W22,6,mid2,Q4 highest,7,0.14853556485355648,0.502092050209205,0.2019309886031407
W22,8,mid1,Q4 highest,4,0.4552486187845304,0.9999999999999999,0.3109636457983578
W22,9,mid2,Q4 highest,7,0.0,0.30033557046979864,0.21280009909463535
W22,10,mid1,Q4 highest,16,0.3795071335927367,0.533852140077821,0.11978171088467988
W22,13,mid1,Q1 lowest,12,0.4085341762149348,0.50138285262742,0.1575324920023709
W22,13,mid2,Q1 lowest,7,0.6530989824236818,0.7049028677150787,0.4361338432482344
W22,14,mid1,Q1 lowest,14,0.4659606656580938,0.5107413010590015,0.15641170829509227
W22,14,mid2,Q1 lowest,12,0.29788519637462235,0.5957703927492447,0.1564312118363286
W22,15,mid2,Q4 highest,7,0.39148936170212767,0.5691489361702128,0.23293119058397466
W22,16,mid1,Q1 lowest,16,0.628511023859861,0.6547870733917245,0.22004874519747425
W22,17,mid1,Q4 highest,12,0.2826453243470935,0.4730412805391744,0.1319227037642418
W22,18,mid1,Q4 highest,11,0.3733790999237223,0.49656750572082375,0.13389753194381168
W22,19,mid1,Q4 highest,13,0.3358158429248477,0.4001354096140826,0.17343936294223
W22,19,mid2,Q4 highest,9,0.4868651488616462,0.7197898423817863,0.20407862814799366
W22,20,mid1,Q1 lowest,20,0.13942190915715325,0.4440126305562302,0.10046821508052449
W22,21,mid1,Q4 highest,5,0.4845605700712589,0.9311163895486936,0.3824679391337219
W22,21,mid2,Q4 highest,8,0.03626943005181347,0.03626943005181347,0.29964562807055223
W22,22,mid1,Q4 highest,9,0.40032590983161326,0.5497012493210212,0.15582036426014836
W22,22,mid2,Q4 highest,6,0.4652061855670103,0.4652061855670103,0.28189100860877886
W22,24,mid1,Q4 highest,6,0.865506329113924,0.9999999999999999,0.35720312249639485
W22,25,mid1,Q4 highest,13,0.41262783459315255,0.4811027123165852,0.1293275742729193
W22,25,mid2,Q4 highest,10,0.30885529157667385,0.6792656587473003,0.16968871431970106
W22,27,mid1,Q1 lowest,10,0.42368533561351,0.5399743480119709,0.20239572093985636
W22,28,mid1,Q4 highest,16,0.3886039886039886,0.45071225071225074,0.12413892744377074
W22,29,mid2,Q1 lowest,4,0.0,0.0,0.495931597067855
W22,33,mid2,Q1 lowest,3,0.0,0.5079365079365079,0.44003527336860665
W22,35,mid1,Q4 highest,3,0.6290502793296089,0.7687150837988826,0.4687032239942573
W22,35,mid2,Q4 highest,8,0.35868448098663924,0.7615621788283659,0.2393768438486621
W22,37,mid2,Q1 lowest,7,0.6642216788916055,0.6682966585167074,0.36472562135966835
W22,39,mid1,Q4 highest,13,0.3755600814663951,0.49694501018329934,0.18456220108594204
W22,40,mid2,Q1 lowest,13,0.2533039647577092,0.5917767988252569,0.12300516861055585
W22,41,mid1,Q4 highest,12,0.26588693957115006,0.28031189083820657,0.13873564135593477
W22,41,mid2,Q4 highest,7,0.42117930204572807,0.4825511432009627,0.27236840771488685
W22,42,mid1,Q1 lowest,11,0.022066198595787363,0.23119358074222668,0.19779700183801152
W22,43,mid1,Q4 highest,12,0.3902990701181201,0.49509927117366165,0.14684829711350256
W22,43,mid2,Q4 highest,9,0.5732514177693762,0.6606805293005671,0.2305429690431352
W22,44,mid1,Q4 highest,13,0.41161356628982526,0.4321685508735868,0.22179261435954742
W22,48,mid1,Q4 highest,5,0.6658730158730158,0.8238095238095238,0.453140589569161
W22,50,mid1,Q4 highest,16,0.020958083832335328,0.2660928143712575,0.12020280173186561
W22,51,mid2,Q4 highest,8,0.6242476354256233,0.6758383490971624,0.277910406049525
W22,52,mid1,Q4 highest,11,0.22706863373957664,0.3864656831302117,0.14750475317437167
W22,52,mid2,Q4 highest,8,0.2639751552795031,0.4192546583850931,0.21591566683384128
W22,53,mid1,Q1 lowest,14,0.5710985626283368,0.6470739219712527,0.34623715051292536
W22,56,mid1,Q4 highest,10,0.3807658833768494,0.3807658833768494,0.21849551697052189
W22,56,mid2,Q1 lowest,8,0.0,0.6793296089385474,0.49097219187915475
W22,57,mid2,Q4 highest,8,0.5051698670605613,0.6248153618906943,0.2556144167181217
W22,58,mid2,Q1 lowest,9,0.4806201550387597,0.5474806201550387,0.2674437383570699
W22,59,mid1,Q4 highest,4,0.6468354430379746,0.6493670886075948,0.33221278641243385
W22,60,mid1,Q1 lowest,8,0.34305317324185247,0.46140651801029153,0.1959207859036332
W22,61,mid1,Q4 highest,5,0.8523131672597866,0.9822064056939502,0.31340946796519803
W22,63,mid1,Q1 lowest,10,0.3316430020283976,0.4115111561866126,0.12549527050101006
W22,64,mid1,Q1 lowest,11,0.26964074220292145,0.37386498223450454,0.14671227285032987
W22,64,mid2,Q1 lowest,8,0.6459412780656304,0.6459412780656304,0.223855375684955
W22,65,mid1,Q1 lowest,7,0.39649122807017545,0.39649122807017545,0.31732533087103726
W22,66,mid1,Q1 lowest,12,0.22761627906976745,0.29622093023255813,0.11784123174689021
W22,67,mid1,Q4 highest,8,0.5074850299401197,0.8929640718562872,0.21193279608447776
W22,68,mid1,Q4 highest,4,0.5038484310242747,0.9330965068087625,0.4416215255540236
W22,69,mid1,Q1 lowest,12,0.3582662063674722,0.3594169543536632,0.2005722400035666
W22,69,mid2,Q4 highest,10,0.30834752981260644,0.30834752981260644,0.15828759987114335
W22,70,mid1,Q1 lowest,3,0.0,0.0,0.5195158140168663
W22,71,mid1,Q4 highest,3,0.7025796661608499,1.0,0.5185605633219046
W22,71,mid2,Q4 highest,5,0.53125,0.7738970588235294,0.24580314662629757
W22,73,mid2,Q4 highest,5,0.0,0.3876146788990826,0.4963597340291221
W22,74,mid1,Q4 highest,12,0.35076020272072556,0.44518538276873837,0.12314556220949396
W22,74,mid2,Q4 highest,14,0.13621038435603505,0.33445718138907615,0.16440813371957938
W22,77,mid2,Q4 highest,7,0.0,0.3236009732360097,0.16536132274850374
W22,78,mid1,Q1 lowest,12,0.38065661047027505,0.4720496894409938,0.1634448154478797
W22,79,mid2,Q4 highest,10,0.46824925816023744,0.6154302670623146,0.15853234597469384
W22,81,mid1,Q1 lowest,5,0.28955696202531644,0.28955696202531644,0.2584321422848902
W22,81,mid2,Q1 lowest,7,0.09411764705882353,0.40588235294117647,0.20780709342560555
W22,82,mid1,Q4 highest,12,0.4041017850360805,0.503987846562856,0.20523450568747564
W22,82,mid2,Q4 highest,8,0.627017841971113,0.7485131690739167,0.21008944445687633
W22,85,mid1,Q4 highest,4,0.3979933110367893,0.6588628762541806,0.3003210254918849
W22,85,mid2,Q4 highest,9,0.38101430429128735,0.5968790637191157,0.22031720049174697
W22,86,mid1,Q4 highest,4,0.7162837162837163,0.9550449550449551,0.32634198967865297
W22,87,mid1,Q4 highest,1,0.0,0.0,1.0
W22,88,mid1,Q1 lowest,15,0.3761525565800503,0.5356244761106455,0.1336039933982037
W22,89,mid1,Q1 lowest,9,0.676677616142656,0.676677616142656,0.27463747706808894
W22,89,mid2,Q1 lowest,12,0.31535947712418305,0.5400326797385622,0.1806196334743048
W22,90,mid1,Q4 highest,6,0.2549234135667396,0.5831509846827134,0.2109131477766233
W22,92,mid1,Q1 lowest,13,0.2764929237141871,0.38453572661373836,0.1345287264067705
W22,92,mid2,Q1 lowest,7,0.5477855477855478,0.6767676767676768,0.38986904488069984
W22,93,mid2,Q1 lowest,8,0.6695906432748538,0.6798245614035088,0.4765825382168873
W22,95,mid1,Q1 lowest,14,0.26156018355100596,0.35545358277444405,0.16290170472081034
W22,95,mid2,Q1 lowest,7,0.2857142857142857,0.47081413210445466,0.18673740741527273
W22,96,mid1,Q1 lowest,15,0.20229681978798586,0.30918727915194344,0.11398452034611492
W22,96,mid2,Q1 lowest,9,0.15037593984962405,0.462406015037594,0.197303055571259
W22,97,mid1,Q4 highest,14,0.24665944384254243,0.24665944384254243,0.15811320218260233
W22,97,mid2,Q4 highest,9,0.5475189234650968,0.6610597140454164,0.19677927964570097
W22,99,mid1,Q4 highest,3,0.8661311914323963,0.8661311914323963,0.7621579580257665
W22,99,mid2,Q4 highest,9,0.6259398496240601,0.7518796992481203,0.2855340889818532
W22,100,mid2,Q1 lowest,7,0.0,0.4395604395604396,0.2696534234995774
W22,101,mid1,Q1 lowest,7,0.033707865168539325,0.26029962546816476,0.21262922751055563
W22,103,mid1,Q1 lowest,8,0.18193832599118942,0.28502202643171803,0.18094742766209315
W22,103,mid2,Q1 lowest,7,0.2611764705882353,0.6164705882352941,0.2548318339100346
W22,104,mid2,Q1 lowest,7,0.0,0.3672883787661406,0.25165651521482724
W22,105,mid1,Q1 lowest,13,0.22913950456323337,0.3239895697522816,0.14074035040600796
W22,105,mid2,Q1 lowest,8,0.3881970763400108,0.494856524093124,0.2268590485632183
W22,106,mid1,Q1 lowest,11,0.19640086875581755,0.22991002171889544,0.17403813672844184
W22,106,mid2,Q1 lowest,8,0.7280701754385965,0.7994987468671679,0.5297108686503226
W22,107,mid2,Q4 highest,11,0.4808259587020649,0.584070796460177,0.18490854587064154
W22,109,mid1,Q4 highest,5,0.8467561521252797,0.9888143176733781,0.5136079956358323
W22,111,mid2,Q1 lowest,5,0.27610208816705334,0.3271461716937355,0.33347688696766276
W22,112,mid1,Q4 highest,12,0.22266584766584768,0.2893120393120393,0.14056340515185725
W22,113,mid1,Q1 lowest,10,0.31043956043956045,0.31043956043956045,0.13474459606327738
W22,119,mid2,Q4 highest,9,0.5486074619022596,0.6163951655281136,0.19024059419966097
W22,120,mid1,Q1 lowest,20,0.14776245426400225,0.45426400225161834,0.09900807276155714
W22,121,mid2,Q1 lowest,12,0.49050632911392406,0.6683544303797468,0.24534930299631466
W22,124,mid2,Q1 lowest,8,0.0,0.3183098591549296,0.20584011108906963
W22,125,mid1,Q4 highest,14,0.09310089020771513,0.37648367952522255,0.12072313967720064
W22,125,mid2,Q4 highest,9,0.0,0.3211538461538462,0.13261834319526628
W22,126,mid1,Q1 lowest,12,0.0,0.07508196721311476,0.13815296963181942
W22,126,mid2,Q1 lowest,8,0.33771667662881055,0.4865511057979678,0.18760997510119048
W22,127,mid1,Q4 highest,13,0.3187276858162934,0.3748782862706913,0.12157045922591385
W22,127,mid2,Q4 highest,11,0.4275862068965517,0.5885057471264368,0.14541007912391185
W22,129,mid2,Q1 lowest,8,0.18331716779825413,0.46556741028128035,0.2003093246130385
W22,130,mid1,Q4 highest,11,0.3256461232604374,0.3924453280318092,0.17217174092621215
W22,134,mid1,Q1 lowest,20,0.1644753162986852,0.2646985859588191,0.08815068237286065
W22,134,mid2,Q1 lowest,10,0.32166790766939685,0.5294117647058824,0.1935670410373637
W22,136,mid2,Q4 highest,10,0.3045977011494253,0.5435139573070608,0.17919764021343776
W22,137,mid1,Q1 lowest,6,0.6144578313253012,0.6144578313253012,0.39833357526491514
W22,138,mid2,Q1 lowest,7,0.015681544028950542,0.47406513872135103,0.30195666440157093
W22,141,mid2,Q1 lowest,7,0.2792511700468019,0.6271450858034322,0.19919879478486469
W22,144,mid1,Q1 lowest,2,0.8900343642611683,0.8900343642611683,0.8042536106092275
W22,144,mid2,Q1 lowest,1,0.0,0.0,1.0
W22,145,mid2,Q1 lowest,8,0.3653136531365314,0.5719557195571956,0.20100337534740662
W23,1,mid1,Q1 lowest,9,0.5743707093821511,0.5743707093821511,0.17054833216094994
W23,2,mid1,Q4 highest,19,0.2061469265367316,0.3043478260869565,0.0875976929076691
W23,2,mid2,Q4 highest,7,0.016317016317016316,0.2494172494172494,0.20606006270341937
W23,6,mid1,Q1 lowest,10,0.0955128205128205,0.35128205128205126,0.15046515450361603
W23,6,mid2,Q1 lowest,1,0.0,0.0,1.0
W23,8,mid1,Q1 lowest,19,0.11280772826425678,0.42630102835774386,0.08677011843734526
W23,11,mid2,Q1 lowest,7,0.14846416382252559,0.1501706484641638,0.6851157264499295
W23,12,mid1,Q1 lowest,12,0.2704683020070086,0.2704683020070086,0.1757079668875093
W23,13,mid1,Q4 highest,11,0.34334565619223656,0.34334565619223656,0.12572647353261743
W23,13,mid2,Q4 highest,12,0.15863689776733256,0.5282021151586369,0.1657847752212438
W23,14,mid2,Q4 highest,9,0.6342000881445571,0.6910533274570295,0.3452700772148651
W23,16,mid1,Q4 highest,14,0.0020222446916076846,0.4580384226491405,0.16416782790677228
W23,17,mid1,Q1 lowest,15,0.19260918253079506,0.3915640164240388,0.11995765385762738
W23,18,mid1,Q4 highest,15,0.0,0.0340654415060511,0.1372034296889456
W23,20,mid2,Q4 highest,7,0.5268505079825835,0.7213352685050798,0.22060009984812132
W23,21,mid2,Q1 lowest,12,0.23719165085388993,0.3927893738140418,0.12172177434357474
W23,23,mid1,Q4 highest,17,0.3404503105590062,0.4623447204968944,0.09427563558504688
W23,24,mid2,Q4 highest,10,0.20504731861198738,0.42902208201892744,0.16768778451151647
W23,25,mid1,Q4 highest,17,0.4347379239465571,0.6711202466598151,0.1313567263939546
W23,25,mid2,Q4 highest,9,0.010743061772605193,0.4637421665174575,0.1599124461304059
W23,27,mid1,Q1 lowest,8,0.08611599297012303,0.08611599297012303,0.171478343592959
W23,29,mid1,Q1 lowest,16,0.12347560975609757,0.654616724738676,0.25502787001177624
W23,30,mid1,Q4 highest,15,0.26865671641791045,0.36304961678096004,0.09866126775930317
W23,31,mid2,Q4 highest,8,0.30972222222222223,0.5263888888888889,0.23130015432098763
W23,32,mid1,Q4 highest,15,0.19882611885546586,0.3107116654438738,0.10657541384316349
W23,32,mid2,Q4 highest,15,0.3869846000993542,0.46100347739692005,0.10473773428502119
W23,33,mid1,Q4 highest,18,0.12198067632850242,0.214170692431562,0.11205953205183058
W23,33,mid2,Q4 highest,7,0.08715901530272788,0.2215568862275449,0.2044405312240899
W23,34,mid1,Q4 highest,16,0.3901288902860736,0.5149324111914493,0.10695212585809666
W23,34,mid2,Q4 highest,10,0.16666666666666666,0.7131919905771495,0.1656240765481735
W23,35,mid1,Q4 highest,14,0.3028503562945368,0.4245843230403801,0.13502519168815344
W23,35,mid2,Q4 highest,11,0.31503716409376786,0.6443682104059462,0.13962761045190897
W23,37,mid1,Q4 highest,16,0.0,0.17184527584020293,0.10666770141005233
W23,37,mid2,Q4 highest,7,0.5403141361256545,0.7068062827225131,0.23609330884570048
W23,39,mid1,Q4 highest,18,0.3126663118680149,0.48589675359233636,0.1439254231738656
W23,39,mid2,Q4 highest,9,0.5094513600737667,0.591055786076533,0.1728911581760764
W23,40,mid1,Q1 lowest,20,0.3601522152758902,0.4096221799402011,0.11022168311126652
W23,40,mid2,Q1 lowest,12,0.2959641255605381,0.5195387572069187,0.115592634528122
W23,41,mid2,Q4 highest,8,0.0,0.3725,0.173334375
W23,43,mid1,Q1 lowest,18,0.16180805764821488,0.23583360628889616,0.07870636550968912
W23,44,mid2,Q1 lowest,8,0.0,0.009370119729307652,0.3139678411247396
W23,45,mid1,Q4 highest,12,0.0,0.0,0.1359173071486861
W23,45,mid2,Q4 highest,4,0.2391304347826087,0.5603864734299517,0.3453406147167963
W23,46,mid1,Q4 highest,14,0.27129186602870814,0.27129186602870814,0.15021084682127242
W23,46,mid2,Q4 highest,10,0.4269340974212034,0.6074498567335243,0.20374627466112757
W23,51,mid2,Q4 highest,10,0.40340575455079275,0.624192601291838,0.12130677478761014
W23,52,mid2,Q4 highest,11,0.08695652173913043,0.3233695652173913,0.19154285798676748
W23,54,mid1,Q4 highest,13,0.22964509394572027,0.3830897703549061,0.1072421668315602
W23,54,mid2,Q4 highest,10,0.13457943925233645,0.2822429906542056,0.17489562407197132
W23,56,mid1,Q1 lowest,12,0.05974338412189254,0.21972734562951082,0.13267061476814604
W23,56,mid2,Q1 lowest,8,0.24041450777202072,0.6761658031088082,0.1565105103492711
W23,57,mid1,Q4 highest,14,0.34691306173876524,0.39689206215875683,0.11858562492756865
W23,58,mid2,Q1 lowest,13,0.4826196473551637,0.5239294710327456,0.24086264109283098
W23,59,mid1,Q4 highest,14,0.16722972972972971,0.16722972972972971,0.09282265796201607
W23,60,mid2,Q4 highest,9,0.25925925925925924,0.4783950617283951,0.14715744551135496
W23,62,mid2,Q1 lowest,5,0.5021186440677966,0.5148305084745762,0.32338947141625973
W23,63,mid1,Q1 lowest,11,0.01534356237491661,0.01534356237491661,0.21123577604104318
W23,63,mid2,Q1 lowest,9,0.14743263853584138,0.41535332994407725,0.18171280112708701
W23,64,mid1,Q1 lowest,20,0.18239267814338636,0.30202658531270427,0.1366363927192661
W23,64,mid2,Q1 lowest,9,0.2971887550200803,0.713520749665328,0.21778680989016305
W23,65,mid2,Q1 lowest,8,0.2536520584329349,0.3368747233289066,0.1670047957302657
W23,66,mid2,Q4 highest,12,0.30434782608695654,0.4390691977954685,0.13938070768657315
W23,70,mid1,Q1 lowest,14,0.32158590308370044,0.3357807146353402,0.11597233153379533
W23,70,mid2,Q1 lowest,9,0.13439849624060152,0.3092105263157895,0.22159781502628753
W23,71,mid1,Q4 highest,12,0.020202020202020204,0.18457300275482094,0.1269165484041517
W23,73,mid1,Q4 highest,20,0.08071748878923767,0.10951144677838093,0.11323439524215709
W23,75,mid1,Q1 lowest,15,0.2644135188866799,0.3008614976805832,0.10617848025608223
W23,76,mid1,Q4 highest,14,0.18002257336343114,0.27088036117381487,0.1038986185916871
W23,76,mid2,Q4 highest,10,0.0905982905982906,0.23162393162393163,0.2784571553802323
W23,78,mid2,Q1 lowest,9,0.3376514834935228,0.7300459674049311,0.17605203503951578
W23,79,mid2,Q1 lowest,7,0.13682678311499272,0.14750121300339641,0.36768963874981425
W23,80,mid1,Q4 highest,13,0.07142857142857142,0.292358803986711,0.12070093045330624
W23,80,mid2,Q4 highest,9,0.29150579150579153,0.29150579150579153,0.16041800211684382
W23,81,mid2,Q1 lowest,11,0.24468085106382978,0.44125809435707675,0.1449423692900927
W23,82,mid1,Q1 lowest,14,0.36240554156171284,0.5415617128463476,0.1901436069640693
W23,82,mid2,Q1 lowest,5,0.0,0.11538461538461539,0.3408925434541421
W23,83,mid1,Q1 lowest,13,0.21321695760598502,0.35203657522859516,0.13556473183900875
W23,83,mid2,Q1 lowest,11,0.1134154244977317,0.43421905379131565,0.15610019787059154
W23,86,mid1,Q4 highest,10,0.4001819008640291,0.5702592087312415,0.22597501324033972
W23,86,mid2,Q4 highest,11,0.1758241758241758,0.35750915750915746,0.13848837365320882
W23,87,mid1,Q1 lowest,9,0.0005385029617662897,0.20840064620355414,0.17557255450203846
W23,87,mid2,Q1 lowest,8,0.0,0.24152542372881355,0.24997414536052856
W23,88,mid1,Q4 highest,13,0.06838294448913917,0.14641995172968625,0.10799851655190225
W23,88,mid2,Q4 highest,5,0.1105476673427992,0.2616632860040568,0.521450407119552
W23,89,mid2,Q4 highest,6,0.0,0.4012409513960703,0.28016691459315635
W23,92,mid2,Q4 highest,7,0.2308673469387755,0.41709183673469385,0.2382047844648063
W23,93,mid1,Q1 lowest,18,0.06805074971164937,0.19232987312572086,0.11598114379750137
W23,93,mid2,Q1 lowest,11,0.21850079744816586,0.42105263157894735,0.1431950453922249
W23,95,mid2,Q1 lowest,17,0.34103811841038123,0.46309813463098143,0.11521690941656487
W23,96,mid2,Q1 lowest,8,0.15728476821192053,0.515728476821192,0.20290502609534666
W23,98,mid1,Q1 lowest,15,0.3888541014402004,0.3969943644333125,0.1929237842069862
W23,98,mid2,Q1 lowest,11,0.2679174484052533,0.6863039399624765,0.16130395756259483
W23,99,mid1,Q1 lowest,16,0.3679144385026738,0.49925133689839574,0.10957101432697533
W23,100,mid1,Q1 lowest,14,0.014039310068190935,0.23184917769755314,0.12525999392764242
W23,101,mid1,Q4 highest,15,0.275,0.3355,0.11064899999999998
W23,102,mid1,Q1 lowest,17,0.19471744471744473,0.38656838656838655,0.0954710294390884
W23,104,mid1,Q1 lowest,12,0.26233359436178544,0.4404855129209084,0.17112806603672345
W23,104,mid2,Q1 lowest,5,0.5221843003412969,0.5221843003412969,0.25760087802744097
W23,106,mid1,Q1 lowest,19,0.3241299971239574,0.540120793787748,0.09259955454013138
W23,106,mid2,Q1 lowest,13,0.4607438016528925,0.6721763085399449,0.19673538540931473
W23,108,mid2,Q4 highest,8,0.5648414985590778,0.6109510086455332,0.24501398474274258
W23,109,mid1,Q4 highest,16,0.17018250770324722,0.280872244607727,0.10459612804769627
W23,111,mid1,Q4 highest,15,0.2835820895522388,0.4445628997867804,0.10909092975572941
W23,111,mid2,Q4 highest,9,0.24246987951807228,0.24246987951807228,0.155501524168965
W23,112,mid1,Q1 lowest,19,0.16822890971879623,0.3177109028120375,0.09829024985585567
W23,112,mid2,Q1 lowest,12,0.15011820330969267,0.31028368794326244,0.14481302639594476
W23,115,mid1,Q1 lowest,13,0.21611445783132532,0.39909638554216875,0.11375868685585717
W23,115,mid2,Q1 lowest,5,0.0,0.21095334685598377,0.34859225917407594
W23,117,mid1,Q1 lowest,11,0.30825181840983196,0.4236267870579383,0.1709085377741014
W23,117,mid2,Q1 lowest,8,0.11790823877651702,0.16526887025160336,0.16613775208829784
W23,120,mid2,Q4 highest,9,0.17705382436260622,0.3194050991501416,0.13786925502973302
W23,126,mid1,Q4 highest,15,0.1558277027027027,0.2749155405405405,0.10022748413531773
W23,128,mid1,Q4 highest,19,0.3417721518987342,0.4523378971841902,0.10719035577829325
W23,129,mid1,Q4 highest,15,0.2758120649651972,0.43735498839907194,0.1282837893852854
W23,133,mid1,Q4 highest,15,0.11572052401746726,0.35464753587024334,0.1009926023764705
W23,133,mid2,Q4 highest,10,0.6128163704900377,0.756596661281637,0.2975775486312833
W23,134,mid1,Q4 highest,17,0.05328923190003675,0.15178243292907018,0.11348069198136479
W23,134,mid2,Q4 highest,9,0.2539543057996485,0.4578207381370826,0.16469710681644795
W23,136,mid2,Q4 highest,7,0.5555555555555556,0.6691176470588236,0.30175893886966554
W23,137,mid1,Q4 highest,8,0.06857142857142857,0.25,0.13817755102040818
W23,140,mid1,Q1 lowest,13,0.17557046979865773,0.3924832214765101,0.15382708886987073
W23,144,mid2,Q1 lowest,11,0.7055826318121401,0.7569782897651751,0.23906572159003575
W23,145,mid1,Q1 lowest,12,0.45790816326530615,0.5602678571428572,0.25907641835433154
W23,145,mid2,Q1 lowest,9,0.5976401179941002,0.7112094395280235,0.27355157020910015
W23,151,mid2,Q4 highest,12,0.3119950279676818,0.7756370416407707,0.15502025778705164
W23,152,mid1,Q4 highest,13,0.25487944890929964,0.365097588978186,0.14328582293864953
W23,152,mid2,Q4 highest,6,0.475177304964539,0.6579984239558708,0.2915377359486475
W23,153,mid1,Q4 highest,19,0.08041301627033792,0.29224030037546933,0.09577287629561987
W23,153,mid2,Q4 highest,11,0.4753666792027078,0.6081233546446032,0.15088353631206453
W23,154,mid2,Q4 highest,7,0.01597444089456869,0.38498402555910544,0.2632210188937317
W23,155,mid2,Q1 lowest,9,0.5099307159353349,0.6272517321016167,0.21455701401148872
W23,156,mid2,Q4 highest,9,0.22006472491909385,0.2483818770226537,0.1825480985745855
W23,157,mid1,Q4 highest,7,0.1442411194833154,0.4477933261571583,0.20069382566992763
W23,160,mid1,Q4 highest,14,0.38051109238977815,0.46812693063746136,0.10065586964652877
W23,162,mid2,Q4 highest,12,0.23257839721254356,0.6010452961672473,0.1219193507266083
W23,163,mid1,Q1 lowest,11,0.20446780551905386,0.3498028909329829,0.10487210790145754
W23,163,mid2,Q1 lowest,12,0.25806451612903225,0.5723025583982202,0.12858806163318284
W23,165,mid1,Q1 lowest,15,0.04143188597944979,0.2777593636062313,0.11524255052767496
W23,165,mid2,Q4 highest,10,0.09280885064535956,0.2937922556853104,0.15367025936401288
W23,166,mid1,Q1 lowest,8,0.18870346598202825,0.4101412066752247,0.1544243055429676
W23,166,mid2,Q1 lowest,2,0.0,0.0,0.5805643721483832
W23,167,mid1,Q4 highest,11,0.34566838783706255,0.4644291451520367,0.15055435248081908
W23,167,mid2,Q1 lowest,11,0.2980085348506401,0.4345661450924609,0.17157821893166658
W23,168,mid1,Q1 lowest,11,0.11759172154280338,0.24804013797428662,0.15954095495835136
W23,168,mid2,Q1 lowest,8,0.1601423487544484,0.2001779359430605,0.24916572738440498
W23,169,mid2,Q4 highest,10,0.5504761904761905,0.6137142857142857,0.2162353922902494
W23,170,mid2,Q1 lowest,11,0.4509090909090909,0.5527272727272727,0.15781524334251607
W23,171,mid1,Q4 highest,21,0.10314842578710645,0.20659670164917543,0.10369049358379281
W23,172,mid1,Q4 highest,16,0.06969309462915602,0.17838874680306904,0.1023582067097939
W23,172,mid2,Q4 highest,5,0.0,0.30412371134020616,0.3737556240478974
W23,173,mid1,Q4 highest,20,0.25783560023654645,0.4160260201064459,0.08764597491642714
W23,174,mid1,Q1 lowest,13,0.19596638655462184,0.31899159663865545,0.10909252171456818
W23,175,mid1,Q4 highest,14,0.11602564102564103,0.27564102564102566,0.11148750821827746
W23,175,mid2,Q4 highest,8,0.2224334600760456,0.2300380228136882,0.19665240208764037
W23,176,mid1,Q4 highest,14,0.06288448393711552,0.21462747778537253,0.12339881581166613
W23,177,mid2,Q4 highest,9,0.19536679536679535,0.43706563706563706,0.16273877849167423
W23,178,mid1,Q1 lowest,11,0.19180633147113596,0.3845437616387337,0.13568812875170355
W23,178,mid2,Q1 lowest,9,0.3192389006342495,0.5665961945031712,0.14455534250017754
W23,179,mid2,Q4 highest,6,0.3073878627968338,0.5052770448548812,0.21217131598916744
W23,182,mid1,Q1 lowest,6,0.0,0.29555895865237364,0.26161971252951977
W23,182,mid2,Q1 lowest,2,0.0,0.0,0.5555555555555556
W23,184,mid2,Q1 lowest,8,0.1185133239831697,0.6605890603085554,0.22745977823195357
W23,186,mid1,Q4 highest,11,0.12789051439358187,0.3072203869749882,0.13311972555104373
W23,186,mid2,Q4 highest,8,0.40694789081885857,0.7096774193548387,0.22504294712731437
W23,189,mid1,Q1 lowest,16,0.273625843780135,0.43273866923818705,0.11702924763499784
W23,190,mid1,Q4 highest,15,0.05004906771344455,0.19970559371933266,0.10928039477599795
W23,190,mid2,Q4 highest,12,0.0589041095890411,0.24246575342465754,0.11476355789078627
W23,192,mid1,Q1 lowest,13,0.17528243752139677,0.4293050325231085,0.12937433436303547
W23,192,mid2,Q1 lowest,10,0.22851919561243145,0.3692870201096892,0.14933114385670956
W23,195,mid1,Q4 highest,11,0.13760603204524036,0.3633364750235627,0.1286202353869209
W23,198,mid1,Q1 lowest,15,0.40268456375838924,0.6337904873066822,0.14562798777180028
W23,199,mid1,Q4 highest,12,0.26959349593495935,0.4130081300813008,0.14590669574988435
W23,200,mid1,Q4 highest,19,0.039774610540271794,0.269804441498177,0.12607235388812638
W23,201,mid1,Q4 highest,18,0.3156695156695156,0.45698005698005695,0.1083794774393065
W23,201,mid2,Q4 highest,8,0.42088091353996737,0.6533442088091355,0.1860331746365453
W23,205,mid1,Q4 highest,19,0.2890625,0.39335937499999996,0.13441864013671878
W23,208,mid1,Q1 lowest,16,0.22661523625843782,0.373191899710704,0.11486837438022568
W23,210,mid1,Q1 lowest,11,0.016498625114573784,0.16544454628780936,0.17445586378342592
W23,211,mid1,Q4 highest,13,0.27577741407528644,0.3576104746317513,0.10624000525017346
W23,211,mid2,Q4 highest,11,0.47435897435897434,0.5753205128205128,0.17724313317262036
W23,213,mid1,Q1 lowest,13,0.0,0.0,0.14049544712824757
W23,213,mid2,Q1 lowest,12,0.11481975967957277,0.3985313751668892,0.12287143873183826
W24,1,mid1,Q4 highest,2,0.8966267682263329,0.8966267682263329,0.8146255865473304
W24,1,mid2,Q4 highest,7,0.18618618618618618,0.5683183183183182,0.1908315973631289
W24,3,mid1,Q4 highest,5,0.0,0.0684931506849315,0.4073935072246199
W24,4,mid2,Q4 highest,6,0.3889328063241107,0.7849802371541502,0.2759705666390664
W24,5,mid1,Q4 highest,3,0.5008576329331046,0.5008576329331046,0.4194575287814551
W24,6,mid1,Q1 lowest,3,0.6080000000000001,0.6080000000000001,0.338498612244898
W24,7,mid1,Q4 highest,1,1.0,1.0,1.0
W24,7,mid2,Q4 highest,6,0.22507836990595612,0.3843260188087774,0.19570601703992688
W24,8,mid1,Q4 highest,3,0.5750577367205543,0.5750577367205543,0.45811220924960927
W24,8,mid2,Q4 highest,8,0.2891859052247873,0.4003645200486026,0.1725151292798625
W24,9,mid1,Q4 highest,1,0.0,0.0,1.0
W24,9,mid2,Q4 highest,5,0.0,0.10101010101010101,0.47910488667778006
W24,10,mid2,Q4 highest,8,0.4617612977983777,0.5272305909617613,0.22938723281984078
W24,11,mid2,Q1 lowest,6,0.5275519421860886,0.7172538392050588,0.24910134979097456
W24,12,mid1,Q1 lowest,6,0.8632763651521467,0.8641100458524384,0.30305127483818556
W24,13,mid1,Q4 highest,3,0.2545454545454545,0.2545454545454545,0.5940495867768595
W24,14,mid1,Q1 lowest,1,0.0,0.0,1.0
W24,14,mid2,Q1 lowest,12,0.2277970011534025,0.3529411764705882,0.19895927704143604
W24,15,mid1,Q4 highest,5,0.18802762854950114,0.5794320798158097,0.29157048878878605
W24,15,mid2,Q4 highest,8,0.13642756680731363,0.6540084388185654,0.2191541004231278
W24,16,mid1,Q1 lowest,1,0.0,0.0,1.0
W24,16,mid2,Q1 lowest,10,0.3017729158807997,0.4828366654092795,0.14321848327805525
W24,18,mid1,Q1 lowest,3,0.6998671978751659,0.6998671978751659,0.4148805398150647
W24,19,mid1,Q4 highest,2,0.6913265306122449,0.6913265306122449,0.5732116826322365
W24,19,mid2,Q4 highest,6,0.15873015873015872,0.15873015873015872,0.2537276741972509
W24,20,mid1,Q4 highest,5,0.20079522862823063,0.9234592445328031,0.4563157832330074
W24,20,mid2,Q4 highest,10,0.5014204545454545,0.6264204545454545,0.22369334323347104
W24,21,mid2,Q4 highest,5,0.04840103716508211,0.15903197925669837,0.263354322156144
W24,23,mid2,Q1 lowest,6,0.1717314487632509,0.33286219081272084,0.20190488082008762
W24,24,mid1,Q1 lowest,5,0.5334821428571429,0.5446428571428572,0.3283018773915816
W24,24,mid2,Q1 lowest,11,0.12838263058527377,0.25865324103209564,0.13463510343491933
W24,26,mid1,Q4 highest,6,0.2791145332050048,0.7786333012512031,0.3265624290773408
W24,26,mid2,Q4 highest,12,0.35209424083769636,0.5615183246073299,0.1535986007937161
W24,27,mid1,Q4 highest,3,0.8380952380952381,0.8380952380952381,0.6463038548752834
W24,27,mid2,Q4 highest,10,0.45618427641462195,0.5618427641462194,0.18512220007527566
W24,29,mid1,Q4 highest,3,0.5975609756097561,0.5975609756097561,0.4387269482450921
W24,31,mid1,Q1 lowest,3,0.0,0.0,0.5104447007561195
W24,32,mid2,Q1 lowest,10,0.28206850235057085,0.48690396239086636,0.1682149959339161
W24,34,mid2,Q4 highest,4,0.04257767548906789,0.3210586881472957,0.438029771134897
W24,35,mid1,Q4 highest,3,0.6577946768060837,0.6577946768060837,0.544824993855629
W24,40,mid1,Q4 highest,4,0.8071253071253072,0.8071253071253072,0.6728504246931766
W24,40,mid2,Q4 highest,4,0.20228215767634855,0.20228215767634855,0.25691491193333443
W24,41,mid1,Q1 lowest,2,0.453125,0.453125,0.50439453125
W24,41,mid2,Q1 lowest,10,0.16810877626699627,0.3671199011124845,0.15883883565756682
W24,45,mid1,Q4 highest,3,0.7422360248447205,0.7422360248447205,0.5848298676748583
W24,47,mid1,Q4 highest,3,0.8787167449139279,0.8787167449139279,0.4519912029996008
W24,48,mid1,Q1 lowest,4,0.8358008075370121,0.8371467025572006,0.3771820979659415
W24,49,mid1,Q1 lowest,9,0.7194876946258162,0.9055750878955299,0.38218896132546226
W24,49,mid2,Q1 lowest,14,0.4713137731265184,0.6501588488133059,0.16937124843289436
W24,51,mid1,Q1 lowest,10,0.4029892836999436,0.7820078962210942,0.17763936645725234
W24,51,mid2,Q1 lowest,11,0.5431826534362367,0.7188533627342889,0.14841012928289518
W24,52,mid1,Q1 lowest,3,0.0,0.0,0.5433119069482706
W24,53,mid1,Q1 lowest,4,0.850765306122449,0.850765306122449,0.38283446350478967
W24,53,mid2,Q1 lowest,8,0.012422360248447204,0.2453416149068323,0.24705622639730118
W24,57,mid1,Q4 highest,2,0.5375939849624061,0.5375939849624061,0.5028266154107073
W24,57,mid2,Q4 highest,6,0.18041237113402062,0.23711340206185566,0.2503772983313849
W24,58,mid1,Q4 highest,3,0.5394736842105263,0.5394736842105263,0.49911511234225914
W24,59,mid1,Q4 highest,4,0.0,0.0273972602739726,0.4497091386751736
W24,59,mid2,Q4 highest,10,0.2006880733944954,0.4025229357798165,0.18402280952781755
W24,60,mid1,Q4 highest,4,0.7814009661835749,0.8466183574879227,0.6369314336390581
W24,60,mid2,Q4 highest,7,0.006985573272589218,0.006985573272589218,0.7238773148748711
W24,62,mid2,Q1 lowest,7,0.16730621642363777,0.16730621642363777,0.24883894478118562
W24,65,mid1,Q4 highest,4,0.6406926406926406,0.6406926406926406,0.46466936943127407
W24,66,mid1,Q1 lowest,3,0.7641666666666667,0.7641666666666667,0.36946805555555556
W24,67,mid1,Q1 lowest,3,0.5603015075376885,0.5603015075376885,0.41881518143481233
W24,67,mid2,Q1 lowest,7,0.32748538011695905,0.3380116959064327,0.2228200129954516
W24,68,mid1,Q4 highest,4,0.7257926306769494,0.8303341902313625,0.3288851000338501
W24,68,mid2,Q4 highest,7,0.24739583333333334,0.37239583333333337,0.20120050877700618
W24,69,mid1,Q1 lowest,3,0.92578125,0.92578125,0.848236083984375
W24,69,mid2,Q1 lowest,7,0.313758389261745,0.399748322147651,0.20505586741588216
W24,70,mid1,Q4 highest,5,0.6470588235294118,0.904507257448434,0.2908272691672683
W24,70,mid2,Q4 highest,7,0.04756242568370987,0.20451843043995244,0.19756362746913883
W24,71,mid1,Q4 highest,2,1.0,1.0,0.517597247244983
W24,71,mid2,Q4 highest,8,0.5778688524590164,0.6659836065573771,0.20853139277076055
W24,72,mid1,Q1 lowest,3,0.4595323741007194,0.4595323741007194,0.5016287329848351
W24,73,mid1,Q1 lowest,3,0.0,0.0,0.4899859970966458
W24,74,mid1,Q1 lowest,3,0.37137989778534924,0.37137989778534924,0.5233349488781638
W24,75,mid1,Q4 highest,2,0.7664233576642335,0.7664233576642335,0.6419628110181681
W24,75,mid2,Q4 highest,6,0.20804597701149427,0.4310344827586207,0.21455674461619767
W24,76,mid1,Q1 lowest,5,0.6480067854113656,0.6480067854113656,0.21817989541315688
W24,77,mid1,Q4 highest,3,0.7182608695652174,0.7217391304347827,0.5933398865784499
W24,77,mid2,Q4 highest,11,0.2994943601711397,0.5048619214313497,0.12527683262479009
W24,78,mid1,Q1 lowest,3,0.25866666666666666,0.9644444444444444,0.5662949135802468
W24,79,mid2,Q4 highest,10,0.15982463132722202,0.2869669190912715,0.14807768160568546
W24,80,mid1,Q4 highest,4,0.5401554404145078,0.5440414507772021,0.4982851888641306
W24,81,mid2,Q1 lowest,11,0.2025089605734767,0.2025089605734767,0.23095155509307438
W24,83,mid2,Q1 lowest,10,0.3125786163522013,0.34025157232704406,0.1832182271270915
W24,85,mid1,Q1 lowest,6,0.4615384615384615,0.7864077669902912,0.23041673336415822
W24,86,mid2,Q4 highest,8,0.1724321447578499,0.3076104310803619,0.17460030628999096
W24,87,mid1,Q4 highest,3,0.3898678414096916,0.6916299559471366,0.33814939160472746
W24,88,mid1,Q4 highest,5,0.7065868263473054,0.7964071856287426,0.47443436480332746
W24,88,mid2,Q4 highest,9,0.2088681446907818,0.353558926487748,0.1705428150899518
W24,90,mid1,Q4 highest,5,0.6580645161290323,0.6580645161290323,0.3795995837669094
W24,90,mid2,Q4 highest,11,0.0024798512089274642,0.17296962182269063,0.2722159423069458
W24,91,mid1,Q1 lowest,1,0.0,0.0,1.0
W24,92,mid1,Q4 highest,3,0.3282312925170068,0.6122448979591837,0.33875352862233327
W24,92,mid2,Q4 highest,5,0.0,0.09001233045622688,0.2222416495748197
W24,93,mid2,Q4 highest,6,0.15184381778741865,0.15184381778741865,0.2513681000936378
W24,94,mid1,Q4 highest,1,0.0,1.0,1.0
W24,95,mid1,Q4 highest,1,0.0,1.0,1.0
W24,95,mid2,Q4 highest,5,0.1296,0.3104,0.26186496000000004
W24,97,mid1,Q4 highest,4,0.8882063882063882,0.8882063882063882,0.47677619544941413
W24,97,mid2,Q4 highest,7,0.47865353037766833,0.6042692939244664,0.22340049773377446
W24,101,mid1,Q1 lowest,4,0.5204460966542751,0.5371747211895911,0.3919307361700364
W24,103,mid2,Q4 highest,8,0.386046511627907,0.5488372093023256,0.20225527312060576
W24,105,mid1,Q1 lowest,2,0.5015105740181269,0.5015105740181269,0.5000045636677286
W24,105,mid2,Q1 lowest,10,0.19754920163386558,0.5105829929446714,0.15516083355659743
W24,106,mid1,Q4 highest,6,0.22989807474518686,0.7859569648924123,0.3858807806702417
W24,106,mid2,Q4 highest,10,0.4458424507658643,0.5361050328227571,0.1919808091013124
W24,107,mid1,Q1 lowest,8,0.37859712230215825,0.8516187050359713,0.17488742818694686
W24,108,mid1,Q1 lowest,2,0.02074688796680498,0.02074688796680498,0.9593670907870042
W24,108,mid2,Q1 lowest,12,0.23210412147505424,0.25,0.22643291721759262
W24,109,mid1,Q1 lowest,4,0.4013840830449827,0.6666666666666666,0.28656133055026745
W24,112,mid1,Q4 highest,5,0.08598726114649681,0.08598726114649681,0.24431011400056796
W24,114,mid1,Q4 highest,4,0.018433179723502304,0.5376344086021505,0.4789488462745486
W24,114,mid2,Q4 highest,11,0.37546666666666667,0.5573333333333333,0.15347399111111112
W24,115,mid1,Q4 highest,5,0.7987012987012987,0.801948051948052,0.4623460954629786
W24,117,mid1,Q4 highest,8,0.5524324324324323,0.6464864864864864,0.22178290723155586
W24,118,mid2,Q4 highest,9,0.0012831479897348161,0.2172797262617622,0.1986248692886743
W24,119,mid2,Q1 lowest,8,0.2766355140186916,0.4205607476635514,0.18242253083723953
W24,120,mid1,Q1 lowest,1,0.0,0.0,1.0
W24,120,mid2,Q1 lowest,6,0.18298261665141813,0.2703568161024703,0.32656495757331233
W24,123,mid1,Q1 lowest,5,0.27851458885941643,0.8152077807250221,0.38399779230292347
W24,123,mid2,Q1 lowest,9,0.1837708830548926,0.4518695306284805,0.17009029466807676
W24,124,mid1,Q4 highest,3,0.5488215488215489,0.5488215488215489,0.49034679001008963
W24,126,mid1,Q1 lowest,3,0.8104338842975206,0.8104338842975206,0.45601553428727537
W24,126,mid2,Q1 lowest,7,0.241398143091207,0.4614964500273075,0.20404968022953196
W24,127,mid1,Q4 highest,4,0.8214936247723134,0.8214936247723134,0.45272024091935115
W24,127,mid2,Q4 highest,8,0.5413807024626563,0.6532095276544206,0.31320184453532857
W24,128,mid2,Q1 lowest,6,0.3125,0.4409722222222222,0.17639949845679015
W24,130,mid1,Q4 highest,1,1.0,1.0,1.0
W24,131,mid2,Q1 lowest,5,0.11341632088520057,0.3858921161825726,0.2888475672862994
W24,132,mid2,Q1 lowest,8,0.19814241486068113,0.3975232198142415,0.16678967497052594
W24,134,mid1,Q4 highest,2,0.11594202898550725,0.11594202898550725,0.7950010501995379
W24,134,mid2,Q4 highest,7,0.12795549374130738,0.2906815020862309,0.1929565286356224
W24,135,mid2,Q4 highest,10,0.1501831501831502,0.7142857142857142,0.296395228702921
W24,137,mid1,Q1 lowest,4,0.550561797752809,0.5528089887640449,0.42050751167781847
W24,137,mid2,Q1 lowest,14,0.39866369710467703,0.5520601336302895,0.15342681831935362
W24,138,mid1,Q4 highest,5,0.7330960854092526,0.7330960854092526,0.3160990868909968
W24,138,mid2,Q4 highest,7,0.4946524064171123,0.5995989304812834,0.301263261746118
W24,139,mid1,Q4 highest,2,0.5921787709497207,0.5921787709497207,0.5169938516276023
W24,139,mid2,Q4 highest,7,0.17105263157894737,0.31447368421052635,0.19060595567867036
W24,142,mid1,Q4 highest,2,0.4747663551401869,0.4747663551401869,0.5012734736658223
W24,143,mid1,Q1 lowest,4,0.7893660531697342,0.794478527607362,0.35402369511669823
W24,143,mid2,Q1 lowest,7,0.13258897418004187,0.24842986741102582,0.18899297731811568
W24,144,mid1,Q4 highest,2,0.8807017543859649,0.8807017543859649,0.7898676515851031
W24,144,mid2,Q4 highest,1,0.0,0.0,1.0
W24,145,mid2,Q4 highest,8,0.38332255979314805,0.5177763413057531,0.21423327423555572
W24,146,mid1,Q1 lowest,6,0.6131907308377896,0.7397504456327986,0.41112145537017086
W24,146,mid2,Q1 lowest,10,0.2557422008913267,0.25985601645526224,0.18487807280127877
W24,147,mid2,Q1 lowest,9,0.18871866295264625,0.4129526462395543,0.18486045266563728
W24,149,mid1,Q1 lowest,3,0.8579234972677595,0.8808743169398907,0.7507503956523036
W24,149,mid2,Q1 lowest,8,0.2684527063969382,0.5882996172772006,0.1548584989840792
W24,151,mid2,Q1 lowest,13,0.2849797023004059,0.2990527740189445,0.12484361524277587
W24,153,mid1,Q4 highest,3,0.7595854922279793,0.7595854922279793,0.4029971274396628
W24,155,mid1,Q1 lowest,1,0.0,0.0,1.0
W24,155,mid2,Q1 lowest,3,0.0,0.0,0.4051497842451537
W24,156,mid1,Q4 highest,1,1.0,1.0,1.0
W24,157,mid2,Q4 highest,6,0.2818590704647676,0.4587706146926537,0.22994274976454798
W24,159,mid1,Q4 highest,3,0.4485049833887043,0.4485049833887043,0.370536749042505
W24,159,mid2,Q4 highest,6,0.26605504587155965,0.39143730886850153,0.2472201180222391
W24,160,mid1,Q4 highest,1,1.0,1.0,1.0
W24,160,mid2,Q4 highest,5,0.30670926517571884,0.48881789137380194,0.33964825608100524
W24,161,mid2,Q1 lowest,11,0.23467784180199056,0.44421162912519646,0.1241877341511261
W24,162,mid1,Q4 highest,2,0.6425992779783394,0.6425992779783394,0.5406691081598874
W24,162,mid2,Q4 highest,7,0.27948990435706694,0.412327311370882,0.19218820053733507
W24,163,mid2,Q1 lowest,8,0.253189401373896,0.4033366045142297,0.18276302750199594
W24,165,mid1,Q4 highest,4,0.6772277227722772,0.6772277227722772,0.30574649544162336
W24,166,mid1,Q1 lowest,3,0.9296187683284457,0.9354838709677419,0.8683877847627728
W24,166,mid2,Q1 lowest,5,0.0,0.0,0.4059730236385053
W24,167,mid1,Q4 highest,5,0.44759825327510916,0.5960698689956332,0.3246791632501287
W24,167,mid2,Q4 highest,9,0.08048595292331055,0.1662870159453303,0.15981709886888876
W24,168,mid1,Q4 highest,4,0.09510086455331412,0.10951008645533142,0.7977393716416546
W24,169,mid1,Q1 lowest,3,0.36594202898550726,0.5380434782608696,0.3769363053980256
W24,169,mid2,Q1 lowest,6,0.33817985998922995,0.39956919763058696,0.22467404911599387
W24,171,mid2,Q1 lowest,9,0.38233397807865893,0.3984526112185687,0.23261754546992622
W24,173,mid1,Q4 highest,2,0.6284046692607004,0.6284046692607004,0.5329755181758997
W24,173,mid2,Q4 highest,7,0.1598326359832636,0.3096234309623431,0.2071357294165018
W24,176,mid2,Q1 lowest,9,0.24330357142857145,0.24330357142857145,0.19608478156887754
W24,177,mid1,Q1 lowest,4,0.7569444444444444,0.7599206349206349,0.6046351410934744
W24,177,mid2,Q1 lowest,10,0.07866609662248825,0.20008550662676358,0.23258880908717197
W24,178,mid1,Q4 highest,6,0.8760255241567912,0.886964448495898,0.38790552505424175
W24,179,mid1,Q1 lowest,2,0.47048903878583476,0.47048903878583476,0.501741793663568
W24,179,mid2,Q1 lowest,5,0.11959924859110833,0.31559173450219163,0.21097596503149102
W24,180,mid1,Q4 highest,5,0.0,0.20253164556962028,0.6258612401858678
W24,181,mid1,Q4 highest,5,0.4803921568627451,0.5490196078431373,0.32713913452091076
W24,182,mid1,Q4 highest,2,1.0,1.0,0.6239816743023741
W24,183,mid1,Q1 lowest,3,0.3349397590361446,0.6144578313253013,0.33895775874582673
W24,183,mid2,Q1 lowest,6,0.20286195286195285,0.3973063973063973,0.20891150562867736
W24,189,mid1,Q4 highest,1,1.0,1.0,1.0
W24,190,mid1,Q4 highest,3,0.3601340033500838,0.3685092127303183,0.5285472589076035
W24,190,mid2,Q4 highest,5,0.5916870415647921,0.8117359413202934,0.305184091438956
W24,191,mid1,Q4 highest,1,1.0,1.0,1.0
W24,191,mid2,Q4 highest,9,0.2691072575465639,0.5709698137443802,0.19053694566853488
W24,192,mid1,Q4 highest,4,0.6824104234527687,0.6824104234527687,0.5122017209731667
W24,192,mid2,Q4 highest,11,0.46181082448153765,0.5538694992412746,0.176064959477082
W24,193,mid2,Q1 lowest,9,0.24927255092143547,0.5892337536372454,0.1549581781457645
W24,194,mid1,Q4 highest,3,0.4371859296482412,0.4371859296482412,0.3762278730335093
W24,195,mid2,Q4 highest,9,0.03095632946379215,0.3056937534549475,0.2224676017981464
W24,197,mid1,Q4 highest,3,0.0,0.04225352112676056,0.5750843086689149
W24,197,mid2,Q4 highest,4,0.0,0.16954022988505746,0.4808594266085348
W24,198,mid1,Q4 highest,3,0.7345794392523365,0.7345794392523365,0.5749427897632982
W24,198,mid2,Q4 highest,4,0.4397076735688185,0.4397076735688185,0.32129647899756836
W24,199,mid1,Q4 highest,3,0.5109717868338558,0.5141065830721003,0.4971944065015085
