semester_raw,anon_student_id,midterm,exam_start,score_pct,timed_practice_starts,timed_practice_finishes,scored_practice_attempts,best_practice_direct_score_pct,latest_practice_direct_score_pct,median_practice_direct_items,did_timed_practice,finished_timed_practice,practice_group,cohort,exam_score_rank_pct,practice_score_rank_pct,practice_quality_band
F21,1,mid1,2021-10-06 16:59:47.000000,89.65517241379311,1,1,1,85.76923076923077,85.76923076923077,26.0,True,True,Finished timed practice,F21_mid1,88.3495145631068,61.40350877192983,Middle half
F21,1,mid2,2021-11-03 17:00:04.000000,70.8,0,0,0,,,,False,False,No timed practice,F21_mid2,61.76470588235294,,
F21,2,mid1,2021-10-06 17:00:09.000000,82.42424242424242,1,1,1,86.15384615384615,86.15384615384615,26.0,True,True,Finished timed practice,F21_mid1,52.42718446601942,63.1578947368421,Middle half
F21,2,mid2,2021-11-03 17:00:08.000000,76.92307692307693,1,1,1,54.54545454545454,54.54545454545454,33.0,True,True,Finished timed practice,F21_mid2,82.84313725490196,13.793103448275861,Bottom quartile
F21,3,mid1,2021-10-06 17:00:10.000000,85.16129032258064,1,1,1,68.84615384615384,68.84615384615384,26.0,True,True,Finished timed practice,F21_mid1,65.0485436893204,15.789473684210526,Bottom quartile
F21,3,mid2,2021-11-03 17:00:35.000000,78.8,1,0,0,,,,True,False,Started only,F21_mid2,86.27450980392157,,
F21,4,mid1,2021-10-06 17:03:01.000000,51.09717868338558,0,0,0,,,,False,False,No timed practice,F21_mid1,3.8834951456310676,,
F21,4,mid2,2021-11-03 17:00:26.000000,52.0,1,0,0,,,,True,False,Started only,F21_mid2,15.196078431372548,,
F21,5,mid1,2021-10-06 17:00:40.000000,80.0,1,1,1,64.23076923076923,64.23076923076923,26.0,True,True,Finished timed practice,F21_mid1,44.66019417475729,14.035087719298245,Bottom quartile
F21,5,mid2,2021-11-03 17:00:19.000000,62.0,1,1,1,51.76767676767676,51.76767676767676,33.0,True,True,Finished timed practice,F21_mid2,37.254901960784316,10.344827586206897,Bottom quartile
F21,6,mid1,2021-10-06 17:00:47.000000,44.827586206896555,0,0,0,,,,False,False,No timed practice,F21_mid1,0.9708737864077669,,
F21,6,mid2,2021-11-03 16:59:53.000000,52.0,1,0,0,,,,True,False,Started only,F21_mid2,15.196078431372548,,
F21,7,mid1,2021-10-06 17:01:33.000000,75.17241379310346,0,0,0,,,,False,False,No timed practice,F21_mid1,35.92233009708738,,
F21,7,mid2,2021-11-03 17:01:49.000000,47.0,0,0,0,,,,False,False,No timed practice,F21_mid2,8.823529411764707,,
F21,8,mid1,2021-10-06 17:04:05.000000,89.65517241379311,1,1,1,84.23076923076923,84.23076923076923,26.0,True,True,Finished timed practice,F21_mid1,88.3495145631068,57.89473684210527,Middle half
F21,8,mid2,2021-11-03 16:59:54.000000,80.0,1,1,1,63.23529411764706,63.23529411764706,34.0,True,True,Finished timed practice,F21_mid2,89.70588235294117,24.137931034482758,Bottom quartile
F21,9,mid1,2021-10-06 16:58:35.000000,77.24137931034483,0,0,0,,,,False,False,No timed practice,F21_mid1,41.262135922330096,,
F21,9,mid2,2021-11-03 17:00:33.000000,70.8,0,0,0,,,,False,False,No timed practice,F21_mid2,61.76470588235294,,
F21,10,mid1,2021-10-06 17:02:10.000000,67.8125,1,1,1,86.66666666666667,86.66666666666667,24.0,True,True,Finished timed practice,F21_mid1,20.388349514563107,64.91228070175438,Middle half
F21,10,mid2,2021-11-03 17:06:17.000000,55.60000000000001,0,0,0,,,,False,False,No timed practice,F21_mid2,22.54901960784314,,
F21,11,mid1,2021-10-06 17:00:26.000000,75.0,1,1,1,81.82692307692308,81.82692307692308,26.0,True,True,Finished timed practice,F21_mid1,34.95145631067961,44.73684210526316,Middle half
F21,11,mid2,2021-11-03 16:58:20.000000,66.8,1,1,1,56.25,56.25,32.0,True,True,Finished timed practice,F21_mid2,52.450980392156865,17.24137931034483,Bottom quartile
F21,12,mid1,2021-10-06 17:01:22.000000,56.00000000000001,0,0,0,,,,False,False,No timed practice,F21_mid1,6.796116504854369,,
F21,12,mid2,2021-11-03 17:15:52.000000,28.000000000000004,1,0,0,,,,True,False,Started only,F21_mid2,2.941176470588235,,
F21,14,mid1,2021-10-06 17:00:12.000000,86.20689655172413,1,1,1,60.8,60.8,25.0,True,True,Finished timed practice,F21_mid1,71.84466019417476,7.017543859649122,Bottom quartile
F21,14,mid2,2021-11-03 17:00:32.000000,74.8,0,0,0,,,,False,False,No timed practice,F21_mid2,72.54901960784314,,
F21,15,mid1,2021-10-06 17:00:52.000000,93.10344827586206,1,1,1,83.46153846153845,83.46153846153845,26.0,True,True,Finished timed practice,F21_mid1,97.57281553398059,51.75438596491229,Middle half
F21,15,mid2,2021-11-03 17:00:12.000000,76.0,0,0,0,,,,False,False,No timed practice,F21_mid2,79.90196078431373,,
F21,16,mid1,2021-10-06 17:00:26.000000,77.99373040752351,1,1,1,93.75,93.75,16.0,True,True,Finished timed practice,F21_mid1,42.71844660194174,96.49122807017544,Top quartile
F21,16,mid2,2021-11-03 17:00:49.000000,58.333333333333336,1,0,0,,,,True,False,Started only,F21_mid2,26.47058823529412,,
F21,17,mid1,2021-10-06 17:00:15.000000,76.89655172413794,1,1,1,88.07692307692308,88.07692307692308,26.0,True,True,Finished timed practice,F21_mid1,38.83495145631068,70.17543859649122,Middle half
F21,17,mid2,2021-11-03 17:00:22.000000,46.8,0,0,0,,,,False,False,No timed practice,F21_mid2,7.352941176470589,,
F21,19,mid1,2021-10-06 17:01:05.000000,56.493506493506494,0,0,0,,,,False,False,No timed practice,F21_mid1,7.766990291262135,,
F21,19,mid2,2021-11-03 17:00:31.000000,60.96153846153845,0,0,0,,,,False,False,No timed practice,F21_mid2,34.31372549019608,,
F21,20,mid1,2021-10-06 17:00:29.000000,88.0564263322884,1,0,0,,,,True,False,Started only,F21_mid1,79.6116504854369,,
F21,20,mid2,2021-11-03 16:59:27.000000,62.8,1,0,0,,,,True,False,Started only,F21_mid2,41.17647058823529,,
F21,21,mid1,2021-10-06 17:00:01.000000,84.13793103448275,1,1,1,95.76923076923076,95.76923076923076,26.0,True,True,Finished timed practice,F21_mid1,61.165048543689316,98.24561403508771,Top quartile
F21,21,mid2,2021-11-03 17:00:02.000000,77.6,1,1,1,84.31372549019608,84.31372549019608,34.0,True,True,Finished timed practice,F21_mid2,84.31372549019608,65.51724137931035,Middle half
F21,22,mid1,2021-10-06 17:01:11.000000,82.33333333333334,1,1,1,91.6,91.6,25.0,True,True,Finished timed practice,F21_mid1,51.45631067961165,80.7017543859649,Top quartile
F21,22,mid2,2021-11-03 17:03:38.000000,76.53846153846153,1,0,0,,,,True,False,Started only,F21_mid2,81.37254901960785,,
F21,24,mid1,2021-10-06 17:02:00.000000,58.620689655172406,0,0,0,,,,False,False,No timed practice,F21_mid1,9.70873786407767,,
F21,24,mid2,2021-11-03 17:00:40.000000,46.8,0,0,0,,,,False,False,No timed practice,F21_mid2,7.352941176470589,,
F21,25,mid1,2021-10-06 16:58:53.000000,74.06060606060606,1,1,1,91.92307692307692,91.92307692307692,26.0,True,True,Finished timed practice,F21_mid1,32.038834951456316,85.08771929824562,Top quartile
F21,25,mid2,2021-11-03 16:59:59.000000,68.07692307692308,1,0,0,,,,True,False,Started only,F21_mid2,57.35294117647059,,
F21,26,mid1,2021-10-06 17:00:22.000000,86.20689655172413,1,0,0,,,,True,False,Started only,F21_mid1,71.84466019417476,,
F21,26,mid2,2021-11-03 17:01:38.000000,64.0,0,0,0,,,,False,False,No timed practice,F21_mid2,45.588235294117645,,
F21,27,mid1,2021-10-06 17:00:15.000000,48.275862068965516,1,0,0,,,,True,False,Started only,F21_mid1,1.9417475728155338,,
F21,27,mid2,2021-11-03 17:00:30.000000,53.6,1,0,0,,,,True,False,Started only,F21_mid2,17.647058823529413,,
F21,28,mid1,2021-10-06 17:00:47.000000,91.03448275862068,1,1,1,96.15384615384616,96.15384615384616,26.0,True,True,Finished timed practice,F21_mid1,94.1747572815534,100.0,Top quartile
F21,28,mid2,2021-11-03 17:05:32.000000,78.8,1,0,0,,,,True,False,Started only,F21_mid2,86.27450980392157,,
F21,29,mid1,2021-10-06 17:00:16.000000,55.86206896551724,0,0,0,,,,False,False,No timed practice,F21_mid1,5.825242718446602,,
F21,29,mid2,2021-11-03 17:01:17.000000,52.0,1,1,1,91.41414141414141,91.41414141414141,33.0,True,True,Finished timed practice,F21_mid2,15.196078431372548,96.55172413793103,Top quartile
F21,30,mid1,2021-10-06 17:00:26.000000,71.33333333333333,1,1,1,44.4,44.4,25.0,True,True,Finished timed practice,F21_mid1,25.24271844660194,1.7543859649122806,Bottom quartile
F21,30,mid2,2021-11-03 17:00:03.000000,50.38461538461539,1,1,1,61.76470588235294,61.76470588235294,34.0,True,True,Finished timed practice,F21_mid2,11.76470588235294,20.689655172413794,Bottom quartile
F21,31,mid1,2021-10-06 17:04:33.000000,58.96551724137932,0,0,0,,,,False,False,No timed practice,F21_mid1,10.679611650485436,,
F21,31,mid2,2021-11-03 17:06:27.000000,62.4,0,0,0,,,,False,False,No timed practice,F21_mid2,39.21568627450981,,
F21,32,mid1,2021-10-06 17:00:27.000000,93.10344827586206,1,1,1,88.07692307692308,88.07692307692308,26.0,True,True,Finished timed practice,F21_mid1,97.57281553398059,70.17543859649122,Middle half
F21,32,mid2,2021-11-03 16:59:54.000000,72.0,0,0,0,,,,False,False,No timed practice,F21_mid2,65.19607843137256,,
F21,33,mid1,2021-10-06 17:00:34.000000,84.13793103448275,0,0,0,,,,False,False,No timed practice,F21_mid1,61.165048543689316,,
F21,33,mid2,2021-11-03 17:00:30.000000,56.53846153846154,0,0,0,,,,False,False,No timed practice,F21_mid2,23.52941176470588,,
F21,34,mid1,2021-10-06 17:00:21.000000,93.10344827586206,1,1,1,88.07692307692308,88.07692307692308,26.0,True,True,Finished timed practice,F21_mid1,97.57281553398059,70.17543859649122,Middle half
F21,34,mid2,2021-11-03 17:00:18.000000,88.0,1,0,0,,,,True,False,Started only,F21_mid2,99.01960784313727,,
F21,35,mid1,2021-10-06 16:58:28.000000,86.20689655172413,1,1,1,63.846153846153854,63.846153846153854,26.0,True,True,Finished timed practice,F21_mid1,71.84466019417476,12.280701754385964,Bottom quartile
F21,35,mid2,2021-11-03 16:58:20.000000,80.0,1,1,1,73.52941176470588,73.52941176470588,34.0,True,True,Finished timed practice,F21_mid2,89.70588235294117,34.48275862068966,Middle half
F21,36,mid1,2021-10-06 16:58:53.000000,60.775862068965516,0,0,0,,,,False,False,No timed practice,F21_mid1,14.563106796116504,,
F21,36,mid2,2021-11-03 16:58:45.000000,50.8,0,0,0,,,,False,False,No timed practice,F21_mid2,12.745098039215685,,
F21,37,mid1,2021-10-06 16:57:46.000000,86.20689655172413,0,0,0,,,,False,False,No timed practice,F21_mid1,71.84466019417476,,
F21,37,mid2,2021-11-03 16:58:24.000000,58.8,0,0,0,,,,False,False,No timed practice,F21_mid2,28.921568627450984,,
F21,38,mid1,2021-10-06 16:59:34.000000,74.5,1,1,1,83.17307692307693,83.17307692307693,26.0,True,True,Finished timed practice,F21_mid1,33.00970873786408,49.122807017543856,Middle half
F21,38,mid2,2021-11-03 16:59:12.000000,61.92307692307693,1,0,0,,,,True,False,Started only,F21_mid2,35.78431372549019,,
F21,39,mid1,2021-10-06 17:00:01.000000,93.10344827586206,1,1,1,83.46153846153845,83.46153846153845,26.0,True,True,Finished timed practice,F21_mid1,97.57281553398059,51.75438596491229,Middle half
F21,39,mid2,2021-11-03 17:00:57.000000,78.8,0,0,0,,,,False,False,No timed practice,F21_mid2,86.27450980392157,,
F21,40,mid1,2021-10-06 17:00:09.000000,86.20689655172413,0,0,0,,,,False,False,No timed practice,F21_mid1,71.84466019417476,,
F21,40,mid2,2021-11-03 17:00:02.000000,75.0,0,0,0,,,,False,False,No timed practice,F21_mid2,75.49019607843137,,
F21,41,mid1,2021-10-06 17:02:15.000000,88.96551724137932,0,0,0,,,,False,False,No timed practice,F21_mid1,81.06796116504854,,
F21,41,mid2,2021-11-03 17:00:42.000000,88.0,0,0,0,,,,False,False,No timed practice,F21_mid2,99.01960784313727,,
F21,42,mid1,2021-10-06 17:00:54.000000,82.75862068965517,1,1,1,92.3076923076923,92.3076923076923,26.0,True,True,Finished timed practice,F21_mid1,54.85436893203883,91.22807017543859,Top quartile
F21,42,mid2,2021-11-03 17:00:53.000000,84.0,1,0,0,,,,True,False,Started only,F21_mid2,94.11764705882352,,
F21,43,mid1,2021-10-06 16:59:35.000000,68.96551724137932,1,1,1,81.53846153846153,81.53846153846153,26.0,True,True,Finished timed practice,F21_mid1,24.271844660194176,42.10526315789473,Middle half
F21,43,mid2,2021-11-03 17:00:04.000000,61.92307692307693,1,1,1,82.82828282828282,82.82828282828282,33.0,True,True,Finished timed practice,F21_mid2,35.78431372549019,62.06896551724138,Middle half
F21,44,mid1,2021-10-06 17:00:41.000000,89.65517241379311,1,1,1,75.0,75.0,26.0,True,True,Finished timed practice,F21_mid1,88.3495145631068,21.052631578947366,Bottom quartile
F21,44,mid2,2021-11-03 17:05:13.000000,73.8,0,0,0,,,,False,False,No timed practice,F21_mid2,69.6078431372549,,
F21,45,mid1,2021-10-06 17:00:45.000000,60.39393939393939,1,0,0,,,,True,False,Started only,F21_mid1,13.592233009708737,,
F21,45,mid2,2021-11-08 00:59:04.000000,73.33333333333334,0,0,0,,,,False,False,No timed practice,F21_mid2,67.64705882352942,,
F21,46,mid1,2021-10-06 17:00:19.000000,74.66666666666666,1,1,1,91.53846153846155,91.53846153846155,26.0,True,True,Finished timed practice,F21_mid1,33.980582524271846,78.94736842105263,Top quartile
F21,46,mid2,2021-11-07 22:23:50.000000,62.96296296296296,1,1,1,90.32258064516128,90.32258064516128,31.0,True,True,Finished timed practice,F21_mid2,43.13725490196079,89.65517241379311,Top quartile
F21,47,mid1,2021-10-06 17:01:32.000000,84.13793103448275,1,0,0,,,,True,False,Started only,F21_mid1,61.165048543689316,,
F21,47,mid2,2021-11-03 16:59:17.000000,80.0,1,0,0,,,,True,False,Started only,F21_mid2,89.70588235294117,,
F21,48,mid1,2021-10-06 17:00:09.000000,73.79310344827586,0,0,0,,,,False,False,No timed practice,F21_mid1,30.097087378640776,,
F21,48,mid2,2021-11-03 17:00:01.000000,66.8,1,1,1,50.0,50.0,32.0,True,True,Finished timed practice,F21_mid2,52.450980392156865,6.896551724137931,Bottom quartile
F21,49,mid1,2021-10-06 17:00:39.000000,58.214285714285715,1,0,0,,,,True,False,Started only,F21_mid1,8.737864077669903,,
F21,49,mid2,2021-11-03 17:05:23.000000,44.0,0,0,0,,,,False,False,No timed practice,F21_mid2,5.88235294117647,,
F21,50,mid1,2021-10-06 17:00:48.000000,89.65517241379311,1,1,1,84.23076923076923,84.23076923076923,26.0,True,True,Finished timed practice,F21_mid1,88.3495145631068,57.89473684210527,Middle half
F21,50,mid2,2021-11-03 16:59:29.000000,84.0,1,1,1,79.41176470588235,79.41176470588235,34.0,True,True,Finished timed practice,F21_mid2,94.11764705882352,51.724137931034484,Middle half
F21,51,mid1,2021-10-06 17:13:21.000000,61.44200626959248,0,0,0,,,,False,False,No timed practice,F21_mid1,16.50485436893204,,
F21,51,mid2,2021-11-08 14:14:50.000000,23.076923076923077,0,0,0,,,,False,False,No timed practice,F21_mid2,0.9803921568627451,,
F21,52,mid1,2021-10-06 17:00:05.000000,89.31034482758619,1,1,1,82.6923076923077,82.6923076923077,26.0,True,True,Finished timed practice,F21_mid1,83.49514563106796,47.368421052631575,Middle half
F21,52,mid2,2021-11-03 16:58:51.000000,81.6,0,0,0,,,,False,False,No timed practice,F21_mid2,92.15686274509804,,
F21,53,mid1,2021-10-06 16:59:33.000000,90.0,1,1,1,75.09615384615384,75.09615384615384,26.0,True,True,Finished timed practice,F21_mid1,93.20388349514563,24.561403508771928,Bottom quartile
F21,53,mid2,2021-11-03 16:59:08.000000,65.76923076923077,1,0,0,,,,True,False,Started only,F21_mid2,49.01960784313725,,
F21,54,mid1,2021-10-06 17:00:12.000000,68.62068965517241,1,0,0,,,,True,False,Started only,F21_mid1,21.844660194174757,,
F21,54,mid2,2021-11-03 17:00:15.000000,58.8,1,0,0,,,,True,False,Started only,F21_mid2,28.921568627450984,,
F21,55,mid1,2021-10-06 17:00:02.000000,89.65517241379311,1,1,1,88.07692307692308,88.07692307692308,26.0,True,True,Finished timed practice,F21_mid1,88.3495145631068,70.17543859649122,Middle half
F21,55,mid2,2021-11-03 17:00:01.000000,86.8,1,1,1,88.23529411764706,88.23529411764706,34.0,True,True,Finished timed practice,F21_mid2,97.05882352941177,79.3103448275862,Top quartile
F21,56,mid1,2021-10-06 16:59:18.000000,85.86206896551724,1,1,1,91.75824175824177,91.75824175824177,26.0,True,True,Finished timed practice,F21_mid1,66.99029126213593,82.45614035087719,Top quartile
F21,56,mid2,2021-11-03 17:00:02.000000,68.0,0,0,0,,,,False,False,No timed practice,F21_mid2,55.88235294117647,,
F21,57,mid1,2021-10-06 17:00:38.000000,60.0,0,0,0,,,,False,False,No timed practice,F21_mid1,12.135922330097088,,
F21,57,mid2,2021-11-03 16:59:38.000000,67.2,1,1,1,87.09677419354838,87.09677419354838,31.0,True,True,Finished timed practice,F21_mid2,53.92156862745098,72.41379310344827,Middle half
F21,58,mid1,2021-10-06 17:00:29.000000,60.0,1,0,0,,,,True,False,Started only,F21_mid1,12.135922330097088,,
F21,58,mid2,2021-11-03 17:00:02.000000,66.0,0,0,0,,,,False,False,No timed practice,F21_mid2,50.49019607843137,,
F21,59,mid1,2021-10-06 16:58:25.000000,68.94696969696969,1,1,1,63.6,63.6,25.0,True,True,Finished timed practice,F21_mid1,23.300970873786408,10.526315789473683,Bottom quartile
F21,59,mid2,2021-11-03 17:00:11.000000,68.07692307692308,1,1,1,64.24242424242425,64.24242424242425,33.0,True,True,Finished timed practice,F21_mid2,57.35294117647059,31.03448275862069,Middle half
F21,60,mid1,2021-10-06 17:00:14.000000,86.20689655172413,1,1,1,80.38461538461537,80.38461538461537,26.0,True,True,Finished timed practice,F21_mid1,71.84466019417476,40.35087719298245,Middle half
F21,60,mid2,2021-11-03 17:00:07.000000,64.0,0,0,0,,,,False,False,No timed practice,F21_mid2,45.588235294117645,,
F21,61,mid1,2021-10-06 17:02:57.000000,82.5078369905956,1,1,1,62.4,62.4,25.0,True,True,Finished timed practice,F21_mid1,53.398058252427184,8.771929824561402,Bottom quartile
F21,61,mid2,2021-11-03 17:03:17.000000,65.73333333333333,1,0,0,,,,True,False,Started only,F21_mid2,48.03921568627451,,
F21,62,mid1,2021-10-06 17:01:05.000000,77.09770114942529,1,0,0,,,,True,False,Started only,F21_mid1,39.80582524271845,,
F21,62,mid2,2021-11-03 17:00:34.000000,69.6,1,0,0,,,,True,False,Started only,F21_mid2,59.80392156862745,,
F21,63,mid1,2021-10-06 17:00:13.000000,88.96551724137932,0,0,0,,,,False,False,No timed practice,F21_mid1,81.06796116504854,,
F21,63,mid2,2021-11-03 16:59:24.000000,67.4,0,0,0,,,,False,False,No timed practice,F21_mid2,54.90196078431373,,
F21,64,mid1,2021-10-06 17:00:52.000000,62.41379310344828,1,1,1,89.99999999999999,89.99999999999999,26.0,True,True,Finished timed practice,F21_mid1,17.475728155339805,77.19298245614034,Top quartile
F21,64,mid2,2021-11-03 17:09:36.000000,26.8,0,0,0,,,,False,False,No timed practice,F21_mid2,1.9607843137254901,,
F21,65,mid1,2021-10-06 17:00:33.000000,73.79310344827586,1,1,1,76.92307692307693,76.92307692307693,26.0,True,True,Finished timed practice,F21_mid1,30.097087378640776,31.57894736842105,Middle half
F21,65,mid2,2021-11-03 17:00:16.000000,57.60000000000001,1,0,0,,,,True,False,Started only,F21_mid2,25.49019607843137,,
F21,66,mid1,2021-10-06 16:59:24.000000,86.98275862068967,1,1,1,81.82692307692308,81.82692307692308,26.0,True,True,Finished timed practice,F21_mid1,77.66990291262135,44.73684210526316,Middle half
F21,66,mid2,2021-11-03 16:59:53.000000,80.0,1,0,0,,,,True,False,Started only,F21_mid2,89.70588235294117,,
F21,67,mid1,2021-10-06 16:58:07.000000,86.20689655172413,1,1,1,92.3076923076923,92.3076923076923,26.0,True,True,Finished timed practice,F21_mid1,71.84466019417476,91.22807017543859,Top quartile
F21,67,mid2,2021-11-03 16:58:17.000000,72.0,1,1,1,87.5,87.5,32.0,True,True,Finished timed practice,F21_mid2,65.19607843137256,75.86206896551724,Top quartile
F21,68,mid1,2021-10-06 17:00:24.000000,64.83870967741936,1,0,0,,,,True,False,Started only,F21_mid1,18.446601941747574,,
F21,68,mid2,2021-11-03 17:03:38.000000,48.84615384615385,0,0,0,,,,False,False,No timed practice,F21_mid2,10.784313725490197,,
F21,69,mid1,2021-10-06 17:00:06.000000,80.6896551724138,1,1,1,92.3076923076923,92.3076923076923,26.0,True,True,Finished timed practice,F21_mid1,47.57281553398058,91.22807017543859,Top quartile
F21,69,mid2,2021-11-03 16:58:11.000000,59.20000000000001,1,0,0,,,,True,False,Started only,F21_mid2,31.372549019607842,,
F21,70,mid1,2021-10-06 17:00:12.000000,72.41379310344827,0,0,0,,,,False,False,No timed practice,F21_mid1,26.21359223300971,,
F21,70,mid2,2021-11-03 16:59:25.000000,41.66666666666667,0,0,0,,,,False,False,No timed practice,F21_mid2,4.901960784313726,,
F21,72,mid1,2021-10-06 17:00:15.000000,80.6896551724138,1,1,1,75.0,75.0,26.0,True,True,Finished timed practice,F21_mid1,47.57281553398058,21.052631578947366,Bottom quartile
F21,72,mid2,2021-11-03 17:00:12.000000,62.8,1,0,0,,,,True,False,Started only,F21_mid2,41.17647058823529,,
F21,73,mid1,2021-10-06 17:19:37.000000,83.10344827586206,0,0,0,,,,False,False,No timed practice,F21_mid1,57.28155339805825,,
F21,73,mid2,2021-11-05 19:50:07.000000,58.46153846153845,1,0,0,,,,True,False,Started only,F21_mid2,27.450980392156865,,
F21,74,mid1,2021-10-06 17:00:02.000000,89.65517241379311,1,1,1,80.0,80.0,26.0,True,True,Finished timed practice,F21_mid1,88.3495145631068,36.84210526315789,Middle half
F21,74,mid2,2021-11-07 23:19:04.000000,76.92307692307693,0,0,0,,,,False,False,No timed practice,F21_mid2,82.84313725490196,,
F21,75,mid1,2021-10-06 17:01:57.000000,77.24137931034483,0,0,0,,,,False,False,No timed practice,F21_mid1,41.262135922330096,,
F21,75,mid2,2021-11-03 16:59:58.000000,72.3076923076923,0,0,0,,,,False,False,No timed practice,F21_mid2,66.66666666666666,,
F21,76,mid1,2021-10-06 17:23:22.000000,73.79310344827586,1,1,1,76.15384615384616,76.15384615384616,26.0,True,True,Finished timed practice,F21_mid1,30.097087378640776,28.07017543859649,Middle half
F21,76,mid2,2021-11-03 17:00:21.000000,59.0,0,0,0,,,,False,False,No timed practice,F21_mid2,30.392156862745097,,
F21,77,mid1,2021-10-06 17:00:08.000000,89.65517241379311,1,0,0,,,,True,False,Started only,F21_mid1,88.3495145631068,,
F21,77,mid2,2021-11-03 17:00:07.000000,84.0,1,1,1,73.73737373737373,73.73737373737373,33.0,True,True,Finished timed practice,F21_mid2,94.11764705882352,37.93103448275862,Middle half
F21,78,mid1,2021-10-06 17:00:14.000000,89.65517241379311,1,1,1,91.92307692307692,91.92307692307692,26.0,True,True,Finished timed practice,F21_mid1,88.3495145631068,85.08771929824562,Top quartile
F21,78,mid2,2021-11-03 17:00:47.000000,76.0,1,0,0,,,,True,False,Started only,F21_mid2,79.90196078431373,,
F21,79,mid1,2021-10-06 17:00:31.000000,66.20689655172414,0,0,0,,,,False,False,No timed practice,F21_mid1,19.41747572815534,,
F21,79,mid2,2021-11-03 17:00:03.000000,52.0,0,0,0,,,,False,False,No timed practice,F21_mid2,15.196078431372548,,
F21,80,mid1,2021-10-06 17:00:24.000000,85.51724137931035,1,1,1,89.23076923076923,89.23076923076923,26.0,True,True,Finished timed practice,F21_mid1,66.01941747572816,75.43859649122807,Top quartile
F21,80,mid2,2021-11-03 17:00:14.000000,74.8,1,0,0,,,,True,False,Started only,F21_mid2,72.54901960784314,,
F21,81,mid1,2021-10-06 16:58:53.000000,89.02821316614421,1,1,1,92.3076923076923,92.3076923076923,26.0,True,True,Finished timed practice,F21_mid1,82.52427184466019,91.22807017543859,Top quartile
F21,81,mid2,2021-11-03 16:58:20.000000,74.8,1,1,1,91.17647058823529,91.17647058823529,34.0,True,True,Finished timed practice,F21_mid2,72.54901960784314,93.10344827586206,Top quartile
F21,82,mid1,2021-10-06 17:00:34.000000,86.20689655172413,1,0,0,,,,True,False,Started only,F21_mid1,71.84466019417476,,
F21,82,mid2,2021-11-03 17:01:10.000000,63.6,0,0,0,,,,False,False,No timed practice,F21_mid2,44.11764705882353,,
F21,83,mid1,2021-10-06 17:00:45.000000,80.14890282131661,1,0,0,,,,True,False,Started only,F21_mid1,45.63106796116505,,
F21,83,mid2,2021-11-07 17:43:12.000000,62.05128205128205,0,0,0,,,,False,False,No timed practice,F21_mid2,38.23529411764706,,
F21,84,mid1,2021-10-06 16:59:31.000000,86.29310344827586,1,1,1,80.0,80.0,26.0,True,True,Finished timed practice,F21_mid1,76.69902912621359,36.84210526315789,Middle half
F21,84,mid2,2021-11-03 17:01:23.000000,74.8,1,1,1,79.90196078431373,79.90196078431373,34.0,True,True,Finished timed practice,F21_mid2,72.54901960784314,55.172413793103445,Middle half
F21,85,mid1,2021-10-06 17:04:22.000000,82.32876712328768,0,0,0,,,,False,False,No timed practice,F21_mid1,50.48543689320388,,
F21,85,mid2,2021-11-03 17:00:42.000000,62.8,1,1,1,26.666666666666668,26.666666666666668,30.0,True,True,Finished timed practice,F21_mid2,41.17647058823529,3.4482758620689653,Bottom quartile
F21,86,mid1,2021-10-06 17:00:01.000000,76.42424242424242,0,0,0,,,,False,False,No timed practice,F21_mid1,37.86407766990291,,
F21,86,mid2,2021-11-03 17:00:04.000000,64.23076923076923,0,0,0,,,,False,False,No timed practice,F21_mid2,47.05882352941176,,
F21,87,mid1,2021-10-06 17:00:05.000000,87.58620689655172,1,1,1,84.23076923076923,84.23076923076923,26.0,True,True,Finished timed practice,F21_mid1,78.64077669902912,57.89473684210527,Middle half
F21,87,mid2,2021-11-05 20:09:36.000000,69.23076923076923,1,1,1,82.35294117647058,82.35294117647058,34.0,True,True,Finished timed practice,F21_mid2,58.82352941176471,58.620689655172406,Middle half
F21,88,mid1,2021-10-06 17:00:34.000000,84.66666666666666,1,1,1,79.23076923076924,79.23076923076924,26.0,True,True,Finished timed practice,F21_mid1,63.10679611650486,33.33333333333333,Middle half
F21,88,mid2,2021-11-03 17:00:16.000000,75.76923076923077,1,2,1,94.11764705882352,94.11764705882352,33.5,True,True,Finished timed practice,F21_mid2,78.43137254901961,100.0,Top quartile
F21,89,mid1,2021-10-06 17:00:10.000000,50.74999999999999,0,0,0,,,,False,False,No timed practice,F21_mid1,2.912621359223301,,
F21,89,mid2,2021-11-03 17:00:04.000000,54.230769230769226,0,0,0,,,,False,False,No timed practice,F21_mid2,18.627450980392158,,
F21,90,mid1,2021-10-06 17:00:25.000000,89.65517241379311,0,0,0,,,,False,False,No timed practice,F21_mid1,88.3495145631068,,
F21,90,mid2,2021-11-03 17:00:38.000000,71.2,0,0,0,,,,False,False,No timed practice,F21_mid2,63.725490196078425,,
F21,91,mid1,2021-10-06 16:59:59.000000,84.82758620689656,1,1,1,80.0,80.0,26.0,True,True,Finished timed practice,F21_mid1,64.07766990291263,36.84210526315789,Middle half
F21,91,mid2,2021-11-03 16:59:39.000000,73.6,1,0,0,,,,True,False,Started only,F21_mid2,68.62745098039215,,
F21,92,mid1,2021-10-06 17:04:24.000000,86.20689655172413,1,0,0,,,,True,False,Started only,F21_mid1,71.84466019417476,,
F21,92,mid2,2021-11-03 17:08:49.000000,56.8,1,0,0,,,,True,False,Started only,F21_mid2,24.509803921568626,,
F21,93,mid1,2021-10-06 17:00:27.000000,68.62068965517241,0,0,0,,,,False,False,No timed practice,F21_mid1,21.844660194174757,,
F21,93,mid2,2021-11-03 17:04:09.000000,74.8,0,0,0,,,,False,False,No timed practice,F21_mid2,72.54901960784314,,
F21,94,mid1,2021-10-06 17:00:08.000000,82.84482758620689,1,1,1,76.15384615384616,76.15384615384616,26.0,True,True,Finished timed practice,F21_mid1,56.310679611650485,28.07017543859649,Middle half
F21,94,mid2,2021-11-03 17:00:06.000000,75.2,1,1,1,90.19607843137256,90.19607843137256,34.0,True,True,Finished timed practice,F21_mid2,76.47058823529412,86.20689655172413,Top quartile
F21,95,mid1,2021-10-06 17:02:21.000000,93.10344827586206,1,1,1,88.07692307692308,88.07692307692308,26.0,True,True,Finished timed practice,F21_mid1,97.57281553398059,70.17543859649122,Middle half
F21,95,mid2,2021-11-03 17:00:44.000000,88.0,1,1,1,89.70588235294117,89.70588235294117,34.0,True,True,Finished timed practice,F21_mid2,99.01960784313727,82.75862068965517,Top quartile
F21,96,mid1,2021-10-06 17:00:21.000000,93.10344827586206,1,0,0,,,,True,False,Started only,F21_mid1,97.57281553398059,,
F21,96,mid2,2021-11-08 02:45:27.000000,85.18518518518519,1,1,1,75.49019607843137,75.49019607843137,34.0,True,True,Finished timed practice,F21_mid2,96.07843137254902,44.827586206896555,Middle half
F21,97,mid1,2021-10-06 17:00:44.000000,75.94827586206895,1,1,1,75.0,75.0,26.0,True,True,Finished timed practice,F21_mid1,36.89320388349515,21.052631578947366,Bottom quartile
F21,97,mid2,2021-11-03 16:59:35.000000,75.6,1,1,1,78.78787878787878,78.78787878787878,33.0,True,True,Finished timed practice,F21_mid2,77.45098039215686,48.275862068965516,Middle half
F21,98,mid1,2021-10-06 17:00:53.000000,83.44827586206897,0,0,0,,,,False,False,No timed practice,F21_mid1,58.252427184466015,,
F21,99,mid1,2021-10-06 17:01:34.000000,72.47648902821318,1,1,1,92.3076923076923,92.3076923076923,26.0,True,True,Finished timed practice,F21_mid1,27.184466019417474,91.22807017543859,Top quartile
F21,99,mid2,2021-11-03 17:00:45.000000,54.79999999999999,1,1,1,74.19354838709677,74.19354838709677,31.0,True,True,Finished timed practice,F21_mid2,20.098039215686274,41.37931034482759,Middle half
F21,100,mid1,2021-10-06 16:58:42.000000,82.06896551724138,1,0,0,,,,True,False,Started only,F21_mid1,49.51456310679612,,
F21,100,mid2,2021-11-03 17:00:04.000000,70.8,0,0,0,,,,False,False,No timed practice,F21_mid2,61.76470588235294,,
F21,101,mid1,2021-10-06 17:00:20.000000,77.99999999999999,1,1,1,54.761904761904766,54.761904761904766,21.0,True,True,Finished timed practice,F21_mid1,43.689320388349515,3.508771929824561,Bottom quartile
F21,101,mid2,2021-11-03 17:00:25.000000,60.38461538461538,1,0,0,,,,True,False,Started only,F21_mid2,33.33333333333333,,
F21,102,mid1,2021-10-06 17:14:37.000000,82.75862068965517,1,1,1,76.15384615384616,76.15384615384616,26.0,True,True,Finished timed practice,F21_mid1,54.85436893203883,28.07017543859649,Middle half
F21,102,mid2,2021-11-03 17:16:49.000000,60.0,1,0,0,,,,True,False,Started only,F21_mid2,32.35294117647059,,
F21,103,mid1,2021-10-06 17:00:09.000000,83.79310344827586,1,0,0,,,,True,False,Started only,F21_mid1,59.22330097087378,,
F21,103,mid2,2021-11-03 16:59:47.000000,55.2,1,0,0,,,,True,False,Started only,F21_mid2,21.568627450980394,,
F21,104,mid1,2021-10-06 17:00:23.000000,54.72727272727273,1,1,1,84.21052631578947,84.21052631578947,19.0,True,True,Finished timed practice,F21_mid1,4.854368932038835,54.385964912280706,Middle half
F21,104,mid2,2021-11-03 17:01:07.000000,35.0,1,1,1,86.66666666666667,86.66666666666667,30.0,True,True,Finished timed practice,F21_mid2,3.9215686274509802,68.96551724137932,Middle half
F21,105,mid1,2021-10-06 17:01:03.000000,61.03448275862069,0,0,0,,,,False,False,No timed practice,F21_mid1,15.53398058252427,,
F21,105,mid2,2021-11-03 17:05:42.000000,54.79999999999999,1,0,0,,,,True,False,Started only,F21_mid2,20.098039215686274,,
F21,110,mid1,2021-10-06 17:00:43.000000,80.6896551724138,1,1,1,70.38461538461539,70.38461538461539,26.0,True,True,Finished timed practice,F21_mid1,47.57281553398058,17.543859649122805,Bottom quartile
F21,110,mid2,2021-11-03 17:01:01.000000,66.0,1,1,1,63.63636363636363,63.63636363636363,33.0,True,True,Finished timed practice,F21_mid2,50.49019607843137,27.586206896551722,Middle half
F21,111,mid1,2021-10-06 16:59:06.000000,73.10344827586206,1,1,1,56.25,56.25,16.0,True,True,Finished timed practice,F21_mid1,28.155339805825243,5.263157894736842,Bottom quartile
F21,111,mid2,2021-11-03 16:58:58.000000,48.0,0,0,0,,,,False,False,No timed practice,F21_mid2,9.803921568627452,,
F22,1,mid1,2022-10-06 14:05:07.570754,85.0909090909091,2,2,2,90.76923076923077,90.76923076923077,23.0,True,True,Finished timed practice,F22_mid1,60.689655172413794,60.9375,Middle half
F22,1,mid2,2022-11-03 13:59:52.191975,71.72413793103448,0,0,0,,,,False,False,No timed practice,F22_mid2,56.896551724137936,,
F22,2,mid1,2022-10-06 14:05:07.594234,77.88888888888889,4,4,4,96.15384615384616,96.15384615384616,26.0,True,True,Finished timed practice,F22_mid1,35.172413793103445,91.796875,Top quartile
F22,2,mid2,2022-11-03 14:00:02.461893,79.3103448275862,1,1,1,95.91836734693877,95.91836734693877,49.0,True,True,Finished timed practice,F22_mid2,85.51724137931035,90.36697247706422,Top quartile
F22,3,mid1,2022-10-06 14:04:49.672697,72.72727272727273,2,2,2,79.0,79.0,22.0,True,True,Finished timed practice,F22_mid1,26.89655172413793,25.0,Bottom quartile
F22,3,mid2,2022-11-03 13:59:46.256669,72.06896551724138,0,0,0,,,,False,False,No timed practice,F22_mid2,60.3448275862069,,
F22,4,mid1,2022-10-06 14:04:52.138043,90.0,4,2,2,100.0,100.0,23.0,True,True,Finished timed practice,F22_mid1,84.48275862068965,97.65625,Top quartile
F22,4,mid2,2022-11-03 13:59:44.274593,82.75862068965517,4,2,2,96.96969696969697,96.96969696969697,24.5,True,True,Finished timed practice,F22_mid2,94.13793103448276,92.20183486238533,Top quartile
F22,5,mid1,2022-10-06 14:04:36.960991,79.3939393939394,1,1,1,77.35849056603774,77.35849056603774,53.0,True,True,Finished timed practice,F22_mid1,38.62068965517241,21.875,Bottom quartile
F22,5,mid2,2022-11-03 13:59:37.868830,55.172413793103445,0,0,0,,,,False,False,No timed practice,F22_mid2,18.96551724137931,,
F22,6,mid1,2022-10-06 14:04:44.018261,92.42424242424242,3,2,2,96.15384615384616,96.15384615384616,23.0,True,True,Finished timed practice,F22_mid1,89.65517241379311,91.796875,Top quartile
F22,6,mid2,2022-11-03 14:00:11.791524,86.20689655172413,1,1,1,86.53846153846155,86.53846153846155,52.0,True,True,Finished timed practice,F22_mid2,98.9655172413793,53.21100917431193,Middle half
F22,7,mid1,2022-10-06 14:04:42.131891,83.33333333333334,1,0,0,,,,True,False,Started only,F22_mid1,55.86206896551724,,
F22,7,mid2,2022-11-03 13:59:57.167231,65.51724137931035,1,1,1,0.0,0.0,1.0,True,True,Finished timed practice,F22_mid2,44.827586206896555,0.9174311926605505,Bottom quartile
F22,8,mid1,2022-10-06 14:30:06.029881,86.66666666666667,3,3,3,95.0,95.0,26.0,True,True,Finished timed practice,F22_mid1,69.3103448275862,78.515625,Top quartile
F22,8,mid2,2022-11-03 13:59:53.491757,68.96551724137932,2,2,2,90.625,90.625,24.0,True,True,Finished timed practice,F22_mid2,52.41379310344828,72.47706422018348,Middle half
F22,9,mid1,2022-10-06 14:04:44.301719,85.45454545454547,3,2,2,85.0,85.0,23.0,True,True,Finished timed practice,F22_mid1,61.724137931034484,42.578125,Middle half
F22,9,mid2,2022-11-03 13:59:55.810346,82.41379310344827,2,2,2,87.87878787878788,87.87878787878788,24.5,True,True,Finished timed practice,F22_mid2,90.6896551724138,66.97247706422019,Middle half
F22,10,mid1,2022-10-06 14:05:04.198780,93.33333333333333,3,3,3,92.3076923076923,92.3076923076923,21.0,True,True,Finished timed practice,F22_mid1,95.86206896551724,66.40625,Middle half
F22,10,mid2,2022-11-03 13:59:53.876277,72.41379310344827,1,1,1,93.75,93.75,16.0,True,True,Finished timed practice,F22_mid2,65.51724137931035,82.11009174311926,Top quartile
F22,11,mid1,2022-10-06 14:01:44.605608,93.33333333333333,2,1,1,100.0,100.0,22.0,True,True,Finished timed practice,F22_mid1,95.86206896551724,97.65625,Top quartile
F22,11,mid2,2022-11-03 14:02:47.540646,79.3103448275862,3,3,3,93.75,93.75,18.0,True,True,Finished timed practice,F22_mid2,85.51724137931035,82.11009174311926,Top quartile
F22,12,mid1,2022-10-06 14:04:43.141921,93.33333333333333,2,2,2,100.0,100.0,23.0,True,True,Finished timed practice,F22_mid1,95.86206896551724,97.65625,Top quartile
F22,12,mid2,2022-11-03 14:00:14.639920,82.75862068965517,2,2,2,87.87878787878788,87.87878787878788,24.5,True,True,Finished timed practice,F22_mid2,94.13793103448276,66.97247706422019,Middle half
F22,13,mid1,2022-10-06 14:05:11.556056,61.51515151515151,2,2,2,96.15384615384616,96.15384615384616,23.0,True,True,Finished timed practice,F22_mid1,13.793103448275861,91.796875,Top quartile
F22,13,mid2,2022-11-03 14:00:27.424097,60.3448275862069,1,1,1,93.75,93.75,16.0,True,True,Finished timed practice,F22_mid2,31.379310344827587,82.11009174311926,Top quartile
F22,14,mid1,2022-10-06 14:01:42.543694,75.06060606060606,1,0,0,,,,True,False,Started only,F22_mid1,27.586206896551722,,
F22,14,mid2,2022-11-03 14:00:00.253348,68.62068965517241,1,1,1,55.55555555555556,55.55555555555556,18.0,True,True,Finished timed practice,F22_mid2,50.0,12.844036697247708,Bottom quartile
F22,15,mid1,2022-10-06 14:04:55.811320,86.66666666666667,2,2,2,96.15384615384616,96.15384615384616,23.0,True,True,Finished timed practice,F22_mid1,69.3103448275862,91.796875,Top quartile
F22,15,mid2,2022-11-03 14:00:14.650586,75.86206896551724,2,2,2,93.93939393939394,93.93939393939394,41.0,True,True,Finished timed practice,F22_mid2,77.24137931034483,87.1559633027523,Top quartile
F22,16,mid1,2022-10-06 14:05:19.865480,71.45454545454545,2,1,1,65.0,65.0,20.0,True,True,Finished timed practice,F22_mid1,24.137931034482758,6.640625,Bottom quartile
F22,16,mid2,2022-11-03 14:00:00.647961,72.41379310344827,1,0,0,,,,True,False,Started only,F22_mid2,65.51724137931035,,
F22,17,mid1,2022-10-06 14:04:32.836746,75.33333333333334,1,0,0,,,,True,False,Started only,F22_mid1,28.27586206896552,,
F22,17,mid2,2022-11-03 14:43:54.857075,58.96551724137932,1,1,1,75.0,75.0,16.0,True,True,Finished timed practice,F22_mid2,28.965517241379313,34.403669724770644,Middle half
F22,18,mid1,2022-10-06 14:04:54.219475,91.72727272727273,1,1,1,100.0,100.0,20.0,True,True,Finished timed practice,F22_mid1,88.96551724137932,97.65625,Top quartile
F22,18,mid2,2022-11-03 13:59:49.841668,78.9655172413793,0,0,0,,,,False,False,No timed practice,F22_mid2,82.06896551724138,,
F22,19,mid1,2022-10-06 14:04:48.246285,86.66666666666667,3,3,3,92.3076923076923,92.3076923076923,26.0,True,True,Finished timed practice,F22_mid1,69.3103448275862,66.40625,Middle half
F22,19,mid2,2022-11-03 13:59:49.804563,71.83908045977012,2,2,2,81.25,81.25,24.5,True,True,Finished timed practice,F22_mid2,57.931034482758626,45.412844036697244,Middle half
F22,21,mid1,2022-10-06 14:04:47.689287,80.0,2,2,2,95.0,95.0,23.0,True,True,Finished timed practice,F22_mid1,43.79310344827586,78.515625,Top quartile
F22,21,mid2,2022-11-03 13:59:56.110753,72.41379310344827,2,2,2,81.25,81.25,24.5,True,True,Finished timed practice,F22_mid2,65.51724137931035,45.412844036697244,Middle half
F22,22,mid1,2022-10-06 02:27:52.125488,89.66666666666666,1,1,1,95.0,95.0,20.0,True,True,Finished timed practice,F22_mid1,79.3103448275862,78.515625,Top quartile
F22,22,mid2,2022-11-03 13:59:49.500286,75.86206896551724,1,1,1,52.94117647058824,52.94117647058824,17.0,True,True,Finished timed practice,F22_mid2,77.24137931034483,11.926605504587156,Bottom quartile
F22,23,mid1,2022-10-06 14:08:06.752649,89.0909090909091,2,2,2,90.0,90.0,23.0,True,True,Finished timed practice,F22_mid1,76.55172413793103,55.859375,Middle half
F22,23,mid2,2022-11-03 13:59:55.797861,72.06896551724138,2,2,2,87.5,87.5,24.5,True,True,Finished timed practice,F22_mid2,60.3448275862069,61.00917431192661,Middle half
F22,24,mid1,2022-10-06 14:21:23.716661,93.33333333333333,2,2,2,84.78260869565217,84.78260869565217,37.5,True,True,Finished timed practice,F22_mid1,95.86206896551724,38.28125,Middle half
F22,24,mid2,2022-11-03 14:05:15.206291,66.66666666666666,1,1,1,97.95918367346938,97.95918367346938,49.0,True,True,Finished timed practice,F22_mid2,46.206896551724135,93.57798165137615,Top quartile
F22,25,mid1,2022-10-06 14:29:44.747073,66.66666666666666,2,0,0,,,,True,False,Started only,F22_mid1,17.24137931034483,,
F22,25,mid2,2022-11-03 14:00:05.572486,55.172413793103445,2,2,2,58.82352941176471,58.82352941176471,23.5,True,True,Finished timed practice,F22_mid2,18.96551724137931,15.59633027522936,Bottom quartile
F22,26,mid1,2022-10-06 14:38:09.184211,70.06060606060606,2,2,2,75.35714285714286,75.35714285714286,27.5,True,True,Finished timed practice,F22_mid1,22.06896551724138,20.3125,Bottom quartile
F22,26,mid2,2022-11-06 21:46:30.024780,54.82758620689655,0,0,0,,,,False,False,No timed practice,F22_mid2,17.24137931034483,,
F22,27,mid1,2022-10-06 14:04:44.473264,86.25,3,3,3,96.0,96.0,25.0,True,True,Finished timed practice,F22_mid1,64.82758620689654,88.671875,Top quartile
F22,27,mid2,2022-11-03 13:59:46.172615,86.20689655172413,2,2,2,88.3673469387755,88.3673469387755,40.5,True,True,Finished timed practice,F22_mid2,98.9655172413793,68.80733944954129,Middle half
F22,29,mid1,2022-10-06 14:06:17.866803,85.75757575757575,2,2,2,80.0,80.0,22.5,True,True,Finished timed practice,F22_mid1,62.758620689655174,28.90625,Middle half
F22,29,mid2,2022-11-03 13:59:53.879189,65.51724137931035,2,1,1,93.75,93.75,16.0,True,True,Finished timed practice,F22_mid2,44.827586206896555,82.11009174311926,Top quartile
F22,30,mid1,2022-10-06 14:04:50.099757,76.06060606060606,2,1,1,40.0,40.0,20.0,True,True,Finished timed practice,F22_mid1,30.344827586206897,2.34375,Bottom quartile
F22,30,mid2,2022-11-03 14:00:00.001679,57.24137931034483,1,0,0,,,,True,False,Started only,F22_mid2,22.413793103448278,,
F22,31,mid1,2022-10-06 14:04:39.115443,83.33333333333334,2,2,2,92.3076923076923,92.3076923076923,23.5,True,True,Finished timed practice,F22_mid1,55.86206896551724,66.40625,Middle half
F22,31,mid2,2022-11-03 14:00:00.982606,85.17241379310344,2,2,2,93.93939393939394,93.93939393939394,24.5,True,True,Finished timed practice,F22_mid2,96.55172413793103,87.1559633027523,Top quartile
F22,32,mid1,2022-10-06 14:02:37.252801,58.18181818181818,2,2,2,68.42105263157895,68.42105263157895,19.5,True,True,Finished timed practice,F22_mid1,7.931034482758621,9.375,Bottom quartile
F22,32,mid2,2022-11-03 14:00:05.539319,32.758620689655174,1,1,1,43.75,43.75,16.0,True,True,Finished timed practice,F22_mid2,2.7586206896551726,6.422018348623854,Bottom quartile
F22,33,mid1,2022-10-06 14:04:40.292761,51.81818181818182,2,1,1,90.76923076923077,90.76923076923077,26.0,True,True,Finished timed practice,F22_mid1,3.4482758620689653,60.9375,Middle half
F22,33,mid2,2022-11-03 14:00:17.314386,37.93103448275862,2,2,2,100.0,100.0,23.5,True,True,Finished timed practice,F22_mid2,5.517241379310345,97.24770642201835,Top quartile
F22,34,mid1,2022-10-06 14:05:14.687843,93.33333333333333,2,2,2,95.45454545454545,95.45454545454545,21.0,True,True,Finished timed practice,F22_mid1,95.86206896551724,86.71875,Top quartile
F22,34,mid2,2022-11-03 14:00:37.774249,68.96551724137932,1,1,1,75.0,75.0,16.0,True,True,Finished timed practice,F22_mid2,52.41379310344828,34.403669724770644,Middle half
F22,35,mid1,2022-10-06 14:04:29.569564,71.81818181818183,3,2,2,84.42307692307692,84.42307692307692,23.5,True,True,Finished timed practice,F22_mid1,24.82758620689655,37.5,Middle half
F22,35,mid2,2022-11-03 13:59:48.736815,58.96551724137932,2,1,1,94.78260869565219,94.78260869565219,46.0,True,True,Finished timed practice,F22_mid2,28.965517241379313,88.9908256880734,Top quartile
F22,36,mid1,2022-10-06 14:04:26.222945,86.66666666666667,2,2,2,92.3076923076923,92.3076923076923,23.0,True,True,Finished timed practice,F22_mid1,69.3103448275862,66.40625,Middle half
F22,36,mid2,2022-11-03 13:59:51.447496,82.75862068965517,2,2,2,96.96969696969697,96.96969696969697,24.5,True,True,Finished timed practice,F22_mid2,94.13793103448276,92.20183486238533,Top quartile
F22,37,mid1,2022-10-06 14:04:36.463259,82.72727272727273,2,2,2,95.38461538461539,95.38461538461539,23.0,True,True,Finished timed practice,F22_mid1,51.724137931034484,85.9375,Top quartile
F22,37,mid2,2022-11-03 13:59:41.984769,64.82758620689656,2,2,2,100.0,100.0,24.5,True,True,Finished timed practice,F22_mid2,42.758620689655174,97.24770642201835,Top quartile
F22,38,mid1,2022-10-06 14:04:45.392192,79.58333333333333,2,2,2,95.0,95.0,20.5,True,True,Finished timed practice,F22_mid1,40.3448275862069,78.515625,Top quartile
F22,38,mid2,2022-11-03 14:01:16.470168,74.82758620689654,1,1,1,92.3076923076923,92.3076923076923,26.0,True,True,Finished timed practice,F22_mid2,70.34482758620689,75.22935779816514,Top quartile
F22,39,mid1,2022-10-06 14:04:36.898214,89.58333333333334,2,1,1,90.0,90.0,20.0,True,True,Finished timed practice,F22_mid1,78.27586206896552,55.859375,Middle half
F22,39,mid2,2022-11-03 13:59:44.540701,86.20689655172413,2,2,2,100.0,100.0,24.5,True,True,Finished timed practice,F22_mid2,98.9655172413793,97.24770642201835,Top quartile
F22,40,mid1,2022-10-06 14:04:39.989113,83.33333333333334,3,2,2,76.92307692307693,76.92307692307693,23.0,True,True,Finished timed practice,F22_mid1,55.86206896551724,21.09375,Bottom quartile
F22,40,mid2,2022-11-03 13:59:34.068348,75.51724137931033,1,1,1,60.416666666666664,60.416666666666664,48.0,True,True,Finished timed practice,F22_mid2,72.06896551724138,18.34862385321101,Bottom quartile
F22,41,mid1,2022-10-06 14:04:36.837869,90.0,2,1,1,85.0,85.0,20.0,True,True,Finished timed practice,F22_mid1,84.48275862068965,42.578125,Middle half
F22,41,mid2,2022-11-03 13:59:39.031233,72.41379310344827,1,1,1,87.5,87.5,16.0,True,True,Finished timed practice,F22_mid2,65.51724137931035,61.00917431192661,Middle half
F22,42,mid1,2022-10-06 14:04:47.512429,89.0909090909091,2,2,2,100.0,100.0,23.0,True,True,Finished timed practice,F22_mid1,76.55172413793103,97.65625,Top quartile
F22,42,mid2,2022-11-03 14:00:04.151877,69.3103448275862,1,1,1,87.87878787878788,87.87878787878788,33.0,True,True,Finished timed practice,F22_mid2,54.82758620689655,66.97247706422019,Middle half
F22,43,mid1,2022-10-06 14:04:52.528376,86.66666666666667,1,1,1,85.71428571428571,85.71428571428571,21.0,True,True,Finished timed practice,F22_mid1,69.3103448275862,47.65625,Middle half
F22,43,mid2,2022-11-03 13:59:53.644546,68.96551724137932,1,1,1,81.25,81.25,16.0,True,True,Finished timed practice,F22_mid2,52.41379310344828,45.412844036697244,Middle half
F22,44,mid1,2022-10-06 14:05:28.981674,60.0,3,3,3,91.66666666666666,91.66666666666666,23.0,True,True,Finished timed practice,F22_mid1,12.068965517241379,63.28125,Middle half
F22,44,mid2,2022-11-03 14:00:29.517426,51.03448275862069,1,0,0,,,,True,False,Started only,F22_mid2,13.793103448275861,,
F22,45,mid1,2022-10-06 14:05:20.644223,83.33333333333334,3,3,3,90.0,90.0,26.0,True,True,Finished timed practice,F22_mid1,55.86206896551724,55.859375,Middle half
F22,45,mid2,2022-11-03 13:59:54.908954,79.3103448275862,2,2,2,64.51612903225806,64.51612903225806,35.5,True,True,Finished timed practice,F22_mid2,85.51724137931035,20.18348623853211,Bottom quartile
F22,46,mid1,2022-10-06 14:04:56.570928,79.3939393939394,4,3,3,95.76923076923076,95.76923076923076,24.0,True,True,Finished timed practice,F22_mid1,38.62068965517241,87.5,Top quartile
F22,46,mid2,2022-11-03 14:00:17.387630,75.51724137931033,3,3,3,93.93939393939394,93.93939393939394,33.0,True,True,Finished timed practice,F22_mid2,72.06896551724138,87.1559633027523,Top quartile
F22,47,mid1,2022-10-06 14:05:36.809950,86.06060606060608,2,2,2,90.0,90.0,23.0,True,True,Finished timed practice,F22_mid1,63.44827586206897,55.859375,Middle half
F22,47,mid2,2022-11-03 13:59:59.766643,75.86206896551724,2,2,2,84.84848484848484,84.84848484848484,24.5,True,True,Finished timed practice,F22_mid2,77.24137931034483,51.8348623853211,Middle half
F22,48,mid1,2022-10-06 14:29:31.382320,53.613053613053616,2,2,2,80.95238095238095,80.95238095238095,23.5,True,True,Finished timed practice,F22_mid1,5.517241379310345,32.8125,Middle half
F22,48,mid2,2022-11-03 13:59:56.732041,36.89655172413793,2,2,2,81.875,81.875,69.0,True,True,Finished timed practice,F22_mid2,4.137931034482759,48.62385321100918,Middle half
F22,49,mid1,2022-10-10 23:01:51.368787,76.66666666666667,0,0,0,,,,False,False,No timed practice,F22_mid1,32.41379310344827,,
F22,49,mid2,2022-11-07 02:11:58.415098,35.4054054054054,1,1,1,100.0,100.0,16.0,True,True,Finished timed practice,F22_mid2,3.4482758620689653,97.24770642201835,Top quartile
F22,50,mid1,2022-10-06 14:05:18.912093,62.121212121212125,2,1,1,70.0,70.0,20.0,True,True,Finished timed practice,F22_mid1,14.482758620689657,12.890625,Bottom quartile
F22,50,mid2,2022-11-03 14:21:32.575552,46.89655172413793,1,0,0,,,,True,False,Started only,F22_mid2,10.344827586206897,,
F22,51,mid1,2022-10-06 14:05:21.025504,90.0,2,2,2,93.10344827586206,93.10344827586206,24.5,True,True,Finished timed practice,F22_mid1,84.48275862068965,69.921875,Middle half
F22,51,mid2,2022-11-03 13:59:57.763937,72.41379310344827,1,1,1,68.75,68.75,16.0,True,True,Finished timed practice,F22_mid2,65.51724137931035,25.688073394495415,Middle half
F22,52,mid1,2022-10-06 14:04:48.836520,79.0909090909091,2,1,1,85.0,85.0,20.0,True,True,Finished timed practice,F22_mid1,37.24137931034483,42.578125,Middle half
F22,52,mid2,2022-11-03 14:00:00.896509,41.37931034482759,3,1,1,50.0,50.0,16.0,True,True,Finished timed practice,F22_mid2,7.586206896551724,10.091743119266056,Bottom quartile
F22,53,mid1,2022-10-06 14:04:36.879008,78.78787878787878,2,1,1,70.0,70.0,20.0,True,True,Finished timed practice,F22_mid1,36.206896551724135,12.890625,Bottom quartile
F22,53,mid2,2022-11-03 13:59:56.687038,66.78571428571428,0,0,0,,,,False,False,No timed practice,F22_mid2,46.89655172413793,,
F22,54,mid1,2022-10-06 14:34:47.948199,70.9090909090909,3,3,3,80.55555555555556,80.55555555555556,21.0,True,True,Finished timed practice,F22_mid1,23.448275862068964,32.03125,Middle half
F22,54,mid2,2022-11-03 14:00:02.679284,72.41379310344827,3,3,3,69.23076923076923,69.23076923076923,26.0,True,True,Finished timed practice,F22_mid2,65.51724137931035,28.440366972477065,Middle half
F22,55,mid1,2022-10-06 14:04:51.986215,82.00757575757575,2,1,1,75.0,75.0,20.0,True,True,Finished timed practice,F22_mid1,48.96551724137931,17.96875,Bottom quartile
F22,55,mid2,2022-11-05 22:17:34.110806,75.17241379310346,1,1,1,86.66666666666667,86.66666666666667,15.0,True,True,Finished timed practice,F22_mid2,71.03448275862068,54.12844036697248,Middle half
F22,56,mid1,2022-10-06 14:04:37.538284,82.91666666666667,1,1,1,70.0,70.0,20.0,True,True,Finished timed practice,F22_mid1,53.103448275862064,12.890625,Bottom quartile
F22,56,mid2,2022-11-03 13:59:49.501063,64.48275862068965,1,1,1,50.0,50.0,16.0,True,True,Finished timed practice,F22_mid2,42.06896551724138,10.091743119266056,Bottom quartile
F22,57,mid1,2022-10-06 14:04:50.667272,58.18181818181818,2,1,1,80.0,80.0,20.0,True,True,Finished timed practice,F22_mid1,7.931034482758621,28.90625,Middle half
F22,57,mid2,2022-11-05 13:04:16.173067,62.06896551724138,2,1,1,76.04166666666666,76.04166666666666,32.0,True,True,Finished timed practice,F22_mid2,36.206896551724135,36.69724770642202,Middle half
F22,58,mid1,2022-10-06 14:29:53.996448,67.65151515151516,2,2,2,78.66666666666666,78.66666666666666,32.5,True,True,Finished timed practice,F22_mid1,19.310344827586206,23.4375,Bottom quartile
F22,58,mid2,2022-11-03 14:00:08.931316,48.275862068965516,0,0,0,,,,False,False,No timed practice,F22_mid2,11.379310344827587,,
F22,59,mid1,2022-10-06 14:02:09.634698,87.78787878787878,2,2,2,95.0,95.0,23.0,True,True,Finished timed practice,F22_mid1,73.79310344827587,78.515625,Top quartile
F22,59,mid2,2022-11-03 14:01:53.034471,59.6551724137931,2,1,1,87.5,87.5,16.0,True,True,Finished timed practice,F22_mid2,30.344827586206897,61.00917431192661,Middle half
F22,60,mid1,2022-10-06 14:29:46.164979,78.78787878787878,1,0,0,,,,True,False,Started only,F22_mid1,36.206896551724135,,
F22,60,mid2,2022-11-03 14:02:13.953280,79.65517241379311,0,0,0,,,,False,False,No timed practice,F22_mid2,88.96551724137932,,
F22,61,mid1,2022-10-06 14:04:24.727127,86.66666666666667,3,3,3,90.0,90.0,26.0,True,True,Finished timed practice,F22_mid1,69.3103448275862,55.859375,Middle half
F22,61,mid2,2022-11-03 13:59:52.881310,75.86206896551724,1,1,1,81.22448979591836,81.22448979591836,49.0,True,True,Finished timed practice,F22_mid2,77.24137931034483,42.201834862385326,Middle half
F22,62,mid1,2022-10-06 14:04:47.993070,86.66666666666667,1,1,1,85.71428571428571,85.71428571428571,21.0,True,True,Finished timed practice,F22_mid1,69.3103448275862,47.65625,Middle half
F22,62,mid2,2022-11-03 13:59:46.137767,75.86206896551724,2,2,2,87.5,87.5,24.0,True,True,Finished timed practice,F22_mid2,77.24137931034483,61.00917431192661,Middle half
F22,63,mid1,2022-10-06 14:30:01.057062,66.06060606060606,0,0,0,,,,False,False,No timed practice,F22_mid1,16.551724137931036,,
F22,63,mid2,2022-11-03 14:01:15.018126,62.75862068965517,0,0,0,,,,False,False,No timed practice,F22_mid2,37.93103448275862,,
F22,65,mid1,2022-10-06 14:02:09.747914,80.36363636363636,2,1,1,85.0,85.0,20.0,True,True,Finished timed practice,F22_mid1,44.827586206896555,42.578125,Middle half
F22,65,mid2,2022-11-03 14:02:21.476126,75.86206896551724,0,0,0,,,,False,False,No timed practice,F22_mid2,77.24137931034483,,
F22,66,mid1,2022-10-06 14:04:48.766931,65.03787878787878,0,0,0,,,,False,False,No timed practice,F22_mid1,15.862068965517242,,
F22,66,mid2,2022-11-03 14:06:46.637331,63.793103448275865,1,1,1,93.75,93.75,16.0,True,True,Finished timed practice,F22_mid2,39.310344827586206,82.11009174311926,Top quartile
F22,67,mid1,2022-10-06 14:04:48.832457,83.33333333333334,1,1,1,86.0,86.0,50.0,True,True,Finished timed practice,F22_mid1,55.86206896551724,49.21875,Middle half
F22,67,mid2,2022-11-03 13:59:41.956347,62.06896551724138,2,1,1,84.84848484848484,84.84848484848484,33.0,True,True,Finished timed practice,F22_mid2,36.206896551724135,51.8348623853211,Middle half
F22,68,mid1,2022-10-06 14:04:43.149709,89.6969696969697,3,3,3,100.0,100.0,25.0,True,True,Finished timed practice,F22_mid1,80.3448275862069,97.65625,Top quartile
F22,68,mid2,2022-11-03 14:00:00.799082,73.79310344827586,5,3,3,81.25,81.25,30.0,True,True,Finished timed practice,F22_mid2,68.96551724137932,45.412844036697244,Middle half
F22,69,mid1,2022-10-06 14:04:36.872581,85.06060606060608,4,3,3,87.5,87.5,24.0,True,True,Finished timed practice,F22_mid1,60.0,50.78125,Middle half
F22,69,mid2,2022-11-03 13:59:48.697559,63.793103448275865,2,1,1,71.42857142857143,71.42857142857143,49.0,True,True,Finished timed practice,F22_mid2,39.310344827586206,30.275229357798167,Middle half
F22,70,mid1,2022-10-06 14:04:44.152331,82.42424242424242,1,1,1,95.0,95.0,20.0,True,True,Finished timed practice,F22_mid1,50.0,78.515625,Top quartile
F22,70,mid2,2022-11-03 13:59:34.024098,72.06896551724138,1,1,1,87.5,87.5,16.0,True,True,Finished timed practice,F22_mid2,60.3448275862069,61.00917431192661,Middle half
F22,71,mid1,2022-10-08 22:19:54.705710,81.3397129186603,2,2,2,85.0,85.0,22.0,True,True,Finished timed practice,F22_mid1,46.206896551724135,42.578125,Middle half
F22,71,mid2,2022-11-06 23:04:51.605680,60.60606060606061,1,1,1,50.0,50.0,16.0,True,True,Finished timed practice,F22_mid2,32.41379310344827,10.091743119266056,Bottom quartile
F22,72,mid1,2022-10-06 14:04:44.000355,93.33333333333333,2,1,1,100.0,100.0,20.0,True,True,Finished timed practice,F22_mid1,95.86206896551724,97.65625,Top quartile
F22,72,mid2,2022-11-03 13:59:53.090274,75.86206896551724,1,1,1,93.75,93.75,32.0,True,True,Finished timed practice,F22_mid2,77.24137931034483,82.11009174311926,Top quartile
F22,73,mid1,2022-10-06 14:04:54.956760,60.66666666666667,2,2,2,93.10344827586206,93.10344827586206,27.0,True,True,Finished timed practice,F22_mid1,13.10344827586207,69.921875,Middle half
F22,73,mid2,2022-11-05 21:13:13.496400,72.41379310344827,0,0,0,,,,False,False,No timed practice,F22_mid2,65.51724137931035,,
F22,74,mid1,2022-10-06 14:04:48.042610,79.3939393939394,1,1,1,68.29268292682927,68.29268292682927,41.0,True,True,Finished timed practice,F22_mid1,38.62068965517241,8.59375,Bottom quartile
F22,74,mid2,2022-11-03 14:00:05.615325,60.3448275862069,1,1,1,64.0,64.0,50.0,True,True,Finished timed practice,F22_mid2,31.379310344827587,19.26605504587156,Bottom quartile
F22,75,mid1,2022-10-06 14:07:48.896288,93.0,1,1,1,30.0,30.0,20.0,True,True,Finished timed practice,F22_mid1,90.3448275862069,1.5625,Bottom quartile
F22,75,mid2,2022-11-03 13:59:45.319595,50.0,0,0,0,,,,False,False,No timed practice,F22_mid2,12.413793103448276,,
F22,76,mid1,2022-10-06 14:29:47.421748,86.25,4,1,1,90.0,90.0,20.0,True,True,Finished timed practice,F22_mid1,64.82758620689654,55.859375,Middle half
F22,76,mid2,2022-11-03 14:00:40.844505,82.75862068965517,1,1,1,76.875,76.875,32.0,True,True,Finished timed practice,F22_mid2,94.13793103448276,38.53211009174312,Middle half
F22,77,mid1,2022-10-06 14:06:09.436944,63.92961876832845,2,2,2,85.0,85.0,20.0,True,True,Finished timed practice,F22_mid1,15.172413793103448,42.578125,Middle half
F22,77,mid2,2022-11-03 14:06:10.140322,51.61290322580645,1,0,0,,,,True,False,Started only,F22_mid2,15.172413793103448,,
F22,78,mid1,2022-10-06 14:04:37.198507,90.0,3,1,1,80.0,80.0,20.0,True,True,Finished timed practice,F22_mid1,84.48275862068965,28.90625,Middle half
F22,78,mid2,2022-11-03 14:00:05.718956,68.96551724137932,2,1,1,64.64646464646464,64.64646464646464,33.0,True,True,Finished timed practice,F22_mid2,52.41379310344828,21.100917431192663,Bottom quartile
F22,79,mid1,2022-10-06 14:03:30.999147,76.66666666666667,3,1,1,78.94736842105263,78.94736842105263,19.0,True,True,Finished timed practice,F22_mid1,32.41379310344827,24.21875,Bottom quartile
F22,79,mid2,2022-11-03 14:00:13.742771,58.620689655172406,2,2,2,74.19354838709677,74.19354838709677,30.5,True,True,Finished timed practice,F22_mid2,26.89655172413793,32.11009174311927,Middle half
F22,80,mid1,2022-10-06 14:04:36.971020,81.5151515151515,2,2,2,86.20689655172413,86.20689655172413,24.5,True,True,Finished timed practice,F22_mid1,46.89655172413793,50.0,Middle half
F22,80,mid2,2022-11-03 13:59:42.244894,62.06896551724138,2,2,2,87.5,87.5,24.0,True,True,Finished timed practice,F22_mid2,36.206896551724135,61.00917431192661,Middle half
F22,81,mid1,2022-10-06 14:04:54.207578,82.72727272727273,2,2,2,75.0,75.0,22.5,True,True,Finished timed practice,F22_mid1,51.724137931034484,17.96875,Bottom quartile
F22,81,mid2,2022-11-03 14:00:06.247762,54.137931034482754,3,3,3,90.9090909090909,90.9090909090909,33.0,True,True,Finished timed practice,F22_mid2,16.551724137931036,73.85321100917432,Middle half
F22,82,mid1,2022-10-06 14:04:40.974115,79.66666666666666,1,1,1,65.0,65.0,20.0,True,True,Finished timed practice,F22_mid1,42.06896551724138,6.640625,Bottom quartile
F22,82,mid2,2022-11-03 13:59:44.006677,75.86206896551724,1,1,1,87.5,87.5,16.0,True,True,Finished timed practice,F22_mid2,77.24137931034483,61.00917431192661,Middle half
F22,83,mid1,2022-10-06 14:17:52.207768,49.6969696969697,1,1,1,70.0,70.0,20.0,True,True,Finished timed practice,F22_mid1,2.0689655172413794,12.890625,Bottom quartile
F22,83,mid2,2022-11-03 13:59:48.706441,37.24137931034483,0,0,0,,,,False,False,No timed practice,F22_mid2,4.827586206896552,,
F22,84,mid1,2022-10-06 14:05:37.278712,79.66666666666666,1,1,1,80.0,80.0,20.0,True,True,Finished timed practice,F22_mid1,42.06896551724138,28.90625,Middle half
F22,84,mid2,2022-11-03 13:59:49.785613,64.13793103448276,1,1,1,75.0,75.0,16.0,True,True,Finished timed practice,F22_mid2,41.03448275862069,34.403669724770644,Middle half
F22,85,mid1,2022-10-06 14:04:49.044176,50.0,0,0,0,,,,False,False,No timed practice,F22_mid1,2.7586206896551726,,
F22,85,mid2,2022-11-03 17:54:51.146272,57.24137931034483,1,1,1,43.75,43.75,16.0,True,True,Finished timed practice,F22_mid2,22.413793103448278,6.422018348623854,Bottom quartile
F22,86,mid1,2022-10-06 14:04:43.961926,90.0,1,1,1,50.0,50.0,20.0,True,True,Finished timed practice,F22_mid1,84.48275862068965,3.90625,Bottom quartile
F22,86,mid2,2022-11-03 14:08:21.191830,58.620689655172406,1,1,1,60.0,60.0,32.0,True,True,Finished timed practice,F22_mid2,26.89655172413793,16.51376146788991,Bottom quartile
F22,87,mid1,2022-10-06 14:04:56.951731,93.33333333333333,3,3,3,95.0,95.0,26.0,True,True,Finished timed practice,F22_mid1,95.86206896551724,78.515625,Top quartile
F22,87,mid2,2022-11-03 14:00:02.300096,79.3103448275862,0,0,0,,,,False,False,No timed practice,F22_mid2,85.51724137931035,,
F22,88,mid1,2022-10-06 14:04:24.080781,57.57575757575758,2,2,2,68.0,68.0,22.5,True,True,Finished timed practice,F22_mid1,6.896551724137931,7.8125,Bottom quartile
F22,88,mid2,2022-11-03 13:59:43.727934,48.275862068965516,1,1,1,75.0,75.0,16.0,True,True,Finished timed practice,F22_mid2,11.379310344827587,34.403669724770644,Middle half
F22,89,mid1,2022-10-06 14:04:45.624474,88.3939393939394,2,2,2,89.65517241379311,89.65517241379311,24.5,True,True,Finished timed practice,F22_mid1,75.17241379310344,51.5625,Middle half
F22,89,mid2,2022-11-03 14:01:28.932316,65.51724137931035,3,3,3,100.0,100.0,30.0,True,True,Finished timed practice,F22_mid2,44.827586206896555,97.24770642201835,Top quartile
F22,90,mid1,2022-10-06 14:04:32.514284,79.66666666666666,2,2,2,94.11764705882352,94.11764705882352,18.5,True,True,Finished timed practice,F22_mid1,42.06896551724138,71.875,Middle half
F22,90,mid2,2022-11-03 14:00:13.563616,67.24137931034483,2,1,1,68.75,68.75,16.0,True,True,Finished timed practice,F22_mid2,48.275862068965516,25.688073394495415,Middle half
F22,91,mid1,2022-10-06 14:04:49.066174,52.424242424242415,3,2,2,80.0,80.0,20.0,True,True,Finished timed practice,F22_mid1,4.827586206896552,28.90625,Middle half
F22,91,mid2,2022-11-03 13:59:52.324130,55.172413793103445,1,1,1,76.08695652173914,76.08695652173914,46.0,True,True,Finished timed practice,F22_mid2,18.96551724137931,37.61467889908257,Middle half
F22,92,mid1,2022-10-06 14:04:23.932584,93.33333333333333,2,1,1,85.0,85.0,20.0,True,True,Finished timed practice,F22_mid1,95.86206896551724,42.578125,Middle half
F22,92,mid2,2022-11-03 13:59:52.402952,79.3103448275862,1,1,1,68.75,68.75,16.0,True,True,Finished timed practice,F22_mid2,85.51724137931035,25.688073394495415,Middle half
F22,93,mid1,2022-10-06 14:04:54.332481,55.72727272727273,0,0,0,,,,False,False,No timed practice,F22_mid1,6.206896551724138,,
F22,93,mid2,2022-11-03 13:59:57.777932,69.3103448275862,1,1,1,43.75,43.75,16.0,True,True,Finished timed practice,F22_mid2,54.82758620689655,6.422018348623854,Bottom quartile
F22,95,mid1,2022-10-06 14:04:35.883513,86.66666666666667,3,3,3,95.0,95.0,24.0,True,True,Finished timed practice,F22_mid1,69.3103448275862,78.515625,Top quartile
F22,95,mid2,2022-11-03 13:59:35.567369,79.3103448275862,2,2,2,84.375,84.375,24.0,True,True,Finished timed practice,F22_mid2,85.51724137931035,50.45871559633027,Middle half
F22,96,mid1,2022-10-06 14:04:54.577695,90.0,2,2,2,85.71428571428571,85.71428571428571,23.5,True,True,Finished timed practice,F22_mid1,84.48275862068965,47.65625,Middle half
F22,96,mid2,2022-11-03 13:59:59.902578,82.41379310344827,1,1,1,100.0,100.0,16.0,True,True,Finished timed practice,F22_mid2,90.6896551724138,97.24770642201835,Top quartile
F22,97,mid1,2022-10-06 14:29:15.742619,86.25,1,1,1,90.0,90.0,20.0,True,True,Finished timed practice,F22_mid1,64.82758620689654,55.859375,Middle half
F22,97,mid2,2022-11-03 13:59:50.763364,72.06896551724138,1,1,1,93.75,93.75,16.0,True,True,Finished timed practice,F22_mid2,60.3448275862069,82.11009174311926,Top quartile
F22,98,mid1,2022-10-06 14:01:49.682800,82.72727272727273,2,1,1,80.0,80.0,20.0,True,True,Finished timed practice,F22_mid1,51.724137931034484,28.90625,Middle half
F22,98,mid2,2022-11-03 14:04:33.802751,72.06896551724138,1,0,0,,,,True,False,Started only,F22_mid2,60.3448275862069,,
F22,99,mid1,2022-10-06 14:04:25.893976,75.75757575757575,2,2,2,82.3076923076923,82.3076923076923,23.0,True,True,Finished timed practice,F22_mid1,29.655172413793103,34.375,Middle half
F22,99,mid2,2022-11-03 14:01:23.081334,56.896551724137936,1,1,1,70.0,70.0,30.0,True,True,Finished timed practice,F22_mid2,21.379310344827587,29.357798165137616,Middle half
F22,100,mid1,2022-10-06 14:04:37.344858,93.33333333333333,2,2,2,90.76923076923077,90.76923076923077,23.0,True,True,Finished timed practice,F22_mid1,95.86206896551724,60.9375,Middle half
F22,100,mid2,2022-11-03 13:59:39.458275,79.3103448275862,1,1,1,95.91836734693877,95.91836734693877,49.0,True,True,Finished timed practice,F22_mid2,85.51724137931035,90.36697247706422,Top quartile
F22,101,mid1,2022-10-06 14:04:41.096565,90.0,2,0,0,,,,True,False,Started only,F22_mid1,84.48275862068965,,
F22,101,mid2,2022-11-05 13:05:21.474246,61.72413793103447,2,0,0,,,,True,False,Started only,F22_mid2,34.13793103448276,,
F22,102,mid1,2022-10-06 14:04:50.535530,84.84848484848484,2,2,2,95.0,95.0,20.5,True,True,Finished timed practice,F22_mid1,59.310344827586206,78.515625,Top quartile
F22,102,mid2,2022-11-03 13:59:56.843064,62.06896551724138,1,1,1,87.5,87.5,16.0,True,True,Finished timed practice,F22_mid2,36.206896551724135,61.00917431192661,Middle half
F22,103,mid1,2022-10-06 14:04:48.828478,90.0,3,2,2,80.0,80.0,22.5,True,True,Finished timed practice,F22_mid1,84.48275862068965,28.90625,Middle half
F22,103,mid2,2022-11-03 13:59:49.561467,75.86206896551724,1,0,0,,,,True,False,Started only,F22_mid2,77.24137931034483,,
F22,104,mid1,2022-10-06 14:28:58.171594,83.3939393939394,2,0,0,,,,True,False,Started only,F22_mid1,58.620689655172406,,
F22,104,mid2,2022-11-03 14:00:01.577105,58.27586206896551,0,0,0,,,,False,False,No timed practice,F22_mid2,24.82758620689655,,
F22,105,mid1,2022-10-06 13:58:08.100857,90.0,2,2,2,85.0,85.0,23.0,True,True,Finished timed practice,F22_mid1,84.48275862068965,42.578125,Middle half
F22,105,mid2,2022-11-03 14:12:11.789532,75.86206896551724,0,0,0,,,,False,False,No timed practice,F22_mid2,77.24137931034483,,
F22,106,mid1,2022-10-06 14:04:48.765164,89.58333333333334,2,1,1,95.0,95.0,20.0,True,True,Finished timed practice,F22_mid1,78.27586206896552,78.515625,Top quartile
F22,106,mid2,2022-11-03 14:00:11.025461,82.75862068965517,2,0,0,,,,True,False,Started only,F22_mid2,94.13793103448276,,
F22,107,mid1,2022-10-06 14:04:27.613764,89.0909090909091,2,2,2,82.5,82.5,22.5,True,True,Finished timed practice,F22_mid1,76.55172413793103,35.15625,Middle half
F22,107,mid2,2022-11-03 13:59:39.445621,67.24137931034483,1,1,1,80.64516129032258,80.64516129032258,31.0,True,True,Finished timed practice,F22_mid2,48.275862068965516,40.36697247706422,Middle half
F22,108,mid1,2022-10-06 14:04:44.001550,93.33333333333333,1,1,1,95.1219512195122,95.1219512195122,41.0,True,True,Finished timed practice,F22_mid1,95.86206896551724,85.15625,Top quartile
F22,108,mid2,2022-11-03 13:59:56.676023,82.41379310344827,2,2,2,87.5,87.5,23.0,True,True,Finished timed practice,F22_mid2,90.6896551724138,61.00917431192661,Middle half
F22,109,mid2,2022-11-03 13:59:51.728564,56.20689655172414,0,0,0,,,,False,False,No timed practice,F22_mid2,20.689655172413794,,
F22,110,mid1,2022-10-06 14:04:40.093363,70.42424242424244,3,2,2,96.0,96.0,23.0,True,True,Finished timed practice,F22_mid1,22.758620689655174,88.671875,Top quartile
F22,110,mid2,2022-11-03 13:59:58.540653,50.689655172413794,1,1,1,89.36170212765957,89.36170212765957,47.0,True,True,Finished timed practice,F22_mid2,13.10344827586207,70.64220183486239,Middle half
F22,111,mid1,2022-10-06 14:04:40.651321,58.88888888888889,2,1,1,55.00000000000001,55.00000000000001,20.0,True,True,Finished timed practice,F22_mid1,9.655172413793103,5.46875,Bottom quartile
F22,111,mid2,2022-11-05 19:55:01.270533,64.13793103448276,2,1,1,80.0,80.0,60.0,True,True,Finished timed practice,F22_mid2,41.03448275862069,39.44954128440367,Middle half
F22,112,mid1,2022-10-08 15:44:35.016497,81.78787878787878,0,0,0,,,,False,False,No timed practice,F22_mid1,47.58620689655172,,
F22,112,mid2,2022-11-03 14:00:25.554636,63.793103448275865,0,0,0,,,,False,False,No timed practice,F22_mid2,39.310344827586206,,
F22,113,mid1,2022-10-06 14:05:12.553155,36.666666666666664,1,1,1,20.0,20.0,20.0,True,True,Finished timed practice,F22_mid1,0.6896551724137931,0.78125,Bottom quartile
F22,113,mid2,2022-11-03 14:00:38.198299,22.75862068965517,2,2,2,88.54166666666666,88.54166666666666,24.0,True,True,Finished timed practice,F22_mid2,0.6896551724137931,69.72477064220183,Middle half
F22,114,mid1,2022-10-06 14:29:55.973705,39.39393939393939,0,0,0,,,,False,False,No timed practice,F22_mid1,1.3793103448275863,,
F22,115,mid1,2022-10-06 14:05:09.442045,66.72727272727273,0,0,0,,,,False,False,No timed practice,F22_mid1,17.93103448275862,,
F22,115,mid2,2022-11-03 14:00:11.711396,45.51724137931034,1,1,1,43.75,43.75,16.0,True,True,Finished timed practice,F22_mid2,8.96551724137931,6.422018348623854,Bottom quartile
F22,116,mid1,2022-10-06 14:04:36.494157,90.0,1,1,1,75.0,75.0,20.0,True,True,Finished timed practice,F22_mid1,84.48275862068965,17.96875,Bottom quartile
F22,116,mid2,2022-11-03 13:59:54.515501,79.3103448275862,1,1,1,66.66666666666666,66.66666666666666,30.0,True,True,Finished timed practice,F22_mid2,85.51724137931035,22.477064220183486,Bottom quartile
F22,118,mid1,2022-10-06 14:05:04.837778,69.39393939393939,1,1,1,90.0,90.0,20.0,True,True,Finished timed practice,F22_mid1,20.344827586206897,55.859375,Middle half
F22,118,mid2,2022-11-03 13:59:56.685905,65.17241379310344,1,0,0,,,,True,False,Started only,F22_mid2,43.44827586206896,,
F22,119,mid1,2022-10-06 14:04:50.096111,93.33333333333333,3,1,1,95.0,95.0,20.0,True,True,Finished timed practice,F22_mid1,95.86206896551724,78.515625,Top quartile
F22,119,mid2,2022-11-03 14:00:01.863973,79.3103448275862,1,1,1,93.75,93.75,16.0,True,True,Finished timed practice,F22_mid2,85.51724137931035,82.11009174311926,Top quartile
F22,120,mid1,2022-10-06 14:02:03.281608,59.3939393939394,2,1,1,83.33333333333334,83.33333333333334,24.0,True,True,Finished timed practice,F22_mid1,10.344827586206897,35.9375,Middle half
F22,120,mid2,2022-11-03 14:02:36.174276,55.172413793103445,2,1,1,68.75,68.75,16.0,True,True,Finished timed practice,F22_mid2,18.96551724137931,25.688073394495415,Middle half
F22,121,mid1,2022-10-06 14:04:41.034206,86.66666666666667,2,2,2,95.0,95.0,23.0,True,True,Finished timed practice,F22_mid1,69.3103448275862,78.515625,Top quartile
F22,121,mid2,2022-11-03 13:59:37.371599,71.72413793103448,2,2,2,81.25,81.25,24.0,True,True,Finished timed practice,F22_mid2,56.896551724137936,45.412844036697244,Middle half
F22,122,mid1,2022-10-06 14:04:39.992003,88.15151515151514,2,1,1,93.10344827586206,93.10344827586206,29.0,True,True,Finished timed practice,F22_mid1,74.48275862068967,69.921875,Middle half
F22,122,mid2,2022-11-06 02:08:52.690142,74.64285714285714,2,0,0,,,,True,False,Started only,F22_mid2,69.6551724137931,,
F22,124,mid2,2022-11-03 13:59:37.616212,86.20689655172413,1,1,1,81.25,81.25,16.0,True,True,Finished timed practice,F22_mid2,98.9655172413793,45.412844036697244,Middle half
F22,125,mid1,2022-10-06 14:03:33.006664,67.09090909090911,3,1,1,52.63157894736842,52.63157894736842,19.0,True,True,Finished timed practice,F22_mid1,18.620689655172416,4.6875,Bottom quartile
F22,125,mid2,2022-11-03 14:07:01.555118,27.586206896551722,0,0,0,,,,False,False,No timed practice,F22_mid2,2.0689655172413794,,
F22,126,mid1,2022-10-06 14:13:52.377889,70.0,2,1,1,45.0,45.0,20.0,True,True,Finished timed practice,F22_mid1,21.379310344827587,3.125,Bottom quartile
F22,126,mid2,2022-11-03 14:09:55.836374,44.827586206896555,1,1,1,56.25,56.25,16.0,True,True,Finished timed practice,F22_mid2,8.275862068965518,14.220183486238533,Bottom quartile
F22,127,mid1,2022-10-06 14:04:57.165915,59.454545454545446,1,1,1,70.0,70.0,20.0,True,True,Finished timed practice,F22_mid1,11.03448275862069,12.890625,Bottom quartile
F22,127,mid2,2022-11-03 14:00:01.452539,46.55172413793103,0,0,0,,,,False,False,No timed practice,F22_mid2,9.655172413793103,,
F22,128,mid1,2022-10-06 14:05:22.828648,69.39393939393939,2,2,2,78.26086956521739,78.26086956521739,21.5,True,True,Finished timed practice,F22_mid1,20.344827586206897,22.65625,Bottom quartile
F22,128,mid2,2022-11-05 13:55:28.688963,58.96551724137932,2,2,2,93.10344827586206,93.10344827586206,30.0,True,True,Finished timed practice,F22_mid2,28.965517241379313,76.14678899082568,Top quartile
F22,129,mid1,2022-10-06 14:00:28.550749,77.33333333333333,2,2,2,75.0,75.0,23.0,True,True,Finished timed practice,F22_mid1,33.793103448275865,17.96875,Bottom quartile
F22,129,mid2,2022-11-03 14:00:27.092914,58.27586206896551,1,1,1,27.586206896551722,27.586206896551722,29.0,True,True,Finished timed practice,F22_mid2,24.82758620689655,1.834862385321101,Bottom quartile
F22,130,mid1,2022-10-06 14:05:05.857860,77.57575757575758,2,1,1,90.0,90.0,20.0,True,True,Finished timed practice,F22_mid1,34.48275862068966,55.859375,Middle half
F22,130,mid2,2022-11-03 13:59:50.644595,57.586206896551715,2,2,2,93.33333333333333,93.33333333333333,32.0,True,True,Finished timed practice,F22_mid2,23.448275862068964,77.06422018348624,Top quartile
F22,131,mid1,2022-10-06 14:04:38.255708,81.81818181818183,1,1,1,70.0,70.0,20.0,True,True,Finished timed practice,F22_mid1,48.275862068965516,12.890625,Bottom quartile
F22,131,mid2,2022-11-03 13:59:50.243641,61.72413793103447,0,0,0,,,,False,False,No timed practice,F22_mid2,34.13793103448276,,
F22,132,mid1,2022-10-06 14:04:49.649250,72.42424242424242,1,1,1,81.92307692307692,81.92307692307692,26.0,True,True,Finished timed practice,F22_mid1,26.20689655172414,33.59375,Middle half
F22,132,mid2,2022-11-03 14:00:05.848885,51.66666666666667,2,1,1,43.75,43.75,16.0,True,True,Finished timed practice,F22_mid2,15.862068965517242,6.422018348623854,Bottom quartile
F22,135,mid1,2022-10-06 14:04:36.524135,82.42424242424242,3,3,3,91.72413793103449,91.72413793103449,26.0,True,True,Finished timed practice,F22_mid1,50.0,64.0625,Middle half
F22,135,mid2,2022-11-03 14:00:24.441537,61.37931034482759,2,2,2,86.875,86.875,28.5,True,True,Finished timed practice,F22_mid2,33.10344827586207,55.04587155963303,Middle half
F22,136,mid1,2022-10-06 14:04:24.028028,76.66666666666667,2,2,2,95.0,95.0,24.5,True,True,Finished timed practice,F22_mid1,32.41379310344827,78.515625,Top quartile
F22,136,mid2,2022-11-03 14:00:00.978290,75.86206896551724,1,1,1,90.9090909090909,90.9090909090909,33.0,True,True,Finished timed practice,F22_mid2,77.24137931034483,73.85321100917432,Middle half
F22,137,mid1,2022-10-06 14:04:45.692304,76.25,2,2,2,93.10344827586206,93.10344827586206,24.5,True,True,Finished timed practice,F22_mid1,31.03448275862069,69.921875,Middle half
F22,137,mid2,2022-11-03 13:59:39.141462,72.06896551724138,2,2,2,93.54838709677419,93.54838709677419,23.5,True,True,Finished timed practice,F22_mid2,60.3448275862069,77.98165137614679,Top quartile
F22,138,mid1,2022-10-06 14:04:36.861007,80.0,3,2,2,92.3076923076923,92.3076923076923,23.0,True,True,Finished timed practice,F22_mid1,43.79310344827586,66.40625,Middle half
F22,138,mid2,2022-11-06 21:11:19.674292,67.24137931034483,2,1,1,73.33333333333333,73.33333333333333,30.0,True,True,Finished timed practice,F22_mid2,48.275862068965516,31.19266055045872,Middle half
F22,139,mid1,2022-10-06 14:05:02.714502,93.33333333333333,3,2,2,96.15384615384616,96.15384615384616,23.0,True,True,Finished timed practice,F22_mid1,95.86206896551724,91.796875,Top quartile
F22,139,mid2,2022-11-03 14:00:58.784454,75.86206896551724,1,1,1,68.75,68.75,16.0,True,True,Finished timed practice,F22_mid2,77.24137931034483,25.688073394495415,Middle half
F22,140,mid1,2022-10-06 14:04:28.736232,86.66666666666667,2,1,1,84.21052631578947,84.21052631578947,19.0,True,True,Finished timed practice,F22_mid1,69.3103448275862,36.71875,Middle half
F22,140,mid2,2022-11-03 13:59:50.174956,68.96551724137932,1,0,0,,,,True,False,Started only,F22_mid2,52.41379310344828,,
F22,141,mid1,2022-10-06 14:29:31.578493,93.33333333333333,2,2,2,96.15384615384616,96.15384615384616,23.0,True,True,Finished timed practice,F22_mid1,95.86206896551724,91.796875,Top quartile
F22,141,mid2,2022-11-03 14:00:11.281020,85.86206896551724,2,1,1,81.21212121212122,81.21212121212122,33.0,True,True,Finished timed practice,F22_mid2,97.24137931034483,41.284403669724774,Middle half
F22,142,mid1,2022-10-06 14:04:59.983276,91.42424242424242,4,4,4,95.0,95.0,26.0,True,True,Finished timed practice,F22_mid1,88.27586206896552,78.515625,Top quartile
F22,142,mid2,2022-11-03 13:59:41.541187,72.41379310344827,3,3,3,87.5,87.5,32.0,True,True,Finished timed practice,F22_mid2,65.51724137931035,61.00917431192661,Middle half
F22,143,mid1,2022-10-06 14:30:01.580840,80.75757575757575,2,2,2,70.0,70.0,20.0,True,True,Finished timed practice,F22_mid1,45.51724137931035,12.890625,Bottom quartile
F22,143,mid2,2022-11-03 14:01:00.269302,58.27586206896551,2,2,2,66.66666666666666,66.66666666666666,23.0,True,True,Finished timed practice,F22_mid2,24.82758620689655,22.477064220183486,Bottom quartile
F22,144,mid1,2022-10-06 14:05:36.905826,75.45454545454545,3,2,2,79.2,79.2,22.5,True,True,Finished timed practice,F22_mid1,28.965517241379313,25.78125,Middle half
F22,144,mid2,2022-11-03 13:59:52.787614,40.689655172413794,1,0,0,,,,True,False,Started only,F22_mid2,6.896551724137931,,
F22,145,mid1,2022-10-06 13:58:08.162506,60.0,2,1,1,90.9090909090909,90.9090909090909,55.0,True,True,Finished timed practice,F22_mid1,12.068965517241379,62.5,Middle half
F22,145,mid2,2022-11-03 14:08:01.981901,68.62068965517241,2,1,1,82.75862068965517,82.75862068965517,29.0,True,True,Finished timed practice,F22_mid2,50.0,49.54128440366973,Middle half
F22,146,mid1,2022-10-06 14:04:52.259688,79.58333333333333,1,1,1,90.0,90.0,20.0,True,True,Finished timed practice,F22_mid1,40.3448275862069,55.859375,Middle half
F22,146,mid2,2022-11-03 14:00:01.571074,82.75862068965517,3,3,3,87.27272727272728,87.27272727272728,31.0,True,True,Finished timed practice,F22_mid2,94.13793103448276,55.96330275229357,Middle half
F22,147,mid1,2022-10-06 14:29:29.067781,93.03030303030303,2,2,2,70.0,70.0,23.5,True,True,Finished timed practice,F22_mid1,91.0344827586207,12.890625,Bottom quartile
F22,147,mid2,2022-11-03 14:00:11.619623,82.41379310344827,1,1,1,56.25,56.25,16.0,True,True,Finished timed practice,F22_mid2,90.6896551724138,14.220183486238533,Bottom quartile
F22,148,mid1,2022-10-06 14:05:03.325944,58.56060606060607,2,0,0,,,,True,False,Started only,F22_mid1,8.96551724137931,,
F22,148,mid2,2022-11-03 13:59:59.364242,51.37931034482759,0,0,0,,,,False,False,No timed practice,F22_mid2,14.482758620689657,,
F22,149,mid1,2022-10-06 14:04:34.772475,85.45454545454547,3,2,2,95.0,95.0,22.5,True,True,Finished timed practice,F22_mid1,61.724137931034484,78.515625,Top quartile
F22,149,mid2,2022-11-03 13:59:47.843778,75.86206896551724,2,2,2,100.0,100.0,24.5,True,True,Finished timed practice,F22_mid2,77.24137931034483,97.24770642201835,Top quartile
F22,150,mid1,2022-10-06 14:29:46.465177,72.33333333333333,2,2,2,85.0,85.0,22.5,True,True,Finished timed practice,F22_mid1,25.517241379310345,42.578125,Middle half
F22,150,mid2,2022-11-03 14:00:02.680404,40.0,2,1,1,43.333333333333336,43.333333333333336,30.0,True,True,Finished timed practice,F22_mid2,6.206896551724138,3.669724770642202,Bottom quartile
F22,151,mid1,2022-10-06 14:07:52.838331,89.6969696969697,1,1,1,75.0,75.0,20.0,True,True,Finished timed practice,F22_mid1,80.3448275862069,17.96875,Bottom quartile
F22,151,mid2,2022-11-03 14:10:35.660056,58.620689655172406,2,2,2,60.3125,60.3125,24.0,True,True,Finished timed practice,F22_mid2,26.89655172413793,17.431192660550458,Bottom quartile
F22,152,mid1,2022-10-06 14:06:51.942861,83.33333333333334,2,2,2,96.55172413793103,96.55172413793103,26.0,True,True,Finished timed practice,F22_mid1,55.86206896551724,94.53125,Top quartile
F22,153,mid1,2022-10-06 14:04:45.275333,87.57575757575758,3,4,3,95.0,95.0,23.0,True,True,Finished timed practice,F22_mid1,73.10344827586206,78.515625,Top quartile
F22,153,mid2,2022-11-03 14:00:18.149377,71.0344827586207,2,2,2,89.79591836734694,89.79591836734694,41.0,True,True,Finished timed practice,F22_mid2,55.86206896551724,71.55963302752293,Middle half
F22,156,mid1,2022-10-06 14:07:11.409636,52.121212121212125,0,0,0,,,,False,False,No timed practice,F22_mid1,4.137931034482759,,
F22,156,mid2,2022-11-03 14:15:37.462142,24.137931034482758,1,1,1,33.33333333333333,33.33333333333333,30.0,True,True,Finished timed practice,F22_mid2,1.3793103448275863,2.7522935779816518,Bottom quartile
F22,158,mid1,2022-10-06 14:05:00.588449,83.33333333333334,1,1,1,85.0,85.0,20.0,True,True,Finished timed practice,F22_mid1,55.86206896551724,42.578125,Middle half
F22,158,mid2,2022-11-03 13:59:38.066454,72.41379310344827,2,0,0,,,,True,False,Started only,F22_mid2,65.51724137931035,,
F23,1,mid1,2023-10-04 19:01:17.527865,74.16666666666667,1,1,1,84.61538461538461,84.61538461538461,26.0,True,True,Finished timed practice,F23_mid1,41.21621621621622,41.01123595505618,Middle half
F23,1,mid2,2023-11-01 19:02:22.586441,74.60317460317461,1,0,0,,,,True,False,Started only,F23_mid2,60.273972602739725,,
F23,2,mid1,2023-10-05 15:31:35.216724,89.65517241379311,1,1,1,96.15384615384616,96.15384615384616,26.0,True,True,Finished timed practice,F23_mid1,92.56756756756756,93.82022471910112,Top quartile
F23,2,mid2,2023-11-02 15:30:29.323290,80.0,1,0,0,,,,True,False,Started only,F23_mid2,81.5068493150685,,
F23,3,mid1,2023-10-04 19:00:53.071367,65.82352941176471,2,2,2,88.46153846153845,88.46153846153845,24.5,True,True,Finished timed practice,F23_mid1,26.351351351351347,60.1123595505618,Middle half
F23,3,mid2,2023-11-01 19:01:58.638446,68.44444444444444,0,0,0,,,,False,False,No timed practice,F23_mid2,39.726027397260275,,
F23,4,mid1,2023-10-04 19:00:43.219356,78.6875,1,1,1,83.52941176470587,83.52941176470587,68.0,True,True,Finished timed practice,F23_mid1,54.729729729729726,35.95505617977528,Middle half
F23,4,mid2,2023-11-01 19:01:40.404545,72.46376811594203,3,2,2,72.41379310344827,72.41379310344827,30.0,True,True,Finished timed practice,F23_mid2,49.31506849315068,27.86885245901639,Middle half
F23,5,mid1,2023-10-04 19:00:39.370043,86.33333333333333,1,1,1,76.92307692307693,76.92307692307693,26.0,True,True,Finished timed practice,F23_mid1,82.43243243243244,20.786516853932586,Bottom quartile
F23,5,mid2,2023-11-02 15:30:38.083421,66.66666666666666,0,0,0,,,,False,False,No timed practice,F23_mid2,35.61643835616438,,
F23,6,mid1,2023-10-05 15:31:48.661945,85.8934169278997,1,1,1,93.10344827586206,93.10344827586206,29.0,True,True,Finished timed practice,F23_mid1,74.66216216216216,87.64044943820225,Top quartile
F23,6,mid2,2023-11-02 15:30:58.599988,80.0,1,0,0,,,,True,False,Started only,F23_mid2,81.5068493150685,,
F23,7,mid1,2023-10-04 19:01:35.386030,89.65517241379311,2,0,0,,,,True,False,Started only,F23_mid1,92.56756756756756,,
F23,7,mid2,2023-11-01 19:01:01.344743,77.5,1,0,0,,,,True,False,Started only,F23_mid2,70.54794520547945,,
F23,8,mid1,2023-10-04 19:00:44.990896,86.11111111111111,1,1,1,86.92307692307692,86.92307692307692,26.0,True,True,Finished timed practice,F23_mid1,77.02702702702703,47.19101123595505,Middle half
F23,8,mid2,2023-11-01 19:01:00.817608,79.27927927927928,1,1,1,76.47058823529412,76.47058823529412,34.0,True,True,Finished timed practice,F23_mid2,76.71232876712328,39.34426229508197,Middle half
F23,9,mid1,2023-10-04 19:01:01.041429,89.65517241379311,1,1,1,91.82692307692307,91.82692307692307,26.0,True,True,Finished timed practice,F23_mid1,92.56756756756756,73.03370786516854,Middle half
F23,9,mid2,2023-11-01 19:01:12.012206,78.125,0,0,0,,,,False,False,No timed practice,F23_mid2,73.63013698630137,,
F23,10,mid1,2023-10-04 19:00:34.032275,94.73684210526315,1,2,1,92.3076923076923,92.3076923076923,25.5,True,True,Finished timed practice,F23_mid1,100.0,79.21348314606742,Top quartile
F23,10,mid2,2023-11-01 19:01:30.261767,86.07594936708861,1,1,1,90.0,90.0,30.0,True,True,Finished timed practice,F23_mid2,99.31506849315068,78.68852459016394,Top quartile
F23,11,mid1,2023-10-05 15:32:40.066928,43.79310344827586,1,1,1,66.66666666666666,66.66666666666666,15.0,True,True,Finished timed practice,F23_mid1,4.72972972972973,6.741573033707865,Bottom quartile
F23,11,mid2,2023-11-02 15:30:58.212711,60.0,2,1,1,26.666666666666668,26.666666666666668,30.0,True,True,Finished timed practice,F23_mid2,16.78082191780822,1.639344262295082,Bottom quartile
F23,12,mid1,2023-10-04 19:01:01.305261,82.44514106583073,2,0,0,,,,True,False,Started only,F23_mid1,65.54054054054053,,
F23,12,mid2,2023-11-01 19:01:07.359161,85.88541666666667,1,0,0,,,,True,False,Started only,F23_mid2,98.63013698630137,,
F23,14,mid1,2023-10-05 15:31:52.472744,66.61442006269593,2,2,2,88.46153846153845,88.46153846153845,26.0,True,True,Finished timed practice,F23_mid1,27.7027027027027,60.1123595505618,Middle half
F23,14,mid2,2023-11-02 15:30:36.736015,52.5,2,2,2,92.41379310344828,92.41379310344828,28.5,True,True,Finished timed practice,F23_mid2,9.246575342465754,90.1639344262295,Top quartile
F23,15,mid1,2023-10-04 19:00:20.006990,92.5233644859813,1,1,1,96.15384615384616,96.15384615384616,26.0,True,True,Finished timed practice,F23_mid1,98.64864864864865,93.82022471910112,Top quartile
F23,15,mid2,2023-11-01 19:02:03.881359,74.23076923076923,0,0,0,,,,False,False,No timed practice,F23_mid2,58.9041095890411,,
F23,16,mid1,2023-10-04 19:00:27.633166,82.21518987341773,1,1,1,88.46153846153845,88.46153846153845,26.0,True,True,Finished timed practice,F23_mid1,64.1891891891892,60.1123595505618,Middle half
F23,16,mid2,2023-11-01 19:01:06.310403,64.55696202531645,1,1,1,81.81818181818183,81.81818181818183,33.0,True,True,Finished timed practice,F23_mid2,31.506849315068493,57.377049180327866,Middle half
F23,17,mid1,2023-10-04 19:00:53.956740,89.65517241379311,1,1,1,84.61538461538461,84.61538461538461,26.0,True,True,Finished timed practice,F23_mid1,92.56756756756756,41.01123595505618,Middle half
F23,17,mid2,2023-11-01 19:01:42.299695,80.0,0,0,0,,,,False,False,No timed practice,F23_mid2,81.5068493150685,,
F23,18,mid1,2023-10-04 19:00:36.610392,67.74825174825175,3,3,3,73.68421052631578,73.68421052631578,24.0,True,True,Finished timed practice,F23_mid1,30.405405405405407,15.730337078651685,Bottom quartile
F23,18,mid2,2023-11-01 19:01:26.079415,81.12359550561798,1,1,1,65.625,65.625,32.0,True,True,Finished timed practice,F23_mid2,87.67123287671232,13.114754098360656,Bottom quartile
F23,19,mid1,2023-10-04 19:06:06.814195,83.87096774193549,1,0,0,,,,True,False,Started only,F23_mid1,72.2972972972973,,
F23,19,mid2,2023-11-01 19:02:15.004376,63.63636363636363,2,0,0,,,,True,False,Started only,F23_mid2,30.136986301369863,,
F23,20,mid1,2023-10-04 19:00:52.961812,75.92592592592592,2,0,0,,,,True,False,Started only,F23_mid1,50.67567567567568,,
F23,20,mid2,2023-11-01 19:01:25.149021,68.22916666666666,2,2,1,78.78787878787878,78.78787878787878,30.0,True,True,Finished timed practice,F23_mid2,39.04109589041096,47.540983606557376,Middle half
F23,21,mid1,2023-10-04 19:00:25.253582,89.69072164948454,1,0,0,,,,True,False,Started only,F23_mid1,95.94594594594594,,
F23,21,mid2,2023-11-01 19:01:13.675039,76.92307692307693,1,1,1,58.06451612903226,58.06451612903226,31.0,True,True,Finished timed practice,F23_mid2,68.83561643835617,11.475409836065573,Bottom quartile
F23,22,mid1,2023-10-04 19:01:40.639507,82.32488822652758,1,1,1,88.88888888888889,88.88888888888889,18.0,True,True,Finished timed practice,F23_mid1,64.86486486486487,66.85393258426966,Middle half
F23,22,mid2,2023-11-01 19:01:38.127983,74.84276729559748,2,1,1,68.75,68.75,32.0,True,True,Finished timed practice,F23_mid2,60.95890410958904,17.21311475409836,Bottom quartile
F23,23,mid1,2023-10-05 15:32:15.694375,86.20689655172413,2,2,2,97.82608695652173,97.82608695652173,35.5,True,True,Finished timed practice,F23_mid1,80.06756756756756,99.43820224719101,Top quartile
F23,23,mid2,2023-11-02 15:30:38.651211,80.0,1,1,1,93.93939393939394,93.93939393939394,33.0,True,True,Finished timed practice,F23_mid2,81.5068493150685,93.44262295081968,Top quartile
F23,24,mid1,2023-10-05 15:31:46.938797,82.75862068965517,0,0,0,,,,False,False,No timed practice,F23_mid1,68.58108108108108,,
F23,24,mid2,2023-11-02 15:30:38.978244,80.0,0,0,0,,,,False,False,No timed practice,F23_mid2,81.5068493150685,,
F23,25,mid1,2023-10-04 19:02:38.389599,77.6978417266187,3,3,3,92.3076923076923,92.3076923076923,26.0,True,True,Finished timed practice,F23_mid1,52.702702702702695,79.21348314606742,Top quartile
F23,25,mid2,2023-11-01 19:01:31.652546,77.77777777777779,3,4,3,90.9090909090909,90.9090909090909,32.0,True,True,Finished timed practice,F23_mid2,72.6027397260274,86.88524590163934,Top quartile
F23,26,mid1,2023-10-04 19:04:09.101605,91.12500000000001,1,0,0,,,,True,False,Started only,F23_mid1,96.62162162162163,,
F23,26,mid2,2023-11-01 19:12:34.474186,47.05882352941176,0,0,0,,,,False,False,No timed practice,F23_mid2,6.8493150684931505,,
F23,27,mid1,2023-10-05 15:31:43.877969,66.92789968652038,0,0,0,,,,False,False,No timed practice,F23_mid1,28.37837837837838,,
F23,27,mid2,2023-11-02 15:30:45.055877,66.66666666666666,1,0,0,,,,True,False,Started only,F23_mid2,35.61643835616438,,
F23,28,mid1,2023-10-04 19:01:11.087154,69.12844036697248,3,1,1,73.07692307692307,73.07692307692307,26.0,True,True,Finished timed practice,F23_mid1,33.78378378378378,14.04494382022472,Bottom quartile
F23,28,mid2,2023-11-01 19:02:09.688326,72.85714285714285,2,1,1,76.16161616161617,76.16161616161617,33.0,True,True,Finished timed practice,F23_mid2,51.369863013698634,37.704918032786885,Middle half
F23,29,mid1,2023-10-04 19:00:31.551860,89.31034482758619,0,0,0,,,,False,False,No timed practice,F23_mid1,88.17567567567568,,
F23,29,mid2,2023-11-01 19:01:23.556868,82.66666666666667,0,0,0,,,,False,False,No timed practice,F23_mid2,92.46575342465754,,
F23,30,mid1,2023-10-04 19:00:32.689185,77.93887147335423,1,1,1,87.3076923076923,87.3076923076923,26.0,True,True,Finished timed practice,F23_mid1,53.37837837837838,51.12359550561798,Middle half
F23,30,mid2,2023-11-01 19:01:11.346030,70.0,1,1,1,86.66666666666667,86.66666666666667,30.0,True,True,Finished timed practice,F23_mid2,44.178082191780824,67.21311475409836,Middle half
F23,31,mid1,2023-10-04 19:00:35.436309,82.1917808219178,1,1,1,93.07692307692308,93.07692307692308,26.0,True,True,Finished timed practice,F23_mid1,63.51351351351351,86.51685393258427,Top quartile
F23,31,mid2,2023-11-01 19:01:51.548493,83.46774193548387,1,0,0,,,,True,False,Started only,F23_mid2,96.57534246575342,,
F23,32,mid1,2023-10-04 19:00:36.901156,89.65517241379311,2,1,1,92.3076923076923,92.3076923076923,26.0,True,True,Finished timed practice,F23_mid1,92.56756756756756,79.21348314606742,Top quartile
F23,32,mid2,2023-11-01 19:01:03.599361,84.22222222222221,1,1,1,51.515151515151516,51.515151515151516,33.0,True,True,Finished timed practice,F23_mid2,97.26027397260275,3.278688524590164,Bottom quartile
F23,33,mid1,2023-10-04 19:00:38.486184,91.17647058823529,2,2,2,77.5,77.5,24.5,True,True,Finished timed practice,F23_mid1,97.2972972972973,23.03370786516854,Bottom quartile
F23,33,mid2,2023-11-01 19:01:19.734298,83.33333333333334,1,1,1,73.33333333333333,73.33333333333333,30.0,True,True,Finished timed practice,F23_mid2,94.52054794520548,34.42622950819672,Middle half
F23,34,mid1,2023-10-04 19:00:33.114394,79.24528301886792,2,1,1,96.0,96.0,25.0,True,True,Finished timed practice,F23_mid1,55.4054054054054,89.8876404494382,Top quartile
F23,34,mid2,2023-11-01 19:01:28.017078,66.66666666666666,1,1,1,90.625,90.625,32.0,True,True,Finished timed practice,F23_mid2,35.61643835616438,83.60655737704919,Top quartile
F23,35,mid1,2023-10-04 19:00:26.800930,83.74999999999999,1,1,1,88.0,88.0,25.0,True,True,Finished timed practice,F23_mid1,71.62162162162163,55.0561797752809,Middle half
F23,35,mid2,2023-11-01 19:01:09.986931,88.57142857142857,0,0,0,,,,False,False,No timed practice,F23_mid2,100.0,,
F23,36,mid1,2023-10-04 19:00:31.410676,68.5930735930736,1,0,0,,,,True,False,Started only,F23_mid1,31.756756756756754,,
F23,36,mid2,2023-11-01 19:01:34.256587,65.11627906976744,0,0,0,,,,False,False,No timed practice,F23_mid2,32.19178082191781,,
F23,37,mid1,2023-10-04 19:01:00.110553,86.04651162790698,1,0,0,,,,True,False,Started only,F23_mid1,75.67567567567568,,
F23,37,mid2,2023-11-01 19:01:24.635583,78.125,1,0,0,,,,True,False,Started only,F23_mid2,73.63013698630137,,
F23,38,mid1,2023-10-04 19:00:39.185746,86.20689655172413,1,0,0,,,,True,False,Started only,F23_mid1,80.06756756756756,,
F23,38,mid2,2023-11-01 19:01:29.489381,82.44047619047619,0,0,0,,,,False,False,No timed practice,F23_mid2,90.41095890410958,,
F23,39,mid1,2023-10-04 19:01:08.418158,80.0,2,2,2,87.6923076923077,87.6923076923077,25.0,True,True,Finished timed practice,F23_mid1,60.13513513513513,53.37078651685393,Middle half
F23,39,mid2,2023-11-01 19:02:11.101894,62.10526315789474,0,0,0,,,,False,False,No timed practice,F23_mid2,20.54794520547945,,
F23,40,mid1,2023-10-04 19:00:32.474931,75.9375,2,1,1,84.13461538461539,84.13461538461539,26.0,True,True,Finished timed practice,F23_mid1,51.35135135135135,37.07865168539326,Middle half
F23,40,mid2,2023-11-01 19:01:13.540402,82.0754716981132,1,1,1,85.75757575757575,85.75757575757575,33.0,True,True,Finished timed practice,F23_mid2,89.72602739726028,65.57377049180327,Middle half
F23,41,mid1,2023-10-04 19:00:34.497356,86.07594936708861,1,1,1,78.07692307692308,78.07692307692308,26.0,True,True,Finished timed practice,F23_mid1,76.35135135135135,25.842696629213485,Middle half
F23,41,mid2,2023-11-01 19:01:31.990749,63.66666666666667,0,0,0,,,,False,False,No timed practice,F23_mid2,30.82191780821918,,
F23,42,mid1,2023-10-04 19:02:38.501584,88.27319587628865,1,1,1,91.15384615384615,91.15384615384615,26.0,True,True,Finished timed practice,F23_mid1,84.45945945945947,69.66292134831461,Middle half
F23,42,mid2,2023-11-01 19:03:02.185940,73.87640449438202,1,1,1,72.72727272727273,72.72727272727273,33.0,True,True,Finished timed practice,F23_mid2,56.849315068493155,30.327868852459016,Middle half
F23,43,mid1,2023-10-05 15:33:00.189198,63.510971786833856,1,1,1,91.53846153846155,91.53846153846155,26.0,True,True,Finished timed practice,F23_mid1,22.635135135135133,71.34831460674157,Middle half
F23,43,mid2,2023-11-02 15:31:30.904069,50.33333333333333,0,0,0,,,,False,False,No timed practice,F23_mid2,8.21917808219178,,
F23,44,mid1,2023-10-04 19:09:42.848182,75.86206896551724,0,0,0,,,,False,False,No timed practice,F23_mid1,49.66216216216216,,
F23,44,mid2,2023-11-02 19:01:53.342074,83.33333333333334,0,0,0,,,,False,False,No timed practice,F23_mid2,94.52054794520548,,
F23,45,mid1,2023-10-04 19:00:35.127289,88.76923076923077,1,1,1,72.72727272727273,72.72727272727273,22.0,True,True,Finished timed practice,F23_mid1,86.48648648648648,12.359550561797752,Bottom quartile
F23,45,mid2,2023-11-01 19:01:48.012280,80.46875,1,0,0,,,,True,False,Started only,F23_mid2,86.98630136986301,,
F23,46,mid1,2023-10-04 19:03:09.841867,65.51724137931035,1,1,1,77.5,77.5,24.0,True,True,Finished timed practice,F23_mid1,24.66216216216216,23.03370786516854,Bottom quartile
F23,46,mid2,2023-11-01 19:01:40.373665,83.33333333333334,0,0,0,,,,False,False,No timed practice,F23_mid2,94.52054794520548,,
F23,47,mid1,2023-10-04 19:00:35.017954,75.83732057416267,2,2,2,80.38461538461537,80.38461538461537,26.0,True,True,Finished timed practice,F23_mid1,48.64864864864865,29.213483146067414,Middle half
F23,47,mid2,2023-11-01 19:01:10.835180,76.92307692307693,2,1,1,78.78787878787878,78.78787878787878,33.0,True,True,Finished timed practice,F23_mid2,68.83561643835617,47.540983606557376,Middle half
F23,48,mid1,2023-10-04 19:00:22.500352,87.5,1,1,1,88.46153846153845,88.46153846153845,26.0,True,True,Finished timed practice,F23_mid1,83.78378378378379,60.1123595505618,Middle half
F23,48,mid2,2023-11-01 19:06:49.527019,80.0,0,0,0,,,,False,False,No timed practice,F23_mid2,81.5068493150685,,
F23,49,mid1,2023-10-04 19:00:23.584560,82.75862068965517,1,0,0,,,,True,False,Started only,F23_mid1,68.58108108108108,,
F23,49,mid2,2023-11-01 19:01:10.834519,75.83333333333333,0,0,0,,,,False,False,No timed practice,F23_mid2,63.013698630136986,,
F23,50,mid1,2023-10-04 19:03:40.439865,83.0,1,1,1,81.73076923076923,81.73076923076923,26.0,True,True,Finished timed practice,F23_mid1,70.94594594594594,31.46067415730337,Middle half
F23,50,mid2,2023-11-01 19:05:48.067534,67.29729729729729,1,1,1,77.5,77.5,32.0,True,True,Finished timed practice,F23_mid2,37.67123287671233,40.98360655737705,Middle half
F23,51,mid1,2023-10-04 19:00:37.215851,51.886792452830186,2,2,2,87.6923076923077,87.6923076923077,26.0,True,True,Finished timed practice,F23_mid1,10.81081081081081,53.37078651685393,Middle half
F23,51,mid2,2023-11-01 19:01:16.279323,80.21739130434781,1,1,1,70.96774193548387,70.96774193548387,31.0,True,True,Finished timed practice,F23_mid2,86.3013698630137,21.311475409836063,Bottom quartile
F23,52,mid1,2023-10-04 19:00:31.782566,88.51851851851852,2,0,0,,,,True,False,Started only,F23_mid1,85.13513513513513,,
F23,52,mid2,2023-11-01 19:01:13.977007,60.0,0,0,0,,,,False,False,No timed practice,F23_mid2,16.78082191780822,,
F23,53,mid1,2023-10-04 19:00:56.722563,75.57142857142857,1,1,1,92.3076923076923,92.3076923076923,26.0,True,True,Finished timed practice,F23_mid1,47.2972972972973,79.21348314606742,Top quartile
F23,53,mid2,2023-11-01 19:02:08.212827,77.53623188405797,0,0,0,,,,False,False,No timed practice,F23_mid2,71.91780821917808,,
F23,54,mid1,2023-10-04 19:00:50.075634,48.837209302325576,1,0,0,,,,True,False,Started only,F23_mid1,7.4324324324324325,,
F23,54,mid2,2023-11-01 19:01:34.431505,62.857142857142854,1,0,0,,,,True,False,Started only,F23_mid2,24.65753424657534,,
F23,55,mid1,2023-10-04 19:00:23.382336,75.68181818181817,1,1,1,84.23076923076923,84.23076923076923,26.0,True,True,Finished timed practice,F23_mid1,47.97297297297297,38.20224719101123,Middle half
F23,55,mid2,2023-11-01 19:01:38.689214,76.15384615384615,1,0,0,,,,True,False,Started only,F23_mid2,63.6986301369863,,
F23,56,mid1,2023-10-04 19:00:47.400383,81.80194805194806,1,1,1,96.15384615384616,96.15384615384616,26.0,True,True,Finished timed practice,F23_mid1,62.16216216216216,93.82022471910112,Top quartile
F23,56,mid2,2023-11-01 19:01:28.159940,72.50000000000001,2,0,0,,,,True,False,Started only,F23_mid2,50.68493150684932,,
F23,57,mid1,2023-10-04 19:00:37.811138,89.0909090909091,2,2,2,84.71153846153847,84.71153846153847,26.0,True,True,Finished timed practice,F23_mid1,87.16216216216216,43.82022471910113,Middle half
F23,57,mid2,2023-11-01 19:01:08.205556,74.28571428571429,2,2,2,87.87878787878788,87.87878787878788,32.5,True,True,Finished timed practice,F23_mid2,59.589041095890416,70.49180327868852,Middle half
F23,58,mid1,2023-10-04 19:00:33.087661,86.66666666666667,2,1,1,96.15384615384616,96.15384615384616,26.0,True,True,Finished timed practice,F23_mid1,83.1081081081081,93.82022471910112,Top quartile
F23,58,mid2,2023-11-01 19:01:30.975425,78.78787878787878,2,2,2,83.87096774193549,83.87096774193549,31.0,True,True,Finished timed practice,F23_mid2,74.65753424657534,60.65573770491803,Middle half
F23,59,mid1,2023-10-04 19:00:36.579315,86.17424242424242,1,1,1,92.3076923076923,92.3076923076923,26.0,True,True,Finished timed practice,F23_mid1,77.7027027027027,79.21348314606742,Top quartile
F23,59,mid2,2023-11-01 19:01:05.181035,81.41025641025641,1,1,1,78.78787878787878,78.78787878787878,33.0,True,True,Finished timed practice,F23_mid2,88.35616438356165,47.540983606557376,Middle half
F23,60,mid1,2023-10-04 19:06:14.278540,74.75490196078431,0,0,0,,,,False,False,No timed practice,F23_mid1,43.24324324324324,,
F23,60,mid2,2023-11-01 19:04:46.210493,81.50537634408602,0,0,0,,,,False,False,No timed practice,F23_mid2,89.04109589041096,,
F23,61,mid1,2023-10-04 19:00:44.946670,82.53731343283582,1,1,1,88.46153846153845,88.46153846153845,26.0,True,True,Finished timed practice,F23_mid1,66.21621621621621,60.1123595505618,Middle half
F23,61,mid2,2023-11-01 19:01:03.554020,55.26315789473685,1,1,1,90.32258064516128,90.32258064516128,31.0,True,True,Finished timed practice,F23_mid2,13.013698630136986,81.14754098360656,Top quartile
F23,62,mid1,2023-10-05 15:31:30.599953,89.31034482758619,1,0,0,,,,True,False,Started only,F23_mid1,88.17567567567568,,
F23,62,mid2,2023-11-02 15:30:22.327298,80.0,1,0,0,,,,True,False,Started only,F23_mid2,81.5068493150685,,
F23,63,mid1,2023-10-04 19:04:04.578579,91.83673469387756,3,0,0,,,,True,False,Started only,F23_mid1,97.97297297297297,,
F23,63,mid2,2023-11-01 19:01:38.099390,82.53968253968253,0,0,0,,,,False,False,No timed practice,F23_mid2,91.78082191780823,,
F23,64,mid1,2023-10-04 19:00:18.203456,81.26159554730984,1,0,0,,,,True,False,Started only,F23_mid1,61.48648648648649,,
F23,64,mid2,2023-11-01 19:01:15.388915,61.36363636363637,0,0,0,,,,False,False,No timed practice,F23_mid2,19.17808219178082,,
F23,65,mid1,2023-10-04 19:04:19.367875,79.88165680473372,0,0,0,,,,False,False,No timed practice,F23_mid1,59.45945945945946,,
F23,65,mid2,2023-11-02 15:31:47.695157,76.66666666666667,1,1,1,71.9047619047619,71.9047619047619,35.0,True,True,Finished timed practice,F23_mid2,66.43835616438356,26.229508196721312,Middle half
F23,66,mid1,2023-10-04 19:03:03.180118,93.78787878787878,2,0,0,,,,True,False,Started only,F23_mid1,99.32432432432432,,
F23,66,mid2,2023-11-02 15:30:52.254596,85.88235294117646,1,0,0,,,,True,False,Started only,F23_mid2,97.94520547945206,,
F23,67,mid1,2023-10-04 19:00:33.582000,73.76811594202898,3,3,3,92.3076923076923,92.3076923076923,26.0,True,True,Finished timed practice,F23_mid1,40.54054054054054,79.21348314606742,Top quartile
F23,67,mid2,2023-11-01 19:01:26.585081,70.45454545454545,2,2,2,90.9090909090909,90.9090909090909,33.0,True,True,Finished timed practice,F23_mid2,47.94520547945205,86.88524590163934,Top quartile
F23,68,mid1,2023-10-05 15:32:06.072822,78.62068965517241,1,1,1,90.47619047619048,90.47619047619048,21.0,True,True,Finished timed practice,F23_mid1,54.054054054054056,68.53932584269663,Middle half
F23,68,mid2,2023-11-02 15:31:05.347498,62.5,1,0,0,,,,True,False,Started only,F23_mid2,22.602739726027394,,
F23,69,mid1,2023-10-04 19:01:00.814740,84.77272727272727,0,0,0,,,,False,False,No timed practice,F23_mid1,72.97297297297297,,
F23,69,mid2,2023-11-01 19:07:16.394442,83.33333333333334,0,0,0,,,,False,False,No timed practice,F23_mid2,94.52054794520548,,
F23,70,mid1,2023-10-05 15:32:10.002345,53.456112852664575,2,1,1,71.53846153846153,71.53846153846153,26.0,True,True,Finished timed practice,F23_mid1,12.837837837837837,10.674157303370785,Bottom quartile
F23,70,mid2,2023-11-02 15:31:15.395986,63.33333333333333,1,1,1,80.0,80.0,30.0,True,True,Finished timed practice,F23_mid2,27.397260273972602,54.09836065573771,Middle half
F23,71,mid1,2023-10-04 19:00:42.996551,75.0,1,1,1,85.71428571428571,85.71428571428571,21.0,True,True,Finished timed practice,F23_mid1,45.27027027027027,44.9438202247191,Middle half
F23,71,mid2,2023-11-01 19:00:54.009335,75.25773195876289,1,1,1,66.06060606060606,66.06060606060606,33.0,True,True,Finished timed practice,F23_mid2,62.328767123287676,14.754098360655737,Bottom quartile
F23,72,mid1,2023-10-04 19:00:38.067078,71.15384615384616,1,1,1,88.46153846153845,88.46153846153845,26.0,True,True,Finished timed practice,F23_mid1,35.810810810810814,60.1123595505618,Middle half
F23,72,mid2,2023-11-01 19:01:07.458272,63.33333333333333,1,0,0,,,,True,False,Started only,F23_mid2,27.397260273972602,,
F23,73,mid1,2023-10-05 15:33:36.511625,61.77115987460815,1,0,0,,,,True,False,Started only,F23_mid1,17.56756756756757,,
F23,73,mid2,2023-11-01 19:01:10.471715,70.83333333333334,1,1,1,79.41176470588235,79.41176470588235,34.0,True,True,Finished timed practice,F23_mid2,48.63013698630137,52.459016393442624,Middle half
F23,74,mid1,2023-10-04 19:04:51.256425,62.857142857142854,1,0,0,,,,True,False,Started only,F23_mid1,19.594594594594593,,
F23,74,mid2,2023-11-01 19:04:19.938078,55.90277777777778,0,0,0,,,,False,False,No timed practice,F23_mid2,14.383561643835616,,
F23,75,mid1,2023-10-05 15:31:47.793371,49.71786833855799,1,1,1,77.77777777777779,77.77777777777779,18.0,True,True,Finished timed practice,F23_mid1,8.108108108108109,24.719101123595504,Bottom quartile
F23,75,mid2,2023-11-02 15:30:50.596826,60.0,1,1,1,84.61538461538461,84.61538461538461,26.0,True,True,Finished timed practice,F23_mid2,16.78082191780822,62.295081967213115,Middle half
F23,76,mid1,2023-10-05 15:31:59.622961,61.72413793103447,0,0,0,,,,False,False,No timed practice,F23_mid1,16.89189189189189,,
F23,76,mid2,2023-11-02 15:36:02.834710,52.5,0,0,0,,,,False,False,No timed practice,F23_mid2,9.246575342465754,,
F23,77,mid1,2023-10-05 15:46:48.285578,45.57993730407524,1,1,1,73.07692307692307,73.07692307692307,26.0,True,True,Finished timed practice,F23_mid1,6.081081081081082,14.04494382022472,Bottom quartile
F23,77,mid2,2023-11-02 15:31:15.512504,60.0,1,1,1,78.18181818181819,78.18181818181819,33.0,True,True,Finished timed practice,F23_mid2,16.78082191780822,42.62295081967213,Middle half
F23,78,mid1,2023-10-05 15:31:47.315607,75.86206896551724,2,0,0,,,,True,False,Started only,F23_mid1,49.66216216216216,,
F23,78,mid2,2023-11-02 15:49:03.751038,70.0,0,0,0,,,,False,False,No timed practice,F23_mid2,44.178082191780824,,
F23,79,mid1,2023-10-05 15:31:44.461793,81.06583072100312,2,2,2,92.3076923076923,92.3076923076923,26.0,True,True,Finished timed practice,F23_mid1,60.810810810810814,79.21348314606742,Top quartile
F23,79,mid2,2023-11-02 15:31:59.075303,73.33333333333333,0,0,0,,,,False,False,No timed practice,F23_mid2,54.109589041095894,,
F23,80,mid1,2023-10-05 15:33:17.816309,58.409090909090914,1,0,0,,,,True,False,Started only,F23_mid1,13.513513513513514,,
F23,80,mid2,2023-11-02 15:31:35.460530,74.16666666666667,1,1,1,73.33333333333333,73.33333333333333,30.0,True,True,Finished timed practice,F23_mid2,57.87671232876712,34.42622950819672,Middle half
F23,81,mid1,2023-10-05 15:35:43.976815,69.68652037617555,0,0,0,,,,False,False,No timed practice,F23_mid1,34.45945945945946,,
F23,81,mid2,2023-11-02 15:30:24.672966,47.0,1,1,1,72.72727272727273,72.72727272727273,33.0,True,True,Finished timed practice,F23_mid2,6.164383561643835,30.327868852459016,Middle half
F23,82,mid1,2023-10-05 15:31:59.690844,86.20689655172413,0,0,0,,,,False,False,No timed practice,F23_mid1,80.06756756756756,,
F23,82,mid2,2023-11-02 15:30:59.479619,82.5,0,0,0,,,,False,False,No timed practice,F23_mid2,91.0958904109589,,
F23,83,mid1,2023-10-05 15:31:35.856140,75.51724137931033,1,0,0,,,,True,False,Started only,F23_mid1,45.94594594594595,,
F23,83,mid2,2023-11-02 15:30:36.989304,46.666666666666664,1,0,0,,,,True,False,Started only,F23_mid2,5.47945205479452,,
F23,84,mid1,2023-10-05 15:31:42.336676,58.74608150470218,1,1,1,73.91304347826086,73.91304347826086,23.0,True,True,Finished timed practice,F23_mid1,14.864864864864865,16.853932584269664,Bottom quartile
F23,84,mid2,2023-11-02 15:30:29.416267,70.0,0,0,0,,,,False,False,No timed practice,F23_mid2,44.178082191780824,,
F23,85,mid1,2023-10-04 19:00:31.715920,70.6896551724138,3,2,2,88.88888888888889,88.88888888888889,21.5,True,True,Finished timed practice,F23_mid1,35.13513513513514,66.85393258426966,Middle half
F23,85,mid2,2023-11-02 15:31:12.733841,77.5,2,0,0,,,,True,False,Started only,F23_mid2,70.54794520547945,,
F23,86,mid1,2023-10-05 15:31:44.405288,89.65517241379311,1,1,1,92.3076923076923,92.3076923076923,26.0,True,True,Finished timed practice,F23_mid1,92.56756756756756,79.21348314606742,Top quartile
F23,86,mid2,2023-11-02 15:30:36.136258,76.66666666666667,1,1,1,84.84848484848484,84.84848484848484,33.0,True,True,Finished timed practice,F23_mid2,66.43835616438356,63.934426229508205,Middle half
F23,87,mid1,2023-10-05 15:32:06.474558,79.3103448275862,1,0,0,,,,True,False,Started only,F23_mid1,57.432432432432435,,
F23,87,mid2,2023-11-02 15:31:08.619323,70.0,0,0,0,,,,False,False,No timed practice,F23_mid2,44.178082191780824,,
F23,88,mid1,2023-10-05 15:31:43.880030,74.26332288401254,1,1,1,57.777777777777786,57.777777777777786,18.0,True,True,Finished timed practice,F23_mid1,41.891891891891895,2.247191011235955,Bottom quartile
F23,88,mid2,2023-10-30 04:29:32.716096,62.22222222222222,0,0,0,,,,False,False,No timed practice,F23_mid2,21.232876712328768,,
F23,89,mid1,2023-10-05 15:31:48.420018,62.06896551724138,2,2,2,66.15384615384615,66.15384615384615,24.0,True,True,Finished timed practice,F23_mid1,18.243243243243242,5.617977528089887,Bottom quartile
F23,89,mid2,2023-11-02 15:31:27.113900,67.5,1,1,1,70.3125,70.3125,32.0,True,True,Finished timed practice,F23_mid2,38.35616438356164,19.672131147540984,Bottom quartile
F23,90,mid1,2023-10-05 15:31:43.239164,63.322884012539184,1,1,1,92.5925925925926,92.5925925925926,27.0,True,True,Finished timed practice,F23_mid1,20.27027027027027,85.39325842696628,Top quartile
F23,90,mid2,2023-11-05 20:14:06.225807,70.0,1,1,1,71.875,71.875,32.0,True,True,Finished timed practice,F23_mid2,44.178082191780824,23.770491803278688,Bottom quartile
F23,91,mid1,2023-10-05 15:31:38.670972,77.58620689655173,1,1,1,82.40384615384616,82.40384615384616,26.0,True,True,Finished timed practice,F23_mid1,52.02702702702703,33.70786516853933,Middle half
F23,91,mid2,2023-11-02 15:30:26.811101,76.66666666666667,1,1,1,93.93939393939394,93.93939393939394,33.0,True,True,Finished timed practice,F23_mid2,66.43835616438356,93.44262295081968,Top quartile
F23,92,mid1,2023-10-05 15:33:27.006910,79.3103448275862,1,1,1,76.92307692307693,76.92307692307693,26.0,True,True,Finished timed practice,F23_mid1,57.432432432432435,20.786516853932586,Bottom quartile
F23,92,mid2,2023-11-02 15:02:17.718146,79.16666666666666,0,0,0,,,,False,False,No timed practice,F23_mid2,75.68493150684932,,
F23,93,mid1,2023-10-05 15:31:53.855288,79.3103448275862,1,1,1,69.23076923076923,69.23076923076923,26.0,True,True,Finished timed practice,F23_mid1,57.432432432432435,8.98876404494382,Bottom quartile
F23,93,mid2,2023-11-02 15:32:06.935733,62.0,1,1,1,78.78787878787878,78.78787878787878,33.0,True,True,Finished timed practice,F23_mid2,19.863013698630137,47.540983606557376,Middle half
F23,94,mid1,2023-10-05 16:11:27.961738,72.53918495297805,1,0,0,,,,True,False,Started only,F23_mid1,39.86486486486486,,
F23,94,mid2,2023-11-03 02:08:52.858598,73.33333333333333,0,0,0,,,,False,False,No timed practice,F23_mid2,54.109589041095894,,
F23,95,mid1,2023-10-05 15:31:36.208382,89.34169278996865,1,0,0,,,,True,False,Started only,F23_mid1,89.1891891891892,,
F23,95,mid2,2023-11-02 15:30:21.393479,80.0,2,1,1,96.96969696969697,96.96969696969697,33.0,True,True,Finished timed practice,F23_mid2,81.5068493150685,99.18032786885246,Top quartile
F23,96,mid1,2023-10-05 15:31:53.471340,66.05015673981191,2,2,2,92.3076923076923,92.3076923076923,25.5,True,True,Finished timed practice,F23_mid1,27.027027027027028,79.21348314606742,Top quartile
F23,96,mid2,2023-11-02 15:30:57.932853,63.33333333333333,1,1,1,87.87878787878788,87.87878787878788,33.0,True,True,Finished timed practice,F23_mid2,27.397260273972602,70.49180327868852,Middle half
F23,98,mid1,2023-10-05 15:31:47.785791,39.0282131661442,1,1,1,96.66666666666667,96.66666666666667,30.0,True,True,Finished timed practice,F23_mid1,4.054054054054054,97.75280898876404,Top quartile
F23,98,mid2,2023-11-02 15:31:16.187188,38.666666666666664,0,0,0,,,,False,False,No timed practice,F23_mid2,4.10958904109589,,
F23,99,mid1,2023-10-05 15:32:06.324924,82.06896551724138,1,0,0,,,,True,False,Started only,F23_mid1,62.83783783783784,,
F23,99,mid2,2023-11-01 13:41:03.355860,73.33333333333333,1,0,0,,,,True,False,Started only,F23_mid2,54.109589041095894,,
F23,100,mid1,2023-10-05 15:31:52.733348,58.620689655172406,1,0,0,,,,True,False,Started only,F23_mid1,14.18918918918919,,
F23,100,mid2,2023-11-02 15:30:34.028260,53.333333333333336,0,0,0,,,,False,False,No timed practice,F23_mid2,10.616438356164384,,
F23,101,mid1,2023-10-05 15:32:11.074782,52.225705329153605,0,0,0,,,,False,False,No timed practice,F23_mid1,11.486486486486488,,
F23,101,mid2,2023-11-02 15:30:32.015660,67.0,1,1,1,88.4375,88.4375,32.0,True,True,Finished timed practice,F23_mid2,36.986301369863014,73.77049180327869,Middle half
F23,102,mid1,2023-10-05 15:31:56.955618,71.78683385579939,2,1,1,81.92307692307692,81.92307692307692,26.0,True,True,Finished timed practice,F23_mid1,37.16216216216216,32.58426966292135,Middle half
F23,102,mid2,2023-11-02 15:38:45.220954,65.83333333333333,1,0,0,,,,True,False,Started only,F23_mid2,33.9041095890411,,
F23,103,mid1,2023-10-05 15:32:31.306190,82.75862068965517,0,0,0,,,,False,False,No timed practice,F23_mid1,68.58108108108108,,
F23,103,mid2,2023-11-02 15:35:08.097241,74.16666666666667,1,1,1,71.875,71.875,32.0,True,True,Finished timed practice,F23_mid2,57.87671232876712,23.770491803278688,Bottom quartile
F23,104,mid1,2023-10-05 15:32:57.854774,63.479623824451416,1,1,1,87.2,87.2,25.0,True,True,Finished timed practice,F23_mid1,21.62162162162162,49.43820224719101,Middle half
F23,104,mid2,2023-11-02 15:31:00.558930,61.16666666666667,0,0,0,,,,False,False,No timed practice,F23_mid2,18.493150684931507,,
F23,105,mid1,2023-10-05 15:32:26.734765,51.724137931034484,1,1,1,76.19047619047619,76.19047619047619,21.0,True,True,Finished timed practice,F23_mid1,10.135135135135135,19.101123595505616,Bottom quartile
F23,105,mid2,2023-11-02 15:45:50.454340,57.14285714285714,1,0,0,,,,True,False,Started only,F23_mid2,15.068493150684931,,
F23,106,mid1,2023-10-05 15:32:12.732720,89.65517241379311,0,0,0,,,,False,False,No timed practice,F23_mid1,92.56756756756756,,
F23,106,mid2,2023-11-02 15:30:35.633354,80.0,1,1,1,78.78787878787878,78.78787878787878,33.0,True,True,Finished timed practice,F23_mid2,81.5068493150685,47.540983606557376,Middle half
F23,107,mid1,2023-10-05 15:31:36.868272,75.5564263322884,2,1,1,62.78846153846154,62.78846153846154,26.0,True,True,Finished timed practice,F23_mid1,46.62162162162162,4.49438202247191,Bottom quartile
F23,107,mid2,2023-11-02 15:30:28.319010,62.5,1,1,1,52.39583333333333,52.39583333333333,32.0,True,True,Finished timed practice,F23_mid2,22.602739726027394,6.557377049180328,Bottom quartile
F23,108,mid1,2023-10-05 15:31:37.712584,44.827586206896555,1,0,0,,,,True,False,Started only,F23_mid1,5.405405405405405,,
F23,108,mid2,2023-11-02 15:30:43.834440,50.0,0,0,0,,,,False,False,No timed practice,F23_mid2,7.534246575342466,,
F23,109,mid1,2023-10-05 15:31:40.838147,68.96551724137932,0,0,0,,,,False,False,No timed practice,F23_mid1,32.77027027027027,,
F23,109,mid2,2023-11-02 15:30:42.492256,73.33333333333333,0,0,0,,,,False,False,No timed practice,F23_mid2,54.109589041095894,,
F23,110,mid1,2023-10-05 15:32:03.177692,13.793103448275861,0,0,0,,,,False,False,No timed practice,F23_mid1,0.6756756756756757,,
F23,110,mid2,2023-11-02 15:39:04.095857,20.0,0,0,0,,,,False,False,No timed practice,F23_mid2,0.684931506849315,,
F23,111,mid1,2023-10-05 15:34:26.768197,65.51724137931035,1,0,0,,,,True,False,Started only,F23_mid1,24.66216216216216,,
F23,111,mid2,2023-11-02 15:35:24.681310,76.33333333333333,1,1,1,87.87878787878788,87.87878787878788,33.0,True,True,Finished timed practice,F23_mid2,64.38356164383562,70.49180327868852,Middle half
F23,112,mid1,2023-10-05 15:31:30.224720,86.20689655172413,1,1,1,87.3076923076923,87.3076923076923,26.0,True,True,Finished timed practice,F23_mid1,80.06756756756756,51.12359550561798,Middle half
F23,112,mid2,2023-11-02 15:30:45.888555,80.0,1,1,1,89.39393939393939,89.39393939393939,33.0,True,True,Finished timed practice,F23_mid2,81.5068493150685,75.40983606557377,Top quartile
F23,113,mid1,2023-10-05 15:31:38.054837,60.50156739811913,2,1,1,60.0,60.0,26.0,True,True,Finished timed practice,F23_mid1,16.216216216216218,3.3707865168539324,Bottom quartile
F23,113,mid2,2023-11-02 15:30:50.748536,63.33333333333333,0,0,0,,,,False,False,No timed practice,F23_mid2,27.397260273972602,,
F23,114,mid1,2023-10-05 15:31:51.957176,86.20689655172413,2,1,1,92.3076923076923,92.3076923076923,26.0,True,True,Finished timed practice,F23_mid1,80.06756756756756,79.21348314606742,Top quartile
F23,114,mid2,2023-11-02 15:30:55.567091,73.33333333333333,3,2,2,82.82828282828282,82.82828282828282,33.0,True,True,Finished timed practice,F23_mid2,54.109589041095894,59.01639344262295,Middle half
F23,115,mid1,2023-10-05 15:31:52.314211,74.79623824451411,1,1,1,86.95652173913044,86.95652173913044,23.0,True,True,Finished timed practice,F23_mid1,43.91891891891892,48.31460674157304,Middle half
F23,115,mid2,2023-11-06 20:59:38.490691,62.66666666666667,0,0,0,,,,False,False,No timed practice,F23_mid2,23.972602739726025,,
F23,116,mid1,2023-10-05 15:31:51.739293,88.62068965517241,2,2,2,94.61538461538463,94.61538461538463,26.0,True,True,Finished timed practice,F23_mid1,85.8108108108108,88.76404494382022,Top quartile
F23,116,mid2,2023-11-02 15:30:34.243242,80.0,1,1,1,93.93939393939394,93.93939393939394,33.0,True,True,Finished timed practice,F23_mid2,81.5068493150685,93.44262295081968,Top quartile
F23,117,mid1,2023-10-05 15:44:05.849037,72.10031347962382,1,1,1,84.61538461538461,84.61538461538461,26.0,True,True,Finished timed practice,F23_mid1,38.513513513513516,41.01123595505618,Middle half
F23,117,mid2,2023-11-02 15:33:57.249720,73.33333333333333,1,1,1,54.54545454545454,54.54545454545454,33.0,True,True,Finished timed practice,F23_mid2,54.109589041095894,8.19672131147541,Bottom quartile
F23,118,mid1,2023-10-05 15:34:09.759203,72.41379310344827,1,1,1,88.8,88.8,25.0,True,True,Finished timed practice,F23_mid1,39.189189189189186,65.1685393258427,Middle half
F23,118,mid2,2023-11-02 15:31:18.900971,62.5,1,0,0,,,,True,False,Started only,F23_mid2,22.602739726027394,,
F23,119,mid1,2023-10-05 15:31:53.027847,85.14890282131663,1,0,0,,,,True,False,Started only,F23_mid1,73.64864864864865,,
F23,119,mid2,2023-11-03 01:54:22.921385,73.33333333333333,0,0,0,,,,False,False,No timed practice,F23_mid2,54.109589041095894,,
F23,121,mid1,2023-10-05 15:31:36.432317,85.8934169278997,1,1,1,88.46153846153845,88.46153846153845,26.0,True,True,Finished timed practice,F23_mid1,74.66216216216216,60.1123595505618,Middle half
F23,121,mid2,2023-11-02 15:31:40.346780,80.0,1,1,1,81.25,81.25,32.0,True,True,Finished timed practice,F23_mid2,81.5068493150685,55.73770491803278,Middle half
F23,122,mid1,2023-10-05 15:31:52.980433,89.65517241379311,2,1,1,96.15384615384616,96.15384615384616,26.0,True,True,Finished timed practice,F23_mid1,92.56756756756756,93.82022471910112,Top quartile
F23,122,mid2,2023-11-02 15:30:59.426456,83.33333333333334,1,1,1,90.9090909090909,90.9090909090909,33.0,True,True,Finished timed practice,F23_mid2,94.52054794520548,86.88524590163934,Top quartile
F23,123,mid1,2023-10-05 15:31:40.638993,74.82758620689654,1,1,1,80.0,80.0,25.0,True,True,Finished timed practice,F23_mid1,44.5945945945946,28.08988764044944,Middle half
F23,123,mid2,2023-11-02 15:30:33.940154,70.0,0,0,0,,,,False,False,No timed practice,F23_mid2,44.178082191780824,,
F23,124,mid1,2023-10-05 15:31:50.765838,63.8244514106583,2,2,2,86.36363636363636,86.36363636363636,24.0,True,True,Finished timed practice,F23_mid1,23.64864864864865,46.06741573033708,Middle half
F23,124,mid2,2023-11-02 15:30:36.208676,65.33333333333334,1,1,1,73.33333333333333,73.33333333333333,30.0,True,True,Finished timed practice,F23_mid2,32.87671232876712,34.42622950819672,Middle half
F23,126,mid1,2023-10-05 15:33:53.338553,67.31191222570533,2,0,0,,,,True,False,Started only,F23_mid1,29.054054054054053,,
F23,126,mid2,2023-11-02 15:30:53.874589,55.00000000000001,1,1,1,96.96969696969697,96.96969696969697,33.0,True,True,Finished timed practice,F23_mid2,11.986301369863012,99.18032786885246,Top quartile
F23,127,mid1,2023-10-05 15:31:38.265339,65.61128526645767,0,0,0,,,,False,False,No timed practice,F23_mid1,25.675675675675674,,
F23,127,mid2,2023-11-02 15:31:00.648606,77.5,1,1,1,51.935483870967744,51.935483870967744,31.0,True,True,Finished timed practice,F23_mid2,70.54794520547945,4.918032786885246,Bottom quartile
F23,128,mid1,2023-10-05 15:31:45.281471,27.586206896551722,0,0,0,,,,False,False,No timed practice,F23_mid1,2.7027027027027026,,
F23,128,mid2,2023-11-02 15:30:50.460873,33.33333333333333,0,0,0,,,,False,False,No timed practice,F23_mid2,1.36986301369863,,
F23,129,mid1,2023-10-05 15:31:50.506585,22.288401253918497,1,0,0,,,,True,False,Started only,F23_mid1,1.3513513513513513,,
F23,129,mid2,2023-11-02 15:30:54.067729,37.0,0,0,0,,,,False,False,No timed practice,F23_mid2,3.0821917808219177,,
F23,130,mid1,2023-10-09 13:53:26.654065,67.91245791245791,0,0,0,,,,False,False,No timed practice,F23_mid1,31.08108108108108,,
F23,131,mid1,2023-10-05 15:31:43.436824,82.75862068965517,1,1,1,80.76923076923077,80.76923076923077,26.0,True,True,Finished timed practice,F23_mid1,68.58108108108108,30.337078651685395,Middle half
F23,131,mid2,2023-11-02 15:34:58.217696,79.16666666666666,1,1,1,68.75,68.75,32.0,True,True,Finished timed practice,F23_mid2,75.68493150684932,17.21311475409836,Bottom quartile
F23,132,mid1,2023-10-05 15:33:11.496693,60.0,2,2,2,79.8,79.8,25.0,True,True,Finished timed practice,F23_mid1,15.54054054054054,26.96629213483146,Middle half
F23,132,mid2,2023-11-02 15:30:43.330878,36.666666666666664,1,0,0,,,,True,False,Started only,F23_mid2,2.054794520547945,,
F23,133,mid1,2023-10-05 15:31:39.788734,74.57680250783699,0,0,0,,,,False,False,No timed practice,F23_mid1,42.567567567567565,,
F23,133,mid2,2023-11-02 15:30:53.427527,75.0,1,1,1,89.58333333333334,89.58333333333334,32.0,True,True,Finished timed practice,F23_mid2,61.64383561643836,77.04918032786885,Top quartile
F23,134,mid1,2023-10-05 15:33:03.472644,53.44827586206896,1,1,1,71.53846153846153,71.53846153846153,26.0,True,True,Finished timed practice,F23_mid1,12.162162162162163,10.674157303370785,Bottom quartile
F23,134,mid2,2023-11-02 15:30:29.731907,70.0,1,1,1,90.32258064516128,90.32258064516128,31.0,True,True,Finished timed practice,F23_mid2,44.178082191780824,81.14754098360656,Top quartile
F23,135,mid1,2023-10-05 15:32:11.110547,38.7460815047022,2,1,1,34.523809523809526,34.523809523809526,21.0,True,True,Finished timed practice,F23_mid1,3.3783783783783785,1.1235955056179776,Bottom quartile
F23,135,mid2,2023-11-02 15:30:51.653206,37.0,1,1,1,96.57142857142857,96.57142857142857,35.0,True,True,Finished timed practice,F23_mid2,3.0821917808219177,96.72131147540983,Top quartile
F23,136,mid1,2023-10-05 15:31:30.777261,89.65517241379311,1,0,0,,,,True,False,Started only,F23_mid1,92.56756756756756,,
F23,136,mid2,2023-11-02 15:30:33.944585,70.0,1,0,0,,,,True,False,Started only,F23_mid2,44.178082191780824,,
F23,137,mid1,2023-10-05 15:31:46.573501,62.75862068965517,0,0,0,,,,False,False,No timed practice,F23_mid1,18.91891891891892,,
F23,137,mid2,2023-11-02 15:30:50.256731,53.333333333333336,0,0,0,,,,False,False,No timed practice,F23_mid2,10.616438356164384,,
F23,138,mid1,2023-10-05 15:32:38.444060,79.3103448275862,1,0,0,,,,True,False,Started only,F23_mid1,57.432432432432435,,
F23,138,mid2,2023-11-02 15:31:04.966869,63.33333333333333,0,0,0,,,,False,False,No timed practice,F23_mid2,27.397260273972602,,
F23,140,mid1,2023-10-05 15:35:39.216362,63.510971786833856,1,1,1,75.3846153846154,75.3846153846154,26.0,True,True,Finished timed practice,F23_mid1,22.635135135135133,17.97752808988764,Bottom quartile
F23,140,mid2,2023-11-02 15:53:08.805734,55.333333333333336,0,0,0,,,,False,False,No timed practice,F23_mid2,13.698630136986301,,
F23,141,mid1,2023-10-05 15:31:51.694645,63.44827586206896,1,0,0,,,,True,False,Started only,F23_mid1,20.945945945945947,,
F23,141,mid2,2023-11-05 16:30:19.853992,55.00000000000001,0,0,0,,,,False,False,No timed practice,F23_mid2,11.986301369863012,,
F23,142,mid1,2023-10-05 15:32:17.894685,68.96551724137932,2,1,1,68.07692307692308,68.07692307692308,26.0,True,True,Finished timed practice,F23_mid1,32.77027027027027,7.865168539325842,Bottom quartile
F23,142,mid2,2023-11-02 15:44:37.928844,63.33333333333333,2,1,1,57.57575757575758,57.57575757575758,33.0,True,True,Finished timed practice,F23_mid2,27.397260273972602,9.836065573770492,Bottom quartile
F23,143,mid1,2023-10-05 15:32:49.250106,48.275862068965516,2,2,2,84.61538461538461,84.61538461538461,20.5,True,True,Finished timed practice,F23_mid1,6.756756756756757,41.01123595505618,Middle half
F23,143,mid2,2023-11-02 15:31:25.238771,70.0,2,0,0,,,,True,False,Started only,F23_mid2,44.178082191780824,,
F23,144,mid1,2023-10-05 15:32:55.879508,82.75862068965517,0,0,0,,,,False,False,No timed practice,F23_mid1,68.58108108108108,,
F23,144,mid2,2023-11-02 15:31:07.384653,70.0,0,0,0,,,,False,False,No timed practice,F23_mid2,44.178082191780824,,
F23,145,mid1,2023-10-05 15:32:01.010729,24.137931034482758,0,0,0,,,,False,False,No timed practice,F23_mid1,2.027027027027027,,
F23,145,mid2,2023-11-02 15:31:04.143121,40.0,0,0,0,,,,False,False,No timed practice,F23_mid2,4.794520547945205,,
F23,146,mid1,2023-10-05 15:31:45.533187,79.3103448275862,1,1,1,88.46153846153845,88.46153846153845,26.0,True,True,Finished timed practice,F23_mid1,57.432432432432435,60.1123595505618,Middle half
F23,146,mid2,2023-11-02 15:37:21.141130,80.0,1,0,0,,,,True,False,Started only,F23_mid2,81.5068493150685,,
F23,147,mid1,2023-10-05 15:31:35.958826,86.20689655172413,0,0,0,,,,False,False,No timed practice,F23_mid1,80.06756756756756,,
F23,147,mid2,2023-11-02 15:31:44.233377,76.66666666666667,1,0,0,,,,True,False,Started only,F23_mid2,66.43835616438356,,
F23,148,mid1,2023-10-05 15:31:36.499943,82.75862068965517,2,2,2,96.15384615384616,96.15384615384616,26.0,True,True,Finished timed practice,F23_mid1,68.58108108108108,93.82022471910112,Top quartile
F23,148,mid2,2023-11-02 15:30:53.934252,65.83333333333333,0,0,0,,,,False,False,No timed practice,F23_mid2,33.9041095890411,,
F23,149,mid1,2023-10-05 15:31:56.466661,67.58620689655173,1,0,0,,,,True,False,Started only,F23_mid1,29.72972972972973,,
F23,149,mid2,2023-11-02 15:30:46.953873,69.16666666666667,1,0,0,,,,True,False,Started only,F23_mid2,40.41095890410959,,
F23,150,mid1,2023-10-05 15:31:48.822392,71.5987460815047,1,1,1,83.46153846153845,83.46153846153845,26.0,True,True,Finished timed practice,F23_mid1,36.486486486486484,34.831460674157306,Middle half
F23,150,mid2,2023-11-02 15:30:50.269428,72.5,0,0,0,,,,False,False,No timed practice,F23_mid2,50.0,,
F23,151,mid1,2023-10-05 15:31:51.377673,51.03448275862069,0,0,0,,,,False,False,No timed practice,F23_mid1,9.45945945945946,,
F23,152,mid1,2023-10-05 15:31:36.514649,50.72100313479624,1,1,1,97.82608695652173,97.82608695652173,46.0,True,True,Finished timed practice,F23_mid1,8.783783783783784,99.43820224719101,Top quartile
F23,152,mid2,2023-11-02 15:30:43.083577,63.33333333333333,1,0,0,,,,True,False,Started only,F23_mid2,27.397260273972602,,
F23,153,mid1,2023-10-05 15:31:37.078708,71.84952978056425,2,1,1,91.53846153846155,91.53846153846155,26.0,True,True,Finished timed practice,F23_mid1,37.83783783783784,71.34831460674157,Middle half
F23,153,mid2,2023-11-02 15:30:29.773154,76.66666666666667,2,0,0,,,,True,False,Started only,F23_mid2,66.43835616438356,,
F24,1,mid1,2024-10-02 20:06:59.238808,85.71428571428571,1,1,1,92.5925925925926,92.5925925925926,27.0,True,True,Finished timed practice,F24_mid1,76.36986301369863,90.17857142857143,Top quartile
F24,1,mid2,2024-10-30 20:00:55.909066,63.33333333333333,1,1,1,76.25,76.25,32.0,True,True,Finished timed practice,F24_mid2,33.10344827586207,63.2183908045977,Middle half
F24,2,mid1,2024-10-02 20:06:43.918134,81.61290322580645,1,1,1,85.38461538461539,85.38461538461539,26.0,True,True,Finished timed practice,F24_mid1,66.43835616438356,65.17857142857143,Middle half
F24,2,mid2,2024-10-30 20:00:34.827164,69.1566265060241,1,0,0,,,,True,False,Started only,F24_mid2,48.96551724137931,,
F24,3,mid1,2024-10-02 20:06:59.163230,86.35135135135134,0,0,0,,,,False,False,No timed practice,F24_mid1,81.5068493150685,,
F24,3,mid2,2024-10-30 20:00:31.243173,77.27272727272727,0,0,0,,,,False,False,No timed practice,F24_mid2,72.41379310344827,,
F24,4,mid1,2024-10-02 20:07:02.387605,74.13793103448276,1,1,1,80.76923076923077,80.76923076923077,26.0,True,True,Finished timed practice,F24_mid1,47.94520547945205,51.33928571428571,Middle half
F24,4,mid2,2024-10-30 20:01:09.268923,80.0,1,1,1,69.79166666666666,69.79166666666666,32.0,True,True,Finished timed practice,F24_mid2,81.03448275862068,44.827586206896555,Middle half
F24,5,mid1,2024-10-02 20:06:59.915620,75.63492063492063,1,1,1,95.38461538461539,95.38461538461539,26.0,True,True,Finished timed practice,F24_mid1,50.0,91.96428571428571,Top quartile
F24,5,mid2,2024-10-30 20:01:32.992776,73.17073170731707,2,1,1,82.75862068965517,82.75862068965517,29.0,True,True,Finished timed practice,F24_mid2,59.310344827586206,77.01149425287356,Top quartile
F24,6,mid1,2024-10-02 20:06:21.430366,65.78947368421053,1,1,1,89.0625,89.0625,24.0,True,True,Finished timed practice,F24_mid1,28.767123287671232,76.78571428571429,Top quartile
F24,6,mid2,2024-10-30 20:00:58.974995,79.02777777777777,1,1,1,79.89583333333333,79.89583333333333,32.0,True,True,Finished timed practice,F24_mid2,76.55172413793103,71.26436781609196,Middle half
F24,7,mid1,2024-10-02 20:06:46.935627,90.0,1,1,1,92.3076923076923,92.3076923076923,26.0,True,True,Finished timed practice,F24_mid1,92.46575342465754,86.60714285714286,Top quartile
F24,7,mid2,2024-10-30 20:01:30.364817,68.75,1,0,0,,,,True,False,Started only,F24_mid2,48.275862068965516,,
F24,8,mid1,2024-10-02 20:06:40.024414,77.08333333333334,2,3,2,88.46153846153845,88.46153846153845,26.0,True,True,Finished timed practice,F24_mid1,54.109589041095894,74.55357142857143,Middle half
F24,8,mid2,2024-10-30 20:01:19.313054,81.08108108108108,1,1,1,72.66666666666667,72.66666666666667,30.0,True,True,Finished timed practice,F24_mid2,84.13793103448276,52.87356321839081,Middle half
F24,9,mid1,2024-10-02 20:06:11.108721,93.44262295081968,1,1,1,46.5,46.5,25.0,True,True,Finished timed practice,F24_mid1,100.0,2.6785714285714284,Bottom quartile
F24,9,mid2,2024-10-30 20:01:24.013778,84.61538461538461,1,1,1,55.172413793103445,55.172413793103445,29.0,True,True,Finished timed practice,F24_mid2,93.79310344827586,21.839080459770116,Bottom quartile
F24,10,mid1,2024-10-02 17:18:16.703718,80.40160642570281,2,0,0,,,,True,False,Started only,F24_mid1,62.328767123287676,,
F24,10,mid2,2024-10-30 20:00:18.198763,85.69230769230771,1,0,0,,,,True,False,Started only,F24_mid2,95.86206896551724,,
F24,11,mid1,2024-10-02 20:06:35.572182,60.71428571428571,1,1,1,80.0,80.0,15.0,True,True,Finished timed practice,F24_mid1,19.52054794520548,43.30357142857143,Middle half
F24,11,mid2,2024-10-30 20:03:02.480687,63.33333333333333,2,1,1,31.818181818181817,31.818181818181817,22.0,True,True,Finished timed practice,F24_mid2,33.10344827586207,6.896551724137931,Bottom quartile
F24,12,mid1,2024-10-02 20:06:23.136668,80.0,1,1,1,47.61904761904761,47.61904761904761,21.0,True,True,Finished timed practice,F24_mid1,61.3013698630137,3.571428571428571,Bottom quartile
F24,12,mid2,2024-10-30 20:05:38.842055,81.81818181818183,1,1,1,36.666666666666664,36.666666666666664,30.0,True,True,Finished timed practice,F24_mid2,85.51724137931035,8.045977011494253,Bottom quartile
F24,13,mid1,2024-10-02 20:06:41.344934,70.52631578947368,1,1,1,88.0,88.0,25.0,True,True,Finished timed practice,F24_mid1,39.04109589041096,72.32142857142857,Middle half
F24,13,mid2,2024-10-30 20:02:49.556797,56.41025641025641,1,0,0,,,,True,False,Started only,F24_mid2,22.06896551724138,,
F24,14,mid1,2024-10-02 20:06:43.604067,79.5703125,2,2,2,96.15384615384616,96.15384615384616,26.0,True,True,Finished timed practice,F24_mid1,60.273972602739725,98.21428571428571,Top quartile
F24,14,mid2,2024-10-30 20:01:10.260721,83.33333333333334,2,2,2,93.4375,93.4375,31.5,True,True,Finished timed practice,F24_mid2,88.96551724137932,95.40229885057471,Top quartile
F24,15,mid1,2024-10-02 20:07:03.896099,82.8125,1,1,1,80.76923076923077,80.76923076923077,26.0,True,True,Finished timed practice,F24_mid1,71.23287671232876,51.33928571428571,Middle half
F24,15,mid2,2024-10-31 15:32:33.241443,63.541666666666664,1,1,1,67.1875,67.1875,32.0,True,True,Finished timed practice,F24_mid2,35.172413793103445,40.229885057471265,Middle half
F24,16,mid1,2024-10-02 20:06:29.829516,88.45238095238095,1,1,1,61.904761904761905,61.904761904761905,21.0,True,True,Finished timed practice,F24_mid1,87.67123287671232,15.178571428571427,Bottom quartile
F24,16,mid2,2024-10-30 20:00:33.477543,86.8421052631579,1,0,0,,,,True,False,Started only,F24_mid2,97.93103448275862,,
F24,17,mid1,2024-10-02 20:06:39.520467,93.43283582089552,0,0,0,,,,False,False,No timed practice,F24_mid1,99.31506849315068,,
F24,17,mid2,2024-10-30 20:02:24.644596,84.28571428571429,2,2,2,83.33333333333334,83.33333333333334,26.5,True,True,Finished timed practice,F24_mid2,93.10344827586206,79.88505747126436,Top quartile
F24,18,mid1,2024-10-02 20:06:35.139402,92.6086956521739,3,2,2,69.23076923076923,69.23076923076923,23.0,True,True,Finished timed practice,F24_mid1,96.57534246575342,23.214285714285715,Bottom quartile
F24,18,mid2,2024-10-30 20:01:30.699572,72.97297297297297,1,1,1,75.86206896551724,75.86206896551724,29.0,True,True,Finished timed practice,F24_mid2,57.24137931034483,59.77011494252874,Middle half
F24,19,mid1,2024-10-02 20:06:37.870306,86.13013698630137,2,2,2,92.3076923076923,92.3076923076923,29.5,True,True,Finished timed practice,F24_mid1,79.45205479452055,86.60714285714286,Top quartile
F24,19,mid2,2024-10-30 20:00:30.716792,79.14285714285714,1,1,1,51.24999999999999,51.24999999999999,32.0,True,True,Finished timed practice,F24_mid2,77.24137931034483,18.39080459770115,Bottom quartile
F24,20,mid1,2024-10-02 18:59:16.898860,77.04918032786885,3,2,1,86.4,86.4,22.0,True,True,Finished timed practice,F24_mid1,53.42465753424658,66.96428571428571,Middle half
F24,20,mid2,2024-10-30 20:02:10.545867,69.23076923076923,3,3,2,75.0,75.0,31.0,True,True,Finished timed practice,F24_mid2,49.6551724137931,57.47126436781609,Middle half
F24,21,mid1,2024-10-02 20:06:59.728476,90.65217391304348,2,2,1,81.66666666666667,81.66666666666667,25.0,True,True,Finished timed practice,F24_mid1,93.15068493150685,57.14285714285714,Middle half
F24,21,mid2,2024-10-30 20:01:00.014170,59.06976744186046,1,1,1,60.32258064516128,60.32258064516128,31.0,True,True,Finished timed practice,F24_mid2,27.586206896551722,26.436781609195403,Middle half
F24,22,mid1,2024-10-02 20:06:59.827022,72.87671232876713,1,1,1,88.46153846153845,88.46153846153845,26.0,True,True,Finished timed practice,F24_mid1,46.57534246575342,74.55357142857143,Middle half
F24,22,mid2,2024-10-31 15:30:17.982919,70.66666666666667,1,1,1,87.5,87.5,32.0,True,True,Finished timed practice,F24_mid2,53.79310344827586,85.63218390804597,Top quartile
F24,23,mid1,2024-10-02 20:06:56.016955,73.1111111111111,2,3,2,92.3076923076923,92.3076923076923,26.0,True,True,Finished timed practice,F24_mid1,47.26027397260274,86.60714285714286,Top quartile
F24,23,mid2,2024-10-30 20:00:59.398850,78.85714285714286,1,2,1,82.75862068965517,82.75862068965517,30.0,True,True,Finished timed practice,F24_mid2,75.86206896551724,77.01149425287356,Top quartile
F24,24,mid1,2024-10-02 20:06:55.516250,67.1197960917587,1,1,1,86.53846153846155,86.53846153846155,26.0,True,True,Finished timed practice,F24_mid1,30.82191780821918,67.85714285714286,Middle half
F24,24,mid2,2024-10-30 20:01:15.933898,57.09677419354839,1,0,0,,,,True,False,Started only,F24_mid2,24.82758620689655,,
F24,25,mid1,2024-10-02 20:06:46.038576,78.53658536585367,1,0,0,,,,True,False,Started only,F24_mid1,55.47945205479452,,
F24,25,mid2,2024-10-30 20:02:13.409718,55.81395348837209,1,1,1,39.285714285714285,39.285714285714285,28.0,True,True,Finished timed practice,F24_mid2,21.379310344827587,9.195402298850574,Bottom quartile
F24,26,mid1,2024-10-02 20:06:41.853040,71.875,1,0,0,,,,True,False,Started only,F24_mid1,42.80821917808219,,
F24,26,mid2,2024-10-31 15:30:51.419097,67.5,1,1,1,65.51724137931035,65.51724137931035,29.0,True,True,Finished timed practice,F24_mid2,44.827586206896555,35.63218390804598,Middle half
F24,27,mid1,2024-10-02 19:29:32.699033,88.0,2,3,2,87.6923076923077,87.6923076923077,26.0,True,True,Finished timed practice,F24_mid1,84.93150684931507,70.98214285714286,Middle half
F24,27,mid2,2024-10-30 20:00:42.318382,84.84848484848484,2,1,1,59.333333333333336,59.333333333333336,30.0,True,True,Finished timed practice,F24_mid2,94.48275862068965,25.287356321839084,Middle half
F24,28,mid1,2024-10-02 20:06:42.446946,79.03225806451613,2,3,2,68.46153846153847,68.46153846153847,26.0,True,True,Finished timed practice,F24_mid1,58.9041095890411,21.428571428571427,Bottom quartile
F24,28,mid2,2024-10-30 20:00:49.246582,78.76923076923077,1,1,1,30.555555555555554,30.555555555555554,30.0,True,True,Finished timed practice,F24_mid2,75.17241379310344,3.4482758620689653,Bottom quartile
F24,29,mid1,2024-10-02 20:06:59.878536,84.84848484848484,2,3,2,95.2,95.2,26.0,True,True,Finished timed practice,F24_mid1,73.97260273972603,91.07142857142857,Top quartile
F24,29,mid2,2024-10-30 20:01:02.179507,88.40579710144928,1,1,1,72.41379310344827,72.41379310344827,29.0,True,True,Finished timed practice,F24_mid2,98.62068965517241,49.42528735632184,Middle half
F24,30,mid1,2024-10-03 15:31:40.370899,65.18518518518519,0,0,0,,,,False,False,No timed practice,F24_mid1,27.397260273972602,,
F24,30,mid2,2024-10-31 15:30:32.459259,46.666666666666664,0,0,0,,,,False,False,No timed practice,F24_mid2,11.03448275862069,,
F24,31,mid1,2024-10-02 20:07:17.167467,71.96969696969697,1,1,1,61.53846153846154,61.53846153846154,26.0,True,True,Finished timed practice,F24_mid1,43.83561643835616,13.839285714285715,Bottom quartile
F24,31,mid2,2024-10-30 20:06:50.288097,74.28571428571429,2,2,2,62.06896551724138,62.06896551724138,31.5,True,True,Finished timed practice,F24_mid2,64.82758620689654,30.45977011494253,Middle half
F24,32,mid1,2024-10-03 15:30:29.135207,61.42857142857142,1,1,1,61.53846153846154,61.53846153846154,26.0,True,True,Finished timed practice,F24_mid1,20.54794520547945,13.839285714285715,Bottom quartile
F24,32,mid2,2024-10-31 15:30:22.402318,66.0,0,0,0,,,,False,False,No timed practice,F24_mid2,37.58620689655172,,
F24,33,mid1,2024-10-02 20:06:41.025005,87.67123287671232,2,1,1,96.0,96.0,25.0,True,True,Finished timed practice,F24_mid1,84.24657534246576,95.08928571428571,Top quartile
F24,33,mid2,2024-10-30 20:00:19.516549,80.60606060606061,1,1,1,79.6875,79.6875,32.0,True,True,Finished timed practice,F24_mid2,83.44827586206897,70.11494252873564,Middle half
F24,34,mid1,2024-10-02 20:06:47.455574,80.59701492537313,2,2,2,67.6,67.6,24.5,True,True,Finished timed practice,F24_mid1,64.38356164383562,19.642857142857142,Bottom quartile
F24,34,mid2,2024-10-30 20:00:59.434311,65.82089552238806,2,2,2,72.60416666666667,72.60416666666667,30.5,True,True,Finished timed practice,F24_mid2,36.55172413793103,51.724137931034484,Middle half
F24,35,mid1,2024-10-02 20:06:20.236393,80.0,1,1,1,76.92307692307693,76.92307692307693,26.0,True,True,Finished timed practice,F24_mid1,61.3013698630137,37.94642857142857,Middle half
F24,35,mid2,2024-10-30 20:02:43.065995,65.78947368421053,1,0,0,,,,True,False,Started only,F24_mid2,35.86206896551724,,
F24,36,mid1,2024-10-02 20:06:36.611429,69.52380952380952,1,2,1,80.76923076923077,80.76923076923077,23.0,True,True,Finished timed practice,F24_mid1,36.986301369863014,51.33928571428571,Middle half
F24,36,mid2,2024-10-30 20:01:04.324518,74.72222222222223,3,3,2,73.07692307692307,73.07692307692307,28.0,True,True,Finished timed practice,F24_mid2,66.20689655172414,54.59770114942529,Middle half
F24,37,mid1,2024-10-02 20:06:38.640857,70.37037037037037,2,2,2,95.45454545454545,95.45454545454545,24.0,True,True,Finished timed practice,F24_mid1,38.35616438356164,92.85714285714286,Top quartile
F24,37,mid2,2024-10-30 20:01:04.341569,69.51219512195121,3,2,2,80.9375,80.9375,30.5,True,True,Finished timed practice,F24_mid2,50.3448275862069,73.5632183908046,Middle half
F24,38,mid1,2024-10-02 20:06:59.755172,87.35632183908046,1,0,0,,,,True,False,Started only,F24_mid1,83.56164383561644,,
F24,38,mid2,2024-10-30 20:01:00.986837,74.36241610738254,1,0,0,,,,True,False,Started only,F24_mid2,65.51724137931035,,
F24,39,mid1,2024-10-02 20:06:48.145961,82.89473684210526,1,1,1,88.46153846153845,88.46153846153845,26.0,True,True,Finished timed practice,F24_mid1,71.91780821917808,74.55357142857143,Middle half
F24,39,mid2,2024-10-30 20:01:19.371073,71.9607843137255,1,1,1,48.275862068965516,48.275862068965516,29.0,True,True,Finished timed practice,F24_mid2,55.172413793103445,13.793103448275861,Bottom quartile
F24,40,mid1,2024-10-02 20:05:57.733911,88.37209302325581,2,2,2,96.15384615384616,96.15384615384616,26.0,True,True,Finished timed practice,F24_mid1,86.98630136986301,98.21428571428571,Top quartile
F24,40,mid2,2024-10-30 20:00:35.451069,86.4406779661017,3,3,3,96.96969696969697,96.96969696969697,32.0,True,True,Finished timed practice,F24_mid2,97.24137931034483,98.85057471264368,Top quartile
F24,41,mid1,2024-10-02 20:01:27.691968,82.53968253968253,2,2,2,72.3076923076923,72.3076923076923,25.5,True,True,Finished timed practice,F24_mid1,70.54794520547945,29.464285714285715,Middle half
F24,41,mid2,2024-10-30 20:03:33.789303,82.8125,1,1,1,31.03448275862069,31.03448275862069,29.0,True,True,Finished timed practice,F24_mid2,86.89655172413792,5.172413793103448,Bottom quartile
F24,42,mid1,2024-10-02 20:06:28.420744,72.65625,2,2,2,83.07692307692308,83.07692307692308,26.0,True,True,Finished timed practice,F24_mid1,45.20547945205479,60.71428571428571,Middle half
F24,42,mid2,2024-10-30 20:00:57.051977,72.43243243243244,1,1,1,56.25,56.25,32.0,True,True,Finished timed practice,F24_mid2,56.55172413793104,22.988505747126435,Bottom quartile
F24,43,mid1,2024-10-02 20:06:20.565349,86.54371584699454,2,1,1,74.23076923076923,74.23076923076923,26.0,True,True,Finished timed practice,F24_mid1,82.1917808219178,31.25,Middle half
F24,43,mid2,2024-10-30 20:01:08.398352,73.04761904761905,2,2,2,76.0,76.0,28.0,True,True,Finished timed practice,F24_mid2,58.620689655172406,61.49425287356321,Middle half
F24,44,mid1,2024-10-02 20:06:47.615195,84.61538461538461,3,2,2,90.9090909090909,90.9090909090909,22.5,True,True,Finished timed practice,F24_mid1,73.28767123287672,79.46428571428571,Top quartile
F24,44,mid2,2024-10-30 20:00:52.732453,89.23076923076924,2,2,2,87.1875,87.1875,30.5,True,True,Finished timed practice,F24_mid2,99.6551724137931,83.9080459770115,Top quartile
F24,45,mid1,2024-10-02 20:06:48.847128,56.96969696969697,2,2,2,82.08333333333333,82.08333333333333,25.0,True,True,Finished timed practice,F24_mid1,17.123287671232877,58.92857142857143,Middle half
F24,45,mid2,2024-10-30 20:01:44.366065,79.58904109589041,1,1,1,26.333333333333336,26.333333333333336,30.0,True,True,Finished timed practice,F24_mid2,78.62068965517241,1.1494252873563218,Bottom quartile
F24,46,mid1,2024-10-02 20:07:26.720925,75.75757575757575,1,1,1,81.53846153846153,81.53846153846153,26.0,True,True,Finished timed practice,F24_mid1,50.68493150684932,56.25,Middle half
F24,46,mid2,2024-10-30 20:10:56.071245,67.33333333333333,1,1,1,61.29032258064516,61.29032258064516,31.0,True,True,Finished timed practice,F24_mid2,44.13793103448276,28.735632183908045,Middle half
F24,47,mid1,2024-10-02 20:06:50.483323,70.81632653061224,1,0,0,,,,True,False,Started only,F24_mid1,39.726027397260275,,
F24,47,mid2,2024-10-30 20:01:03.004130,78.18181818181819,1,1,1,82.75862068965517,82.75862068965517,29.0,True,True,Finished timed practice,F24_mid2,74.48275862068967,77.01149425287356,Top quartile
F24,48,mid1,2024-10-02 20:06:16.767740,77.90322580645162,3,2,2,74.6153846153846,74.6153846153846,25.5,True,True,Finished timed practice,F24_mid1,54.794520547945204,32.142857142857146,Middle half
F24,48,mid2,2024-10-30 20:01:00.801366,66.90647482014388,1,1,1,70.20833333333333,70.20833333333333,32.0,True,True,Finished timed practice,F24_mid2,42.06896551724138,45.97701149425287,Middle half
F24,49,mid1,2024-10-03 15:30:34.667409,46.42857142857143,1,1,1,71.14583333333333,71.14583333333333,24.0,True,True,Finished timed practice,F24_mid1,11.643835616438356,27.67857142857143,Middle half
F24,49,mid2,2024-10-31 15:30:18.031540,46.666666666666664,0,0,0,,,,False,False,No timed practice,F24_mid2,11.03448275862069,,
F24,50,mid1,2024-10-02 20:06:33.178138,72.54901960784314,2,2,2,86.15384615384615,86.15384615384615,24.5,True,True,Finished timed practice,F24_mid1,44.52054794520548,66.07142857142857,Middle half
F24,50,mid2,2024-10-30 20:02:29.408348,76.66666666666667,2,1,1,67.85714285714286,67.85714285714286,28.0,True,True,Finished timed practice,F24_mid2,68.96551724137932,42.5287356321839,Middle half
F24,51,mid1,2024-10-02 20:06:43.304986,87.02702702702703,1,2,1,70.1,70.1,25.0,True,True,Finished timed practice,F24_mid1,82.87671232876713,24.107142857142858,Bottom quartile
F24,51,mid2,2024-10-30 20:00:54.718254,78.02197802197803,1,1,1,28.000000000000004,28.000000000000004,25.0,True,True,Finished timed practice,F24_mid2,73.10344827586206,2.2988505747126435,Bottom quartile
F24,52,mid1,2024-10-03 15:31:06.697297,64.28571428571429,1,1,1,79.2,79.2,25.0,True,True,Finished timed practice,F24_mid1,24.315068493150687,41.517857142857146,Middle half
F24,52,mid2,2024-10-31 15:30:17.019555,36.666666666666664,0,0,0,,,,False,False,No timed practice,F24_mid2,6.551724137931035,,
F24,53,mid1,2024-10-02 20:06:41.920223,70.15873015873017,1,1,1,83.84615384615385,83.84615384615385,26.0,True,True,Finished timed practice,F24_mid1,37.67123287671233,61.60714285714286,Middle half
F24,53,mid2,2024-10-30 20:00:56.031477,67.0,3,3,3,60.71428571428571,60.71428571428571,27.0,True,True,Finished timed practice,F24_mid2,43.103448275862064,27.586206896551722,Middle half
F24,54,mid1,2024-10-02 20:06:35.861749,68.57142857142857,1,1,1,40.0,40.0,20.0,True,True,Finished timed practice,F24_mid1,34.58904109589041,1.7857142857142856,Bottom quartile
F24,54,mid2,2024-10-30 20:01:03.725767,58.9064558629776,1,2,1,43.333333333333336,43.333333333333336,29.5,True,True,Finished timed practice,F24_mid2,26.89655172413793,11.494252873563218,Bottom quartile
F24,55,mid1,2024-10-02 20:06:57.380078,86.20689655172413,2,2,2,96.0,96.0,25.5,True,True,Finished timed practice,F24_mid1,80.47945205479452,95.08928571428571,Top quartile
F24,55,mid2,2024-10-30 20:01:04.884617,63.33333333333333,1,0,0,,,,True,False,Started only,F24_mid2,33.10344827586207,,
F24,56,mid1,2024-10-02 20:07:00.049246,88.33333333333333,1,0,0,,,,True,False,Started only,F24_mid1,86.3013698630137,,
F24,56,mid2,2024-10-30 20:01:09.045790,83.63636363636363,0,0,0,,,,False,False,No timed practice,F24_mid2,91.0344827586207,,
F24,57,mid1,2024-10-02 20:06:26.371965,55.00000000000001,1,1,1,81.92307692307692,81.92307692307692,26.0,True,True,Finished timed practice,F24_mid1,15.753424657534246,58.03571428571429,Middle half
F24,57,mid2,2024-10-30 20:01:24.190752,50.0,2,2,2,89.375,89.375,30.5,True,True,Finished timed practice,F24_mid2,15.517241379310345,89.65517241379311,Top quartile
F24,58,mid1,2024-10-02 20:07:02.390690,56.493506493506494,1,1,1,52.400000000000006,52.400000000000006,25.0,True,True,Finished timed practice,F24_mid1,16.43835616438356,7.142857142857142,Bottom quartile
F24,59,mid1,2024-10-02 20:06:13.102399,85.81818181818183,2,1,1,80.76923076923077,80.76923076923077,26.0,True,True,Finished timed practice,F24_mid1,78.76712328767124,51.33928571428571,Middle half
F24,59,mid2,2024-10-30 20:00:57.256897,76.99248120300753,0,0,0,,,,False,False,No timed practice,F24_mid2,71.03448275862068,,
F24,60,mid1,2024-10-02 20:06:58.619911,57.333333333333336,1,1,1,92.3076923076923,92.3076923076923,26.0,True,True,Finished timed practice,F24_mid1,17.80821917808219,86.60714285714286,Top quartile
F24,60,mid2,2024-10-30 20:00:31.369781,61.42857142857143,1,1,1,82.1505376344086,82.1505376344086,31.0,True,True,Finished timed practice,F24_mid2,31.03448275862069,74.71264367816092,Middle half
F24,61,mid1,2024-10-02 20:06:23.714787,68.42105263157895,1,1,1,75.76923076923077,75.76923076923077,26.0,True,True,Finished timed practice,F24_mid1,33.56164383561644,34.82142857142857,Middle half
F24,61,mid2,2024-10-30 20:03:39.371038,89.23076923076924,1,1,1,48.38709677419355,48.38709677419355,31.0,True,True,Finished timed practice,F24_mid2,99.6551724137931,14.942528735632186,Bottom quartile
F24,62,mid1,2024-10-02 20:05:46.517513,67.68115942028986,1,1,1,47.82608695652174,47.82608695652174,23.0,True,True,Finished timed practice,F24_mid1,31.506849315068493,4.464285714285714,Bottom quartile
F24,62,mid2,2024-10-30 20:04:00.801220,74.19354838709677,1,0,0,,,,True,False,Started only,F24_mid2,64.13793103448275,,
F24,63,mid1,2024-10-02 16:56:51.692462,76.19047619047619,1,1,1,70.95238095238095,70.95238095238095,21.0,True,True,Finished timed practice,F24_mid1,52.054794520547944,26.785714285714285,Middle half
F24,63,mid2,2024-10-30 20:01:24.658364,56.666666666666664,3,2,2,88.88888888888889,88.88888888888889,30.0,True,True,Finished timed practice,F24_mid2,23.448275862068964,87.35632183908046,Top quartile
F24,64,mid1,2024-10-02 20:06:18.274345,80.64102564102565,2,1,1,80.38461538461537,80.38461538461537,26.0,True,True,Finished timed practice,F24_mid1,65.06849315068493,45.982142857142854,Middle half
F24,64,mid2,2024-10-30 20:00:50.477294,68.66666666666667,2,2,2,92.41379310344828,92.41379310344828,29.0,True,True,Finished timed practice,F24_mid2,47.58620689655172,94.25287356321839,Top quartile
F24,65,mid1,2024-10-02 20:06:22.149492,86.20689655172413,1,1,1,95.76923076923076,95.76923076923076,26.0,True,True,Finished timed practice,F24_mid1,80.47945205479452,93.75,Top quartile
F24,65,mid2,2024-10-30 20:00:54.659463,57.377049180327866,1,1,1,73.07692307692307,73.07692307692307,26.0,True,True,Finished timed practice,F24_mid2,26.20689655172414,54.59770114942529,Middle half
F24,66,mid1,2024-10-02 20:06:59.700822,80.51948051948052,2,2,2,70.28846153846153,70.28846153846153,26.0,True,True,Finished timed practice,F24_mid1,63.6986301369863,25.0,Bottom quartile
F24,66,mid2,2024-10-30 20:03:23.260310,48.0,2,2,2,40.0,40.0,31.0,True,True,Finished timed practice,F24_mid2,13.793103448275861,10.344827586206897,Bottom quartile
F24,67,mid1,2024-10-02 20:07:00.144419,40.12539184952978,1,0,0,,,,True,False,Started only,F24_mid1,6.8493150684931505,,
F24,67,mid2,2024-10-30 20:02:59.139851,20.588235294117645,0,0,0,,,,False,False,No timed practice,F24_mid2,0.6896551724137931,,
F24,68,mid1,2024-10-02 20:06:56.107993,91.48936170212765,2,3,2,92.3076923076923,92.3076923076923,26.0,True,True,Finished timed practice,F24_mid1,93.83561643835617,86.60714285714286,Top quartile
F24,68,mid2,2024-10-30 20:01:01.004628,77.06666666666666,2,2,2,90.625,90.625,30.5,True,True,Finished timed practice,F24_mid2,71.72413793103448,92.52873563218391,Top quartile
F24,69,mid1,2024-10-02 20:06:59.599792,68.3385579937304,1,2,1,90.38461538461539,90.38461538461539,25.0,True,True,Finished timed practice,F24_mid1,32.87671232876712,78.57142857142857,Top quartile
F24,69,mid2,2024-10-30 20:01:08.684877,81.53846153846153,1,2,1,68.96551724137932,68.96551724137932,29.0,True,True,Finished timed practice,F24_mid2,84.82758620689656,43.67816091954023,Middle half
F24,70,mid1,2024-10-02 20:06:42.005338,91.66666666666666,1,1,1,70.38461538461539,70.38461538461539,26.0,True,True,Finished timed practice,F24_mid1,94.52054794520548,25.892857142857146,Middle half
F24,70,mid2,2024-10-30 20:01:00.663220,80.45977011494253,1,1,1,76.0,76.0,30.0,True,True,Finished timed practice,F24_mid2,82.75862068965517,61.49425287356321,Middle half
F24,71,mid1,2024-10-02 20:06:57.382116,83.87096774193549,3,3,2,87.6923076923077,87.6923076923077,26.0,True,True,Finished timed practice,F24_mid1,72.6027397260274,70.98214285714286,Middle half
F24,71,mid2,2024-10-30 20:03:02.729146,78.10810810810811,1,1,1,63.33333333333333,63.33333333333333,30.0,True,True,Finished timed practice,F24_mid2,73.79310344827587,32.18390804597701,Middle half
F24,72,mid1,2024-10-02 20:06:35.416880,71.42857142857143,1,1,1,62.4,62.4,25.0,True,True,Finished timed practice,F24_mid1,41.0958904109589,16.071428571428573,Bottom quartile
F24,72,mid2,2024-10-30 20:02:23.319850,66.66666666666666,1,1,1,66.23655913978496,66.23655913978496,31.0,True,True,Finished timed practice,F24_mid2,40.0,36.7816091954023,Middle half
F24,73,mid1,2024-10-02 20:06:38.936327,91.7948717948718,1,1,1,49.2,49.2,25.0,True,True,Finished timed practice,F24_mid1,95.8904109589041,5.357142857142857,Bottom quartile
F24,73,mid2,2024-10-30 20:01:24.349835,53.43750000000001,2,1,1,64.28571428571429,64.28571428571429,28.0,True,True,Finished timed practice,F24_mid2,17.93103448275862,33.33333333333333,Middle half
F24,74,mid1,2024-10-02 20:06:18.327709,62.83132530120482,1,1,1,88.46153846153845,88.46153846153845,26.0,True,True,Finished timed practice,F24_mid1,21.232876712328768,74.55357142857143,Middle half
F24,74,mid2,2024-10-30 20:00:36.136012,83.90243902439025,2,0,0,,,,True,False,Started only,F24_mid2,92.41379310344827,,
F24,75,mid1,2024-10-02 20:06:52.151709,50.0,1,1,1,68.84615384615384,68.84615384615384,26.0,True,True,Finished timed practice,F24_mid1,14.383561643835616,22.321428571428573,Bottom quartile
F24,75,mid2,2024-10-30 20:01:21.023927,50.0,0,0,0,,,,False,False,No timed practice,F24_mid2,15.517241379310345,,
F24,76,mid1,2024-10-02 20:06:46.118762,89.65517241379311,2,2,2,96.15384615384616,96.15384615384616,26.0,True,True,Finished timed practice,F24_mid1,91.78082191780823,98.21428571428571,Top quartile
F24,76,mid2,2024-10-30 20:01:25.868359,68.28571428571428,1,0,0,,,,True,False,Started only,F24_mid2,46.206896551724135,,
F24,77,mid1,2024-10-02 20:06:59.889791,71.875,1,1,1,54.79166666666667,54.79166666666667,24.0,True,True,Finished timed practice,F24_mid1,42.80821917808219,8.035714285714286,Bottom quartile
F24,77,mid2,2024-10-30 20:01:26.429786,74.16666666666667,1,1,1,66.66666666666666,66.66666666666666,30.0,True,True,Finished timed practice,F24_mid2,63.10344827586207,38.50574712643678,Middle half
F24,78,mid1,2024-10-02 20:06:22.674661,48.96551724137931,1,2,1,76.92307692307693,76.92307692307693,24.5,True,True,Finished timed practice,F24_mid1,13.698630136986301,37.94642857142857,Middle half
F24,78,mid2,2024-10-30 20:01:33.205626,63.5,1,2,1,66.66666666666666,66.66666666666666,29.5,True,True,Finished timed practice,F24_mid2,34.48275862068966,38.50574712643678,Middle half
F24,79,mid1,2024-10-02 20:06:56.642924,60.0,1,0,0,,,,True,False,Started only,F24_mid1,18.493150684931507,,
F24,79,mid2,2024-10-30 20:01:03.816580,37.5,1,1,1,79.3103448275862,79.3103448275862,29.0,True,True,Finished timed practice,F24_mid2,8.275862068965518,68.39080459770115,Middle half
F24,80,mid1,2024-10-02 20:06:37.274938,92.67241379310344,2,1,1,96.15384615384616,96.15384615384616,26.0,True,True,Finished timed practice,F24_mid1,97.26027397260275,98.21428571428571,Top quartile
F24,80,mid2,2024-10-30 20:41:22.245026,86.15384615384616,0,0,0,,,,False,False,No timed practice,F24_mid2,96.55172413793103,,
F24,81,mid1,2024-10-02 20:06:42.954676,68.57142857142857,2,0,0,,,,True,False,Started only,F24_mid1,34.58904109589041,,
F24,81,mid2,2024-10-30 20:00:54.352505,79.88095238095238,0,0,0,,,,False,False,No timed practice,F24_mid2,79.3103448275862,,
F24,82,mid1,2024-10-03 15:33:10.393851,46.42857142857143,0,0,0,,,,False,False,No timed practice,F24_mid1,11.643835616438356,,
F24,82,mid2,2024-10-31 15:41:11.367742,33.33333333333333,0,0,0,,,,False,False,No timed practice,F24_mid2,3.793103448275862,,
F24,83,mid1,2024-10-02 20:06:56.801425,79.41176470588235,1,1,1,66.25,66.25,24.0,True,True,Finished timed practice,F24_mid1,59.589041095890416,18.75,Bottom quartile
F24,83,mid2,2024-10-30 20:01:18.652803,85.23076923076923,0,0,0,,,,False,False,No timed practice,F24_mid2,95.17241379310344,,
F24,84,mid1,2024-10-02 20:06:52.028985,75.86206896551724,1,0,0,,,,True,False,Started only,F24_mid1,51.369863013698634,,
F24,84,mid2,2024-10-30 20:00:59.934938,50.0,2,0,0,,,,True,False,Started only,F24_mid2,15.517241379310345,,
F24,85,mid1,2024-10-02 20:06:23.155065,66.66666666666666,1,1,1,91.53846153846155,91.53846153846155,26.0,True,True,Finished timed practice,F24_mid1,29.45205479452055,81.69642857142857,Top quartile
F24,85,mid2,2024-10-30 20:02:03.733821,74.16666666666667,2,0,0,,,,True,False,Started only,F24_mid2,63.10344827586207,,
F24,86,mid1,2024-10-02 20:06:39.031416,29.629629629629626,1,1,1,56.666666666666664,56.666666666666664,24.0,True,True,Finished timed practice,F24_mid1,3.0821917808219177,8.928571428571429,Bottom quartile
F24,86,mid2,2024-10-30 20:01:55.554782,33.33333333333333,3,0,0,,,,True,False,Started only,F24_mid2,3.793103448275862,,
F24,87,mid1,2024-10-02 20:06:23.254399,21.428571428571427,1,1,1,65.0,65.0,20.0,True,True,Finished timed practice,F24_mid1,1.36986301369863,17.857142857142858,Bottom quartile
F24,87,mid2,2024-11-04 03:01:44.525358,57.14285714285714,3,2,2,80.0,80.0,25.0,True,True,Finished timed practice,F24_mid2,25.517241379310345,72.41379310344827,Middle half
F24,88,mid1,2024-10-03 15:30:42.541907,71.42857142857143,1,1,1,80.0,80.0,15.0,True,True,Finished timed practice,F24_mid1,41.0958904109589,43.30357142857143,Middle half
F24,88,mid2,2024-10-31 15:30:23.352949,73.0,0,0,0,,,,False,False,No timed practice,F24_mid2,57.931034482758626,,
F24,89,mid1,2024-10-03 15:30:38.074148,42.857142857142854,1,1,1,72.01923076923077,72.01923076923077,26.0,True,True,Finished timed practice,F24_mid1,8.21917808219178,28.57142857142857,Middle half
F24,89,mid2,2024-10-31 15:30:30.147433,53.66666666666667,1,1,1,48.70967741935483,48.70967741935483,31.0,True,True,Finished timed practice,F24_mid2,19.310344827586206,16.091954022988507,Bottom quartile
F24,90,mid1,2024-10-03 15:47:49.849038,78.57142857142857,1,0,0,,,,True,False,Started only,F24_mid1,56.849315068493155,,
F24,90,mid2,2024-10-31 18:11:11.387358,67.0,0,0,0,,,,False,False,No timed practice,F24_mid2,43.103448275862064,,
F24,91,mid1,2024-10-03 15:31:17.845483,85.71428571428571,1,1,1,80.38461538461537,80.38461538461537,26.0,True,True,Finished timed practice,F24_mid1,76.36986301369863,45.982142857142854,Middle half
F24,91,mid2,2024-10-31 15:30:34.748968,68.33333333333333,1,0,0,,,,True,False,Started only,F24_mid2,46.89655172413793,,
F24,92,mid1,2024-10-03 15:30:33.793627,65.0,0,0,0,,,,False,False,No timed practice,F24_mid1,26.71232876712329,,
F24,92,mid2,2024-10-31 15:30:12.365439,70.0,0,0,0,,,,False,False,No timed practice,F24_mid2,52.06896551724138,,
F24,93,mid1,2024-10-03 15:30:42.658648,46.42857142857143,1,1,1,75.3846153846154,75.3846153846154,26.0,True,True,Finished timed practice,F24_mid1,11.643835616438356,33.92857142857143,Middle half
F24,93,mid2,2024-10-31 15:31:16.634316,30.0,1,1,1,50.0,50.0,28.0,True,True,Finished timed practice,F24_mid2,2.0689655172413794,17.24137931034483,Bottom quartile
F24,95,mid1,2024-10-03 15:31:24.023823,75.0,1,1,1,57.99999999999999,57.99999999999999,25.0,True,True,Finished timed practice,F24_mid1,48.97260273972603,10.714285714285714,Bottom quartile
F24,95,mid2,2024-10-31 15:30:13.663770,72.00000000000001,1,1,1,97.77777777777777,97.77777777777777,45.0,True,True,Finished timed practice,F24_mid2,55.86206896551724,100.0,Top quartile
F24,96,mid1,2024-10-03 15:30:58.549799,89.28571428571429,1,1,1,84.61538461538461,84.61538461538461,26.0,True,True,Finished timed practice,F24_mid1,90.06849315068493,63.83928571428571,Middle half
F24,96,mid2,2024-10-31 15:30:29.931013,73.33333333333333,1,1,1,78.125,78.125,32.0,True,True,Finished timed practice,F24_mid2,61.03448275862069,66.66666666666666,Middle half
F24,97,mid1,2024-10-03 15:30:40.990753,35.714285714285715,1,1,1,34.523809523809526,34.523809523809526,21.0,True,True,Finished timed practice,F24_mid1,4.794520547945205,0.8928571428571428,Bottom quartile
F24,97,mid2,2024-10-31 17:31:27.728055,46.666666666666664,1,0,0,,,,True,False,Started only,F24_mid2,11.03448275862069,,
F24,98,mid1,2024-10-03 15:30:51.395807,44.28571428571429,2,1,1,74.7,74.7,25.0,True,True,Finished timed practice,F24_mid1,9.58904109589041,33.035714285714285,Middle half
F24,98,mid2,2024-10-31 15:30:14.787870,42.33333333333333,2,2,2,85.16129032258064,85.16129032258064,30.0,True,True,Finished timed practice,F24_mid2,9.655172413793103,82.75862068965517,Top quartile
F24,99,mid1,2024-10-03 15:30:32.086373,64.28571428571429,2,1,1,89.2,89.2,25.0,True,True,Finished timed practice,F24_mid1,24.315068493150687,77.67857142857143,Top quartile
F24,99,mid2,2024-10-31 15:30:08.277610,62.0,1,1,1,76.66666666666667,76.66666666666667,30.0,True,True,Finished timed practice,F24_mid2,31.724137931034484,64.36781609195403,Middle half
F24,100,mid1,2024-10-03 15:30:39.461026,64.28571428571429,2,1,1,67.72727272727272,67.72727272727272,22.0,True,True,Finished timed practice,F24_mid1,24.315068493150687,20.535714285714285,Bottom quartile
F24,100,mid2,2024-10-31 15:33:48.740696,66.66666666666666,0,0,0,,,,False,False,No timed practice,F24_mid2,40.0,,
F24,101,mid1,2024-10-03 15:30:41.140657,68.8888888888889,1,1,1,80.38461538461537,80.38461538461537,26.0,True,True,Finished timed practice,F24_mid1,35.61643835616438,45.982142857142854,Middle half
F24,101,mid2,2024-10-31 15:30:25.465150,66.0,1,1,1,53.333333333333336,53.333333333333336,30.0,True,True,Finished timed practice,F24_mid2,37.58620689655172,20.689655172413794,Bottom quartile
F24,102,mid1,2024-10-03 15:30:33.574128,85.71428571428571,1,1,1,92.3076923076923,92.3076923076923,26.0,True,True,Finished timed practice,F24_mid1,76.36986301369863,86.60714285714286,Top quartile
F24,102,mid2,2024-10-31 15:30:18.412394,76.66666666666667,1,1,1,84.375,84.375,32.0,True,True,Finished timed practice,F24_mid2,68.96551724137932,81.60919540229885,Top quartile
F24,103,mid1,2024-10-03 15:30:39.057627,60.71428571428571,1,1,1,57.14285714285714,57.14285714285714,21.0,True,True,Finished timed practice,F24_mid1,19.52054794520548,9.821428571428571,Bottom quartile
F24,103,mid2,2024-10-31 15:30:28.563587,73.33333333333333,1,1,1,72.41379310344827,72.41379310344827,29.0,True,True,Finished timed practice,F24_mid2,61.03448275862069,49.42528735632184,Middle half
F24,104,mid1,2024-10-03 15:30:46.222046,78.63636363636364,0,0,0,,,,False,False,No timed practice,F24_mid1,58.21917808219178,,
F24,104,mid2,2024-10-31 15:30:21.280992,53.333333333333336,0,0,0,,,,False,False,No timed practice,F24_mid2,17.24137931034483,,
F24,105,mid1,2024-10-03 15:38:26.152067,29.629629629629626,0,0,0,,,,False,False,No timed practice,F24_mid1,3.0821917808219177,,
F24,105,mid2,2024-10-31 15:30:18.625294,47.0,1,0,0,,,,True,False,Started only,F24_mid2,12.413793103448276,,
F24,106,mid1,2024-10-03 15:30:49.385053,35.714285714285715,0,0,0,,,,False,False,No timed practice,F24_mid1,4.794520547945205,,
F24,106,mid2,2024-10-31 15:30:25.709757,33.33333333333333,0,0,0,,,,False,False,No timed practice,F24_mid2,3.793103448275862,,
F24,107,mid1,2024-10-03 15:30:47.236692,72.85714285714285,2,2,2,82.6923076923077,82.6923076923077,26.0,True,True,Finished timed practice,F24_mid1,45.89041095890411,59.82142857142857,Middle half
F24,107,mid2,2024-10-31 15:30:08.487759,47.333333333333336,2,2,2,79.3103448275862,79.3103448275862,30.5,True,True,Finished timed practice,F24_mid2,13.10344827586207,68.39080459770115,Middle half
F24,108,mid1,2024-10-03 15:31:20.174667,19.230769230769234,1,0,0,,,,True,False,Started only,F24_mid1,0.684931506849315,,
F24,108,mid2,2024-10-31 15:31:24.027421,33.33333333333333,0,0,0,,,,False,False,No timed practice,F24_mid2,3.793103448275862,,
F24,109,mid1,2024-10-03 15:30:31.849970,62.8896103896104,1,1,1,63.0,63.0,25.0,True,True,Finished timed practice,F24_mid1,21.91780821917808,16.964285714285715,Bottom quartile
F24,109,mid2,2024-10-31 15:33:30.588464,70.33333333333334,1,0,0,,,,True,False,Started only,F24_mid2,53.103448275862064,,
F24,110,mid1,2024-10-03 15:30:54.846509,82.14285714285714,3,0,0,,,,True,False,Started only,F24_mid1,69.17808219178082,,
F24,110,mid2,2024-10-31 15:30:13.459076,50.0,1,0,0,,,,True,False,Started only,F24_mid2,15.517241379310345,,
F24,111,mid1,2024-10-03 15:30:36.023055,64.28571428571429,1,1,1,80.83333333333333,80.83333333333333,24.0,True,True,Finished timed practice,F24_mid1,24.315068493150687,55.35714285714286,Middle half
F24,111,mid2,2024-10-31 15:30:13.590362,53.66666666666667,2,2,2,89.33333333333333,89.33333333333333,30.5,True,True,Finished timed practice,F24_mid2,19.310344827586206,88.50574712643679,Top quartile
F24,113,mid1,2024-10-03 15:30:39.576563,66.96428571428571,1,1,1,49.23076923076923,49.23076923076923,26.0,True,True,Finished timed practice,F24_mid1,30.136986301369863,6.25,Bottom quartile
F24,113,mid2,2024-10-31 15:32:07.902971,68.0,1,1,1,67.58620689655173,67.58620689655173,29.0,True,True,Finished timed practice,F24_mid2,45.51724137931035,41.37931034482759,Middle half
F24,114,mid1,2024-10-03 15:31:07.948555,35.714285714285715,1,1,1,80.76923076923077,80.76923076923077,26.0,True,True,Finished timed practice,F24_mid1,4.794520547945205,51.33928571428571,Middle half
F24,114,mid2,2024-10-31 15:30:16.836354,53.66666666666667,2,2,2,90.32258064516128,90.32258064516128,30.0,True,True,Finished timed practice,F24_mid2,19.310344827586206,90.80459770114942,Top quartile
F24,115,mid1,2024-10-03 15:31:06.980742,68.96551724137932,1,1,1,87.6,87.6,25.0,True,True,Finished timed practice,F24_mid1,36.3013698630137,69.64285714285714,Middle half
F24,115,mid2,2024-10-31 15:31:12.318097,60.0,0,0,0,,,,False,False,No timed practice,F24_mid2,28.965517241379313,,
F24,116,mid1,2024-10-03 15:31:02.587767,28.57142857142857,0,0,0,,,,False,False,No timed practice,F24_mid1,2.054794520547945,,
F24,116,mid2,2024-10-31 15:30:27.929579,36.666666666666664,1,1,1,31.03448275862069,31.03448275862069,29.0,True,True,Finished timed practice,F24_mid2,6.551724137931035,5.172413793103448,Bottom quartile
F24,117,mid1,2024-10-03 15:32:08.993204,91.78571428571428,1,1,1,84.23076923076923,84.23076923076923,26.0,True,True,Finished timed practice,F24_mid1,95.2054794520548,62.5,Middle half
F24,117,mid2,2024-10-31 15:30:31.885389,83.33333333333334,1,1,1,87.5,87.5,32.0,True,True,Finished timed practice,F24_mid2,88.96551724137932,85.63218390804597,Top quartile
F24,118,mid1,2024-10-03 15:30:35.678963,40.77922077922078,2,2,2,79.02173913043478,79.02173913043478,22.5,True,True,Finished timed practice,F24_mid1,7.534246575342466,40.17857142857143,Middle half
F24,118,mid2,2024-10-31 15:30:14.147350,61.33333333333333,2,1,1,51.37931034482759,51.37931034482759,29.0,True,True,Finished timed practice,F24_mid2,30.344827586206897,19.54022988505747,Bottom quartile
F24,119,mid1,2024-10-03 15:31:21.819272,43.83116883116883,1,1,1,79.2,79.2,25.0,True,True,Finished timed practice,F24_mid1,8.904109589041095,41.517857142857146,Middle half
F24,119,mid2,2024-10-31 15:30:20.910216,26.666666666666668,0,0,0,,,,False,False,No timed practice,F24_mid2,1.3793103448275863,,
F24,120,mid1,2024-10-03 15:30:52.264929,80.42207792207793,0,0,0,,,,False,False,No timed practice,F24_mid1,63.013698630136986,,
F24,120,mid2,2024-10-31 15:30:26.564295,79.44444444444444,1,1,1,77.77777777777779,77.77777777777779,27.0,True,True,Finished timed practice,F24_mid2,77.93103448275862,65.51724137931035,Middle half
F24,121,mid1,2024-10-03 15:30:34.528667,82.14285714285714,1,1,1,80.38461538461537,80.38461538461537,26.0,True,True,Finished timed practice,F24_mid1,69.17808219178082,45.982142857142854,Middle half
F24,121,mid2,2024-10-31 15:33:35.107820,75.33333333333334,1,1,1,74.6875,74.6875,32.0,True,True,Finished timed practice,F24_mid2,66.89655172413794,56.32183908045977,Middle half
F24,122,mid1,2024-10-03 15:31:27.818101,85.71428571428571,0,0,0,,,,False,False,No timed practice,F24_mid1,76.36986301369863,,
F24,122,mid2,2024-10-31 16:20:47.207746,80.0,0,0,0,,,,False,False,No timed practice,F24_mid2,81.03448275862068,,
F24,123,mid1,2024-10-03 15:30:47.228822,39.285714285714285,0,0,0,,,,False,False,No timed practice,F24_mid1,6.164383561643835,,
F24,123,mid2,2024-10-31 15:31:08.644418,37.0,1,1,1,62.06896551724138,62.06896551724138,29.0,True,True,Finished timed practice,F24_mid2,7.586206896551724,30.45977011494253,Middle half
F24,124,mid1,2024-10-03 15:31:08.325043,75.0,2,1,1,76.15384615384616,76.15384615384616,26.0,True,True,Finished timed practice,F24_mid1,48.97260273972603,35.714285714285715,Middle half
F24,124,mid2,2024-10-31 15:30:48.364909,69.66666666666667,0,0,0,,,,False,False,No timed practice,F24_mid2,51.03448275862069,,
F24,125,mid1,2024-10-03 15:30:32.656065,85.71428571428571,0,0,0,,,,False,False,No timed practice,F24_mid1,76.36986301369863,,
F24,125,mid2,2024-10-31 15:32:03.347546,73.33333333333333,1,1,1,72.41379310344827,72.41379310344827,29.0,True,True,Finished timed practice,F24_mid2,61.03448275862069,49.42528735632184,Middle half
F24,126,mid1,2024-10-03 15:30:30.015422,64.28571428571429,1,1,1,60.0,60.0,25.0,True,True,Finished timed practice,F24_mid1,24.315068493150687,11.607142857142858,Bottom quartile
F24,126,mid2,2024-10-31 15:30:13.756295,40.0,1,1,1,58.620689655172406,58.620689655172406,29.0,True,True,Finished timed practice,F24_mid2,8.96551724137931,24.137931034482758,Bottom quartile
F24,127,mid1,2024-10-03 15:31:15.103839,85.71428571428571,1,1,1,73.6,73.6,25.0,True,True,Finished timed practice,F24_mid1,76.36986301369863,30.357142857142854,Middle half
F24,127,mid2,2024-10-31 15:30:30.718433,66.66666666666666,0,0,0,,,,False,False,No timed practice,F24_mid2,40.0,,
F24,128,mid1,2024-10-03 15:30:54.577396,67.92207792207793,1,1,1,84.61538461538461,84.61538461538461,26.0,True,True,Finished timed practice,F24_mid1,32.19178082191781,63.83928571428571,Middle half
F24,128,mid2,2024-10-31 15:30:26.773717,55.666666666666664,2,2,2,96.875,96.875,31.0,True,True,Finished timed practice,F24_mid2,20.689655172413794,97.70114942528735,Top quartile
F24,130,mid1,2024-10-03 15:30:33.078433,71.42857142857143,2,1,1,86.95652173913044,86.95652173913044,23.0,True,True,Finished timed practice,F24_mid1,41.0958904109589,68.75,Middle half
F24,130,mid2,2024-10-31 15:31:44.880294,73.33333333333333,0,0,0,,,,False,False,No timed practice,F24_mid2,61.03448275862069,,
F24,131,mid1,2024-10-03 15:30:24.363010,64.28571428571429,2,0,0,,,,True,False,Started only,F24_mid1,24.315068493150687,,
F24,131,mid2,2024-10-31 15:30:20.021596,71.33333333333333,2,0,0,,,,True,False,Started only,F24_mid2,54.48275862068965,,
F24,132,mid1,2024-10-03 15:30:42.446518,88.21428571428571,1,0,0,,,,True,False,Started only,F24_mid1,85.61643835616438,,
F24,132,mid2,2024-10-31 15:32:11.678883,83.33333333333334,0,0,0,,,,False,False,No timed practice,F24_mid2,88.96551724137932,,
F24,133,mid1,2024-10-03 15:30:52.808516,65.71428571428571,1,1,1,80.76923076923077,80.76923076923077,26.0,True,True,Finished timed practice,F24_mid1,28.08219178082192,51.33928571428571,Middle half
F24,133,mid2,2024-10-31 15:30:33.029211,56.666666666666664,2,2,2,93.75,93.75,31.5,True,True,Finished timed practice,F24_mid2,23.448275862068964,96.55172413793103,Top quartile
F24,134,mid1,2024-10-03 15:30:34.715124,78.57142857142857,2,2,2,91.30434782608695,91.30434782608695,24.5,True,True,Finished timed practice,F24_mid1,56.849315068493155,80.35714285714286,Top quartile
F24,135,mid1,2024-10-03 15:30:36.472744,92.85714285714286,1,1,1,96.15384615384616,96.15384615384616,26.0,True,True,Finished timed practice,F24_mid1,98.28767123287672,98.21428571428571,Top quartile
F24,135,mid2,2024-10-31 15:30:19.806008,80.0,1,1,1,75.48387096774192,75.48387096774192,31.0,True,True,Finished timed practice,F24_mid2,81.03448275862068,58.620689655172406,Middle half
F24,136,mid1,2024-10-03 15:30:32.940606,81.78571428571428,2,1,1,80.76923076923077,80.76923076923077,26.0,True,True,Finished timed practice,F24_mid1,67.8082191780822,51.33928571428571,Middle half
F24,136,mid2,2024-10-31 15:30:23.205030,70.0,0,0,0,,,,False,False,No timed practice,F24_mid2,52.06896551724138,,
F24,137,mid1,2024-10-03 15:30:28.706797,52.48376623376624,2,2,2,76.92307692307693,76.92307692307693,25.0,True,True,Finished timed practice,F24_mid1,15.068493150684931,37.94642857142857,Middle half
F24,137,mid2,2024-10-31 15:30:24.851455,56.666666666666664,2,0,0,,,,True,False,Started only,F24_mid2,23.448275862068964,,
F24,138,mid2,2024-10-31 15:31:32.284905,76.66666666666667,1,1,1,65.3125,65.3125,32.0,True,True,Finished timed practice,F24_mid2,68.96551724137932,34.48275862068966,Middle half
F24,139,mid1,2024-10-03 15:33:52.437617,46.42857142857143,0,0,0,,,,False,False,No timed practice,F24_mid1,11.643835616438356,,
F24,139,mid2,2024-10-31 15:37:55.362381,60.0,0,0,0,,,,False,False,No timed practice,F24_mid2,28.965517241379313,,
F24,140,mid1,2024-10-03 15:30:35.663161,89.28571428571429,1,1,1,60.416666666666664,60.416666666666664,24.0,True,True,Finished timed practice,F24_mid1,90.06849315068493,12.5,Bottom quartile
F24,140,mid2,2024-10-31 15:31:43.295766,83.87096774193549,1,1,1,48.125,48.125,32.0,True,True,Finished timed practice,F24_mid2,91.72413793103448,12.643678160919542,Bottom quartile
F24,141,mid1,2024-10-03 15:30:29.528364,78.57142857142857,0,0,0,,,,False,False,No timed practice,F24_mid1,56.849315068493155,,
F24,141,mid2,2024-10-31 15:30:17.019712,66.66666666666666,0,0,0,,,,False,False,No timed practice,F24_mid2,40.0,,
F24,142,mid1,2024-10-03 15:32:05.383447,46.42857142857143,1,0,0,,,,True,False,Started only,F24_mid1,11.643835616438356,,
F24,142,mid2,2024-10-31 15:30:50.833776,34.0,0,0,0,,,,False,False,No timed practice,F24_mid2,5.517241379310345,,
F24,143,mid1,2024-10-03 15:30:33.773963,92.85714285714286,0,0,0,,,,False,False,No timed practice,F24_mid1,98.28767123287672,,
F24,143,mid2,2024-10-31 15:30:16.959192,82.0,0,0,0,,,,False,False,No timed practice,F24_mid2,86.20689655172413,,
F24,144,mid1,2024-10-03 15:30:26.614484,81.69642857142857,1,1,1,80.76923076923077,80.76923076923077,26.0,True,True,Finished timed practice,F24_mid1,67.12328767123287,51.33928571428571,Middle half
F24,144,mid2,2024-10-31 15:30:13.030780,83.33333333333334,1,1,1,83.33333333333334,83.33333333333334,30.0,True,True,Finished timed practice,F24_mid2,88.96551724137932,79.88505747126436,Top quartile
F24,145,mid1,2024-10-03 15:30:34.852421,76.2012987012987,2,2,2,91.92307692307692,91.92307692307692,26.0,True,True,Finished timed practice,F24_mid1,52.73972602739726,83.03571428571429,Top quartile
F24,145,mid2,2024-10-31 15:30:16.828506,66.66666666666666,1,0,0,,,,True,False,Started only,F24_mid2,40.0,,
F24,146,mid1,2024-10-03 15:33:04.086711,82.14285714285714,2,1,1,91.53846153846155,91.53846153846155,26.0,True,True,Finished timed practice,F24_mid1,69.17808219178082,81.69642857142857,Top quartile
F24,146,mid2,2024-10-31 15:33:47.711846,60.0,1,0,0,,,,True,False,Started only,F24_mid2,28.965517241379313,,
F24,149,mid1,2024-10-03 15:30:48.762839,89.28571428571429,1,1,1,92.3076923076923,92.3076923076923,26.0,True,True,Finished timed practice,F24_mid1,90.06849315068493,86.60714285714286,Top quartile
F24,149,mid2,2024-10-31 15:30:27.877668,76.66666666666667,1,1,1,71.29032258064517,71.29032258064517,31.0,True,True,Finished timed practice,F24_mid2,68.96551724137932,47.12643678160919,Middle half
F24,150,mid1,2024-10-03 15:30:35.725144,89.28571428571429,0,0,0,,,,False,False,No timed practice,F24_mid1,90.06849315068493,,
F24,150,mid2,2024-10-31 15:30:20.364482,80.0,1,0,0,,,,True,False,Started only,F24_mid2,81.03448275862068,,
F24,151,mid1,2024-10-03 15:33:15.173851,88.92857142857142,1,1,1,76.92307692307693,76.92307692307693,26.0,True,True,Finished timed practice,F24_mid1,88.35616438356165,37.94642857142857,Middle half
F24,151,mid2,2024-10-31 15:39:55.674531,83.33333333333334,1,1,1,90.625,90.625,32.0,True,True,Finished timed practice,F24_mid2,88.96551724137932,92.52873563218391,Top quartile
F24,152,mid1,2024-10-03 15:30:27.882553,81.07142857142857,0,0,0,,,,False,False,No timed practice,F24_mid1,65.75342465753424,,
F24,152,mid2,2024-10-31 15:30:16.446534,76.66666666666667,0,0,0,,,,False,False,No timed practice,F24_mid2,68.96551724137932,,
F25,1,mid1,2025-10-02 15:31:01.870980,51.724137931034484,0,0,0,,,,False,False,No timed practice,F25_mid1,6.4,,
F25,1,mid2,2025-10-30 15:30:40.078449,44.827586206896555,0,0,0,,,,False,False,No timed practice,F25_mid2,3.968253968253968,,
F25,2,mid1,2025-10-01 20:00:15.282553,94.5945945945946,1,2,1,88.88888888888889,88.88888888888889,27.0,True,True,Finished timed practice,F25_mid1,88.0,73.5632183908046,Middle half
F25,2,mid2,2025-10-29 20:00:17.827184,87.6923076923077,2,3,2,74.6875,74.6875,29.0,True,True,Finished timed practice,F25_mid2,87.3015873015873,57.14285714285714,Middle half
F25,3,mid1,2025-10-01 20:00:11.270164,84.78260869565217,2,1,1,70.37037037037037,70.37037037037037,27.0,True,True,Finished timed practice,F25_mid1,54.400000000000006,33.33333333333333,Middle half
F25,3,mid2,2025-10-29 20:00:14.980479,76.15384615384615,2,2,2,90.625,90.625,32.0,True,True,Finished timed practice,F25_mid2,55.55555555555556,95.23809523809523,Top quartile
F25,4,mid1,2025-10-01 20:00:13.525548,75.43859649122807,1,1,1,53.84615384615385,53.84615384615385,26.0,True,True,Finished timed practice,F25_mid1,36.0,17.24137931034483,Bottom quartile
F25,4,mid2,2025-10-29 20:00:17.189247,71.58730158730158,0,0,0,,,,False,False,No timed practice,F25_mid2,41.269841269841265,,
F25,5,mid1,2025-10-01 20:00:55.855308,95.8904109589041,1,1,1,84.44444444444444,84.44444444444444,27.0,True,True,Finished timed practice,F25_mid1,91.2,60.91954022988506,Middle half
F25,5,mid2,2025-10-29 20:00:15.685563,82.25,3,1,1,32.88288288288288,32.88288288288288,37.0,True,True,Finished timed practice,F25_mid2,70.63492063492063,4.761904761904762,Bottom quartile
F25,6,mid1,2025-10-01 20:19:30.154098,83.03191489361701,2,2,2,100.0,100.0,25.5,True,True,Finished timed practice,F25_mid1,49.6,98.27586206896551,Top quartile
F25,6,mid2,2025-10-29 20:06:46.189730,75.0,1,2,1,62.06896551724138,62.06896551724138,28.5,True,True,Finished timed practice,F25_mid2,49.60317460317461,30.952380952380953,Middle half
F25,7,mid1,2025-10-01 20:52:44.807770,89.58333333333334,2,2,2,81.1111111111111,81.1111111111111,26.5,True,True,Finished timed practice,F25_mid1,72.39999999999999,54.59770114942529,Middle half
F25,7,mid2,2025-10-29 20:25:50.869936,67.61538461538463,2,2,2,76.45161290322581,76.45161290322581,30.5,True,True,Finished timed practice,F25_mid2,32.53968253968254,66.66666666666666,Middle half
F25,8,mid1,2025-10-01 20:00:45.587900,75.83333333333333,4,2,2,66.30434782608695,66.30434782608695,22.0,True,True,Finished timed practice,F25_mid1,37.6,29.88505747126437,Middle half
F25,8,mid2,2025-10-29 20:01:19.504388,65.85365853658537,0,0,0,,,,False,False,No timed practice,F25_mid2,28.57142857142857,,
F25,9,mid1,2025-10-02 15:30:58.386004,44.827586206896555,2,1,1,38.095238095238095,38.095238095238095,21.0,True,True,Finished timed practice,F25_mid1,4.0,6.896551724137931,Bottom quartile
F25,9,mid2,2025-10-30 15:30:27.119658,41.37931034482759,1,0,0,,,,True,False,Started only,F25_mid2,2.380952380952381,,
F25,10,mid1,2025-10-01 20:00:45.046095,75.86206896551724,3,3,3,99.25925925925925,99.25925925925925,27.0,True,True,Finished timed practice,F25_mid1,39.6,94.82758620689656,Top quartile
F25,10,mid2,2025-10-29 20:00:17.006158,92.26190476190477,1,1,1,76.7741935483871,76.7741935483871,31.0,True,True,Finished timed practice,F25_mid2,93.65079365079364,70.23809523809523,Middle half
F25,11,mid1,2025-10-01 20:00:45.085753,73.47826086956522,2,2,2,84.44444444444444,84.44444444444444,27.0,True,True,Finished timed practice,F25_mid1,29.599999999999998,60.91954022988506,Middle half
F25,11,mid2,2025-10-29 20:01:28.449283,73.33333333333334,2,2,2,77.5,77.5,31.5,True,True,Finished timed practice,F25_mid2,44.44444444444444,72.61904761904762,Middle half
F25,12,mid1,2025-10-01 20:01:02.126268,95.2542372881356,1,1,1,95.18518518518519,95.18518518518519,27.0,True,True,Finished timed practice,F25_mid1,89.60000000000001,83.9080459770115,Top quartile
F25,12,mid2,2025-10-29 20:00:25.684510,68.96551724137932,1,1,1,65.51724137931035,65.51724137931035,29.0,True,True,Finished timed practice,F25_mid2,36.11111111111111,35.714285714285715,Middle half
F25,13,mid1,2025-10-01 20:09:41.309064,94.9367088607595,1,0,0,,,,True,False,Started only,F25_mid1,88.8,,
F25,13,mid2,2025-10-29 23:30:52.765345,66.66666666666666,2,0,0,,,,True,False,Started only,F25_mid2,30.158730158730158,,
F25,14,mid1,2025-10-01 20:03:57.745330,80.14925373134328,2,1,1,95.92592592592592,95.92592592592592,27.0,True,True,Finished timed practice,F25_mid1,44.0,87.35632183908046,Top quartile
F25,14,mid2,2025-10-29 20:06:03.345147,73.33333333333333,1,1,1,40.32258064516129,40.32258064516129,31.0,True,True,Finished timed practice,F25_mid2,43.65079365079365,10.714285714285714,Bottom quartile
F25,15,mid1,2025-10-02 15:30:29.313838,82.75862068965517,2,2,2,76.19047619047619,76.19047619047619,22.0,True,True,Finished timed practice,F25_mid1,47.599999999999994,42.5287356321839,Middle half
F25,15,mid2,2025-10-30 15:30:26.945613,42.068965517241374,2,2,2,73.33333333333333,73.33333333333333,29.5,True,True,Finished timed practice,F25_mid2,3.1746031746031744,52.976190476190474,Middle half
F25,16,mid1,2025-10-01 20:01:39.728853,86.20689655172413,1,0,0,,,,True,False,Started only,F25_mid1,63.2,,
F25,16,mid2,2025-10-29 20:06:46.740911,100.0,0,0,0,,,,False,False,No timed practice,F25_mid2,99.60317460317461,,
F25,17,mid1,2025-10-01 20:01:10.719722,86.20689655172413,3,2,2,90.0,90.0,25.5,True,True,Finished timed practice,F25_mid1,63.2,77.01149425287356,Top quartile
F25,17,mid2,2025-10-29 20:00:15.696227,97.36842105263158,2,2,2,70.6896551724138,70.6896551724138,29.0,True,True,Finished timed practice,F25_mid2,98.4126984126984,46.42857142857143,Middle half
F25,19,mid1,2025-10-01 20:01:02.446087,90.0,2,2,2,85.18518518518519,85.18518518518519,27.0,True,True,Finished timed practice,F25_mid1,78.4,64.9425287356322,Middle half
F25,19,mid2,2025-10-29 20:00:15.323326,91.17647058823529,3,1,1,67.1875,67.1875,32.0,True,True,Finished timed practice,F25_mid2,92.85714285714286,38.095238095238095,Middle half
F25,20,mid1,2025-10-01 20:00:17.985782,41.37931034482759,2,2,2,95.92592592592592,95.92592592592592,38.0,True,True,Finished timed practice,F25_mid1,2.4,87.35632183908046,Top quartile
F25,20,mid2,2025-10-29 20:00:12.284732,70.3125,1,1,1,67.85714285714286,67.85714285714286,28.0,True,True,Finished timed practice,F25_mid2,40.07936507936508,39.285714285714285,Middle half
F25,21,mid1,2025-10-01 20:04:33.081662,89.07894736842105,2,0,0,,,,True,False,Started only,F25_mid1,71.2,,
F25,21,mid2,2025-10-29 20:00:16.838640,87.43589743589743,0,0,0,,,,False,False,No timed practice,F25_mid2,86.5079365079365,,
F25,22,mid1,2025-10-01 20:00:43.192555,91.42857142857143,1,1,1,91.85185185185185,91.85185185185185,27.0,True,True,Finished timed practice,F25_mid1,80.80000000000001,79.3103448275862,Top quartile
F25,22,mid2,2025-10-29 20:01:45.723338,96.96969696969697,1,0,0,,,,True,False,Started only,F25_mid2,97.61904761904762,,
F25,23,mid1,2025-10-01 20:01:20.324789,61.29032258064516,1,1,1,84.61538461538461,84.61538461538461,26.0,True,True,Finished timed practice,F25_mid1,14.000000000000002,63.2183908045977,Middle half
F25,23,mid2,2025-10-29 20:01:02.834167,70.3125,1,1,1,68.96551724137932,68.96551724137932,29.0,True,True,Finished timed practice,F25_mid2,40.07936507936508,44.047619047619044,Middle half
F25,24,mid1,2025-10-01 20:03:33.749986,94.36619718309859,2,0,0,,,,True,False,Started only,F25_mid1,87.2,,
F25,24,mid2,2025-10-29 20:00:16.859404,90.58823529411765,2,1,1,64.27083333333333,64.27083333333333,32.0,True,True,Finished timed practice,F25_mid2,92.06349206349206,33.33333333333333,Middle half
F25,25,mid1,2025-10-01 20:00:59.208220,64.70588235294117,1,1,1,28.57142857142857,28.57142857142857,21.0,True,True,Finished timed practice,F25_mid1,18.4,2.2988505747126435,Bottom quartile
F25,25,mid2,2025-10-29 20:00:17.480006,78.4375,1,1,1,24.137931034482758,24.137931034482758,29.0,True,True,Finished timed practice,F25_mid2,58.730158730158735,1.1904761904761905,Bottom quartile
F25,26,mid1,2025-10-01 20:00:24.698877,84.5528455284553,1,1,1,88.88888888888889,88.88888888888889,27.0,True,True,Finished timed practice,F25_mid1,53.6,73.5632183908046,Middle half
F25,26,mid2,2025-10-29 20:00:16.334033,65.51724137931035,1,1,1,77.93103448275862,77.93103448275862,29.0,True,True,Finished timed practice,F25_mid2,26.58730158730159,75.0,Middle half
F25,27,mid1,2025-10-01 20:02:52.058463,84.92307692307692,2,1,1,39.90384615384615,39.90384615384615,26.0,True,True,Finished timed practice,F25_mid1,55.2,9.195402298850574,Bottom quartile
F25,27,mid2,2025-10-29 20:03:32.455142,79.85507246376812,2,2,2,87.5,87.5,27.5,True,True,Finished timed practice,F25_mid2,65.87301587301587,93.45238095238095,Top quartile
F25,28,mid1,2025-10-01 20:00:18.076703,75.59322033898306,1,1,1,88.88888888888889,88.88888888888889,27.0,True,True,Finished timed practice,F25_mid1,36.8,73.5632183908046,Middle half
F25,28,mid2,2025-10-29 20:00:20.303052,79.3103448275862,1,1,1,63.33333333333333,63.33333333333333,30.0,True,True,Finished timed practice,F25_mid2,62.698412698412696,32.142857142857146,Middle half
F25,29,mid1,2025-10-01 20:01:01.057851,64.61538461538461,1,0,0,,,,True,False,Started only,F25_mid1,17.599999999999998,,
F25,29,mid2,2025-10-29 20:02:00.112394,49.00000000000001,1,0,0,,,,True,False,Started only,F25_mid2,7.142857142857142,,
F25,30,mid1,2025-10-01 20:00:21.726122,88.60759493670885,1,0,0,,,,True,False,Started only,F25_mid1,69.6,,
F25,30,mid2,2025-10-29 20:00:13.815315,76.81159420289855,1,1,1,40.0,40.0,30.0,True,True,Finished timed practice,F25_mid2,56.34920634920635,9.523809523809524,Bottom quartile
F25,31,mid1,2025-10-01 17:50:10.038999,82.06896551724138,1,1,1,69.25925925925925,69.25925925925925,27.0,True,True,Finished timed practice,F25_mid1,45.6,32.18390804597701,Middle half
F25,31,mid2,2025-10-29 17:39:16.439612,65.51724137931035,1,1,1,75.0,75.0,32.0,True,True,Finished timed practice,F25_mid2,26.58730158730159,60.11904761904761,Middle half
F25,32,mid1,2025-10-01 20:01:05.437013,87.5,3,0,0,,,,True,False,Started only,F25_mid1,65.60000000000001,,
F25,32,mid2,2025-10-29 20:00:16.996377,96.05263157894737,1,1,1,86.77419354838709,86.77419354838709,31.0,True,True,Finished timed practice,F25_mid2,96.03174603174604,91.66666666666666,Top quartile
F25,33,mid1,2025-10-02 15:30:41.993804,62.06896551724138,1,1,1,77.77777777777779,77.77777777777779,27.0,True,True,Finished timed practice,F25_mid1,15.6,45.97701149425287,Middle half
F25,33,mid2,2025-10-30 15:30:24.824443,70.0,1,1,1,76.66666666666667,76.66666666666667,30.0,True,True,Finished timed practice,F25_mid2,38.88888888888889,68.45238095238095,Middle half
F25,34,mid1,2025-10-02 15:30:54.447417,96.55172413793103,1,1,1,62.96296296296296,62.96296296296296,27.0,True,True,Finished timed practice,F25_mid1,93.60000000000001,27.586206896551722,Middle half
F25,34,mid2,2025-10-30 15:30:31.793370,86.20689655172413,1,1,1,60.71428571428571,60.71428571428571,28.0,True,True,Finished timed practice,F25_mid2,82.53968253968253,27.976190476190478,Middle half
F25,35,mid1,2025-10-02 15:30:27.857977,80.0,0,0,0,,,,False,False,No timed practice,F25_mid1,43.2,,
F25,35,mid2,2025-10-30 15:30:23.640326,67.58620689655173,0,0,0,,,,False,False,No timed practice,F25_mid2,31.349206349206348,,
F25,36,mid1,2025-10-01 20:00:21.600823,96.61016949152543,3,1,1,68.8,68.8,25.0,True,True,Finished timed practice,F25_mid1,96.0,31.03448275862069,Middle half
F25,36,mid2,2025-10-29 20:00:51.051372,83.47826086956522,2,1,1,44.827586206896555,44.827586206896555,29.0,True,True,Finished timed practice,F25_mid2,76.19047619047619,16.666666666666664,Bottom quartile
F25,37,mid1,2025-10-02 02:00:49.298925,82.75862068965517,1,1,1,53.333333333333336,53.333333333333336,15.0,True,True,Finished timed practice,F25_mid1,47.599999999999994,16.091954022988507,Bottom quartile
F25,37,mid2,2025-10-29 21:49:05.981073,77.58620689655173,0,0,0,,,,False,False,No timed practice,F25_mid2,57.936507936507944,,
F25,38,mid1,2025-10-01 20:00:46.307608,85.45454545454545,1,2,1,61.5,61.5,26.0,True,True,Finished timed practice,F25_mid1,57.599999999999994,22.988505747126435,Bottom quartile
F25,38,mid2,2025-10-29 20:00:17.248409,60.6896551724138,1,1,1,41.37931034482759,41.37931034482759,29.0,True,True,Finished timed practice,F25_mid2,19.047619047619047,13.690476190476192,Bottom quartile
F25,39,mid1,2025-10-01 20:01:44.961854,72.0,2,1,1,73.75,73.75,24.0,True,True,Finished timed practice,F25_mid1,26.400000000000002,37.93103448275862,Middle half
F25,39,mid2,2025-10-29 20:00:45.857444,68.2,1,1,1,34.48275862068966,34.48275862068966,29.0,True,True,Finished timed practice,F25_mid2,33.33333333333333,5.952380952380952,Bottom quartile
F25,40,mid1,2025-10-01 20:00:17.619131,66.66666666666666,1,1,1,95.92592592592592,95.92592592592592,27.0,True,True,Finished timed practice,F25_mid1,21.6,87.35632183908046,Top quartile
F25,40,mid2,2025-10-29 20:00:26.059384,79.3103448275862,1,1,1,70.3225806451613,70.3225806451613,31.0,True,True,Finished timed practice,F25_mid2,62.698412698412696,45.23809523809524,Middle half
F25,41,mid1,2025-10-01 20:01:28.819893,97.2972972972973,2,3,2,96.29629629629629,96.29629629629629,26.0,True,True,Finished timed practice,F25_mid1,99.2,90.80459770114942,Top quartile
F25,41,mid2,2025-10-29 20:00:52.811162,82.2972972972973,1,0,0,,,,True,False,Started only,F25_mid2,71.42857142857143,,
F25,42,mid1,2025-10-01 20:02:49.309323,74.4186046511628,3,2,2,90.9375,90.9375,24.0,True,True,Finished timed practice,F25_mid1,32.800000000000004,78.16091954022988,Top quartile
F25,42,mid2,2025-10-29 20:00:25.988815,69.52380952380952,1,1,1,75.86206896551724,75.86206896551724,29.0,True,True,Finished timed practice,F25_mid2,37.301587301587304,63.69047619047619,Middle half
F25,43,mid1,2025-10-01 20:01:29.548355,88.23529411764706,1,1,1,87.4074074074074,87.4074074074074,27.0,True,True,Finished timed practice,F25_mid1,68.4,67.81609195402298,Middle half
F25,43,mid2,2025-10-29 20:00:20.515345,72.41379310344827,2,1,1,79.3103448275862,79.3103448275862,29.0,True,True,Finished timed practice,F25_mid2,42.06349206349206,77.97619047619048,Top quartile
F25,44,mid1,2025-10-01 20:08:05.586193,83.33333333333334,1,0,0,,,,True,False,Started only,F25_mid1,50.4,,
F25,44,mid2,2025-10-29 20:01:08.408313,68.62068965517241,0,0,0,,,,False,False,No timed practice,F25_mid2,34.523809523809526,,
F25,45,mid1,2025-10-01 20:00:37.682423,73.68421052631578,1,1,1,75.0,75.0,27.0,True,True,Finished timed practice,F25_mid1,30.4,41.37931034482759,Middle half
F25,45,mid2,2025-10-29 20:00:19.229324,81.34615384615384,1,1,1,51.724137931034484,51.724137931034484,29.0,True,True,Finished timed practice,F25_mid2,67.46031746031747,19.047619047619047,Bottom quartile
F25,46,mid1,2025-10-01 20:01:25.338993,89.65517241379311,1,1,1,78.51851851851852,78.51851851851852,27.0,True,True,Finished timed practice,F25_mid1,75.6,47.12643678160919,Middle half
F25,46,mid2,2025-10-29 20:00:45.741502,51.37931034482759,2,1,1,65.51724137931035,65.51724137931035,29.0,True,True,Finished timed practice,F25_mid2,8.73015873015873,35.714285714285715,Middle half
F25,47,mid1,2025-10-02 15:31:30.602893,77.93103448275862,2,2,2,87.5,87.5,18.5,True,True,Finished timed practice,F25_mid1,41.6,68.96551724137932,Middle half
F25,47,mid2,2025-10-30 15:30:39.082672,58.27586206896551,1,1,1,86.20689655172413,86.20689655172413,29.0,True,True,Finished timed practice,F25_mid2,15.079365079365079,90.47619047619048,Top quartile
F25,48,mid1,2025-10-03 14:25:49.944253,86.20689655172413,1,1,1,65.21739130434783,65.21739130434783,23.0,True,True,Finished timed practice,F25_mid1,63.2,28.735632183908045,Middle half
F25,48,mid2,2025-10-29 20:00:08.720610,84.93506493506494,3,2,1,75.86206896551724,75.86206896551724,30.0,True,True,Finished timed practice,F25_mid2,78.57142857142857,63.69047619047619,Middle half
F25,49,mid1,2025-10-02 15:49:04.852589,55.172413793103445,1,1,1,49.583333333333336,49.583333333333336,24.0,True,True,Finished timed practice,F25_mid1,8.4,10.344827586206897,Bottom quartile
F25,49,mid2,2025-10-30 15:30:38.024766,54.137931034482754,0,0,0,,,,False,False,No timed practice,F25_mid2,13.492063492063492,,
F25,50,mid1,2025-10-02 00:14:06.185786,96.875,0,0,0,,,,False,False,No timed practice,F25_mid1,96.8,,
F25,50,mid2,2025-10-29 20:04:12.763909,83.78378378378379,0,0,0,,,,False,False,No timed practice,F25_mid2,76.98412698412699,,
F25,51,mid1,2025-10-01 20:00:30.171648,84.12698412698413,2,3,2,80.0,80.0,27.0,True,True,Finished timed practice,F25_mid1,52.800000000000004,49.42528735632184,Middle half
F25,51,mid2,2025-10-29 20:00:20.072670,75.86206896551724,4,5,4,94.375,94.375,29.0,True,True,Finished timed practice,F25_mid2,52.77777777777778,96.42857142857143,Top quartile
F25,52,mid1,2025-10-02 15:30:38.825231,66.20689655172414,4,3,3,80.95238095238095,80.95238095238095,22.0,True,True,Finished timed practice,F25_mid1,20.8,52.87356321839081,Middle half
F25,52,mid2,2025-10-30 15:30:30.657540,52.06896551724138,0,0,0,,,,False,False,No timed practice,F25_mid2,11.11111111111111,,
F25,53,mid1,2025-10-01 20:00:16.905166,65.51724137931035,0,0,0,,,,False,False,No timed practice,F25_mid1,20.0,,
F25,53,mid2,2025-10-29 20:00:17.008681,65.51724137931035,1,1,1,39.479166666666664,39.479166666666664,32.0,True,True,Finished timed practice,F25_mid2,26.58730158730159,8.333333333333332,Bottom quartile
F25,54,mid1,2025-10-01 20:00:34.714326,86.0,1,1,1,72.03703703703704,72.03703703703704,27.0,True,True,Finished timed practice,F25_mid1,61.6,35.63218390804598,Middle half
F25,54,mid2,2025-10-29 20:00:15.400783,75.0,2,2,2,95.48387096774194,95.48387096774194,30.5,True,True,Finished timed practice,F25_mid2,49.60317460317461,97.61904761904762,Top quartile
F25,55,mid1,2025-10-01 20:00:18.188118,93.33333333333333,2,2,2,80.37037037037037,80.37037037037037,27.0,True,True,Finished timed practice,F25_mid1,86.4,51.14942528735632,Middle half
F25,55,mid2,2025-10-29 20:00:24.204323,77.03125,1,1,1,73.87096774193547,73.87096774193547,31.0,True,True,Finished timed practice,F25_mid2,57.14285714285714,54.761904761904766,Middle half
F25,56,mid1,2025-10-01 20:00:50.730228,96.55172413793103,1,1,1,96.29629629629629,96.29629629629629,27.0,True,True,Finished timed practice,F25_mid1,93.60000000000001,90.80459770114942,Top quartile
F25,56,mid2,2025-10-29 20:01:48.502946,83.33333333333334,1,1,1,82.4,82.4,25.0,True,True,Finished timed practice,F25_mid2,75.39682539682539,82.14285714285714,Top quartile
F25,57,mid1,2025-10-01 20:03:11.853456,85.79710144927537,2,2,2,84.44444444444444,84.44444444444444,27.0,True,True,Finished timed practice,F25_mid1,60.0,60.91954022988506,Middle half
F25,57,mid2,2025-10-29 20:00:28.679621,90.13333333333333,2,2,2,82.66666666666667,82.66666666666667,30.0,True,True,Finished timed practice,F25_mid2,91.26984126984127,83.92857142857143,Top quartile
F25,58,mid1,2025-10-01 20:00:14.109178,83.6842105263158,2,2,2,92.5,92.5,25.5,True,True,Finished timed practice,F25_mid1,51.2,81.60919540229885,Top quartile
F25,58,mid2,2025-10-30 15:30:44.809855,50.0,3,3,3,76.34408602150538,76.34408602150538,31.0,True,True,Finished timed practice,F25_mid2,7.936507936507936,65.47619047619048,Middle half
F25,59,mid1,2025-10-02 15:31:35.680147,89.65517241379311,1,1,1,76.66666666666666,76.66666666666666,27.0,True,True,Finished timed practice,F25_mid1,75.6,43.67816091954023,Middle half
F25,59,mid2,2025-10-30 15:33:01.581125,93.10344827586206,1,1,1,50.0,50.0,32.0,True,True,Finished timed practice,F25_mid2,94.84126984126983,17.857142857142858,Bottom quartile
F25,60,mid1,2025-10-01 20:00:47.247224,57.28813559322033,1,0,0,,,,True,False,Started only,F25_mid1,10.4,,
F25,60,mid2,2025-10-29 20:11:33.544470,58.93617021276596,0,0,0,,,,False,False,No timed practice,F25_mid2,17.46031746031746,,
F25,61,mid1,2025-10-01 20:01:05.764997,61.29032258064516,2,1,1,98.88888888888889,98.88888888888889,27.0,True,True,Finished timed practice,F25_mid1,14.000000000000002,93.10344827586206,Top quartile
F25,61,mid2,2025-10-29 20:00:22.062828,69.83606557377048,1,0,0,,,,True,False,Started only,F25_mid2,38.095238095238095,,
F25,62,mid1,2025-10-01 20:01:25.025210,90.9090909090909,3,3,3,95.23809523809523,95.23809523809523,27.0,True,True,Finished timed practice,F25_mid1,80.0,85.0574712643678,Top quartile
F25,62,mid2,2025-10-29 20:00:10.483132,85.36585365853658,3,1,1,71.72413793103448,71.72413793103448,29.0,True,True,Finished timed practice,F25_mid2,79.36507936507937,48.80952380952381,Middle half
F25,63,mid1,2025-10-01 20:00:16.919479,81.66666666666667,1,0,0,,,,True,False,Started only,F25_mid1,44.800000000000004,,
F25,63,mid2,2025-10-29 20:00:03.235881,74.57627118644068,3,1,1,73.33333333333333,73.33333333333333,30.0,True,True,Finished timed practice,F25_mid2,47.61904761904761,52.976190476190474,Middle half
F25,64,mid1,2025-10-01 20:01:09.797326,43.78378378378378,2,1,1,61.48148148148148,61.48148148148148,27.0,True,True,Finished timed practice,F25_mid1,3.2,21.839080459770116,Bottom quartile
F25,64,mid2,2025-10-29 20:00:11.799978,82.22222222222223,1,1,1,61.875,61.875,32.0,True,True,Finished timed practice,F25_mid2,69.84126984126983,29.761904761904763,Middle half
F25,65,mid1,2025-10-01 20:01:34.607933,65.0,2,1,1,84.07407407407406,84.07407407407406,27.0,True,True,Finished timed practice,F25_mid1,19.2,58.620689655172406,Middle half
F25,65,mid2,2025-10-29 20:00:19.660400,74.48275862068967,1,1,1,68.75,68.75,32.0,True,True,Finished timed practice,F25_mid2,46.82539682539682,42.857142857142854,Middle half
F25,66,mid1,2025-10-01 20:02:22.367682,74.60317460317461,1,1,1,88.88888888888889,88.88888888888889,27.0,True,True,Finished timed practice,F25_mid1,34.4,73.5632183908046,Middle half
F25,66,mid2,2025-10-29 20:00:46.388970,87.17948717948718,2,1,1,58.69565217391305,58.69565217391305,46.0,True,True,Finished timed practice,F25_mid2,85.71428571428571,26.190476190476193,Middle half
F25,67,mid1,2025-10-01 20:00:21.448910,88.23529411764706,1,1,1,100.0,100.0,27.0,True,True,Finished timed practice,F25_mid1,68.4,98.27586206896551,Top quartile
F25,67,mid2,2025-10-29 20:00:32.437741,75.86206896551724,1,1,1,87.5,87.5,32.0,True,True,Finished timed practice,F25_mid2,52.77777777777778,93.45238095238095,Top quartile
F25,68,mid1,2025-10-01 20:01:25.161075,85.9493670886076,0,0,0,,,,False,False,No timed practice,F25_mid1,60.8,,
F25,68,mid2,2025-10-29 20:00:19.096370,86.93333333333334,1,0,0,,,,True,False,Started only,F25_mid2,84.92063492063492,,
F25,69,mid1,2025-10-01 20:00:55.932951,91.8918918918919,1,1,1,74.07407407407408,74.07407407407408,27.0,True,True,Finished timed practice,F25_mid1,81.6,39.08045977011494,Middle half
F25,69,mid2,2025-10-29 20:00:08.600514,86.57894736842104,1,0,0,,,,True,False,Started only,F25_mid2,84.12698412698413,,
F25,70,mid1,2025-10-01 20:01:29.176531,67.05882352941177,1,0,0,,,,True,False,Started only,F25_mid1,22.400000000000002,,
F25,70,mid2,2025-10-29 20:00:14.466391,78.78378378378378,2,0,0,,,,True,False,Started only,F25_mid2,59.523809523809526,,
F25,71,mid1,2025-10-01 20:02:35.882865,75.86206896551724,2,0,0,,,,True,False,Started only,F25_mid1,39.6,,
F25,71,mid2,2025-10-29 20:04:04.298720,61.186440677966104,1,1,1,75.0,75.0,24.0,True,True,Finished timed practice,F25_mid2,20.634920634920633,60.11904761904761,Middle half
F25,72,mid1,2025-10-01 20:00:26.139288,73.94366197183099,2,1,1,53.0,53.0,25.0,True,True,Finished timed practice,F25_mid1,32.0,14.942528735632186,Bottom quartile
F25,72,mid2,2025-10-29 20:01:01.733900,79.40298507462687,1,0,0,,,,True,False,Started only,F25_mid2,65.07936507936508,,
F25,73,mid1,2025-10-01 20:01:27.238448,88.88888888888889,1,0,0,,,,True,False,Started only,F25_mid1,70.39999999999999,,
F25,73,mid2,2025-10-29 20:03:06.818285,88.1578947368421,1,0,0,,,,True,False,Started only,F25_mid2,88.09523809523809,,
F25,74,mid1,2025-10-01 20:02:51.663002,72.97297297297297,3,1,1,49.61538461538461,49.61538461538461,26.0,True,True,Finished timed practice,F25_mid1,28.000000000000004,11.494252873563218,Bottom quartile
F25,74,mid2,2025-10-29 20:06:05.145814,73.64341085271317,2,1,1,43.333333333333336,43.333333333333336,30.0,True,True,Finished timed practice,F25_mid2,45.23809523809524,15.476190476190476,Bottom quartile
F25,75,mid1,2025-10-01 20:04:44.259770,70.27027027027027,1,1,1,92.10526315789474,92.10526315789474,38.0,True,True,Finished timed practice,F25_mid1,25.6,80.45977011494253,Top quartile
F25,75,mid2,2025-10-29 20:00:18.679360,68.96551724137932,2,2,2,100.0,100.0,29.5,True,True,Finished timed practice,F25_mid2,36.11111111111111,100.0,Top quartile
F25,76,mid1,2025-10-01 20:00:50.434139,87.12121212121212,2,1,1,55.23809523809524,55.23809523809524,21.0,True,True,Finished timed practice,F25_mid1,64.8,20.689655172413794,Bottom quartile
F25,76,mid2,2025-10-29 20:00:17.688087,81.60919540229885,0,0,0,,,,False,False,No timed practice,F25_mid2,68.25396825396825,,
F25,77,mid1,2025-10-01 20:02:44.716559,89.58333333333334,2,2,1,74.23076923076923,74.23076923076923,25.5,True,True,Finished timed practice,F25_mid1,72.39999999999999,40.229885057471265,Middle half
F25,77,mid2,2025-10-29 20:00:14.203857,79.3103448275862,1,2,1,58.620689655172406,58.620689655172406,29.0,True,True,Finished timed practice,F25_mid2,62.698412698412696,24.404761904761905,Bottom quartile
F25,78,mid1,2025-10-01 20:01:02.673352,37.93103448275862,2,2,2,83.46153846153845,83.46153846153845,25.0,True,True,Finished timed practice,F25_mid1,1.6,57.47126436781609,Middle half
F25,78,mid2,2025-10-29 20:00:13.009924,62.121212121212125,2,1,1,84.89583333333334,84.89583333333334,32.0,True,True,Finished timed practice,F25_mid2,23.015873015873016,88.09523809523809,Top quartile
F25,79,mid1,2025-10-01 20:00:51.027593,85.71428571428571,1,1,1,71.11111111111111,71.11111111111111,27.0,True,True,Finished timed practice,F25_mid1,58.8,34.48275862068966,Middle half
F25,79,mid2,2025-10-29 20:00:53.834742,65.51724137931035,2,1,1,81.66666666666667,81.66666666666667,30.0,True,True,Finished timed practice,F25_mid2,26.58730158730159,80.95238095238095,Top quartile
F25,80,mid1,2025-10-01 23:32:09.506631,97.05882352941177,0,0,0,,,,False,False,No timed practice,F25_mid1,98.4,,
F25,80,mid2,2025-10-29 22:08:58.677819,85.71428571428571,1,1,1,77.41935483870968,77.41935483870968,31.0,True,True,Finished timed practice,F25_mid2,81.74603174603175,71.42857142857143,Middle half
F25,81,mid1,2025-10-01 20:00:16.746182,73.91304347826086,0,0,0,,,,False,False,No timed practice,F25_mid1,31.2,,
F25,81,mid2,2025-10-29 20:00:13.363083,66.61290322580645,1,1,1,35.41666666666667,35.41666666666667,32.0,True,True,Finished timed practice,F25_mid2,29.365079365079367,7.142857142857142,Bottom quartile
F25,82,mid1,2025-10-01 20:30:12.358927,90.625,1,0,0,,,,True,False,Started only,F25_mid1,79.2,,
F25,82,mid2,2025-10-29 20:00:28.893428,76.08695652173914,0,0,0,,,,False,False,No timed practice,F25_mid2,53.96825396825397,,
F25,83,mid1,2025-10-01 20:01:32.846562,83.87755102040816,3,3,3,99.25925925925925,99.25925925925925,27.0,True,True,Finished timed practice,F25_mid1,52.0,94.82758620689656,Top quartile
F25,83,mid2,2025-10-29 20:00:15.414417,58.78048780487806,1,2,1,60.71428571428571,60.71428571428571,29.0,True,True,Finished timed practice,F25_mid2,16.666666666666664,27.976190476190478,Middle half
F25,84,mid1,2025-10-01 20:01:46.515962,74.57627118644068,2,1,1,77.4074074074074,77.4074074074074,27.0,True,True,Finished timed practice,F25_mid1,33.6,44.827586206896555,Middle half
F25,84,mid2,2025-10-29 20:00:30.487211,60.9375,1,1,1,75.0,75.0,32.0,True,True,Finished timed practice,F25_mid2,19.841269841269842,60.11904761904761,Middle half
F25,85,mid1,2025-10-01 20:00:33.192879,67.74193548387096,3,3,3,92.5925925925926,92.5925925925926,27.0,True,True,Finished timed practice,F25_mid1,23.200000000000003,82.75862068965517,Top quartile
F25,85,mid2,2025-10-29 20:00:35.486052,55.172413793103445,3,3,3,68.4375,68.4375,30.0,True,True,Finished timed practice,F25_mid2,14.285714285714285,41.66666666666667,Middle half
F25,86,mid1,2025-10-01 20:00:56.205917,96.96969696969697,0,0,0,,,,False,False,No timed practice,F25_mid1,97.6,,
F25,86,mid2,2025-10-29 20:00:14.047246,85.51724137931035,0,0,0,,,,False,False,No timed practice,F25_mid2,80.95238095238095,,
F25,87,mid1,2025-10-01 20:01:19.521983,96.55172413793103,2,1,1,73.14814814814815,73.14814814814815,27.0,True,True,Finished timed practice,F25_mid1,93.60000000000001,36.7816091954023,Middle half
F25,87,mid2,2025-10-29 20:00:20.384456,80.76923076923077,1,1,1,82.66666666666667,82.66666666666667,30.0,True,True,Finished timed practice,F25_mid2,66.66666666666666,83.92857142857143,Top quartile
F25,88,mid1,2025-10-01 20:01:01.149979,93.10344827586206,1,1,1,30.57692307692308,30.57692307692308,26.0,True,True,Finished timed practice,F25_mid1,84.0,4.597701149425287,Bottom quartile
F25,88,mid2,2025-10-29 20:00:19.997482,79.21739130434781,2,1,1,71.875,71.875,32.0,True,True,Finished timed practice,F25_mid2,60.317460317460316,50.0,Middle half
F25,89,mid1,2025-10-01 20:00:12.597238,95.65217391304348,1,1,1,61.904761904761905,61.904761904761905,21.0,True,True,Finished timed practice,F25_mid1,90.4,25.287356321839084,Middle half
F25,89,mid2,2025-10-29 20:00:46.040622,100.0,1,1,1,80.0,80.0,20.0,True,True,Finished timed practice,F25_mid2,99.60317460317461,79.76190476190477,Top quartile
F25,90,mid1,2025-10-01 20:00:28.835617,98.30508474576271,1,2,1,96.29629629629629,96.29629629629629,26.0,True,True,Finished timed practice,F25_mid1,100.0,90.80459770114942,Top quartile
F25,90,mid2,2025-10-29 20:00:20.183956,85.48387096774194,1,1,1,74.07407407407408,74.07407407407408,27.0,True,True,Finished timed practice,F25_mid2,80.15873015873017,55.952380952380956,Middle half
F25,91,mid1,2025-10-01 20:00:33.392795,79.3103448275862,0,0,0,,,,False,False,No timed practice,F25_mid1,42.4,,
F25,91,mid2,2025-10-29 20:01:51.586986,79.3103448275862,0,0,0,,,,False,False,No timed practice,F25_mid2,62.698412698412696,,
F25,92,mid1,2025-10-01 20:00:32.972276,89.65517241379311,1,1,1,54.166666666666664,54.166666666666664,24.0,True,True,Finished timed practice,F25_mid1,75.6,18.39080459770115,Bottom quartile
F25,92,mid2,2025-10-29 20:00:29.598014,82.75862068965517,1,1,1,77.8125,77.8125,32.0,True,True,Finished timed practice,F25_mid2,73.4126984126984,73.80952380952381,Middle half
F25,93,mid1,2025-10-02 16:13:31.889511,55.172413793103445,1,1,1,81.25,81.25,20.0,True,True,Finished timed practice,F25_mid1,8.4,56.32183908045977,Middle half
F25,93,mid2,2025-10-30 15:37:35.745571,62.06896551724138,0,0,0,,,,False,False,No timed practice,F25_mid2,21.825396825396826,,
F25,94,mid1,2025-10-01 20:00:26.164966,85.29411764705883,0,0,0,,,,False,False,No timed practice,F25_mid1,56.8,,
F25,94,mid2,2025-10-29 20:00:16.855836,84.84848484848484,2,1,1,41.37931034482759,41.37931034482759,29.0,True,True,Finished timed practice,F25_mid2,77.77777777777779,13.690476190476192,Bottom quartile
F25,95,mid1,2025-10-01 20:21:16.547285,88.13559322033898,1,1,1,39.34782608695652,39.34782608695652,23.0,True,True,Finished timed practice,F25_mid1,67.2,8.045977011494253,Bottom quartile
F25,95,mid2,2025-10-29 20:10:18.119886,75.67567567567568,1,0,0,,,,True,False,Started only,F25_mid2,51.587301587301596,,
F25,96,mid1,2025-10-02 15:30:40.272962,73.10344827586206,1,1,1,78.88888888888889,78.88888888888889,27.0,True,True,Finished timed practice,F25_mid1,28.799999999999997,48.275862068965516,Middle half
F25,96,mid2,2025-10-30 15:30:26.412692,67.58620689655173,1,1,1,65.51724137931035,65.51724137931035,29.0,True,True,Finished timed practice,F25_mid2,31.349206349206348,35.714285714285715,Middle half
F25,97,mid1,2025-10-01 20:02:37.786297,85.71428571428571,1,1,1,61.81818181818181,61.81818181818181,22.0,True,True,Finished timed practice,F25_mid1,58.8,24.137931034482758,Bottom quartile
F25,97,mid2,2025-10-29 20:00:28.817594,89.65517241379311,1,1,1,40.74074074074074,40.74074074074074,27.0,True,True,Finished timed practice,F25_mid2,89.68253968253968,11.904761904761903,Bottom quartile
F25,98,mid1,2025-10-01 20:00:12.306450,85.17241379310344,2,1,1,88.88888888888889,88.88888888888889,27.0,True,True,Finished timed practice,F25_mid1,56.00000000000001,73.5632183908046,Middle half
F25,98,mid2,2025-10-29 20:02:56.684554,76.11111111111111,3,1,1,68.0,68.0,25.0,True,True,Finished timed practice,F25_mid2,54.761904761904766,40.476190476190474,Middle half
F25,99,mid1,2025-10-01 20:00:38.837866,93.22916666666666,2,1,1,100.0,100.0,27.0,True,True,Finished timed practice,F25_mid1,85.6,98.27586206896551,Top quartile
F25,99,mid2,2025-10-29 20:00:19.291042,75.08771929824562,2,1,1,85.9375,85.9375,32.0,True,True,Finished timed practice,F25_mid2,50.79365079365079,89.28571428571429,Top quartile
F25,100,mid1,2025-10-01 20:00:21.174065,87.8048780487805,2,1,1,28.57142857142857,28.57142857142857,21.0,True,True,Finished timed practice,F25_mid1,66.4,2.2988505747126435,Bottom quartile
F25,100,mid2,2025-10-29 20:00:07.581817,74.88372093023257,1,1,1,52.17391304347826,52.17391304347826,23.0,True,True,Finished timed practice,F25_mid2,48.41269841269841,20.238095238095237,Bottom quartile
F25,101,mid1,2025-10-01 20:02:16.508411,93.0952380952381,1,1,1,81.1111111111111,81.1111111111111,27.0,True,True,Finished timed practice,F25_mid1,82.39999999999999,54.59770114942529,Middle half
F25,101,mid2,2025-10-30 15:30:29.439954,82.14285714285714,2,1,1,96.875,96.875,32.0,True,True,Finished timed practice,F25_mid2,69.04761904761905,98.80952380952381,Top quartile
F25,102,mid1,2025-10-01 20:02:26.659285,74.92537313432837,2,1,1,32.95454545454545,32.95454545454545,22.0,True,True,Finished timed practice,F25_mid1,35.199999999999996,5.747126436781609,Bottom quartile
F25,102,mid2,2025-10-29 20:00:23.549058,86.55844155844157,2,1,1,31.03448275862069,31.03448275862069,29.0,True,True,Finished timed practice,F25_mid2,83.33333333333334,3.571428571428571,Bottom quartile
F25,103,mid1,2025-10-01 20:00:50.093252,69.23076923076923,1,0,0,,,,True,False,Started only,F25_mid1,24.0,,
F25,103,mid2,2025-10-29 20:00:18.303423,45.65217391304348,2,0,0,,,,True,False,Started only,F25_mid2,4.761904761904762,,
F25,104,mid1,2025-10-02 15:30:40.397584,20.689655172413794,2,0,0,,,,True,False,Started only,F25_mid1,0.8,,
F25,104,mid2,2025-10-30 15:31:22.621332,58.620689655172406,1,0,0,,,,True,False,Started only,F25_mid2,15.873015873015872,,
F25,105,mid1,2025-10-01 20:12:24.000515,89.65517241379311,1,0,0,,,,True,False,Started only,F25_mid1,75.6,,
F25,105,mid2,2025-10-30 15:30:25.370203,20.689655172413794,0,0,0,,,,False,False,No timed practice,F25_mid2,0.7936507936507936,,
F25,106,mid1,2025-10-02 15:31:21.027069,55.86206896551724,1,1,1,50.21739130434783,50.21739130434783,23.0,True,True,Finished timed practice,F25_mid1,9.6,12.643678160919542,Bottom quartile
F25,106,mid2,2025-10-30 15:30:49.806363,51.724137931034484,1,1,1,27.586206896551722,27.586206896551722,29.0,True,True,Finished timed practice,F25_mid2,9.920634920634921,2.380952380952381,Bottom quartile
F25,107,mid1,2025-10-02 16:33:14.425870,93.10344827586206,0,0,0,,,,False,False,No timed practice,F25_mid1,84.0,,
F25,107,mid2,2025-10-30 20:38:24.070891,82.75862068965517,1,0,0,,,,True,False,Started only,F25_mid2,73.4126984126984,,
F25,108,mid1,2025-10-02 15:31:44.494325,72.41379310344827,1,0,0,,,,True,False,Started only,F25_mid1,27.200000000000003,,
F25,108,mid2,2025-10-30 15:30:21.261973,63.10344827586207,2,1,1,57.14285714285714,57.14285714285714,28.0,True,True,Finished timed practice,F25_mid2,24.6031746031746,22.61904761904762,Bottom quartile
F25,109,mid1,2025-10-02 15:31:09.677912,89.65517241379311,2,1,1,80.37037037037037,80.37037037037037,27.0,True,True,Finished timed practice,F25_mid1,75.6,51.14942528735632,Middle half
F25,109,mid2,2025-10-30 15:30:32.446612,53.79310344827586,0,0,0,,,,False,False,No timed practice,F25_mid2,12.698412698412698,,
F25,110,mid1,2025-10-02 15:32:06.422334,75.86206896551724,0,0,0,,,,False,False,No timed practice,F25_mid1,39.6,,
F25,110,mid2,2025-10-30 15:31:23.410130,73.79310344827586,0,0,0,,,,False,False,No timed practice,F25_mid2,46.03174603174603,,
F25,111,mid1,2025-10-02 15:30:39.913728,75.86206896551724,2,2,2,100.0,100.0,20.0,True,True,Finished timed practice,F25_mid1,39.6,98.27586206896551,Top quartile
F25,111,mid2,2025-10-30 15:31:38.345661,96.55172413793103,1,1,1,72.41379310344827,72.41379310344827,29.0,True,True,Finished timed practice,F25_mid2,96.82539682539682,51.19047619047619,Middle half
F25,112,mid1,2025-10-02 15:30:40.193130,96.55172413793103,1,0,0,,,,True,False,Started only,F25_mid1,93.60000000000001,,
F25,112,mid2,2025-10-30 15:30:35.012341,72.75862068965517,1,0,0,,,,True,False,Started only,F25_mid2,42.857142857142854,,
F25,113,mid1,2025-10-02 15:30:42.877669,60.0,4,3,3,85.18518518518519,85.18518518518519,27.0,True,True,Finished timed practice,F25_mid1,12.4,64.9425287356322,Middle half
F25,113,mid2,2025-10-30 15:30:42.293423,51.724137931034484,3,0,0,,,,True,False,Started only,F25_mid2,9.920634920634921,,
F25,114,mid1,2025-10-02 15:30:48.488980,62.06896551724138,2,1,1,28.57142857142857,28.57142857142857,21.0,True,True,Finished timed practice,F25_mid1,15.6,2.2988505747126435,Bottom quartile
F25,114,mid2,2025-10-30 15:30:21.801595,52.41379310344827,1,0,0,,,,True,False,Started only,F25_mid2,11.904761904761903,,
F25,115,mid1,2025-10-02 15:30:36.011428,82.75862068965517,1,1,1,55.00000000000001,55.00000000000001,20.0,True,True,Finished timed practice,F25_mid1,47.599999999999994,19.54022988505747,Bottom quartile
F25,115,mid2,2025-10-30 15:30:26.739000,62.06896551724138,1,1,1,79.3103448275862,79.3103448275862,29.0,True,True,Finished timed practice,F25_mid2,21.825396825396826,77.97619047619048,Top quartile
F25,116,mid1,2025-10-02 15:30:42.307526,96.55172413793103,1,1,1,88.51851851851852,88.51851851851852,27.0,True,True,Finished timed practice,F25_mid1,93.60000000000001,70.11494252873564,Middle half
F25,116,mid2,2025-10-30 15:30:49.321243,89.65517241379311,1,1,1,78.4375,78.4375,32.0,True,True,Finished timed practice,F25_mid2,89.68253968253968,76.19047619047619,Top quartile
F25,117,mid1,2025-10-02 15:32:13.058252,59.310344827586206,0,0,0,,,,False,False,No timed practice,F25_mid1,11.200000000000001,,
F25,117,mid2,2025-10-30 15:31:25.134699,82.75862068965517,0,0,0,,,,False,False,No timed practice,F25_mid2,73.4126984126984,,
F25,118,mid1,2025-10-02 15:32:43.933687,89.65517241379311,1,0,0,,,,True,False,Started only,F25_mid1,75.6,,
F25,118,mid2,2025-10-30 15:34:50.915185,93.10344827586206,1,0,0,,,,True,False,Started only,F25_mid2,94.84126984126983,,
F25,120,mid1,2025-10-03 20:58:47.312885,82.75862068965517,1,0,0,,,,True,False,Started only,F25_mid1,47.599999999999994,,
F25,120,mid2,2025-10-30 15:30:44.029942,68.62068965517241,1,1,1,84.375,84.375,32.0,True,True,Finished timed practice,F25_mid2,34.523809523809526,86.90476190476191,Top quartile
F25,122,mid1,2025-10-02 15:32:03.811303,62.75862068965517,1,1,1,52.72727272727272,52.72727272727272,22.0,True,True,Finished timed practice,F25_mid1,16.8,13.793103448275861,Bottom quartile
F25,122,mid2,2025-10-30 15:30:27.653575,58.96551724137932,1,1,1,58.620689655172406,58.620689655172406,29.0,True,True,Finished timed practice,F25_mid2,18.253968253968253,24.404761904761905,Bottom quartile
F25,123,mid1,2025-10-03 18:37:38.756817,93.10344827586206,1,1,1,87.03703703703704,87.03703703703704,27.0,True,True,Finished timed practice,F25_mid1,84.0,66.66666666666666,Middle half
F25,123,mid2,2025-10-30 15:30:17.065118,82.75862068965517,1,1,1,70.9375,70.9375,32.0,True,True,Finished timed practice,F25_mid2,73.4126984126984,47.61904761904761,Middle half
F25,124,mid1,2025-10-02 15:30:54.822370,46.20689655172414,1,0,0,,,,True,False,Started only,F25_mid1,4.8,,
F25,124,mid2,2025-10-30 15:32:26.566735,89.65517241379311,1,1,1,76.66666666666667,76.66666666666667,30.0,True,True,Finished timed practice,F25_mid2,89.68253968253968,68.45238095238095,Middle half
F25,125,mid1,2025-10-02 15:31:34.394874,60.0,1,0,0,,,,True,False,Started only,F25_mid1,12.4,,
F25,125,mid2,2025-10-30 15:37:41.911478,34.48275862068966,2,2,2,82.75862068965517,82.75862068965517,26.5,True,True,Finished timed practice,F25_mid2,1.5873015873015872,85.71428571428571,Top quartile
F25,126,mid1,2025-10-02 15:30:33.181213,52.41379310344827,1,0,0,,,,True,False,Started only,F25_mid1,7.199999999999999,,
F25,126,mid2,2025-10-30 15:30:35.861235,48.62068965517241,3,1,1,55.172413793103445,55.172413793103445,29.0,True,True,Finished timed practice,F25_mid2,6.349206349206349,21.428571428571427,Bottom quartile
F25,127,mid1,2025-10-02 15:31:16.920608,48.275862068965516,0,0,0,,,,False,False,No timed practice,F25_mid1,5.6000000000000005,,
F25,127,mid2,2025-10-31 21:09:46.412109,62.75862068965517,0,0,0,,,,False,False,No timed practice,F25_mid2,23.809523809523807,,
F25,128,mid2,2025-10-30 15:34:48.012466,79.3103448275862,0,0,0,,,,False,False,No timed practice,F25_mid2,62.698412698412696,,
F25,129,mid1,2025-10-02 15:30:48.705558,69.6551724137931,2,1,1,62.30769230769231,62.30769230769231,26.0,True,True,Finished timed practice,F25_mid1,24.8,26.436781609195403,Middle half
F25,129,mid2,2025-10-30 15:30:19.700795,48.275862068965516,4,2,2,75.0,75.0,26.0,True,True,Finished timed practice,F25_mid2,5.555555555555555,60.11904761904761,Middle half
W22,1,mid1,2022-02-10 15:01:09.562547,79.66666666666666,1,1,1,72.6923076923077,72.6923076923077,26.0,True,True,Finished timed practice,W22_mid1,44.354838709677416,25.78125,Middle half
W22,1,mid2,2022-03-15 19:11:16.467223,63.38709677419354,0,0,0,,,,False,False,No timed practice,W22_mid2,20.833333333333336,,
W22,2,mid1,2022-02-10 15:01:24.366891,89.66666666666666,1,1,1,86.15384615384615,86.15384615384615,26.0,True,True,Finished timed practice,W22_mid1,86.69354838709677,57.8125,Middle half
W22,2,mid2,2022-03-14 21:00:47.451308,90.9090909090909,0,0,0,,,,False,False,No timed practice,W22_mid2,97.5,,
W22,3,mid1,2022-02-10 15:04:32.719213,84.66666666666666,0,0,0,,,,False,False,No timed practice,W22_mid1,65.32258064516128,,
W22,3,mid2,2022-03-17 04:01:26.869332,81.34020618556703,0,0,0,,,,False,False,No timed practice,W22_mid2,80.0,,
W22,4,mid1,2022-02-10 15:02:02.707854,82.66666666666667,1,1,1,87.6923076923077,87.6923076923077,26.0,True,True,Finished timed practice,W22_mid1,54.43548387096774,62.5,Middle half
W22,4,mid2,2022-03-17 00:42:34.353813,72.26666666666667,0,0,0,,,,False,False,No timed practice,W22_mid2,47.5,,
W22,5,mid1,2022-02-10 15:01:14.157928,69.33333333333334,1,1,1,33.33333333333333,33.33333333333333,21.0,True,True,Finished timed practice,W22_mid1,16.129032258064516,1.5625,Bottom quartile
W22,5,mid2,2022-03-16 19:30:17.445562,73.9344262295082,0,0,0,,,,False,False,No timed practice,W22_mid2,51.66666666666667,,
W22,6,mid1,2022-02-10 15:01:37.135112,90.0,1,1,1,91.53846153846155,91.53846153846155,26.0,True,True,Finished timed practice,W22_mid1,93.95161290322581,79.6875,Top quartile
W22,6,mid2,2022-03-17 02:17:45.985169,88.09523809523809,0,0,0,,,,False,False,No timed practice,W22_mid2,95.0,,
W22,7,mid1,2022-02-10 15:01:24.718002,84.66666666666666,1,1,1,95.6,95.6,25.0,True,True,Finished timed practice,W22_mid1,65.32258064516128,95.3125,Top quartile
W22,7,mid2,2022-03-17 14:01:26.543510,77.14285714285715,0,0,0,,,,False,False,No timed practice,W22_mid2,60.0,,
W22,8,mid1,2022-02-10 15:01:20.164224,86.66666666666667,1,1,1,72.6923076923077,72.6923076923077,26.0,True,True,Finished timed practice,W22_mid1,75.0,25.78125,Middle half
W22,8,mid2,2022-03-17 03:04:50.095172,70.83333333333334,0,0,0,,,,False,False,No timed practice,W22_mid2,40.833333333333336,,
W22,9,mid1,2022-02-10 15:01:43.452671,83.33333333333334,1,1,1,91.92307692307692,91.92307692307692,26.0,True,True,Finished timed practice,W22_mid1,58.46774193548387,82.8125,Top quartile
W22,9,mid2,2022-03-15 00:56:35.773086,83.01282051282051,0,0,0,,,,False,False,No timed practice,W22_mid2,83.33333333333334,,
W22,10,mid1,2022-02-10 15:00:52.885088,90.0,1,1,1,88.07692307692308,88.07692307692308,26.0,True,True,Finished timed practice,W22_mid1,93.95161290322581,64.84375,Middle half
W22,10,mid2,2022-03-14 15:18:50.106040,79.07216494845362,0,0,0,,,,False,False,No timed practice,W22_mid2,71.66666666666667,,
W22,11,mid1,2022-02-10 15:01:41.979118,73.33333333333333,1,1,1,81.1111111111111,81.1111111111111,27.0,True,True,Finished timed practice,W22_mid1,30.64516129032258,43.75,Middle half
W22,11,mid2,2022-03-17 03:40:58.648041,71.86991869918698,0,0,0,,,,False,False,No timed practice,W22_mid2,45.83333333333333,,
W22,12,mid1,2022-02-10 15:01:37.201997,85.75757575757575,1,0,0,,,,True,False,Started only,W22_mid1,68.54838709677419,,
W22,12,mid2,2022-03-17 03:22:32.872947,67.22222222222221,0,0,0,,,,False,False,No timed practice,W22_mid2,30.0,,
W22,13,mid1,2022-02-10 15:01:19.649603,70.06060606060606,1,1,1,84.23076923076923,84.23076923076923,26.0,True,True,Finished timed practice,W22_mid1,19.35483870967742,50.0,Middle half
W22,13,mid2,2022-03-17 01:54:41.471234,54.83870967741935,0,0,0,,,,False,False,No timed practice,W22_mid2,10.0,,
W22,14,mid1,2022-02-10 15:01:59.950476,57.99999999999999,0,0,0,,,,False,False,No timed practice,W22_mid1,4.032258064516129,,
W22,14,mid2,2022-03-17 14:02:30.350669,63.21428571428571,0,0,0,,,,False,False,No timed practice,W22_mid2,20.0,,
W22,15,mid1,2022-02-10 15:01:12.763264,81.33333333333333,1,0,0,,,,True,False,Started only,W22_mid1,52.016129032258064,,
W22,15,mid2,2022-03-15 12:36:30.855101,82.56493506493506,0,0,0,,,,False,False,No timed practice,W22_mid2,81.66666666666667,,
W22,16,mid1,2022-02-10 15:01:54.508329,69.66666666666667,1,0,0,,,,True,False,Started only,W22_mid1,17.338709677419356,,
W22,16,mid2,2022-03-17 01:23:43.420014,70.92592592592592,0,0,0,,,,False,False,No timed practice,W22_mid2,41.66666666666667,,
W22,17,mid1,2022-02-10 15:04:58.486582,89.66666666666666,0,0,0,,,,False,False,No timed practice,W22_mid1,86.69354838709677,,
W22,17,mid2,2022-03-17 04:17:05.034923,75.0,0,0,0,,,,False,False,No timed practice,W22_mid2,53.333333333333336,,
W22,18,mid1,2022-02-10 15:02:24.131655,87.09677419354838,1,1,1,95.76923076923076,95.76923076923076,26.0,True,True,Finished timed practice,W22_mid1,81.45161290322581,97.65625,Top quartile
W22,18,mid2,2022-03-17 14:02:53.206096,71.55172413793103,0,0,0,,,,False,False,No timed practice,W22_mid2,45.0,,
W22,19,mid1,2022-02-10 15:01:31.310552,90.0,1,0,0,,,,True,False,Started only,W22_mid1,93.95161290322581,,
W22,19,mid2,2022-03-17 14:01:26.769409,83.92857142857143,0,0,0,,,,False,False,No timed practice,W22_mid2,86.66666666666667,,
W22,20,mid1,2022-02-10 16:23:27.506572,72.33333333333333,1,1,1,79.90384615384615,79.90384615384615,26.0,True,True,Finished timed practice,W22_mid1,25.0,40.625,Middle half
W22,20,mid2,2022-03-16 13:00:18.775228,73.76470588235294,0,0,0,,,,False,False,No timed practice,W22_mid2,50.83333333333333,,
W22,21,mid1,2022-02-10 15:01:05.067505,86.66666666666667,1,1,1,95.38461538461539,95.38461538461539,26.0,True,True,Finished timed practice,W22_mid1,75.0,93.75,Top quartile
W22,21,mid2,2022-03-16 20:04:38.844286,92.06349206349206,0,0,0,,,,False,False,No timed practice,W22_mid2,99.16666666666667,,
W22,22,mid1,2022-02-10 15:01:05.337751,88.66666666666667,1,1,1,84.23076923076923,84.23076923076923,26.0,True,True,Finished timed practice,W22_mid1,83.87096774193549,50.0,Middle half
W22,22,mid2,2022-03-17 01:13:30.337528,84.02985074626865,0,0,0,,,,False,False,No timed practice,W22_mid2,87.5,,
W22,23,mid1,2022-02-10 15:01:28.589038,78.44444444444446,0,0,0,,,,False,False,No timed practice,W22_mid1,41.935483870967744,,
W22,23,mid2,2022-03-15 22:30:02.284369,71.21621621621622,0,0,0,,,,False,False,No timed practice,W22_mid2,43.333333333333336,,
W22,24,mid1,2022-02-10 15:01:07.973099,86.66666666666667,1,1,1,88.46153846153845,88.46153846153845,26.0,True,True,Finished timed practice,W22_mid1,75.0,71.09375,Middle half
W22,24,mid2,2022-03-17 14:07:48.278435,78.57142857142857,0,0,0,,,,False,False,No timed practice,W22_mid2,68.33333333333333,,
W22,25,mid1,2022-02-10 15:01:40.264166,90.0,1,1,1,88.46153846153845,88.46153846153845,26.0,True,True,Finished timed practice,W22_mid1,93.95161290322581,71.09375,Middle half
W22,25,mid2,2022-03-15 18:01:18.371754,89.87341772151899,0,0,0,,,,False,False,No timed practice,W22_mid2,96.66666666666667,,
W22,26,mid1,2022-02-10 15:03:54.830399,83.33333333333334,1,1,1,78.36538461538461,78.36538461538461,26.0,True,True,Finished timed practice,W22_mid1,58.46774193548387,39.0625,Middle half
W22,26,mid2,2022-03-17 11:15:28.508009,75.49382716049382,0,0,0,,,,False,False,No timed practice,W22_mid2,55.00000000000001,,
W22,27,mid1,2022-02-10 15:02:57.646210,71.33333333333333,1,1,1,61.111111111111114,61.111111111111114,18.0,True,True,Finished timed practice,W22_mid1,21.774193548387096,9.375,Bottom quartile
W22,27,mid2,2022-03-14 21:27:49.856724,78.91304347826087,0,0,0,,,,False,False,No timed practice,W22_mid2,70.83333333333334,,
W22,28,mid1,2022-02-10 15:02:22.944542,90.0,0,0,0,,,,False,False,No timed practice,W22_mid1,93.95161290322581,,
W22,28,mid2,2022-03-17 14:02:43.718116,80.0,0,0,0,,,,False,False,No timed practice,W22_mid2,73.75,,
W22,29,mid1,2022-02-10 15:01:37.099482,74.66666666666666,0,0,0,,,,False,False,No timed practice,W22_mid1,32.66129032258064,,
W22,29,mid2,2022-03-18 22:30:51.053784,63.736263736263744,0,0,0,,,,False,False,No timed practice,W22_mid2,22.5,,
W22,31,mid1,2022-02-10 15:04:40.738578,83.33333333333334,0,0,0,,,,False,False,No timed practice,W22_mid1,58.46774193548387,,
W22,31,mid2,2022-03-17 00:21:09.110599,79.64912280701753,0,0,0,,,,False,False,No timed practice,W22_mid2,72.5,,
W22,33,mid1,2022-02-10 15:01:32.609531,83.33333333333334,1,0,0,,,,True,False,Started only,W22_mid1,58.46774193548387,,
W22,33,mid2,2022-03-17 14:01:26.684346,57.14285714285714,0,0,0,,,,False,False,No timed practice,W22_mid2,11.666666666666666,,
W22,35,mid1,2022-02-10 15:01:55.168599,86.66666666666667,0,0,0,,,,False,False,No timed practice,W22_mid1,75.0,,
W22,35,mid2,2022-03-17 08:11:39.553465,80.95238095238095,0,0,0,,,,False,False,No timed practice,W22_mid2,78.33333333333333,,
W22,36,mid1,2022-02-10 15:27:10.727657,85.33333333333334,1,1,1,92.22222222222221,92.22222222222221,27.0,True,True,Finished timed practice,W22_mid1,67.74193548387096,85.9375,Top quartile
W22,36,mid2,2022-03-17 00:40:06.504179,80.18018018018019,0,0,0,,,,False,False,No timed practice,W22_mid2,75.0,,
W22,37,mid1,2022-02-10 15:01:03.830006,83.33333333333334,1,1,1,74.375,74.375,16.0,True,True,Finished timed practice,W22_mid1,58.46774193548387,28.125,Middle half
W22,37,mid2,2022-03-17 14:01:26.607975,64.64285714285715,0,0,0,,,,False,False,No timed practice,W22_mid2,25.0,,
W22,38,mid1,2022-02-10 15:03:01.538007,77.99999999999999,1,1,1,67.5,67.5,23.0,True,True,Finished timed practice,W22_mid1,40.725806451612904,15.625,Bottom quartile
W22,38,mid2,2022-03-16 23:14:37.510225,77.53731343283583,0,0,0,,,,False,False,No timed practice,W22_mid2,63.33333333333333,,
W22,39,mid1,2022-02-10 15:01:07.149451,88.0,1,1,1,86.63461538461537,86.63461538461537,26.0,True,True,Finished timed practice,W22_mid1,83.06451612903226,60.15625,Middle half
W22,39,mid2,2022-03-17 14:01:28.673093,70.35714285714285,0,0,0,,,,False,False,No timed practice,W22_mid2,37.083333333333336,,
W22,40,mid1,2022-02-10 15:01:20.256560,76.33333333333333,1,0,0,,,,True,False,Started only,W22_mid1,35.483870967741936,,
W22,40,mid2,2022-03-17 15:00:00.976251,61.66666666666667,0,0,0,,,,False,False,No timed practice,W22_mid2,16.666666666666664,,
W22,41,mid1,2022-02-10 15:01:09.769406,90.0,1,1,1,84.61538461538461,84.61538461538461,26.0,True,True,Finished timed practice,W22_mid1,93.95161290322581,53.90625,Middle half
W22,41,mid2,2022-03-17 02:21:31.470342,88.0,0,0,0,,,,False,False,No timed practice,W22_mid2,94.16666666666667,,
W22,42,mid1,2022-02-10 15:01:57.102919,69.0,1,0,0,,,,True,False,Started only,W22_mid1,14.112903225806454,,
W22,42,mid2,2022-03-17 12:29:19.622166,76.16666666666667,0,0,0,,,,False,False,No timed practice,W22_mid2,55.833333333333336,,
W22,43,mid1,2022-02-10 15:01:32.955778,90.0,1,1,1,88.46153846153845,88.46153846153845,26.0,True,True,Finished timed practice,W22_mid1,93.95161290322581,71.09375,Middle half
W22,43,mid2,2022-03-17 01:11:46.786455,88.88888888888889,0,0,0,,,,False,False,No timed practice,W22_mid2,95.83333333333334,,
W22,44,mid1,2022-02-10 15:01:26.090549,90.0,0,0,0,,,,False,False,No timed practice,W22_mid1,93.95161290322581,,
W22,44,mid2,2022-03-17 14:01:29.202155,67.85714285714286,0,0,0,,,,False,False,No timed practice,W22_mid2,32.5,,
W22,45,mid1,2022-02-10 15:00:49.186316,84.24999999999999,1,1,1,83.46153846153845,83.46153846153845,26.0,True,True,Finished timed practice,W22_mid1,63.70967741935484,46.875,Middle half
W22,45,mid2,2022-03-17 14:00:50.009690,77.67857142857143,0,0,0,,,,False,False,No timed practice,W22_mid2,65.83333333333333,,
W22,46,mid1,2022-02-10 15:01:20.038423,79.33333333333333,0,0,0,,,,False,False,No timed practice,W22_mid1,43.54838709677419,,
W22,46,mid2,2022-03-17 14:01:28.842002,69.28571428571428,0,0,0,,,,False,False,No timed practice,W22_mid2,35.833333333333336,,
W22,48,mid1,2022-02-10 15:01:04.846261,86.66666666666667,1,1,1,81.6,81.6,25.0,True,True,Finished timed practice,W22_mid1,75.0,45.3125,Middle half
W22,48,mid2,2022-03-17 03:38:05.500388,80.0,0,0,0,,,,False,False,No timed practice,W22_mid2,73.75,,
W22,49,mid1,2022-02-10 14:59:41.638290,80.0,1,0,0,,,,True,False,Started only,W22_mid1,45.96774193548387,,
W22,49,mid2,2022-03-17 13:03:52.130322,77.61904761904762,0,0,0,,,,False,False,No timed practice,W22_mid2,65.0,,
W22,50,mid1,2022-02-10 15:01:16.623148,90.0,1,1,1,88.07692307692308,88.07692307692308,26.0,True,True,Finished timed practice,W22_mid1,93.95161290322581,64.84375,Middle half
W22,50,mid2,2022-03-15 19:27:14.801838,71.51898734177216,0,0,0,,,,False,False,No timed practice,W22_mid2,44.166666666666664,,
W22,51,mid1,2022-02-10 15:01:10.052633,81.33333333333333,1,1,1,91.92307692307692,91.92307692307692,26.0,True,True,Finished timed practice,W22_mid1,52.016129032258064,82.8125,Top quartile
W22,51,mid2,2022-03-17 03:38:13.589408,83.69863013698631,0,0,0,,,,False,False,No timed practice,W22_mid2,85.83333333333333,,
W22,52,mid1,2022-02-10 15:00:53.114782,90.0,1,0,0,,,,True,False,Started only,W22_mid1,93.95161290322581,,
W22,52,mid2,2022-03-17 13:12:51.741881,84.12698412698413,0,0,0,,,,False,False,No timed practice,W22_mid2,88.75,,
W22,53,mid1,2022-02-10 15:08:26.829411,56.666666666666664,1,1,1,46.4,46.4,25.0,True,True,Finished timed practice,W22_mid1,3.225806451612903,6.25,Bottom quartile
W22,53,mid2,2022-03-17 00:04:15.038071,70.57971014492755,0,0,0,,,,False,False,No timed practice,W22_mid2,40.0,,
W22,54,mid1,2022-02-10 15:01:35.461374,84.0,0,0,0,,,,False,False,No timed practice,W22_mid1,62.903225806451616,,
W22,54,mid2,2022-03-17 14:01:33.124959,76.78571428571429,0,0,0,,,,False,False,No timed practice,W22_mid2,58.75,,
W22,55,mid1,2022-02-10 15:01:19.816687,77.33333333333333,1,1,1,84.23076923076923,84.23076923076923,26.0,True,True,Finished timed practice,W22_mid1,38.306451612903224,50.0,Middle half
W22,55,mid2,2022-03-17 14:00:43.233132,73.21428571428571,0,0,0,,,,False,False,No timed practice,W22_mid2,49.583333333333336,,
W22,56,mid1,2022-02-10 15:04:07.318387,87.33333333333333,1,1,1,66.66666666666666,66.66666666666666,21.0,True,True,Finished timed practice,W22_mid1,82.25806451612904,12.5,Bottom quartile
W22,56,mid2,2022-03-16 19:50:12.713390,42.758620689655174,0,0,0,,,,False,False,No timed practice,W22_mid2,5.833333333333333,,
W22,57,mid2,2022-03-17 06:03:04.094292,83.65079365079366,0,0,0,,,,False,False,No timed practice,W22_mid2,85.0,,
W22,58,mid1,2022-02-10 15:01:03.234540,76.0,0,0,0,,,,False,False,No timed practice,W22_mid1,34.67741935483871,,
W22,58,mid2,2022-03-17 14:01:25.921281,62.5,0,0,0,,,,False,False,No timed practice,W22_mid2,18.333333333333332,,
W22,59,mid1,2022-02-10 15:01:35.634069,86.66666666666667,0,0,0,,,,False,False,No timed practice,W22_mid1,75.0,,
W22,59,mid2,2022-03-17 09:24:45.602424,70.5,0,0,0,,,,False,False,No timed practice,W22_mid2,39.166666666666664,,
W22,60,mid1,2022-02-10 15:01:13.973956,59.0,0,0,0,,,,False,False,No timed practice,W22_mid1,5.64516129032258,,
W22,60,mid2,2022-03-17 01:52:38.845778,68.6046511627907,0,0,0,,,,False,False,No timed practice,W22_mid2,34.166666666666664,,
W22,61,mid1,2022-02-10 15:01:05.004353,86.66666666666667,1,1,1,92.3076923076923,92.3076923076923,26.0,True,True,Finished timed practice,W22_mid1,75.0,87.5,Top quartile
W22,61,mid2,2022-03-17 01:12:32.807461,77.36842105263158,0,0,0,,,,False,False,No timed practice,W22_mid2,60.83333333333333,,
W22,62,mid1,2022-02-10 15:01:43.643256,77.33333333333333,1,1,1,84.61538461538461,84.61538461538461,26.0,True,True,Finished timed practice,W22_mid1,38.306451612903224,53.90625,Middle half
W22,62,mid2,2022-03-17 09:10:47.233106,74.28571428571429,0,0,0,,,,False,False,No timed practice,W22_mid2,52.5,,
W22,63,mid1,2022-02-10 15:01:41.046069,70.72727272727273,1,1,1,69.5,69.5,20.0,True,True,Finished timed practice,W22_mid1,20.967741935483872,20.3125,Bottom quartile
W22,63,mid2,2022-03-17 05:06:10.055614,75.40983606557377,0,0,0,,,,False,False,No timed practice,W22_mid2,54.166666666666664,,
W22,64,mid1,2022-02-10 15:02:23.952324,70.55555555555556,1,0,0,,,,True,False,Started only,W22_mid1,20.161290322580644,,
W22,64,mid2,2022-03-17 03:24:00.566688,55.00000000000001,0,0,0,,,,False,False,No timed practice,W22_mid2,10.833333333333334,,
W22,65,mid1,2022-02-10 15:01:29.654020,55.333333333333336,1,0,0,,,,True,False,Started only,W22_mid1,2.4193548387096775,,
W22,66,mid1,2022-02-10 15:01:15.334602,72.33333333333333,1,0,0,,,,True,False,Started only,W22_mid1,25.0,,
W22,66,mid2,2022-03-17 14:01:03.712950,76.42857142857142,0,0,0,,,,False,False,No timed practice,W22_mid2,56.666666666666664,,
W22,67,mid1,2022-02-10 15:01:54.012373,86.66666666666667,1,1,1,88.46153846153845,88.46153846153845,26.0,True,True,Finished timed practice,W22_mid1,75.0,71.09375,Middle half
W22,67,mid2,2022-03-14 15:57:25.838538,77.57009345794393,0,0,0,,,,False,False,No timed practice,W22_mid2,64.16666666666667,,
W22,68,mid1,2022-02-10 15:01:22.180622,86.66666666666667,1,0,0,,,,True,False,Started only,W22_mid1,75.0,,
W22,68,mid2,2022-03-17 03:17:26.720136,67.89473684210526,0,0,0,,,,False,False,No timed practice,W22_mid2,33.33333333333333,,
W22,69,mid1,2022-02-10 15:02:03.997658,72.66666666666667,0,0,0,,,,False,False,No timed practice,W22_mid1,26.61290322580645,,
W22,69,mid2,2022-03-17 01:50:57.156771,84.12698412698413,0,0,0,,,,False,False,No timed practice,W22_mid2,88.75,,
W22,70,mid1,2022-02-10 14:57:14.690506,63.0,0,0,0,,,,False,False,No timed practice,W22_mid1,9.67741935483871,,
W22,71,mid1,2022-02-10 15:01:32.842647,86.66666666666667,1,1,1,75.2,75.2,25.0,True,True,Finished timed practice,W22_mid1,75.0,29.6875,Middle half
W22,71,mid2,2022-03-17 14:01:28.656781,80.35714285714286,0,0,0,,,,False,False,No timed practice,W22_mid2,75.83333333333333,,
W22,72,mid1,2022-02-10 15:01:27.325255,73.0,1,1,1,71.53846153846153,71.53846153846153,26.0,True,True,Finished timed practice,W22_mid1,28.225806451612907,23.4375,Bottom quartile
W22,72,mid2,2022-03-15 01:05:47.857934,77.46835443037975,0,0,0,,,,False,False,No timed practice,W22_mid2,61.66666666666667,,
W22,73,mid1,2022-02-10 15:03:22.094739,80.0,1,1,1,68.84615384615384,68.84615384615384,26.0,True,True,Finished timed practice,W22_mid1,45.96774193548387,18.75,Bottom quartile
W22,73,mid2,2022-03-16 19:40:25.251070,86.66666666666667,0,0,0,,,,False,False,No timed practice,W22_mid2,93.33333333333333,,
W22,74,mid1,2022-02-10 15:01:53.447034,90.0,1,1,1,70.0,70.0,20.0,True,True,Finished timed practice,W22_mid1,93.95161290322581,21.875,Bottom quartile
W22,74,mid2,2022-03-17 03:07:59.804681,82.53968253968253,0,0,0,,,,False,False,No timed practice,W22_mid2,80.83333333333333,,
W22,75,mid1,2022-02-10 14:59:40.366593,81.03030303030303,1,1,1,90.38461538461539,90.38461538461539,26.0,True,True,Finished timed practice,W22_mid1,50.0,78.125,Top quartile
W22,75,mid2,2022-03-16 01:43:29.671110,66.50943396226415,0,0,0,,,,False,False,No timed practice,W22_mid2,28.333333333333332,,
W22,76,mid1,2022-02-10 15:01:02.523384,85.0,1,1,1,80.95238095238095,80.95238095238095,21.0,True,True,Finished timed practice,W22_mid1,66.93548387096774,42.1875,Middle half
W22,76,mid2,2022-03-17 03:28:06.361090,67.3972602739726,0,0,0,,,,False,False,No timed practice,W22_mid2,30.833333333333336,,
W22,77,mid1,2022-02-10 15:02:43.496539,83.0,1,0,0,,,,True,False,Started only,W22_mid1,55.64516129032258,,
W22,77,mid2,2022-03-14 16:20:51.633000,80.66666666666666,0,0,0,,,,False,False,No timed practice,W22_mid2,77.5,,
W22,78,mid1,2022-02-10 15:01:52.301340,60.151515151515156,1,1,1,75.83333333333333,75.83333333333333,24.0,True,True,Finished timed practice,W22_mid1,7.258064516129033,32.8125,Middle half
W22,78,mid2,2022-03-17 01:41:15.221615,70.35714285714286,0,0,0,,,,False,False,No timed practice,W22_mid2,38.333333333333336,,
W22,79,mid1,2022-02-10 15:01:35.863940,83.66666666666667,1,1,1,86.0,86.0,25.0,True,True,Finished timed practice,W22_mid1,61.29032258064516,56.25,Middle half
W22,79,mid2,2022-03-17 03:54:37.366689,80.37634408602152,0,0,0,,,,False,False,No timed practice,W22_mid2,76.66666666666667,,
W22,80,mid1,2022-02-10 14:58:40.035527,77.58333333333333,0,0,0,,,,False,False,No timed practice,W22_mid1,39.516129032258064,,
W22,80,mid2,2022-03-17 13:18:21.291367,65.78947368421053,0,0,0,,,,False,False,No timed practice,W22_mid2,27.500000000000004,,
W22,81,mid1,2022-02-10 15:07:11.684252,64.66666666666666,1,0,0,,,,True,False,Started only,W22_mid1,11.693548387096774,,
W22,81,mid2,2022-03-17 14:21:59.551476,51.78571428571429,0,0,0,,,,False,False,No timed practice,W22_mid2,8.333333333333332,,
W22,82,mid1,2022-02-10 15:01:33.746664,89.3939393939394,1,1,1,91.92307692307692,91.92307692307692,26.0,True,True,Finished timed practice,W22_mid1,84.67741935483872,82.8125,Top quartile
W22,82,mid2,2022-03-17 01:25:17.111039,86.3013698630137,0,0,0,,,,False,False,No timed practice,W22_mid2,91.66666666666666,,
W22,83,mid1,2022-02-10 15:01:06.865369,81.33333333333333,1,1,1,65.38461538461539,65.38461538461539,26.0,True,True,Finished timed practice,W22_mid1,52.016129032258064,10.9375,Bottom quartile
W22,83,mid2,2022-03-17 01:20:58.597739,76.5625,0,0,0,,,,False,False,No timed practice,W22_mid2,57.49999999999999,,
W22,84,mid1,2022-02-10 15:01:54.608772,73.0,1,1,1,86.63461538461537,86.63461538461537,26.0,True,True,Finished timed practice,W22_mid1,28.225806451612907,60.15625,Middle half
W22,84,mid2,2022-03-17 05:12:33.664205,67.77777777777779,0,0,0,,,,False,False,No timed practice,W22_mid2,31.666666666666664,,
W22,85,mid1,2022-02-10 15:03:36.292087,86.66666666666667,1,1,1,76.92307692307693,76.92307692307693,26.0,True,True,Finished timed practice,W22_mid1,75.0,37.5,Middle half
W22,85,mid2,2022-03-17 01:05:39.514820,93.65079365079364,0,0,0,,,,False,False,No timed practice,W22_mid2,100.0,,
W22,86,mid1,2022-02-10 15:01:34.175984,86.66666666666667,1,1,1,95.76923076923076,95.76923076923076,26.0,True,True,Finished timed practice,W22_mid1,75.0,97.65625,Top quartile
W22,86,mid2,2022-03-17 14:01:42.948255,76.78571428571429,0,0,0,,,,False,False,No timed practice,W22_mid2,58.75,,
W22,87,mid1,2022-02-10 15:01:21.722724,86.66666666666667,1,0,0,,,,True,False,Started only,W22_mid1,75.0,,
W22,87,mid2,2022-03-17 01:16:52.364616,78.72340425531915,0,0,0,,,,False,False,No timed practice,W22_mid2,69.16666666666667,,
W22,88,mid1,2022-02-10 15:01:10.271751,61.0,1,1,1,88.46153846153845,88.46153846153845,26.0,True,True,Finished timed practice,W22_mid1,8.064516129032258,71.09375,Middle half
W22,88,mid2,2022-03-15 22:29:14.002074,72.28915662650603,0,0,0,,,,False,False,No timed practice,W22_mid2,48.333333333333336,,
W22,89,mid1,2022-02-10 15:01:11.901497,69.0,1,0,0,,,,True,False,Started only,W22_mid1,14.112903225806454,,
W22,89,mid2,2022-03-17 02:15:58.588166,59.31372549019608,0,0,0,,,,False,False,No timed practice,W22_mid2,12.5,,
W22,90,mid1,2022-02-10 15:01:32.822392,90.0,1,0,0,,,,True,False,Started only,W22_mid1,93.95161290322581,,
W22,90,mid2,2022-03-16 23:52:18.184875,77.5,0,0,0,,,,False,False,No timed practice,W22_mid2,62.5,,
W22,92,mid1,2022-02-10 15:03:40.864925,64.48275862068965,1,0,0,,,,True,False,Started only,W22_mid1,10.483870967741936,,
W22,92,mid2,2022-03-17 14:01:43.332874,40.35714285714286,0,0,0,,,,False,False,No timed practice,W22_mid2,5.0,,
W22,93,mid1,2022-02-10 15:01:21.490118,80.66666666666666,0,0,0,,,,False,False,No timed practice,W22_mid1,47.983870967741936,,
W22,93,mid2,2022-03-17 13:25:51.693011,39.726027397260275,0,0,0,,,,False,False,No timed practice,W22_mid2,4.166666666666666,,
W22,95,mid1,2022-02-10 15:01:04.089965,58.333333333333336,1,1,1,93.33333333333333,93.33333333333333,15.0,True,True,Finished timed practice,W22_mid1,4.838709677419355,89.0625,Top quartile
W22,95,mid2,2022-03-17 04:12:20.114213,63.49206349206349,0,0,0,,,,False,False,No timed practice,W22_mid2,21.666666666666668,,
W22,96,mid1,2022-02-10 15:07:56.035379,71.50537634408603,0,0,0,,,,False,False,No timed practice,W22_mid1,22.58064516129032,,
W22,96,mid2,2022-03-16 22:53:33.290478,60.0,0,0,0,,,,False,False,No timed practice,W22_mid2,14.166666666666666,,
W22,97,mid1,2022-02-10 15:04:28.542764,90.0,1,1,1,60.0,60.0,20.0,True,True,Finished timed practice,W22_mid1,93.95161290322581,7.8125,Bottom quartile
W22,97,mid2,2022-03-17 14:07:03.389147,83.03571428571429,0,0,0,,,,False,False,No timed practice,W22_mid2,84.16666666666667,,
W22,98,mid1,2022-02-10 15:01:21.131687,80.91666666666666,0,0,0,,,,False,False,No timed practice,W22_mid1,49.193548387096776,,
W22,98,mid2,2022-03-17 14:05:39.697373,66.78571428571428,0,0,0,,,,False,False,No timed practice,W22_mid2,29.166666666666668,,
W22,99,mid1,2022-02-10 15:01:07.694829,86.66666666666667,1,0,0,,,,True,False,Started only,W22_mid1,75.0,,
W22,99,mid2,2022-03-16 15:28:32.326488,85.06024096385542,0,0,0,,,,False,False,No timed practice,W22_mid2,90.0,,
W22,100,mid1,2022-02-10 15:26:38.083333,75.66666666666666,0,0,0,,,,False,False,No timed practice,W22_mid1,33.87096774193548,,
W22,100,mid2,2022-03-17 14:01:26.145624,39.285714285714285,0,0,0,,,,False,False,No timed practice,W22_mid2,3.3333333333333335,,
W22,101,mid1,2022-02-10 15:01:53.658515,66.33333333333333,1,0,0,,,,True,False,Started only,W22_mid1,12.903225806451612,,
W22,101,mid2,2022-03-17 14:01:29.112830,70.35714285714285,0,0,0,,,,False,False,No timed practice,W22_mid2,37.083333333333336,,
W22,103,mid1,2022-02-10 15:01:42.933846,38.95894428152493,1,0,0,,,,True,False,Started only,W22_mid1,0.8064516129032258,,
W22,103,mid2,2022-03-17 02:14:50.266765,43.96825396825397,0,0,0,,,,False,False,No timed practice,W22_mid2,6.666666666666667,,
W22,104,mid1,2022-02-10 15:05:43.325360,73.33333333333333,0,0,0,,,,False,False,No timed practice,W22_mid1,30.64516129032258,,
W22,104,mid2,2022-03-16 22:10:44.256467,37.77777777777778,0,0,0,,,,False,False,No timed practice,W22_mid2,2.5,,
W22,105,mid1,2022-02-10 15:01:30.210648,64.66666666666666,1,1,1,38.095238095238095,38.095238095238095,21.0,True,True,Finished timed practice,W22_mid1,11.693548387096774,3.125,Bottom quartile
W22,105,mid2,2022-03-16 22:33:21.325938,61.38297872340426,0,0,0,,,,False,False,No timed practice,W22_mid2,15.0,,
W22,106,mid1,2022-02-10 15:01:11.568674,72.33333333333333,0,0,0,,,,False,False,No timed practice,W22_mid1,25.0,,
W22,106,mid2,2022-03-17 02:09:11.602003,61.385542168674704,0,0,0,,,,False,False,No timed practice,W22_mid2,15.833333333333332,,
W22,107,mid1,2022-02-10 15:01:28.147969,74.66666666666666,1,1,1,67.3076923076923,67.3076923076923,26.0,True,True,Finished timed practice,W22_mid1,32.66129032258064,14.0625,Bottom quartile
W22,107,mid2,2022-03-17 00:24:26.712082,81.09756097560977,0,0,0,,,,False,False,No timed practice,W22_mid2,79.16666666666666,,
W22,108,mid1,2022-02-10 15:01:02.255120,80.66666666666666,1,1,1,75.48076923076923,75.48076923076923,26.0,True,True,Finished timed practice,W22_mid1,47.983870967741936,31.25,Middle half
W22,108,mid2,2022-03-17 00:49:22.279293,78.76923076923077,0,0,0,,,,False,False,No timed practice,W22_mid2,70.0,,
W22,109,mid1,2022-02-10 15:01:33.131076,86.66666666666667,1,1,1,88.46153846153845,88.46153846153845,26.0,True,True,Finished timed practice,W22_mid1,75.0,71.09375,Middle half
W22,109,mid2,2022-03-15 22:30:04.317496,72.15447154471545,0,0,0,,,,False,False,No timed practice,W22_mid2,46.666666666666664,,
W22,111,mid1,2022-02-12 21:35:04.546313,80.0,1,0,0,,,,True,False,Started only,W22_mid1,45.96774193548387,,
W22,111,mid2,2022-03-17 14:01:31.200768,48.92857142857142,0,0,0,,,,False,False,No timed practice,W22_mid2,7.5,,
W22,112,mid1,2022-02-10 15:01:20.723452,89.58333333333334,1,1,1,76.15384615384616,76.15384615384616,26.0,True,True,Finished timed practice,W22_mid1,85.48387096774194,35.9375,Middle half
W22,112,mid2,2022-03-17 03:22:23.616590,77.75862068965517,0,0,0,,,,False,False,No timed practice,W22_mid2,66.66666666666666,,
W22,113,mid1,2022-02-10 15:00:07.424313,60.0,1,0,0,,,,True,False,Started only,W22_mid1,6.451612903225806,,
W22,113,mid2,2022-03-17 14:01:30.151806,28.57142857142857,0,0,0,,,,False,False,No timed practice,W22_mid2,0.8333333333333334,,
W22,115,mid1,2022-02-10 15:06:45.288242,69.0909090909091,0,0,0,,,,False,False,No timed practice,W22_mid1,15.32258064516129,,
W22,116,mid1,2022-02-10 15:01:48.932651,73.33333333333333,0,0,0,,,,False,False,No timed practice,W22_mid1,30.64516129032258,,
W22,119,mid1,2022-02-10 15:01:42.837670,76.66666666666667,1,0,0,,,,True,False,Started only,W22_mid1,36.693548387096776,,
W22,119,mid2,2022-03-17 01:27:07.296461,86.5079365079365,0,0,0,,,,False,False,No timed practice,W22_mid2,92.5,,
W22,120,mid1,2022-02-10 15:02:01.201403,69.66666666666667,1,1,1,76.0576923076923,76.0576923076923,26.0,True,True,Finished timed practice,W22_mid1,17.338709677419356,34.375,Middle half
W22,120,mid2,2022-03-16 22:53:08.361398,69.21875,0,0,0,,,,False,False,No timed practice,W22_mid2,35.0,,
W22,121,mid1,2022-02-10 15:01:41.093494,83.87096774193549,1,0,0,,,,True,False,Started only,W22_mid1,62.096774193548384,,
W22,121,mid2,2022-03-17 03:49:11.293388,63.95833333333333,0,0,0,,,,False,False,No timed practice,W22_mid2,23.333333333333332,,
W22,124,mid1,2022-02-10 15:05:32.055297,76.66666666666667,0,0,0,,,,False,False,No timed practice,W22_mid1,36.693548387096776,,
W22,124,mid2,2022-03-17 12:56:08.763772,64.21875,0,0,0,,,,False,False,No timed practice,W22_mid2,24.166666666666668,,
W22,125,mid1,2022-02-10 15:01:07.137678,90.0,1,1,1,96.15384615384616,96.15384615384616,26.0,True,True,Finished timed practice,W22_mid1,93.95161290322581,100.0,Top quartile
W22,125,mid2,2022-03-14 20:29:41.432908,92.02247191011237,0,0,0,,,,False,False,No timed practice,W22_mid2,98.33333333333333,,
W22,126,mid1,2022-02-10 15:01:05.988107,62.33333333333333,1,1,1,45.45454545454545,45.45454545454545,22.0,True,True,Finished timed practice,W22_mid1,8.870967741935484,4.6875,Bottom quartile
W22,126,mid2,2022-03-17 13:10:06.598684,33.83561643835616,0,0,0,,,,False,False,No timed practice,W22_mid2,1.6666666666666667,,
W22,127,mid1,2022-02-10 15:01:09.196692,90.0,1,1,1,94.4,94.4,25.0,True,True,Finished timed practice,W22_mid1,93.95161290322581,90.625,Top quartile
W22,127,mid2,2022-03-17 00:16:45.006678,85.875,0,0,0,,,,False,False,No timed practice,W22_mid2,90.83333333333333,,
W22,129,mid1,2022-02-10 15:01:36.981248,81.33333333333333,1,0,0,,,,True,False,Started only,W22_mid1,52.016129032258064,,
W22,129,mid2,2022-03-17 04:31:20.592612,62.14285714285713,0,0,0,,,,False,False,No timed practice,W22_mid2,17.5,,
W22,130,mid1,2022-02-10 15:01:08.489947,90.0,1,0,0,,,,True,False,Started only,W22_mid1,93.95161290322581,,
W22,130,mid2,2022-03-17 02:19:13.771283,78.26086956521739,0,0,0,,,,False,False,No timed practice,W22_mid2,67.5,,
W22,132,mid1,2022-02-10 15:00:02.401621,84.66666666666666,1,0,0,,,,True,False,Started only,W22_mid1,65.32258064516128,,
W22,132,mid2,2022-03-17 13:58:36.778626,73.21428571428571,0,0,0,,,,False,False,No timed practice,W22_mid2,49.583333333333336,,
W22,134,mid1,2022-02-10 15:06:09.535817,70.0,1,0,0,,,,True,False,Started only,W22_mid1,18.548387096774192,,
W22,134,mid2,2022-03-16 23:52:01.756040,63.191489361702125,0,0,0,,,,False,False,No timed practice,W22_mid2,19.166666666666668,,
W22,136,mid1,2022-02-10 15:01:54.670300,83.33333333333334,1,0,0,,,,True,False,Started only,W22_mid1,58.46774193548387,,
W22,136,mid2,2022-03-17 14:02:11.281999,82.75862068965517,0,0,0,,,,False,False,No timed practice,W22_mid2,82.5,,
W22,137,mid1,2022-02-10 15:10:50.333942,71.72413793103448,1,1,1,89.61538461538461,89.61538461538461,26.0,True,True,Finished timed practice,W22_mid1,23.387096774193548,76.5625,Top quartile
W22,138,mid1,2022-02-10 14:59:48.451535,77.99999999999999,1,1,1,68.3653846153846,68.3653846153846,26.0,True,True,Finished timed practice,W22_mid1,40.725806451612904,17.1875,Bottom quartile
W22,138,mid2,2022-03-17 05:39:04.588880,65.71428571428571,0,0,0,,,,False,False,No timed practice,W22_mid2,26.666666666666668,,
W22,139,mid1,2022-02-10 14:59:19.178500,82.66666666666667,1,0,0,,,,True,False,Started only,W22_mid1,54.43548387096774,,
W22,139,mid2,2022-03-17 12:50:19.042253,71.05022831050228,0,0,0,,,,False,False,No timed practice,W22_mid2,42.5,,
W22,141,mid1,2022-02-10 15:05:47.655315,78.70967741935483,1,1,1,95.0,95.0,22.0,True,True,Finished timed practice,W22_mid1,42.74193548387097,92.1875,Top quartile
W22,141,mid2,2022-03-17 03:52:05.175510,64.85507246376811,0,0,0,,,,False,False,No timed practice,W22_mid2,25.833333333333336,,
W22,144,mid1,2022-02-10 15:03:13.667192,50.66666666666666,0,0,0,,,,False,False,No timed practice,W22_mid1,1.6129032258064515,,
W22,144,mid2,2022-03-17 00:30:31.801630,59.73118279569892,0,0,0,,,,False,False,No timed practice,W22_mid2,13.333333333333334,,
W22,145,mid1,2022-02-10 15:03:43.844045,73.0,1,0,0,,,,True,False,Started only,W22_mid1,28.225806451612907,,
W22,145,mid2,2022-03-17 14:01:29.186512,52.85714285714286,0,0,0,,,,False,False,No timed practice,W22_mid2,9.166666666666666,,
W23,1,mid1,2023-02-09 15:01:29.555582,52.97805642633229,1,1,1,77.1,77.1,25.0,True,True,Finished timed practice,W23_mid1,7.4866310160427805,26.373626373626376,Middle half
W23,1,mid2,2023-03-19 14:55:02.223372,66.66666666666666,2,0,0,,,,True,False,Started only,W23_mid2,39.784946236559136,,
W23,2,mid1,2023-02-09 15:01:11.367216,93.10344827586206,1,1,1,92.3076923076923,92.3076923076923,26.0,True,True,Finished timed practice,W23_mid1,95.98930481283422,75.27472527472527,Top quartile
W23,2,mid2,2023-03-16 14:00:01.619586,80.0,3,3,3,90.9090909090909,90.9090909090909,33.0,True,True,Finished timed practice,W23_mid2,87.09677419354838,90.53030303030303,Top quartile
W23,3,mid1,2023-02-09 15:01:09.467445,86.20689655172413,1,0,0,,,,True,False,Started only,W23_mid1,64.70588235294117,,
W23,3,mid2,2023-03-15 17:38:25.019084,76.5625,1,0,0,,,,True,False,Started only,W23_mid2,73.65591397849462,,
W23,4,mid1,2023-02-09 15:04:09.187039,82.75862068965517,1,0,0,,,,True,False,Started only,W23_mid1,51.60427807486631,,
W23,4,mid2,2023-03-16 04:08:25.197056,73.71794871794873,2,1,1,75.0,75.0,20.0,True,True,Finished timed practice,W23_mid2,67.74193548387096,57.95454545454546,Middle half
W23,5,mid1,2023-02-09 15:01:44.470256,82.75862068965517,1,1,1,92.3076923076923,92.3076923076923,26.0,True,True,Finished timed practice,W23_mid1,51.60427807486631,75.27472527472527,Top quartile
W23,5,mid2,2023-03-16 14:00:45.534225,75.83333333333333,2,2,2,96.96969696969697,96.96969696969697,26.5,True,True,Finished timed practice,W23_mid2,72.04301075268818,98.10606060606061,Top quartile
W23,6,mid1,2023-02-09 15:00:57.264992,57.9937304075235,1,0,0,,,,True,False,Started only,W23_mid1,10.16042780748663,,
W23,6,mid2,2023-03-16 14:00:00.569168,38.333333333333336,0,0,0,,,,False,False,No timed practice,W23_mid2,2.1505376344086025,,
W23,7,mid1,2023-02-09 15:01:23.608885,85.17241379310344,0,0,0,,,,False,False,No timed practice,W23_mid1,56.951871657754005,,
W23,7,mid2,2023-03-16 14:01:19.453485,63.16666666666666,2,1,1,55.00000000000001,55.00000000000001,20.0,True,True,Finished timed practice,W23_mid2,29.03225806451613,17.803030303030305,Bottom quartile
W23,8,mid1,2023-02-09 15:01:26.692935,69.97648902821317,1,1,1,84.23076923076923,84.23076923076923,26.0,True,True,Finished timed practice,W23_mid1,20.32085561497326,39.56043956043956,Middle half
W23,8,mid2,2023-03-16 14:00:25.422534,63.33333333333333,2,1,1,58.06451612903226,58.06451612903226,31.0,True,True,Finished timed practice,W23_mid2,29.56989247311828,19.696969696969695,Bottom quartile
W23,9,mid1,2023-02-09 15:01:12.307084,86.20689655172413,0,0,0,,,,False,False,No timed practice,W23_mid1,64.70588235294117,,
W23,9,mid2,2023-03-16 14:00:48.755712,66.66666666666666,1,1,1,55.00000000000001,55.00000000000001,20.0,True,True,Finished timed practice,W23_mid2,39.784946236559136,17.803030303030305,Bottom quartile
W23,10,mid1,2023-02-09 15:01:07.044635,74.82758620689654,0,0,0,,,,False,False,No timed practice,W23_mid1,26.203208556149733,,
W23,10,mid2,2023-03-16 14:00:50.276192,60.0,0,0,0,,,,False,False,No timed practice,W23_mid2,23.387096774193548,,
W23,11,mid1,2023-02-09 15:01:36.503549,79.3103448275862,1,1,1,65.0,65.0,20.0,True,True,Finished timed practice,W23_mid1,41.711229946524064,5.4945054945054945,Bottom quartile
W23,11,mid2,2023-03-16 14:01:04.614379,59.0,1,0,0,,,,True,False,Started only,W23_mid2,20.161290322580644,,
W23,12,mid1,2023-02-09 15:00:57.709333,54.89811912225705,0,0,0,,,,False,False,No timed practice,W23_mid1,8.55614973262032,,
W23,12,mid2,2023-03-16 00:12:02.440778,65.625,1,0,0,,,,True,False,Started only,W23_mid2,32.25806451612903,,
W23,13,mid1,2023-02-09 15:01:28.414538,93.10344827586206,1,0,0,,,,True,False,Started only,W23_mid1,95.98930481283422,,
W23,13,mid2,2023-03-16 14:00:38.260098,80.0,2,2,2,65.625,65.625,26.0,True,True,Finished timed practice,W23_mid2,87.09677419354838,36.36363636363637,Middle half
W23,14,mid1,2023-02-09 15:01:41.379372,86.20689655172413,2,2,2,85.28846153846155,85.28846153846155,25.5,True,True,Finished timed practice,W23_mid1,64.70588235294117,47.25274725274725,Middle half
W23,14,mid2,2023-03-16 07:28:56.968288,80.3763440860215,2,1,1,90.0,90.0,20.0,True,True,Finished timed practice,W23_mid2,89.24731182795699,86.74242424242425,Top quartile
W23,15,mid1,2023-02-09 15:04:29.061514,78.87931034482759,1,1,1,88.46153846153845,88.46153846153845,26.0,True,True,Finished timed practice,W23_mid1,37.16577540106952,60.98901098901099,Middle half
W23,15,mid2,2023-03-16 14:02:12.442583,65.83333333333333,1,1,1,82.82828282828282,82.82828282828282,33.0,True,True,Finished timed practice,W23_mid2,34.40860215053764,75.0,Middle half
W23,16,mid1,2023-02-09 15:02:03.276604,89.65517241379311,1,1,1,84.23076923076923,84.23076923076923,26.0,True,True,Finished timed practice,W23_mid1,80.4812834224599,39.56043956043956,Middle half
W23,16,mid2,2023-03-16 14:01:37.025108,72.5,1,1,1,92.0754716981132,92.0754716981132,53.0,True,True,Finished timed practice,W23_mid2,58.602150537634415,91.66666666666666,Top quartile
W23,17,mid1,2023-02-09 15:05:48.785083,61.03448275862069,0,0,0,,,,False,False,No timed practice,W23_mid1,11.229946524064172,,
W23,17,mid2,2023-03-16 14:00:18.824251,60.0,0,0,0,,,,False,False,No timed practice,W23_mid2,23.387096774193548,,
W23,18,mid1,2023-02-09 15:01:07.163503,93.10344827586206,0,0,0,,,,False,False,No timed practice,W23_mid1,95.98930481283422,,
W23,18,mid2,2023-03-16 14:02:23.005228,68.0,1,1,1,30.0,30.0,20.0,True,True,Finished timed practice,W23_mid2,44.623655913978496,4.924242424242424,Bottom quartile
W23,19,mid1,2023-02-09 15:00:56.910177,79.43573667711598,2,2,2,96.15384615384616,96.15384615384616,26.0,True,True,Finished timed practice,W23_mid1,43.85026737967914,93.95604395604396,Top quartile
W23,19,mid2,2023-03-16 14:00:26.258669,75.83333333333333,2,2,2,93.75,93.75,26.0,True,True,Finished timed practice,W23_mid2,72.04301075268818,93.18181818181817,Top quartile
W23,20,mid1,2023-02-09 15:05:52.177853,72.41379310344827,1,0,0,,,,True,False,Started only,W23_mid1,23.262032085561497,,
W23,20,mid2,2023-03-16 14:03:51.679148,76.66666666666667,1,1,1,75.0,75.0,20.0,True,True,Finished timed practice,W23_mid2,76.88172043010752,57.95454545454546,Middle half
W23,21,mid1,2023-02-09 15:01:11.190465,85.57993730407524,1,0,0,,,,True,False,Started only,W23_mid1,59.62566844919787,,
W23,21,mid2,2023-03-16 14:00:27.514740,59.0,2,2,2,73.07692307692307,73.07692307692307,23.0,True,True,Finished timed practice,W23_mid2,20.161290322580644,51.515151515151516,Middle half
W23,22,mid1,2023-02-09 15:01:44.626390,75.23510971786834,1,1,1,88.46153846153845,88.46153846153845,26.0,True,True,Finished timed practice,W23_mid1,27.27272727272727,60.98901098901099,Middle half
W23,22,mid2,2023-03-16 14:00:03.612695,65.33333333333334,1,1,1,80.0,80.0,20.0,True,True,Finished timed practice,W23_mid2,31.72043010752688,67.8030303030303,Middle half
W23,23,mid1,2023-02-09 15:00:46.212274,93.10344827586206,2,2,2,96.15384615384616,96.15384615384616,26.0,True,True,Finished timed practice,W23_mid1,95.98930481283422,93.95604395604396,Top quartile
W23,23,mid2,2023-03-16 14:00:17.232665,69.16666666666667,2,2,2,96.96969696969697,96.96969696969697,26.5,True,True,Finished timed practice,W23_mid2,46.774193548387096,98.10606060606061,Top quartile
W23,24,mid1,2023-02-09 15:01:05.598863,86.20689655172413,2,1,1,96.15384615384616,96.15384615384616,26.0,True,True,Finished timed practice,W23_mid1,64.70588235294117,93.95604395604396,Top quartile
W23,24,mid2,2023-03-16 14:00:02.667032,80.0,1,1,1,70.0,70.0,20.0,True,True,Finished timed practice,W23_mid2,87.09677419354838,43.56060606060606,Middle half
W23,25,mid1,2023-02-09 15:00:58.557447,89.65517241379311,2,2,2,96.15384615384616,96.15384615384616,26.0,True,True,Finished timed practice,W23_mid1,80.4812834224599,93.95604395604396,Top quartile
W23,25,mid2,2023-03-16 14:00:33.451469,80.0,2,2,2,85.0,85.0,26.5,True,True,Finished timed practice,W23_mid2,87.09677419354838,78.4090909090909,Top quartile
W23,26,mid1,2023-02-09 18:10:06.058853,82.75862068965517,1,1,1,91.92307692307692,91.92307692307692,26.0,True,True,Finished timed practice,W23_mid1,51.60427807486631,71.42857142857143,Middle half
W23,26,mid2,2023-03-16 04:58:56.155418,71.52777777777779,2,2,2,83.87096774193549,83.87096774193549,25.5,True,True,Finished timed practice,W23_mid2,53.2258064516129,75.75757575757575,Top quartile
W23,27,mid1,2023-02-09 15:01:20.662216,71.47335423197492,1,0,0,,,,True,False,Started only,W23_mid1,21.92513368983957,,
W23,27,mid2,2023-03-16 12:31:36.503986,61.328125,1,1,1,60.0,60.0,20.0,True,True,Finished timed practice,W23_mid2,26.344086021505376,23.863636363636363,Bottom quartile
W23,28,mid1,2023-02-09 15:00:59.525440,82.13166144200628,1,1,1,87.6923076923077,87.6923076923077,26.0,True,True,Finished timed practice,W23_mid1,47.593582887700535,51.64835164835166,Middle half
W23,28,mid2,2023-03-16 14:00:31.447042,70.83333333333334,1,1,1,75.0,75.0,20.0,True,True,Finished timed practice,W23_mid2,52.1505376344086,57.95454545454546,Middle half
W23,29,mid1,2023-02-09 15:01:34.611386,67.30407523510972,0,0,0,,,,False,False,No timed practice,W23_mid1,16.577540106951872,,
W23,29,mid2,2023-03-16 14:01:36.339973,60.0,2,1,1,25.0,25.0,20.0,True,True,Finished timed practice,W23_mid2,23.387096774193548,3.787878787878788,Bottom quartile
W23,30,mid1,2023-02-09 15:01:23.293693,93.10344827586206,1,1,1,94.23076923076923,94.23076923076923,26.0,True,True,Finished timed practice,W23_mid1,95.98930481283422,80.21978021978022,Top quartile
W23,30,mid2,2023-03-16 14:00:37.843374,72.5,2,1,1,70.0,70.0,20.0,True,True,Finished timed practice,W23_mid2,58.602150537634415,43.56060606060606,Middle half
W23,31,mid1,2023-02-09 15:01:33.925976,86.20689655172413,0,0,0,,,,False,False,No timed practice,W23_mid1,64.70588235294117,,
W23,31,mid2,2023-03-16 14:00:03.906733,83.33333333333334,0,0,0,,,,False,False,No timed practice,W23_mid2,95.6989247311828,,
W23,32,mid1,2023-02-09 15:04:16.903233,92.85714285714286,0,0,0,,,,False,False,No timed practice,W23_mid1,91.44385026737967,,
W23,32,mid2,2023-03-16 14:03:41.465366,81.89655172413794,1,0,0,,,,True,False,Started only,W23_mid2,91.39784946236558,,
W23,33,mid1,2023-02-09 15:01:03.530807,93.10344827586206,0,0,0,,,,False,False,No timed practice,W23_mid1,95.98930481283422,,
W23,33,mid2,2023-03-14 18:02:19.967169,83.33333333333334,1,1,1,64.51612903225806,64.51612903225806,31.0,True,True,Finished timed practice,W23_mid2,95.6989247311828,28.78787878787879,Middle half
W23,34,mid1,2023-02-09 15:01:04.545149,89.65517241379311,1,0,0,,,,True,False,Started only,W23_mid1,80.4812834224599,,
W23,34,mid2,2023-03-16 14:00:36.788974,76.66666666666667,1,1,1,75.0,75.0,20.0,True,True,Finished timed practice,W23_mid2,76.88172043010752,57.95454545454546,Middle half
W23,35,mid1,2023-02-09 15:01:52.247957,89.65517241379311,1,1,1,96.15384615384616,96.15384615384616,26.0,True,True,Finished timed practice,W23_mid1,80.4812834224599,93.95604395604396,Top quartile
W23,35,mid2,2023-03-16 14:00:34.840360,80.66666666666666,2,2,2,87.87878787878788,87.87878787878788,26.5,True,True,Finished timed practice,W23_mid2,90.32258064516128,82.57575757575758,Top quartile
W23,37,mid1,2023-02-09 15:01:00.254173,89.65517241379311,0,0,0,,,,False,False,No timed practice,W23_mid1,80.4812834224599,,
W23,37,mid2,2023-03-16 14:00:02.399141,83.33333333333334,2,2,2,75.75757575757575,75.75757575757575,26.5,True,True,Finished timed practice,W23_mid2,95.6989247311828,63.63636363636363,Middle half
W23,38,mid1,2023-02-09 15:01:02.513079,89.34169278996865,0,0,0,,,,False,False,No timed practice,W23_mid1,72.72727272727273,,
W23,38,mid2,2023-03-16 14:00:36.571381,73.33333333333333,0,0,0,,,,False,False,No timed practice,W23_mid2,64.78494623655914,,
W23,39,mid1,2023-02-09 15:00:40.951437,89.65517241379311,1,1,1,88.46153846153845,88.46153846153845,26.0,True,True,Finished timed practice,W23_mid1,80.4812834224599,60.98901098901099,Middle half
W23,39,mid2,2023-03-16 14:00:03.336847,79.33333333333333,2,2,2,81.25,81.25,26.0,True,True,Finished timed practice,W23_mid2,84.94623655913979,72.72727272727273,Middle half
W23,40,mid1,2023-02-09 15:00:35.187212,44.20062695924765,1,0,0,,,,True,False,Started only,W23_mid1,2.6737967914438503,,
W23,40,mid2,2023-03-16 14:00:34.546509,43.333333333333336,1,1,1,90.0,90.0,20.0,True,True,Finished timed practice,W23_mid2,5.10752688172043,86.74242424242425,Top quartile
W23,41,mid1,2023-02-09 15:00:43.510390,81.81818181818181,1,1,1,72.6923076923077,72.6923076923077,26.0,True,True,Finished timed practice,W23_mid1,47.05882352941176,13.186813186813188,Bottom quartile
W23,41,mid2,2023-03-16 00:04:20.262870,77.1875,1,1,1,60.0,60.0,20.0,True,True,Finished timed practice,W23_mid2,80.10752688172043,23.863636363636363,Bottom quartile
W23,42,mid1,2023-02-09 15:01:14.321791,73.98119122257053,1,1,1,88.0,88.0,25.0,True,True,Finished timed practice,W23_mid1,25.13368983957219,54.395604395604394,Middle half
W23,42,mid2,2023-03-16 13:39:27.602063,65.97222222222221,1,0,0,,,,True,False,Started only,W23_mid2,36.02150537634409,,
W23,43,mid1,2023-02-09 15:00:38.710614,61.44200626959248,0,0,0,,,,False,False,No timed practice,W23_mid1,12.299465240641712,,
W23,43,mid2,2023-03-16 14:00:29.859460,61.16666666666667,1,1,1,13.333333333333334,13.333333333333334,30.0,True,True,Finished timed practice,W23_mid2,25.806451612903224,0.7575757575757576,Bottom quartile
W23,44,mid1,2023-02-09 15:01:25.025229,79.3103448275862,1,1,1,86.92307692307692,86.92307692307692,26.0,True,True,Finished timed practice,W23_mid1,41.711229946524064,49.45054945054945,Middle half
W23,44,mid2,2023-03-16 14:01:16.655229,59.166666666666664,0,0,0,,,,False,False,No timed practice,W23_mid2,21.236559139784948,,
W23,45,mid1,2023-02-09 15:00:53.009499,89.65517241379311,0,0,0,,,,False,False,No timed practice,W23_mid1,80.4812834224599,,
W23,45,mid2,2023-03-16 14:00:52.895287,76.66666666666667,0,0,0,,,,False,False,No timed practice,W23_mid2,76.88172043010752,,
W23,46,mid1,2023-02-09 15:00:56.723855,93.10344827586206,1,1,1,92.3076923076923,92.3076923076923,26.0,True,True,Finished timed practice,W23_mid1,95.98930481283422,75.27472527472527,Top quartile
W23,46,mid2,2023-03-16 14:00:25.064514,83.33333333333334,2,2,2,96.96969696969697,96.96969696969697,26.5,True,True,Finished timed practice,W23_mid2,95.6989247311828,98.10606060606061,Top quartile
W23,47,mid1,2023-02-09 17:02:03.389517,82.75862068965517,1,0,0,,,,True,False,Started only,W23_mid1,51.60427807486631,,
W23,47,mid2,2023-03-15 21:09:41.050901,73.18840579710145,2,2,2,62.06896551724138,62.06896551724138,24.5,True,True,Finished timed practice,W23_mid2,62.365591397849464,27.27272727272727,Middle half
W23,49,mid1,2023-02-09 15:00:54.063590,75.54858934169279,2,2,2,77.27272727272727,77.27272727272727,23.0,True,True,Finished timed practice,W23_mid1,29.144385026737968,27.472527472527474,Middle half
W23,49,mid2,2023-03-16 12:17:51.592337,67.77777777777779,1,1,1,35.0,35.0,20.0,True,True,Finished timed practice,W23_mid2,43.54838709677419,6.8181818181818175,Bottom quartile
W23,50,mid1,2023-02-09 15:00:58.723845,85.51724137931035,1,1,1,80.76923076923077,80.76923076923077,26.0,True,True,Finished timed practice,W23_mid1,58.02139037433155,32.417582417582416,Middle half
W23,50,mid2,2023-03-16 14:00:23.742328,61.66666666666667,2,2,2,90.9090909090909,90.9090909090909,26.5,True,True,Finished timed practice,W23_mid2,27.1505376344086,90.53030303030303,Top quartile
W23,51,mid1,2023-02-09 15:01:18.870071,82.75862068965517,2,2,2,96.15384615384616,96.15384615384616,26.0,True,True,Finished timed practice,W23_mid1,51.60427807486631,93.95604395604396,Top quartile
W23,51,mid2,2023-03-16 04:28:38.244400,79.296875,2,2,2,70.0,70.0,25.5,True,True,Finished timed practice,W23_mid2,84.40860215053763,43.56060606060606,Middle half
W23,52,mid1,2023-02-09 15:01:09.614724,86.20689655172413,0,0,0,,,,False,False,No timed practice,W23_mid1,64.70588235294117,,
W23,52,mid2,2023-03-16 14:00:59.729887,83.33333333333334,1,1,1,65.0,65.0,20.0,True,True,Finished timed practice,W23_mid2,95.6989247311828,32.196969696969695,Middle half
W23,54,mid1,2023-02-09 15:01:11.325659,93.10344827586206,1,1,1,94.54545454545455,94.54545454545455,22.0,True,True,Finished timed practice,W23_mid1,95.98930481283422,82.41758241758241,Top quartile
W23,54,mid2,2023-03-16 14:02:38.715831,83.33333333333334,1,1,1,75.0,75.0,20.0,True,True,Finished timed practice,W23_mid2,95.6989247311828,57.95454545454546,Middle half
W23,55,mid1,2023-02-09 15:01:14.753060,75.23510971786834,0,0,0,,,,False,False,No timed practice,W23_mid1,27.27272727272727,,
W23,55,mid2,2023-03-16 14:00:51.664205,60.0,0,0,0,,,,False,False,No timed practice,W23_mid2,23.387096774193548,,
W23,56,mid1,2023-02-09 15:23:37.264847,61.72413793103447,1,1,1,80.0,80.0,23.0,True,True,Finished timed practice,W23_mid1,12.834224598930483,29.67032967032967,Middle half
W23,56,mid2,2023-03-16 17:32:22.843706,50.0,1,1,1,45.0,45.0,20.0,True,True,Finished timed practice,W23_mid2,6.720430107526881,11.363636363636363,Bottom quartile
W23,57,mid1,2023-02-09 15:00:45.571155,89.65517241379311,1,1,1,78.0,78.0,25.0,True,True,Finished timed practice,W23_mid1,80.4812834224599,28.57142857142857,Middle half
W23,57,mid2,2023-03-16 04:08:19.109638,73.84180790960453,0,0,0,,,,False,False,No timed practice,W23_mid2,68.27956989247312,,
W23,58,mid1,2023-02-09 15:00:50.772433,83.94984326018809,1,1,1,88.46153846153845,88.46153846153845,26.0,True,True,Finished timed practice,W23_mid1,56.14973262032086,60.98901098901099,Middle half
W23,58,mid2,2023-03-16 10:38:28.526163,43.27586206896552,0,0,0,,,,False,False,No timed practice,W23_mid2,4.301075268817205,,
W23,59,mid1,2023-02-09 15:00:48.356615,89.65517241379311,0,0,0,,,,False,False,No timed practice,W23_mid1,80.4812834224599,,
W23,59,mid2,2023-03-16 14:00:26.186326,72.5,2,1,1,40.0,40.0,20.0,True,True,Finished timed practice,W23_mid2,58.602150537634415,8.712121212121213,Bottom quartile
W23,60,mid1,2023-02-09 15:01:00.975636,79.3103448275862,1,1,1,96.0,96.0,25.0,True,True,Finished timed practice,W23_mid1,41.711229946524064,86.81318681318682,Top quartile
W23,60,mid2,2023-03-16 14:01:33.771890,76.66666666666667,1,1,1,75.0,75.0,20.0,True,True,Finished timed practice,W23_mid2,76.88172043010752,57.95454545454546,Middle half
W23,61,mid1,2023-02-09 15:06:56.639126,78.99686520376176,1,0,0,,,,True,False,Started only,W23_mid1,39.3048128342246,,
W23,61,mid2,2023-03-16 04:56:00.940280,65.76086956521739,1,1,1,74.24242424242425,74.24242424242425,33.0,True,True,Finished timed practice,W23_mid2,32.795698924731184,53.03030303030303,Middle half
W23,62,mid1,2023-02-09 15:00:51.484765,75.54858934169279,0,0,0,,,,False,False,No timed practice,W23_mid1,29.144385026737968,,
W23,62,mid2,2023-03-16 06:25:30.507183,58.15315315315315,1,1,1,80.0,80.0,20.0,True,True,Finished timed practice,W23_mid2,18.27956989247312,67.8030303030303,Middle half
W23,63,mid1,2023-02-09 15:01:25.009268,52.35109717868338,1,0,0,,,,True,False,Started only,W23_mid1,6.417112299465241,,
W23,63,mid2,2023-03-16 13:12:38.472980,58.69565217391305,1,0,0,,,,True,False,Started only,W23_mid2,19.35483870967742,,
W23,64,mid1,2023-02-09 15:01:56.410720,51.724137931034484,0,0,0,,,,False,False,No timed practice,W23_mid1,5.88235294117647,,
W23,64,mid2,2023-03-16 14:00:02.928078,50.33333333333333,1,1,1,40.0,40.0,20.0,True,True,Finished timed practice,W23_mid2,7.526881720430108,8.712121212121213,Bottom quartile
W23,65,mid1,2023-02-09 15:11:58.545317,81.53605015673982,0,0,0,,,,False,False,No timed practice,W23_mid1,46.524064171122994,,
W23,65,mid2,2023-03-16 14:11:16.534794,58.333333333333336,2,2,2,54.83870967741935,54.83870967741935,25.5,True,True,Finished timed practice,W23_mid2,18.817204301075268,15.909090909090908,Bottom quartile
W23,66,mid1,2023-02-09 15:00:58.984626,82.75862068965517,1,1,1,91.8918918918919,91.8918918918919,37.0,True,True,Finished timed practice,W23_mid1,51.60427807486631,70.32967032967034,Middle half
W23,66,mid2,2023-03-16 14:00:34.576024,78.5,1,1,1,92.45283018867924,92.45283018867924,53.0,True,True,Finished timed practice,W23_mid2,81.72043010752688,92.42424242424242,Top quartile
W23,67,mid1,2023-02-09 15:04:01.578075,79.68652037617555,1,1,1,95.0,95.0,20.0,True,True,Finished timed practice,W23_mid1,44.38502673796791,84.06593406593407,Top quartile
W23,67,mid2,2023-03-16 14:00:01.453020,70.0,1,1,1,90.0,90.0,20.0,True,True,Finished timed practice,W23_mid2,50.0,86.74242424242425,Top quartile
W23,68,mid1,2023-02-09 15:01:09.178428,82.75862068965517,0,0,0,,,,False,False,No timed practice,W23_mid1,51.60427807486631,,
W23,68,mid2,2023-03-16 14:00:25.768835,71.16666666666667,0,0,0,,,,False,False,No timed practice,W23_mid2,52.68817204301075,,
W23,70,mid1,2023-02-09 15:01:57.699829,55.86206896551724,0,0,0,,,,False,False,No timed practice,W23_mid1,9.090909090909092,,
W23,70,mid2,2023-03-16 14:01:51.531293,53.333333333333336,1,1,1,70.0,70.0,20.0,True,True,Finished timed practice,W23_mid2,10.75268817204301,43.56060606060606,Middle half
W23,71,mid1,2023-02-09 15:00:36.238086,93.10344827586206,1,1,1,83.84615384615385,83.84615384615385,26.0,True,True,Finished timed practice,W23_mid1,95.98930481283422,36.81318681318682,Middle half
W23,71,mid2,2023-03-16 13:34:26.459069,69.44444444444444,2,2,2,71.875,71.875,26.0,True,True,Finished timed practice,W23_mid2,47.8494623655914,49.621212121212125,Middle half
W23,72,mid1,2023-02-09 15:01:33.951777,86.5,1,0,0,,,,True,False,Started only,W23_mid1,68.44919786096256,,
W23,72,mid2,2023-03-16 06:58:01.605063,63.63636363636363,2,0,0,,,,True,False,Started only,W23_mid2,30.107526881720432,,
W23,73,mid1,2023-02-09 15:04:20.759897,89.65517241379311,1,1,1,96.15384615384616,96.15384615384616,26.0,True,True,Finished timed practice,W23_mid1,80.4812834224599,93.95604395604396,Top quartile
W23,73,mid2,2023-03-16 14:04:48.222666,64.5,2,2,2,93.93939393939394,93.93939393939394,26.5,True,True,Finished timed practice,W23_mid2,31.182795698924732,94.31818181818183,Top quartile
W23,75,mid1,2023-02-09 15:01:32.702970,68.96551724137932,1,0,0,,,,True,False,Started only,W23_mid1,19.25133689839572,,
W23,75,mid2,2023-03-15 19:59:52.191425,75.58823529411765,0,0,0,,,,False,False,No timed practice,W23_mid2,70.43010752688173,,
W23,76,mid1,2023-02-09 15:01:15.490421,93.10344827586206,1,1,1,87.6923076923077,87.6923076923077,26.0,True,True,Finished timed practice,W23_mid1,95.98930481283422,51.64835164835166,Middle half
W23,76,mid2,2023-03-16 14:01:39.643889,83.33333333333334,1,1,1,70.0,70.0,20.0,True,True,Finished timed practice,W23_mid2,95.6989247311828,43.56060606060606,Middle half
W23,77,mid1,2023-02-09 15:03:47.669036,76.55172413793103,1,1,1,90.47619047619048,90.47619047619048,21.0,True,True,Finished timed practice,W23_mid1,31.550802139037433,67.03296703296702,Middle half
W23,77,mid2,2023-03-15 19:40:58.643034,71.875,0,0,0,,,,False,False,No timed practice,W23_mid2,54.83870967741935,,
W23,78,mid1,2023-02-09 15:00:37.610519,78.62068965517241,1,1,1,84.28571428571429,84.28571428571429,28.0,True,True,Finished timed practice,W23_mid1,35.02673796791444,41.75824175824176,Middle half
W23,78,mid2,2023-03-16 14:00:13.390718,54.166666666666664,2,0,0,,,,True,False,Started only,W23_mid2,12.365591397849462,,
W23,79,mid1,2023-02-09 15:01:26.576688,82.75862068965517,1,0,0,,,,True,False,Started only,W23_mid1,51.60427807486631,,
W23,79,mid2,2023-03-16 03:56:15.237672,56.42857142857143,2,2,2,86.66666666666667,86.66666666666667,25.0,True,True,Finished timed practice,W23_mid2,16.666666666666664,81.06060606060606,Top quartile
W23,80,mid1,2023-02-09 15:01:12.473407,89.65517241379311,1,1,1,96.15384615384616,96.15384615384616,26.0,True,True,Finished timed practice,W23_mid1,80.4812834224599,93.95604395604396,Top quartile
W23,80,mid2,2023-03-16 14:02:35.390652,83.33333333333334,1,1,1,80.0,80.0,20.0,True,True,Finished timed practice,W23_mid2,95.6989247311828,67.8030303030303,Middle half
W23,81,mid2,2023-03-16 14:00:28.587492,40.0,0,0,0,,,,False,False,No timed practice,W23_mid2,3.494623655913978,,
W23,82,mid1,2023-02-09 15:01:20.602094,68.3385579937304,1,0,0,,,,True,False,Started only,W23_mid1,17.914438502673796,,
W23,82,mid2,2023-03-16 14:01:27.675255,55.00000000000001,1,1,1,90.0,90.0,30.0,True,True,Finished timed practice,W23_mid2,14.516129032258066,86.74242424242425,Top quartile
W23,83,mid1,2023-02-09 15:04:06.568752,45.51724137931034,2,0,0,,,,True,False,Started only,W23_mid1,3.7433155080213902,,
W23,83,mid2,2023-03-16 14:02:13.963031,50.0,1,1,1,85.0,85.0,20.0,True,True,Finished timed practice,W23_mid2,6.720430107526881,78.4090909090909,Top quartile
W23,84,mid1,2023-02-09 15:02:02.296422,89.02821316614421,1,1,1,76.0,76.0,25.0,True,True,Finished timed practice,W23_mid1,71.92513368983957,19.78021978021978,Bottom quartile
W23,84,mid2,2023-03-15 21:41:55.083942,73.64583333333333,2,2,2,60.0,60.0,24.5,True,True,Finished timed practice,W23_mid2,67.20430107526882,23.863636363636363,Bottom quartile
W23,85,mid1,2023-02-09 15:00:40.388677,78.62068965517241,2,2,2,84.61538461538461,84.61538461538461,26.0,True,True,Finished timed practice,W23_mid1,35.02673796791444,44.505494505494504,Middle half
W23,85,mid2,2023-03-16 14:00:47.437463,72.5,2,2,2,85.0,85.0,26.5,True,True,Finished timed practice,W23_mid2,58.602150537634415,78.4090909090909,Top quartile
W23,86,mid1,2023-02-09 15:01:07.731406,89.65517241379311,1,1,1,96.15384615384616,96.15384615384616,26.0,True,True,Finished timed practice,W23_mid1,80.4812834224599,93.95604395604396,Top quartile
W23,86,mid2,2023-03-16 12:50:55.517624,87.1875,1,1,1,96.96969696969697,96.96969696969697,33.0,True,True,Finished timed practice,W23_mid2,100.0,98.10606060606061,Top quartile
W23,87,mid1,2023-02-09 15:13:29.338766,38.557993730407524,1,1,1,57.89473684210527,57.89473684210527,19.0,True,True,Finished timed practice,W23_mid1,1.6042780748663104,3.296703296703297,Bottom quartile
W23,87,mid2,2023-03-20 00:03:31.785459,53.333333333333336,2,1,1,20.0,20.0,20.0,True,True,Finished timed practice,W23_mid2,10.75268817204301,2.272727272727273,Bottom quartile
W23,88,mid1,2023-02-09 15:01:08.458363,92.78996865203763,1,1,1,76.92307692307693,76.92307692307693,26.0,True,True,Finished timed practice,W23_mid1,90.64171122994652,24.175824175824175,Bottom quartile
W23,88,mid2,2023-03-16 14:00:27.410818,80.0,1,1,1,84.84848484848484,84.84848484848484,33.0,True,True,Finished timed practice,W23_mid2,87.09677419354838,76.51515151515152,Top quartile
W23,89,mid2,2023-03-16 14:00:15.679153,78.83333333333333,0,0,0,,,,False,False,No timed practice,W23_mid2,82.25806451612904,,
W23,90,mid1,2023-02-09 15:03:59.485282,79.3103448275862,0,0,0,,,,False,False,No timed practice,W23_mid1,41.711229946524064,,
W23,90,mid2,2023-03-16 14:00:01.141486,71.66666666666667,0,0,0,,,,False,False,No timed practice,W23_mid2,54.03225806451613,,
W23,92,mid1,2023-02-09 15:01:29.406909,86.20689655172413,1,1,1,76.15384615384616,76.15384615384616,26.0,True,True,Finished timed practice,W23_mid1,64.70588235294117,20.87912087912088,Bottom quartile
W23,92,mid2,2023-03-16 14:00:02.561180,76.66666666666667,1,1,1,60.0,60.0,20.0,True,True,Finished timed practice,W23_mid2,76.88172043010752,23.863636363636363,Bottom quartile
W23,93,mid1,2023-02-09 15:04:07.364636,48.589341692789965,0,0,0,,,,False,False,No timed practice,W23_mid1,4.27807486631016,,
W23,93,mid2,2023-03-16 06:43:42.818378,40.0,2,2,2,30.0,30.0,25.0,True,True,Finished timed practice,W23_mid2,3.494623655913978,4.924242424242424,Bottom quartile
W23,94,mid1,2023-02-09 15:01:31.798842,78.36990595611285,1,1,1,76.63043478260869,76.63043478260869,23.0,True,True,Finished timed practice,W23_mid1,34.22459893048128,21.978021978021978,Bottom quartile
W23,94,mid2,2023-03-16 14:01:05.286929,71.66666666666667,2,1,1,60.0,60.0,20.0,True,True,Finished timed practice,W23_mid2,54.03225806451613,23.863636363636363,Bottom quartile
W23,95,mid1,2023-02-09 15:01:33.622056,79.3103448275862,1,1,1,88.46153846153845,88.46153846153845,26.0,True,True,Finished timed practice,W23_mid1,41.711229946524064,60.98901098901099,Middle half
W23,95,mid2,2023-03-16 14:05:33.973199,50.66666666666666,3,3,3,93.93939393939394,93.93939393939394,33.0,True,True,Finished timed practice,W23_mid2,8.064516129032258,94.31818181818183,Top quartile
W23,96,mid1,2023-02-09 15:00:38.445447,88.71473354231975,1,0,0,,,,True,False,Started only,W23_mid1,70.05347593582889,,
W23,96,mid2,2023-03-16 13:30:55.599230,54.285714285714285,2,2,2,65.0,65.0,25.5,True,True,Finished timed practice,W23_mid2,12.903225806451612,32.196969696969695,Middle half
W23,97,mid1,2023-02-09 15:01:10.342581,75.70532915360502,1,1,1,62.5,62.5,25.0,True,True,Finished timed practice,W23_mid1,29.946524064171122,4.395604395604396,Bottom quartile
W23,97,mid2,2023-03-16 14:00:38.284725,60.0,2,2,2,48.38709677419355,48.38709677419355,25.5,True,True,Finished timed practice,W23_mid2,23.387096774193548,12.878787878787879,Bottom quartile
W23,98,mid1,2023-02-09 15:44:09.665320,54.294670846394986,1,0,0,,,,True,False,Started only,W23_mid1,8.02139037433155,,
W23,98,mid2,2023-03-16 17:49:31.606655,53.333333333333336,1,1,1,71.875,71.875,32.0,True,True,Finished timed practice,W23_mid2,10.75268817204301,49.621212121212125,Middle half
W23,99,mid1,2023-02-09 15:00:38.071996,63.322884012539184,1,1,1,55.65217391304348,55.65217391304348,23.0,True,True,Finished timed practice,W23_mid1,14.973262032085561,1.098901098901099,Bottom quartile
W23,100,mid1,2023-02-14 21:38:51.417076,50.0,0,0,0,,,,False,False,No timed practice,W23_mid1,4.81283422459893,,
W23,100,mid2,2023-03-15 23:29:23.925604,64.40104166666667,1,0,0,,,,True,False,Started only,W23_mid2,30.64516129032258,,
W23,101,mid1,2023-02-09 15:01:36.658736,89.65517241379311,1,0,0,,,,True,False,Started only,W23_mid1,80.4812834224599,,
W23,101,mid2,2023-03-16 14:00:47.460220,70.0,2,1,1,73.33333333333333,73.33333333333333,30.0,True,True,Finished timed practice,W23_mid2,50.0,52.27272727272727,Middle half
W23,102,mid1,2023-02-09 15:01:06.330274,62.695924764890286,0,0,0,,,,False,False,No timed practice,W23_mid1,14.43850267379679,,
W23,102,mid2,2023-03-15 18:10:54.292419,62.56410256410256,0,0,0,,,,False,False,No timed practice,W23_mid2,28.49462365591398,,
W23,103,mid1,2023-02-09 15:01:00.486112,77.99373040752351,0,0,0,,,,False,False,No timed practice,W23_mid1,33.68983957219251,,
W23,103,mid2,2023-03-16 14:01:06.910472,68.5,0,0,0,,,,False,False,No timed practice,W23_mid2,45.16129032258064,,
W23,104,mid1,2023-02-09 15:01:08.215700,71.72413793103448,1,0,0,,,,True,False,Started only,W23_mid1,22.459893048128343,,
W23,104,mid2,2023-03-16 14:00:30.125627,50.83333333333333,1,1,1,80.64516129032258,80.64516129032258,31.0,True,True,Finished timed practice,W23_mid2,8.60215053763441,71.96969696969697,Middle half
W23,105,mid1,2023-02-09 15:01:58.359138,81.19122257053291,1,1,1,80.76923076923077,80.76923076923077,26.0,True,True,Finished timed practice,W23_mid1,45.72192513368984,32.417582417582416,Middle half
W23,105,mid2,2023-03-16 14:45:53.298984,72.5,1,1,1,45.0,45.0,20.0,True,True,Finished timed practice,W23_mid2,58.602150537634415,11.363636363636363,Bottom quartile
W23,106,mid1,2023-02-09 15:00:45.123073,67.64890282131661,1,0,0,,,,True,False,Started only,W23_mid1,17.11229946524064,,
W23,106,mid2,2023-03-16 14:00:32.913986,56.666666666666664,2,2,2,65.0,65.0,26.0,True,True,Finished timed practice,W23_mid2,17.473118279569892,32.196969696969695,Middle half
W23,107,mid1,2023-02-09 15:00:53.687905,86.20689655172413,0,0,0,,,,False,False,No timed practice,W23_mid1,64.70588235294117,,
W23,107,mid2,2023-03-16 14:00:46.620894,65.83333333333333,1,1,1,65.0,65.0,20.0,True,True,Finished timed practice,W23_mid2,34.40860215053764,32.196969696969695,Middle half
W23,108,mid1,2023-02-09 15:18:10.460935,74.29467084639498,0,0,0,,,,False,False,No timed practice,W23_mid1,25.668449197860966,,
W23,108,mid2,2023-03-16 01:05:11.372273,80.55555555555556,2,1,1,70.70707070707071,70.70707070707071,33.0,True,True,Finished timed practice,W23_mid2,89.78494623655914,48.484848484848484,Middle half
W23,109,mid1,2023-02-09 15:00:38.368672,89.65517241379311,1,1,1,85.76923076923077,85.76923076923077,26.0,True,True,Finished timed practice,W23_mid1,80.4812834224599,48.35164835164835,Middle half
W23,109,mid2,2023-03-16 14:00:34.546140,66.72413793103449,0,0,0,,,,False,False,No timed practice,W23_mid2,43.01075268817204,,
W23,110,mid1,2023-02-09 15:01:24.184693,86.20689655172413,1,1,1,91.53846153846155,91.53846153846155,26.0,True,True,Finished timed practice,W23_mid1,64.70588235294117,68.68131868131869,Middle half
W23,110,mid2,2023-03-16 14:02:24.550139,72.5,0,0,0,,,,False,False,No timed practice,W23_mid2,58.602150537634415,,
W23,111,mid1,2023-02-09 15:01:47.670987,89.65517241379311,1,1,1,94.44444444444444,94.44444444444444,18.0,True,True,Finished timed practice,W23_mid1,80.4812834224599,81.31868131868131,Top quartile
W23,111,mid2,2023-03-16 14:00:42.551673,83.33333333333334,1,1,1,85.0,85.0,20.0,True,True,Finished timed practice,W23_mid2,95.6989247311828,78.4090909090909,Top quartile
W23,112,mid1,2023-02-09 15:00:52.427412,50.470219435736674,0,0,0,,,,False,False,No timed practice,W23_mid1,5.347593582887701,,
W23,112,mid2,2023-03-16 14:01:47.089706,54.666666666666664,2,2,2,59.375,59.375,26.5,True,True,Finished timed practice,W23_mid2,13.440860215053762,20.454545454545457,Bottom quartile
W23,113,mid1,2023-02-09 15:01:17.042785,79.3103448275862,0,0,0,,,,False,False,No timed practice,W23_mid1,41.711229946524064,,
W23,113,mid2,2023-03-16 14:00:33.325312,66.66666666666666,2,1,1,35.0,35.0,20.0,True,True,Finished timed practice,W23_mid2,39.784946236559136,6.8181818181818175,Bottom quartile
W23,114,mid1,2023-02-09 15:01:15.989825,77.39811912225704,1,0,0,,,,True,False,Started only,W23_mid1,32.0855614973262,,
W23,114,mid2,2023-03-16 14:00:00.037191,72.5,2,1,1,90.0,90.0,20.0,True,True,Finished timed practice,W23_mid2,58.602150537634415,86.74242424242425,Top quartile
W23,115,mid1,2023-02-09 15:00:34.208063,52.922077922077925,1,1,1,83.46153846153845,83.46153846153845,26.0,True,True,Finished timed practice,W23_mid1,6.951871657754011,35.16483516483517,Middle half
W23,115,mid2,2023-03-16 14:10:51.465094,36.666666666666664,0,0,0,,,,False,False,No timed practice,W23_mid2,1.6129032258064515,,
W23,117,mid1,2023-02-09 15:01:34.497492,28.526645768025084,2,0,0,,,,True,False,Started only,W23_mid1,0.53475935828877,,
W23,117,mid2,2023-03-19 17:49:39.034644,53.333333333333336,3,1,1,75.0,75.0,20.0,True,True,Finished timed practice,W23_mid2,10.75268817204301,57.95454545454546,Middle half
W23,118,mid1,2023-02-09 15:00:35.647509,89.02821316614421,1,1,1,73.07692307692307,73.07692307692307,26.0,True,True,Finished timed practice,W23_mid1,71.92513368983957,14.835164835164836,Bottom quartile
W23,118,mid2,2023-03-16 14:01:28.865284,73.33333333333333,1,0,0,,,,True,False,Started only,W23_mid2,64.78494623655914,,
W23,119,mid1,2023-02-09 15:04:00.855510,72.85714285714285,0,0,0,,,,False,False,No timed practice,W23_mid1,24.598930481283425,,
W23,119,mid2,2023-03-16 13:59:59.723511,74.16666666666667,2,1,1,50.0,50.0,20.0,True,True,Finished timed practice,W23_mid2,68.81720430107528,14.393939393939394,Bottom quartile
W23,120,mid1,2023-02-09 15:01:14.526441,77.64890282131663,1,1,1,84.23076923076923,84.23076923076923,26.0,True,True,Finished timed practice,W23_mid1,33.155080213903744,39.56043956043956,Middle half
W23,120,mid2,2023-03-16 01:52:04.241635,82.74647887323944,0,0,0,,,,False,False,No timed practice,W23_mid2,91.93548387096774,,
W23,121,mid1,2023-02-09 15:01:14.418967,75.86206896551724,1,1,1,95.38461538461539,95.38461538461539,26.0,True,True,Finished timed practice,W23_mid1,30.481283422459892,85.71428571428571,Top quartile
W23,121,mid2,2023-03-16 14:00:03.934115,65.83333333333333,2,2,2,80.20833333333334,80.20833333333334,26.0,True,True,Finished timed practice,W23_mid2,34.40860215053764,70.45454545454545,Middle half
W23,123,mid1,2023-02-09 15:01:10.844002,78.99686520376176,2,2,2,88.46153846153845,88.46153846153845,26.0,True,True,Finished timed practice,W23_mid1,39.3048128342246,60.98901098901099,Middle half
W23,123,mid2,2023-03-16 04:15:41.334801,66.66666666666666,1,1,1,65.0,65.0,20.0,True,True,Finished timed practice,W23_mid2,39.784946236559136,32.196969696969695,Middle half
W23,124,mid1,2023-02-09 15:01:59.010795,82.75862068965517,1,0,0,,,,True,False,Started only,W23_mid1,51.60427807486631,,
W23,124,mid2,2023-03-16 14:00:35.160728,75.83333333333333,1,1,1,60.0,60.0,20.0,True,True,Finished timed practice,W23_mid2,72.04301075268818,23.863636363636363,Bottom quartile
W23,125,mid1,2023-02-09 15:00:56.963588,88.96551724137932,1,0,0,,,,True,False,Started only,W23_mid1,70.58823529411765,,
W23,125,mid2,2023-03-16 14:09:36.098354,66.66666666666666,1,1,1,65.0,65.0,20.0,True,True,Finished timed practice,W23_mid2,39.784946236559136,32.196969696969695,Middle half
W23,126,mid1,2023-02-09 15:00:49.872536,89.65517241379311,0,0,0,,,,False,False,No timed practice,W23_mid1,80.4812834224599,,
W23,126,mid2,2023-03-16 14:00:01.333688,73.33333333333333,1,1,1,70.0,70.0,20.0,True,True,Finished timed practice,W23_mid2,64.78494623655914,43.56060606060606,Middle half
W23,128,mid1,2023-02-09 15:01:30.172375,92.47648902821317,2,2,2,92.3076923076923,92.3076923076923,26.0,True,True,Finished timed practice,W23_mid1,88.77005347593582,75.27472527472527,Top quartile
W23,128,mid2,2023-03-16 14:00:25.790219,75.0,1,1,1,70.0,70.0,20.0,True,True,Finished timed practice,W23_mid2,69.89247311827957,43.56060606060606,Middle half
W23,129,mid1,2023-02-09 15:01:02.979581,89.65517241379311,1,1,1,75.0,75.0,26.0,True,True,Finished timed practice,W23_mid1,80.4812834224599,17.032967032967033,Bottom quartile
W23,129,mid2,2023-03-16 14:00:28.015524,72.5,2,2,2,65.45454545454545,65.45454545454545,26.5,True,True,Finished timed practice,W23_mid2,58.602150537634415,35.60606060606061,Middle half
W23,130,mid1,2023-02-09 15:03:54.796483,72.41379310344827,1,1,1,96.15384615384616,96.15384615384616,26.0,True,True,Finished timed practice,W23_mid1,23.262032085561497,93.95604395604396,Top quartile
W23,130,mid2,2023-03-16 14:00:55.849725,73.33333333333333,1,1,1,65.0,65.0,20.0,True,True,Finished timed practice,W23_mid2,64.78494623655914,32.196969696969695,Middle half
W23,131,mid1,2023-02-09 15:05:23.087192,79.3103448275862,0,0,0,,,,False,False,No timed practice,W23_mid1,41.711229946524064,,
W23,131,mid2,2023-03-16 14:01:50.743406,66.66666666666666,0,0,0,,,,False,False,No timed practice,W23_mid2,39.784946236559136,,
W23,132,mid1,2023-02-09 15:06:23.777995,77.4294670846395,0,0,0,,,,False,False,No timed practice,W23_mid1,32.62032085561498,,
W23,132,mid2,2023-03-16 14:04:53.024872,70.0,1,1,1,60.0,60.0,20.0,True,True,Finished timed practice,W23_mid2,50.0,23.863636363636363,Bottom quartile
W23,133,mid1,2023-02-09 15:00:41.425594,92.47648902821317,1,1,1,77.01923076923076,77.01923076923076,26.0,True,True,Finished timed practice,W23_mid1,88.77005347593582,25.274725274725274,Middle half
W23,133,mid2,2023-03-15 17:47:20.773803,79.22535211267606,1,1,1,70.0,70.0,20.0,True,True,Finished timed practice,W23_mid2,83.87096774193549,43.56060606060606,Middle half
W23,134,mid1,2023-02-09 15:01:08.233665,89.65517241379311,0,0,0,,,,False,False,No timed practice,W23_mid1,80.4812834224599,,
W23,134,mid2,2023-03-16 14:00:36.149250,80.0,1,1,1,70.0,70.0,20.0,True,True,Finished timed practice,W23_mid2,87.09677419354838,43.56060606060606,Middle half
W23,135,mid1,2023-02-09 15:00:39.979234,81.19122257053291,1,1,1,92.3076923076923,92.3076923076923,26.0,True,True,Finished timed practice,W23_mid1,45.72192513368984,75.27472527472527,Top quartile
W23,135,mid2,2023-03-16 14:00:29.386741,72.5,2,2,2,75.0,75.0,25.0,True,True,Finished timed practice,W23_mid2,58.602150537634415,57.95454545454546,Middle half
W23,136,mid1,2023-02-09 15:02:49.963141,88.99686520376176,1,1,1,96.15384615384616,96.15384615384616,26.0,True,True,Finished timed practice,W23_mid1,71.12299465240642,93.95604395604396,Top quartile
W23,136,mid2,2023-03-16 14:00:42.418345,76.66666666666667,2,2,2,96.96969696969697,96.96969696969697,26.5,True,True,Finished timed practice,W23_mid2,76.88172043010752,98.10606060606061,Top quartile
W23,137,mid1,2023-02-09 15:00:46.027822,92.67241379310344,0,0,0,,,,False,False,No timed practice,W23_mid1,89.83957219251337,,
W23,137,mid2,2023-03-16 14:01:01.898148,73.33333333333333,1,1,1,80.0,80.0,20.0,True,True,Finished timed practice,W23_mid2,64.78494623655914,67.8030303030303,Middle half
W23,138,mid1,2023-02-09 15:00:43.126098,82.75862068965517,0,0,0,,,,False,False,No timed practice,W23_mid1,51.60427807486631,,
W23,138,mid2,2023-03-16 14:00:07.302240,73.16666666666667,1,1,1,65.0,65.0,20.0,True,True,Finished timed practice,W23_mid2,61.82795698924731,32.196969696969695,Middle half
W23,140,mid1,2023-02-09 15:03:56.836604,56.46551724137932,1,0,0,,,,True,False,Started only,W23_mid1,9.62566844919786,,
W23,140,mid2,2023-03-16 14:02:02.271199,69.85576923076924,1,0,0,,,,True,False,Started only,W23_mid2,48.38709677419355,,
W23,141,mid1,2023-02-09 15:00:59.912108,75.23510971786834,0,0,0,,,,False,False,No timed practice,W23_mid1,27.27272727272727,,
W23,141,mid2,2023-03-16 14:00:31.175612,66.66666666666666,1,0,0,,,,True,False,Started only,W23_mid2,39.784946236559136,,
W23,142,mid1,2023-02-09 15:01:25.968814,82.75862068965517,2,1,1,88.46153846153845,88.46153846153845,26.0,True,True,Finished timed practice,W23_mid1,51.60427807486631,60.98901098901099,Middle half
W23,142,mid2,2023-03-16 14:00:40.158121,73.33333333333333,1,1,1,55.00000000000001,55.00000000000001,20.0,True,True,Finished timed practice,W23_mid2,64.78494623655914,17.803030303030305,Bottom quartile
W23,144,mid1,2023-02-09 15:00:44.924875,75.43103448275862,2,2,2,72.3076923076923,72.3076923076923,26.0,True,True,Finished timed practice,W23_mid1,28.342245989304814,10.989010989010989,Bottom quartile
W23,144,mid2,2023-03-16 13:54:45.844468,55.57142857142857,1,1,1,43.43434343434344,43.43434343434344,33.0,True,True,Finished timed practice,W23_mid2,15.053763440860216,9.848484848484848,Bottom quartile
W23,145,mid1,2023-02-09 15:01:19.748891,62.06896551724138,1,1,1,70.83333333333334,70.83333333333334,24.0,True,True,Finished timed practice,W23_mid1,13.636363636363635,8.791208791208792,Bottom quartile
W23,145,mid2,2023-03-16 14:01:39.137353,35.833333333333336,2,2,2,96.875,96.875,26.0,True,True,Finished timed practice,W23_mid2,1.0752688172043012,95.45454545454545,Top quartile
W23,146,mid1,2023-02-09 15:00:56.233313,86.20689655172413,1,0,0,,,,True,False,Started only,W23_mid1,64.70588235294117,,
W23,146,mid2,2023-03-16 14:00:37.704628,72.5,2,0,0,,,,True,False,Started only,W23_mid2,58.602150537634415,,
W23,147,mid1,2023-02-09 15:01:21.868977,78.9655172413793,1,1,1,75.0,75.0,26.0,True,True,Finished timed practice,W23_mid1,38.23529411764706,17.032967032967033,Bottom quartile
W23,147,mid2,2023-03-16 14:00:29.794986,65.83333333333333,2,1,1,69.4949494949495,69.4949494949495,33.0,True,True,Finished timed practice,W23_mid2,34.40860215053764,38.63636363636363,Middle half
W23,149,mid1,2023-02-09 15:00:40.271725,85.57993730407524,1,0,0,,,,True,False,Started only,W23_mid1,59.62566844919787,,
W23,149,mid2,2023-03-16 14:00:31.088464,75.83333333333333,1,1,1,75.75757575757575,75.75757575757575,33.0,True,True,Finished timed practice,W23_mid2,72.04301075268818,63.63636363636363,Middle half
W23,151,mid1,2023-02-09 21:22:25.805166,85.51724137931035,1,0,0,,,,True,False,Started only,W23_mid1,58.02139037433155,,
W23,151,mid2,2023-03-16 20:12:10.874362,76.66666666666667,2,0,0,,,,True,False,Started only,W23_mid2,76.88172043010752,,
W23,152,mid1,2023-02-09 15:01:31.604026,89.65517241379311,0,0,0,,,,False,False,No timed practice,W23_mid1,80.4812834224599,,
W23,152,mid2,2023-03-16 13:13:20.580916,83.06451612903226,2,2,2,87.87878787878788,87.87878787878788,26.5,True,True,Finished timed practice,W23_mid2,92.47311827956989,82.57575757575758,Top quartile
W23,153,mid1,2023-02-09 15:01:05.968860,89.65517241379311,1,0,0,,,,True,False,Started only,W23_mid1,80.4812834224599,,
W23,153,mid2,2023-03-16 14:00:36.497325,79.16666666666666,3,1,1,20.0,20.0,20.0,True,True,Finished timed practice,W23_mid2,83.06451612903226,2.272727272727273,Bottom quartile
W23,154,mid1,2023-02-09 15:02:55.039055,85.86206896551724,1,1,1,93.10344827586206,93.10344827586206,29.0,True,True,Finished timed practice,W23_mid1,60.42780748663101,79.12087912087912,Top quartile
W23,154,mid2,2023-03-16 14:01:22.068950,76.66666666666667,0,0,0,,,,False,False,No timed practice,W23_mid2,76.88172043010752,,
W23,155,mid1,2023-02-09 15:01:15.554281,76.50470219435736,1,1,1,57.60000000000001,57.60000000000001,25.0,True,True,Finished timed practice,W23_mid1,31.016042780748666,2.197802197802198,Bottom quartile
W23,155,mid2,2023-03-16 14:00:26.873856,56.666666666666664,2,0,0,,,,True,False,Started only,W23_mid2,17.473118279569892,,
W23,156,mid1,2023-02-09 15:01:10.651336,88.68338557993731,2,2,2,95.0,95.0,23.0,True,True,Finished timed practice,W23_mid1,69.5187165775401,84.06593406593407,Top quartile
W23,156,mid2,2023-03-16 03:08:21.065387,86.3013698630137,1,1,1,75.0,75.0,20.0,True,True,Finished timed practice,W23_mid2,99.46236559139786,57.95454545454546,Middle half
W23,157,mid1,2023-02-09 15:00:57.550897,93.10344827586206,1,1,1,84.61538461538461,84.61538461538461,26.0,True,True,Finished timed practice,W23_mid1,95.98930481283422,44.505494505494504,Middle half
W23,157,mid2,2023-03-16 14:00:42.654953,72.5,1,1,1,81.55172413793103,81.55172413793103,58.0,True,True,Finished timed practice,W23_mid2,58.602150537634415,74.24242424242425,Middle half
W23,158,mid1,2023-02-09 15:01:42.351536,82.75862068965517,1,1,1,83.07692307692308,83.07692307692308,26.0,True,True,Finished timed practice,W23_mid1,51.60427807486631,34.065934065934066,Middle half
W23,158,mid2,2023-03-16 14:00:14.097387,75.83333333333333,1,1,1,80.0,80.0,20.0,True,True,Finished timed practice,W23_mid2,72.04301075268818,67.8030303030303,Middle half
W23,159,mid1,2023-02-09 17:20:16.065315,78.68338557993731,0,0,0,,,,False,False,No timed practice,W23_mid1,36.096256684491976,,
W23,159,mid2,2023-03-14 12:03:10.835769,73.33333333333333,0,0,0,,,,False,False,No timed practice,W23_mid2,64.78494623655914,,
W23,160,mid1,2023-02-09 15:03:58.393940,92.78996865203763,1,0,0,,,,True,False,Started only,W23_mid1,90.64171122994652,,
W23,160,mid2,2023-03-16 04:24:48.753973,72.3404255319149,2,2,2,75.75757575757575,75.75757575757575,26.5,True,True,Finished timed practice,W23_mid2,55.376344086021504,63.63636363636363,Middle half
W23,161,mid1,2023-02-09 15:01:01.441634,78.68338557993731,1,1,1,76.8,76.8,25.0,True,True,Finished timed practice,W23_mid1,36.096256684491976,23.076923076923077,Bottom quartile
W23,161,mid2,2023-03-16 03:42:14.251295,66.66666666666666,2,2,2,72.62626262626262,72.62626262626262,26.5,True,True,Finished timed practice,W23_mid2,39.784946236559136,50.75757575757576,Middle half
W23,162,mid1,2023-02-09 15:01:37.097755,86.20689655172413,1,1,1,87.6923076923077,87.6923076923077,26.0,True,True,Finished timed practice,W23_mid1,64.70588235294117,51.64835164835166,Middle half
W23,162,mid2,2023-03-16 14:01:00.963565,83.33333333333334,2,1,1,75.0,75.0,20.0,True,True,Finished timed practice,W23_mid2,95.6989247311828,57.95454545454546,Middle half
W23,163,mid1,2023-02-09 15:00:37.972462,58.68338557993731,1,1,1,67.70833333333334,67.70833333333334,24.0,True,True,Finished timed practice,W23_mid1,10.695187165775401,7.6923076923076925,Bottom quartile
W23,163,mid2,2023-03-16 14:00:42.654270,53.333333333333336,2,2,2,66.66666666666666,66.66666666666666,25.0,True,True,Finished timed practice,W23_mid2,10.75268817204301,37.878787878787875,Middle half
W23,165,mid1,2023-02-09 15:01:16.172977,65.51724137931035,0,0,0,,,,False,False,No timed practice,W23_mid1,15.508021390374333,,
W23,165,mid2,2023-03-16 05:50:48.302061,78.43915343915344,1,1,1,35.0,35.0,20.0,True,True,Finished timed practice,W23_mid2,81.18279569892472,6.8181818181818175,Bottom quartile
W23,166,mid1,2023-02-09 15:00:52.332994,68.96551724137932,0,0,0,,,,False,False,No timed practice,W23_mid1,19.25133689839572,,
W23,166,mid2,2023-03-16 14:00:07.580983,59.166666666666664,1,0,0,,,,True,False,Started only,W23_mid2,21.236559139784948,,
W23,167,mid1,2023-02-09 15:04:21.811923,89.65517241379311,1,1,1,80.38461538461537,80.38461538461537,26.0,True,True,Finished timed practice,W23_mid1,80.4812834224599,30.76923076923077,Middle half
W23,167,mid2,2023-03-16 04:23:07.200176,45.0,2,1,1,66.06060606060606,66.06060606060606,33.0,True,True,Finished timed practice,W23_mid2,5.913978494623656,37.121212121212125,Middle half
W23,168,mid1,2023-02-09 15:00:52.749843,68.96551724137932,0,0,0,,,,False,False,No timed practice,W23_mid1,19.25133689839572,,
W23,168,mid2,2023-03-16 12:56:43.885672,54.6875,0,0,0,,,,False,False,No timed practice,W23_mid2,13.978494623655912,,
W23,169,mid1,2023-02-09 15:00:46.200025,85.17241379310344,1,1,1,92.3076923076923,92.3076923076923,26.0,True,True,Finished timed practice,W23_mid1,56.951871657754005,75.27472527472527,Top quartile
W23,169,mid2,2023-03-16 01:18:19.542002,80.9375,1,0,0,,,,True,False,Started only,W23_mid2,90.86021505376344,,
W23,170,mid1,2023-02-09 15:01:09.500631,81.09717868338558,1,1,1,84.61538461538461,84.61538461538461,26.0,True,True,Finished timed practice,W23_mid1,44.919786096256686,44.505494505494504,Middle half
W23,170,mid2,2023-03-16 02:16:29.086882,55.675675675675684,2,1,1,90.0,90.0,20.0,True,True,Finished timed practice,W23_mid2,15.591397849462366,86.74242424242425,Top quartile
W23,171,mid1,2023-02-09 15:00:55.075812,89.65517241379311,1,1,1,73.07692307692307,73.07692307692307,26.0,True,True,Finished timed practice,W23_mid1,80.4812834224599,14.835164835164836,Bottom quartile
W23,171,mid2,2023-03-16 14:00:06.763545,73.33333333333333,0,0,0,,,,False,False,No timed practice,W23_mid2,64.78494623655914,,
W23,172,mid1,2023-02-09 15:02:33.711722,93.10344827586206,0,0,0,,,,False,False,No timed practice,W23_mid1,95.98930481283422,,
W23,172,mid2,2023-03-16 02:59:23.438782,85.9375,1,0,0,,,,True,False,Started only,W23_mid2,98.9247311827957,,
W23,173,mid1,2023-02-09 15:01:24.336092,92.47648902821317,1,1,1,91.53846153846155,91.53846153846155,26.0,True,True,Finished timed practice,W23_mid1,88.77005347593582,68.68131868131869,Middle half
W23,173,mid2,2023-03-16 14:00:18.832940,65.83333333333333,0,0,0,,,,False,False,No timed practice,W23_mid2,34.40860215053764,,
W23,174,mid1,2023-02-09 15:00:58.179556,66.58307210031347,1,0,0,,,,True,False,Started only,W23_mid1,16.0427807486631,,
W23,174,mid2,2023-03-16 14:00:00.360052,66.66666666666666,2,2,2,50.0,50.0,26.0,True,True,Finished timed practice,W23_mid2,39.784946236559136,14.393939393939394,Bottom quartile
W23,175,mid1,2023-02-09 15:01:13.425830,93.10344827586206,0,0,0,,,,False,False,No timed practice,W23_mid1,95.98930481283422,,
W23,175,mid2,2023-03-16 14:01:34.853831,83.33333333333334,1,1,1,63.1578947368421,63.1578947368421,19.0,True,True,Finished timed practice,W23_mid2,95.6989247311828,28.030303030303028,Middle half
W23,176,mid1,2023-02-09 15:00:57.627302,93.10344827586206,0,0,0,,,,False,False,No timed practice,W23_mid1,95.98930481283422,,
W23,176,mid2,2023-03-16 14:00:06.842516,70.0,1,1,1,75.0,75.0,20.0,True,True,Finished timed practice,W23_mid2,50.0,57.95454545454546,Middle half
W23,177,mid1,2023-02-09 15:01:05.510668,86.20689655172413,0,0,0,,,,False,False,No timed practice,W23_mid1,64.70588235294117,,
W23,177,mid2,2023-03-16 14:01:31.885651,79.16666666666666,1,1,1,60.0,60.0,20.0,True,True,Finished timed practice,W23_mid2,83.06451612903226,23.863636363636363,Bottom quartile
W23,178,mid1,2023-02-09 15:01:42.218861,68.3385579937304,0,0,0,,,,False,False,No timed practice,W23_mid1,17.914438502673796,,
W23,178,mid2,2023-03-16 14:01:35.240366,55.833333333333336,1,1,1,55.00000000000001,55.00000000000001,20.0,True,True,Finished timed practice,W23_mid2,16.129032258064516,17.803030303030305,Bottom quartile
W23,179,mid1,2023-02-09 15:00:34.982370,82.75862068965517,0,0,0,,,,False,False,No timed practice,W23_mid1,51.60427807486631,,
W23,179,mid2,2023-03-16 14:00:03.103479,76.66666666666667,1,1,1,70.0,70.0,20.0,True,True,Finished timed practice,W23_mid2,76.88172043010752,43.56060606060606,Middle half
W23,180,mid1,2023-02-09 15:01:22.529721,85.8934169278997,0,0,0,,,,False,False,No timed practice,W23_mid1,60.962566844919785,,
W23,181,mid1,2023-02-09 15:01:26.567945,88.62068965517241,0,0,0,,,,False,False,No timed practice,W23_mid1,68.98395721925134,,
W23,182,mid1,2023-02-09 20:13:08.660197,44.827586206896555,1,0,0,,,,True,False,Started only,W23_mid1,3.2085561497326207,,
W23,182,mid2,2023-03-16 20:10:00.749727,43.333333333333336,0,0,0,,,,False,False,No timed practice,W23_mid2,5.10752688172043,,
W23,184,mid1,2023-02-09 15:01:35.348262,72.45297805642633,0,0,0,,,,False,False,No timed practice,W23_mid1,24.06417112299465,,
W23,184,mid2,2023-03-15 22:00:36.830800,39.0625,0,0,0,,,,False,False,No timed practice,W23_mid2,2.6881720430107525,,
W23,186,mid1,2023-02-09 15:04:25.457507,89.65517241379311,1,1,1,88.0,88.0,25.0,True,True,Finished timed practice,W23_mid1,80.4812834224599,54.395604395604394,Middle half
W23,186,mid2,2023-03-16 14:00:26.069034,76.66666666666667,2,2,2,80.0,80.0,26.0,True,True,Finished timed practice,W23_mid2,76.88172043010752,67.8030303030303,Middle half
W23,188,mid1,2023-02-09 15:04:04.246273,78.87931034482759,1,1,1,72.0,72.0,25.0,True,True,Finished timed practice,W23_mid1,37.16577540106952,9.89010989010989,Bottom quartile
W23,188,mid2,2023-03-19 21:54:06.259732,60.0,1,0,0,,,,True,False,Started only,W23_mid2,23.387096774193548,,
W23,189,mid1,2023-02-09 15:00:58.716954,71.15987460815047,1,1,1,88.46153846153845,88.46153846153845,26.0,True,True,Finished timed practice,W23_mid1,21.12299465240642,60.98901098901099,Middle half
W23,189,mid2,2023-03-15 18:06:04.600691,66.61970292704237,0,0,0,,,,False,False,No timed practice,W23_mid2,36.55913978494624,,
W23,190,mid1,2023-02-09 15:01:19.267676,89.65517241379311,1,1,1,84.61538461538461,84.61538461538461,26.0,True,True,Finished timed practice,W23_mid1,80.4812834224599,44.505494505494504,Middle half
W23,190,mid2,2023-03-16 14:00:36.589524,78.33333333333333,2,2,2,87.87878787878788,87.87878787878788,26.5,True,True,Finished timed practice,W23_mid2,80.64516129032258,82.57575757575758,Top quartile
W23,192,mid1,2023-02-09 15:01:26.568551,31.34796238244514,0,0,0,,,,False,False,No timed practice,W23_mid1,1.06951871657754,,
W23,192,mid2,2023-03-16 14:00:16.086429,30.0,1,1,1,90.0,90.0,20.0,True,True,Finished timed practice,W23_mid2,0.5376344086021506,86.74242424242425,Top quartile
W23,193,mid1,2023-02-09 15:01:30.735910,78.9655172413793,0,0,0,,,,False,False,No timed practice,W23_mid1,38.23529411764706,,
W23,193,mid2,2023-03-16 14:01:01.843400,66.66666666666666,2,1,0,,,,True,True,Finished timed practice,W23_mid2,39.784946236559136,,
W23,194,mid1,2023-02-09 15:01:17.472997,82.75862068965517,2,1,1,66.92307692307692,66.92307692307692,26.0,True,True,Finished timed practice,W23_mid1,51.60427807486631,6.593406593406594,Bottom quartile
W23,194,mid2,2023-03-16 14:00:24.367179,67.83333333333333,2,1,1,70.0,70.0,20.0,True,True,Finished timed practice,W23_mid2,44.086021505376344,43.56060606060606,Middle half
W23,195,mid1,2023-02-09 15:01:26.105238,93.10344827586206,1,1,1,75.09615384615384,75.09615384615384,26.0,True,True,Finished timed practice,W23_mid1,95.98930481283422,18.681318681318682,Bottom quartile
W23,195,mid2,2023-03-16 14:01:54.261995,68.66666666666667,1,1,1,70.0,70.0,20.0,True,True,Finished timed practice,W23_mid2,45.69892473118279,43.56060606060606,Middle half
W23,196,mid2,2023-03-16 13:59:50.263863,61.66666666666667,2,2,2,80.3030303030303,80.3030303030303,26.5,True,True,Finished timed practice,W23_mid2,27.1505376344086,71.21212121212122,Middle half
W23,197,mid1,2023-02-09 15:00:51.207918,85.54858934169279,1,1,1,88.46153846153845,88.46153846153845,26.0,True,True,Finished timed practice,W23_mid1,58.82352941176471,60.98901098901099,Middle half
W23,197,mid2,2023-03-16 14:00:40.585163,70.0,1,1,1,75.0,75.0,20.0,True,True,Finished timed practice,W23_mid2,50.0,57.95454545454546,Middle half
W23,198,mid1,2023-02-09 15:01:23.054146,42.006269592476485,1,0,0,,,,True,False,Started only,W23_mid1,2.13903743315508,,
W23,198,mid2,2023-03-16 00:15:12.844941,60.60606060606061,1,1,1,20.0,20.0,20.0,True,True,Finished timed practice,W23_mid2,25.268817204301076,2.272727272727273,Bottom quartile
W23,199,mid1,2023-02-09 15:01:28.608787,89.65517241379311,1,1,1,83.84615384615385,83.84615384615385,26.0,True,True,Finished timed practice,W23_mid1,80.4812834224599,36.81318681318682,Middle half
W23,199,mid2,2023-03-16 14:01:13.427581,62.5,1,1,1,81.26712328767124,81.26712328767124,73.0,True,True,Finished timed practice,W23_mid2,27.956989247311824,73.48484848484848,Middle half
W23,200,mid1,2023-02-09 15:01:10.195587,93.10344827586206,1,1,1,72.6086956521739,72.6086956521739,23.0,True,True,Finished timed practice,W23_mid1,95.98930481283422,12.087912087912088,Bottom quartile
W23,201,mid1,2023-02-09 15:01:19.896348,89.65517241379311,2,0,0,,,,True,False,Started only,W23_mid1,80.4812834224599,,
W23,201,mid2,2023-03-16 14:00:43.341324,76.66666666666667,2,2,2,96.96969696969697,96.96969696969697,26.5,True,True,Finished timed practice,W23_mid2,76.88172043010752,98.10606060606061,Top quartile
W23,202,mid1,2023-02-09 15:01:31.323379,86.20689655172413,0,0,0,,,,False,False,No timed practice,W23_mid1,64.70588235294117,,
W23,202,mid2,2023-03-16 14:01:20.155375,69.16666666666667,0,0,0,,,,False,False,No timed practice,W23_mid2,46.774193548387096,,
W23,205,mid1,2023-02-09 15:01:33.904512,89.65517241379311,1,0,0,,,,True,False,Started only,W23_mid1,80.4812834224599,,
W23,205,mid2,2023-03-16 14:00:48.639260,69.16666666666667,1,0,0,,,,True,False,Started only,W23_mid2,46.774193548387096,,
W23,208,mid1,2023-02-09 15:01:33.411049,71.15987460815047,1,0,0,,,,True,False,Started only,W23_mid1,21.12299465240642,,
W23,208,mid2,2023-03-16 07:17:38.735247,70.76923076923077,2,1,1,50.0,50.0,26.0,True,True,Finished timed practice,W23_mid2,51.61290322580645,14.393939393939394,Bottom quartile
W23,209,mid1,2023-02-09 18:16:52.245976,83.79310344827586,1,1,1,88.46153846153845,88.46153846153845,26.0,True,True,Finished timed practice,W23_mid1,55.61497326203209,60.98901098901099,Middle half
W23,209,mid2,2023-03-16 15:36:56.289739,74.66666666666666,1,1,1,79.24528301886792,79.24528301886792,53.0,True,True,Finished timed practice,W23_mid2,69.35483870967742,65.15151515151516,Middle half
W23,210,mid1,2023-02-11 22:32:52.775561,61.09717868338558,0,0,0,,,,False,False,No timed practice,W23_mid1,11.76470588235294,,
W23,210,mid2,2023-03-16 14:00:31.741787,66.66666666666666,2,1,1,45.0,45.0,20.0,True,True,Finished timed practice,W23_mid2,39.784946236559136,11.363636363636363,Bottom quartile
W23,211,mid1,2023-02-09 15:01:22.489925,89.65517241379311,1,1,1,96.15384615384616,96.15384615384616,26.0,True,True,Finished timed practice,W23_mid1,80.4812834224599,93.95604395604396,Top quartile
W23,211,mid2,2023-03-16 14:01:48.981546,80.0,2,2,2,85.75757575757575,85.75757575757575,26.5,True,True,Finished timed practice,W23_mid2,87.09677419354838,80.3030303030303,Top quartile
W23,213,mid1,2023-02-13 21:10:19.293640,62.06896551724138,0,0,0,,,,False,False,No timed practice,W23_mid1,13.636363636363635,,
W23,213,mid2,2023-03-16 14:00:49.141747,51.66666666666667,1,1,1,90.0,90.0,20.0,True,True,Finished timed practice,W23_mid2,9.13978494623656,86.74242424242425,Top quartile
W24,1,mid1,2024-02-15 15:00:56.514151,86.20689655172413,1,1,1,96.15384615384616,96.15384615384616,26.0,True,True,Finished timed practice,W24_mid1,92.62295081967213,97.61904761904762,Top quartile
W24,1,mid2,2024-03-14 14:00:21.669504,80.0,1,1,1,88.38383838383838,88.38383838383838,33.0,True,True,Finished timed practice,W24_mid2,98.90710382513662,91.04477611940298,Top quartile
W24,2,mid1,2024-02-15 15:01:10.090044,65.77586206896552,1,0,0,,,,True,False,Started only,W24_mid1,40.43715846994536,,
W24,2,mid2,2024-03-14 14:00:34.245215,58.333333333333336,1,1,1,79.3103448275862,79.3103448275862,29.0,True,True,Finished timed practice,W24_mid2,40.16393442622951,74.6268656716418,Middle half
W24,3,mid1,2024-02-15 15:04:37.123448,82.75862068965517,0,0,0,,,,False,False,No timed practice,W24_mid1,81.4207650273224,,
W24,4,mid1,2024-02-15 15:01:06.304074,69.6551724137931,3,1,1,88.46153846153845,88.46153846153845,26.0,True,True,Finished timed practice,W24_mid1,51.36612021857923,81.9047619047619,Top quartile
W24,4,mid2,2024-03-14 14:04:50.120718,70.0,1,1,1,55.55555555555556,55.55555555555556,27.0,True,True,Finished timed practice,W24_mid2,78.14207650273224,21.641791044776117,Bottom quartile
W24,5,mid1,2024-02-15 15:01:22.141385,77.59404388714735,0,0,0,,,,False,False,No timed practice,W24_mid1,66.66666666666666,,
W24,5,mid2,2024-03-14 15:34:47.569119,65.33333333333334,0,0,0,,,,False,False,No timed practice,W24_mid2,62.02185792349727,,
W24,6,mid1,2024-02-15 15:01:22.342471,43.79310344827586,1,1,1,28.57142857142857,28.57142857142857,21.0,True,True,Finished timed practice,W24_mid1,9.562841530054644,0.9523809523809524,Bottom quartile
W24,6,mid2,2024-03-14 14:08:16.286819,56.666666666666664,1,0,0,,,,True,False,Started only,W24_mid2,36.885245901639344,,
W24,7,mid1,2024-02-15 15:01:28.308276,75.86206896551724,0,0,0,,,,False,False,No timed practice,W24_mid1,63.387978142076506,,
W24,7,mid2,2024-03-14 14:03:01.219259,69.66666666666667,0,0,0,,,,False,False,No timed practice,W24_mid2,74.31693989071039,,
W24,8,mid1,2024-02-15 15:09:10.720370,81.72413793103448,2,2,2,87.6923076923077,87.6923076923077,25.0,True,True,Finished timed practice,W24_mid1,74.86338797814209,76.19047619047619,Top quartile
W24,8,mid2,2024-03-14 14:03:03.453559,76.66666666666667,1,0,0,,,,True,False,Started only,W24_mid2,94.26229508196722,,
W24,9,mid1,2024-02-15 15:00:56.147771,86.20689655172413,1,1,1,88.07692307692308,88.07692307692308,26.0,True,True,Finished timed practice,W24_mid1,92.62295081967213,77.61904761904762,Top quartile
W24,9,mid2,2024-03-14 14:00:25.643326,76.33333333333333,1,1,1,75.75757575757575,75.75757575757575,33.0,True,True,Finished timed practice,W24_mid2,91.53005464480874,62.68656716417911,Middle half
W24,10,mid1,2024-02-15 15:01:41.179996,71.0423197492163,2,2,2,96.15384615384616,96.15384615384616,26.0,True,True,Finished timed practice,W24_mid1,55.19125683060109,97.61904761904762,Top quartile
W24,10,mid2,2024-03-14 14:00:44.536097,79.66666666666666,0,0,0,,,,False,False,No timed practice,W24_mid2,97.54098360655738,,
W24,11,mid1,2024-02-15 15:01:12.089300,68.96551724137932,2,1,1,69.23076923076923,69.23076923076923,26.0,True,True,Finished timed practice,W24_mid1,48.08743169398907,25.238095238095237,Middle half
W24,11,mid2,2024-03-14 14:00:36.308463,46.666666666666664,2,2,2,63.63636363636363,63.63636363636363,30.0,True,True,Finished timed practice,W24_mid2,15.846994535519126,41.7910447761194,Middle half
W24,12,mid1,2024-02-15 15:00:59.820777,52.672413793103445,2,2,2,84.61538461538461,84.61538461538461,25.5,True,True,Finished timed practice,W24_mid1,18.579234972677597,66.19047619047619,Middle half
W24,13,mid1,2024-02-15 15:00:51.474182,86.20689655172413,0,0,0,,,,False,False,No timed practice,W24_mid1,92.62295081967213,,
W24,13,mid2,2024-03-14 14:00:23.760634,64.33333333333333,0,0,0,,,,False,False,No timed practice,W24_mid2,58.19672131147541,,
W24,14,mid1,2024-02-15 14:39:10.138366,55.172413793103445,0,0,0,,,,False,False,No timed practice,W24_mid1,22.6775956284153,,
W24,14,mid2,2024-03-14 14:00:44.600200,33.666666666666664,0,0,0,,,,False,False,No timed practice,W24_mid2,6.0109289617486334,,
W24,15,mid1,2024-02-15 15:01:04.298930,86.20689655172413,1,1,1,80.76923076923077,80.76923076923077,26.0,True,True,Finished timed practice,W24_mid1,92.62295081967213,52.85714285714286,Middle half
W24,15,mid2,2024-03-14 14:01:18.583561,71.66666666666667,1,1,1,62.27272727272728,62.27272727272728,33.0,True,True,Finished timed practice,W24_mid2,80.87431693989072,34.32835820895522,Middle half
W24,16,mid1,2024-02-15 15:02:45.663859,33.44827586206897,3,1,1,74.40476190476191,74.40476190476191,21.0,True,True,Finished timed practice,W24_mid1,3.278688524590164,35.23809523809524,Middle half
W24,16,mid2,2024-03-14 14:00:51.397924,38.333333333333336,2,1,1,12.0,12.0,25.0,True,True,Finished timed practice,W24_mid2,7.377049180327869,1.4925373134328357,Bottom quartile
W24,17,mid1,2024-02-15 15:01:00.245530,68.96551724137932,1,1,1,50.8,50.8,25.0,True,True,Finished timed practice,W24_mid1,48.08743169398907,8.571428571428571,Bottom quartile
W24,17,mid2,2024-03-14 14:00:48.149483,57.333333333333336,0,0,0,,,,False,False,No timed practice,W24_mid2,38.79781420765027,,
W24,18,mid1,2024-02-15 15:01:08.500701,46.20689655172414,0,0,0,,,,False,False,No timed practice,W24_mid1,12.568306010928962,,
W24,18,mid2,2024-03-14 14:00:33.594608,55.333333333333336,1,0,0,,,,True,False,Started only,W24_mid2,33.87978142076503,,
W24,19,mid1,2024-02-15 15:00:47.184768,85.17241379310344,1,1,1,80.38461538461537,80.38461538461537,26.0,True,True,Finished timed practice,W24_mid1,86.88524590163934,50.95238095238095,Middle half
W24,19,mid2,2024-03-14 14:03:48.590307,76.33333333333333,0,0,0,,,,False,False,No timed practice,W24_mid2,91.53005464480874,,
W24,20,mid1,2024-02-15 15:00:50.232049,81.37931034482759,0,0,0,,,,False,False,No timed practice,W24_mid1,73.224043715847,,
W24,20,mid2,2024-03-14 14:00:48.895720,70.0,1,1,1,78.125,78.125,32.0,True,True,Finished timed practice,W24_mid2,78.14207650273224,69.40298507462687,Middle half
W24,21,mid2,2024-03-14 14:03:00.683423,69.33333333333334,0,0,0,,,,False,False,No timed practice,W24_mid2,71.85792349726776,,
W24,22,mid1,2024-02-15 15:00:52.521107,57.931034482758626,1,0,0,,,,True,False,Started only,W24_mid1,28.415300546448087,,
W24,22,mid2,2024-03-14 14:00:36.239058,58.666666666666664,1,0,0,,,,True,False,Started only,W24_mid2,42.07650273224044,,
W24,23,mid1,2024-02-18 02:40:17.735482,68.96551724137932,0,0,0,,,,False,False,No timed practice,W24_mid1,48.08743169398907,,
W24,23,mid2,2024-03-14 14:00:57.541090,32.142857142857146,0,0,0,,,,False,False,No timed practice,W24_mid2,4.918032786885246,,
W24,24,mid1,2024-02-15 15:01:06.938846,21.428571428571427,1,0,0,,,,True,False,Started only,W24_mid1,1.092896174863388,,
W24,24,mid2,2024-03-14 14:01:03.746319,20.0,2,0,0,,,,True,False,Started only,W24_mid2,0.819672131147541,,
W24,25,mid1,2024-02-15 15:00:54.416022,61.37931034482759,1,1,1,76.92307692307693,76.92307692307693,26.0,True,True,Finished timed practice,W24_mid1,33.87978142076503,46.19047619047619,Middle half
W24,25,mid2,2024-03-14 14:00:41.838385,58.333333333333336,1,1,1,96.96969696969697,96.96969696969697,33.0,True,True,Finished timed practice,W24_mid2,40.16393442622951,99.25373134328358,Top quartile
W24,26,mid1,2024-02-15 15:01:04.644275,83.10344827586206,1,1,1,68.46153846153847,68.46153846153847,26.0,True,True,Finished timed practice,W24_mid1,84.69945355191257,23.809523809523807,Bottom quartile
W24,26,mid2,2024-03-14 14:01:01.411822,77.66666666666667,2,2,2,93.93939393939394,93.93939393939394,33.0,True,True,Finished timed practice,W24_mid2,96.17486338797814,97.01492537313433,Top quartile
W24,27,mid1,2024-02-15 15:00:57.790875,89.65517241379311,1,1,1,80.38461538461537,80.38461538461537,26.0,True,True,Finished timed practice,W24_mid1,99.18032786885246,50.95238095238095,Middle half
W24,27,mid2,2024-03-14 14:00:58.218146,70.0,1,1,1,65.15151515151516,65.15151515151516,33.0,True,True,Finished timed practice,W24_mid2,78.14207650273224,44.776119402985074,Middle half
W24,29,mid1,2024-02-15 15:01:08.256446,79.3103448275862,0,0,0,,,,False,False,No timed practice,W24_mid1,69.94535519125684,,
W24,29,mid2,2024-03-14 14:00:39.882175,65.0,0,0,0,,,,False,False,No timed practice,W24_mid2,59.83606557377049,,
W24,30,mid1,2024-02-15 15:01:19.721195,57.586206896551715,2,2,2,93.46153846153847,93.46153846153847,26.0,True,True,Finished timed practice,W24_mid1,27.049180327868854,92.38095238095238,Top quartile
W24,30,mid2,2024-03-14 14:01:01.392523,61.66666666666667,2,2,2,89.6969696969697,89.6969696969697,30.5,True,True,Finished timed practice,W24_mid2,50.0,92.53731343283582,Top quartile
W24,31,mid1,2024-02-15 15:01:38.192953,55.172413793103445,3,0,0,,,,True,False,Started only,W24_mid1,22.6775956284153,,
W24,31,mid2,2024-03-14 14:06:07.896208,53.333333333333336,1,0,0,,,,True,False,Started only,W24_mid2,27.595628415300546,,
W24,32,mid1,2024-02-15 15:03:51.438915,70.34482758620689,1,0,0,,,,True,False,Started only,W24_mid1,52.732240437158474,,
W24,32,mid2,2024-03-14 14:00:22.189762,49.66666666666667,0,0,0,,,,False,False,No timed practice,W24_mid2,21.85792349726776,,
W24,34,mid1,2024-02-15 15:07:58.415363,75.86206896551724,0,0,0,,,,False,False,No timed practice,W24_mid1,63.387978142076506,,
W24,34,mid2,2024-03-14 14:10:46.560120,73.33333333333333,0,0,0,,,,False,False,No timed practice,W24_mid2,85.79234972677595,,
W24,35,mid1,2024-02-15 15:01:09.828796,86.20689655172413,0,0,0,,,,False,False,No timed practice,W24_mid1,92.62295081967213,,
W24,35,mid2,2024-03-14 14:00:58.219799,66.66666666666666,0,0,0,,,,False,False,No timed practice,W24_mid2,66.12021857923497,,
W24,36,mid1,2024-02-15 15:01:07.158488,72.41379310344827,1,1,1,85.57692307692307,85.57692307692307,26.0,True,True,Finished timed practice,W24_mid1,59.56284153005464,71.9047619047619,Middle half
W24,36,mid2,2024-03-14 14:01:09.792410,53.99999999999999,1,0,0,,,,True,False,Started only,W24_mid2,30.05464480874317,,
W24,38,mid1,2024-02-15 15:18:25.037155,24.137931034482758,0,0,0,,,,False,False,No timed practice,W24_mid1,2.185792349726776,,
W24,38,mid2,2024-03-14 14:30:59.005798,20.0,0,0,0,,,,False,False,No timed practice,W24_mid2,0.819672131147541,,
W24,39,mid1,2024-02-15 15:00:53.537537,71.37931034482759,1,1,1,86.92307692307692,86.92307692307692,26.0,True,True,Finished timed practice,W24_mid1,56.557377049180324,74.28571428571429,Middle half
W24,39,mid2,2024-03-14 14:00:33.676231,65.0,0,0,0,,,,False,False,No timed practice,W24_mid2,59.83606557377049,,
W24,40,mid1,2024-02-15 15:01:02.142337,81.72413793103448,1,1,1,76.33333333333333,76.33333333333333,30.0,True,True,Finished timed practice,W24_mid1,74.86338797814209,41.904761904761905,Middle half
W24,40,mid2,2024-03-14 14:00:58.031713,69.66666666666667,0,0,0,,,,False,False,No timed practice,W24_mid2,74.31693989071039,,
W24,41,mid1,2024-02-15 15:00:58.008967,48.96551724137931,1,1,1,52.88461538461539,52.88461538461539,26.0,True,True,Finished timed practice,W24_mid1,15.846994535519126,11.428571428571429,Bottom quartile
W24,41,mid2,2024-03-14 14:00:44.951380,26.666666666666668,0,0,0,,,,False,False,No timed practice,W24_mid2,1.639344262295082,,
W24,42,mid1,2024-02-15 15:00:56.339762,74.82758620689654,2,2,2,90.0,90.0,23.0,True,True,Finished timed practice,W24_mid1,61.20218579234973,86.66666666666667,Top quartile
W24,42,mid2,2024-03-14 14:01:01.023498,62.66666666666667,1,1,1,62.42424242424243,62.42424242424243,33.0,True,True,Finished timed practice,W24_mid2,54.37158469945356,35.82089552238806,Middle half
W24,43,mid1,2024-02-15 15:01:41.544682,66.20689655172414,1,1,1,62.0,62.0,25.0,True,True,Finished timed practice,W24_mid1,41.53005464480874,16.19047619047619,Bottom quartile
W24,43,mid2,2024-03-14 14:01:14.279040,53.79310344827586,1,1,1,67.74193548387096,67.74193548387096,31.0,True,True,Finished timed practice,W24_mid2,29.508196721311474,48.507462686567166,Middle half
W24,44,mid1,2024-02-15 15:01:39.426757,70.94827586206897,2,1,1,58.84615384615385,58.84615384615385,26.0,True,True,Finished timed practice,W24_mid1,54.644808743169406,15.238095238095239,Bottom quartile
W24,44,mid2,2024-03-14 14:00:24.874574,69.0,1,0,0,,,,True,False,Started only,W24_mid2,70.76502732240438,,
W24,45,mid1,2024-02-15 15:01:04.916883,82.41379310344827,1,0,0,,,,True,False,Started only,W24_mid1,77.59562841530054,,
W24,45,mid2,2024-03-14 14:00:42.981150,61.66666666666667,0,0,0,,,,False,False,No timed practice,W24_mid2,50.0,,
W24,46,mid1,2024-02-15 15:00:56.125506,71.37931034482759,3,2,2,76.77083333333333,76.77083333333333,24.0,True,True,Finished timed practice,W24_mid1,56.557377049180324,44.761904761904766,Middle half
W24,46,mid2,2024-03-14 14:09:44.940168,63.33333333333333,0,0,0,,,,False,False,No timed practice,W24_mid2,56.830601092896174,,
W24,47,mid1,2024-02-15 15:00:51.328274,80.0,1,1,1,84.61538461538461,84.61538461538461,26.0,True,True,Finished timed practice,W24_mid1,72.1311475409836,66.19047619047619,Middle half
W24,47,mid2,2024-03-14 14:00:23.180480,65.66666666666666,1,1,1,87.87878787878788,87.87878787878788,33.0,True,True,Finished timed practice,W24_mid2,63.387978142076506,85.82089552238806,Top quartile
W24,48,mid1,2024-02-15 15:00:56.973493,54.48275862068965,0,0,0,,,,False,False,No timed practice,W24_mid1,21.03825136612022,,
W24,48,mid2,2024-03-14 14:00:44.118119,59.0,1,1,1,96.96969696969697,96.96969696969697,33.0,True,True,Finished timed practice,W24_mid2,43.71584699453552,99.25373134328358,Top quartile
W24,49,mid1,2024-02-15 15:02:29.430169,40.3448275862069,1,0,0,,,,True,False,Started only,W24_mid1,5.737704918032787,,
W24,49,mid2,2024-03-14 14:01:02.423405,30.333333333333336,3,1,1,50.0,50.0,20.0,True,True,Finished timed practice,W24_mid2,3.825136612021858,13.432835820895523,Bottom quartile
W24,50,mid1,2024-02-15 15:00:53.740764,68.96551724137932,1,1,1,82.6923076923077,82.6923076923077,26.0,True,True,Finished timed practice,W24_mid1,48.08743169398907,59.04761904761905,Middle half
W24,50,mid2,2024-03-14 14:21:07.207389,58.333333333333336,1,1,1,63.22580645161291,63.22580645161291,31.0,True,True,Finished timed practice,W24_mid2,40.16393442622951,40.298507462686565,Middle half
W24,51,mid1,2024-02-15 15:01:00.105371,35.172413793103445,1,1,1,75.8,75.8,25.0,True,True,Finished timed practice,W24_mid1,3.825136612021858,40.0,Middle half
W24,51,mid2,2024-03-14 14:00:25.705535,45.0,3,2,2,74.19354838709677,74.19354838709677,31.5,True,True,Finished timed practice,W24_mid2,13.387978142076504,61.19402985074627,Middle half
W24,52,mid1,2024-02-15 15:01:17.441939,51.03448275862069,0,0,0,,,,False,False,No timed practice,W24_mid1,17.48633879781421,,
W24,52,mid2,2024-03-14 14:01:17.268872,52.33333333333333,1,0,0,,,,True,False,Started only,W24_mid2,26.229508196721312,,
W24,53,mid1,2024-02-15 15:01:30.333997,48.275862068965516,2,1,1,42.8,42.8,25.0,True,True,Finished timed practice,W24_mid1,14.754098360655737,4.761904761904762,Bottom quartile
W24,53,mid2,2024-03-14 14:00:33.608554,48.666666666666664,0,0,0,,,,False,False,No timed practice,W24_mid2,19.672131147540984,,
W24,54,mid1,2024-02-15 15:00:56.527953,56.551724137931025,1,1,1,71.63461538461539,71.63461538461539,26.0,True,True,Finished timed practice,W24_mid1,24.59016393442623,31.428571428571427,Middle half
W24,54,mid2,2024-03-14 14:03:02.123622,61.66666666666667,0,0,0,,,,False,False,No timed practice,W24_mid2,50.0,,
W24,55,mid1,2024-02-15 15:00:54.777461,71.37931034482759,1,1,1,77.3913043478261,77.3913043478261,23.0,True,True,Finished timed practice,W24_mid1,56.557377049180324,49.523809523809526,Middle half
W24,55,mid2,2024-03-14 14:00:32.138666,66.66666666666666,1,0,0,,,,True,False,Started only,W24_mid2,66.12021857923497,,
W24,56,mid1,2024-02-15 15:00:58.557693,58.369905956112845,2,1,1,67.78846153846155,67.78846153846155,26.0,True,True,Finished timed practice,W24_mid1,28.96174863387978,22.857142857142858,Bottom quartile
W24,56,mid2,2024-03-14 14:00:39.100818,59.0,1,1,1,60.0,60.0,30.0,True,True,Finished timed practice,W24_mid2,43.71584699453552,29.850746268656714,Middle half
W24,57,mid1,2024-02-15 15:00:48.015303,86.20689655172413,0,0,0,,,,False,False,No timed practice,W24_mid1,92.62295081967213,,
W24,57,mid2,2024-03-14 14:00:56.779453,72.66666666666667,0,0,0,,,,False,False,No timed practice,W24_mid2,82.5136612021858,,
W24,58,mid1,2024-02-15 15:04:54.600327,82.75862068965517,1,1,1,83.84615384615385,83.84615384615385,26.0,True,True,Finished timed practice,W24_mid1,81.4207650273224,60.952380952380956,Middle half
W24,58,mid2,2024-03-14 14:00:34.211285,56.33333333333332,0,0,0,,,,False,False,No timed practice,W24_mid2,35.24590163934426,,
W24,59,mid1,2024-02-15 15:00:52.877224,79.3103448275862,0,0,0,,,,False,False,No timed practice,W24_mid1,69.94535519125684,,
W24,59,mid2,2024-03-14 14:00:49.383465,70.0,0,0,0,,,,False,False,No timed practice,W24_mid2,78.14207650273224,,
W24,60,mid1,2024-02-15 15:01:40.608405,86.20689655172413,1,1,1,90.38461538461539,90.38461538461539,26.0,True,True,Finished timed practice,W24_mid1,92.62295081967213,87.61904761904762,Top quartile
W24,60,mid2,2024-03-14 14:00:33.908296,73.33333333333333,1,0,0,,,,True,False,Started only,W24_mid2,85.79234972677595,,
W24,61,mid1,2024-02-15 15:01:04.298032,57.586206896551715,0,0,0,,,,False,False,No timed practice,W24_mid1,27.049180327868854,,
W24,61,mid2,2024-03-14 14:00:42.782956,56.666666666666664,0,0,0,,,,False,False,No timed practice,W24_mid2,36.885245901639344,,
W24,62,mid1,2024-02-15 15:04:21.898768,66.12068965517241,1,1,1,75.0,75.0,26.0,True,True,Finished timed practice,W24_mid1,40.98360655737705,36.666666666666664,Middle half
W24,62,mid2,2024-03-14 14:00:31.569777,43.333333333333336,0,0,0,,,,False,False,No timed practice,W24_mid2,11.475409836065573,,
W24,63,mid1,2024-02-15 15:01:08.698914,67.93103448275862,1,1,1,49.23076923076923,49.23076923076923,26.0,True,True,Finished timed practice,W24_mid1,45.08196721311475,6.666666666666667,Bottom quartile
W24,63,mid2,2024-03-14 14:01:00.664706,55.333333333333336,1,1,1,43.333333333333336,43.333333333333336,30.0,True,True,Finished timed practice,W24_mid2,33.87978142076503,9.701492537313433,Bottom quartile
W24,65,mid1,2024-02-15 15:00:59.124169,82.75862068965517,1,1,1,84.61538461538461,84.61538461538461,26.0,True,True,Finished timed practice,W24_mid1,81.4207650273224,66.19047619047619,Middle half
W24,65,mid2,2024-03-14 14:00:39.942507,63.0,1,1,1,65.95959595959596,65.95959595959596,33.0,True,True,Finished timed practice,W24_mid2,55.46448087431693,46.26865671641791,Middle half
W24,66,mid1,2024-02-15 15:00:58.844937,40.3448275862069,0,0,0,,,,False,False,No timed practice,W24_mid1,5.737704918032787,,
W24,66,mid2,2024-03-14 14:00:48.480748,55.00000000000001,1,0,0,,,,True,False,Started only,W24_mid2,31.693989071038253,,
W24,67,mid1,2024-02-15 15:00:58.050368,48.85057471264368,0,0,0,,,,False,False,No timed practice,W24_mid1,15.300546448087433,,
W24,67,mid2,2024-03-14 14:00:37.051866,40.0,0,0,0,,,,False,False,No timed practice,W24_mid2,9.01639344262295,,
W24,68,mid1,2024-02-15 15:02:12.849034,86.20689655172413,2,2,2,84.61538461538461,84.61538461538461,23.0,True,True,Finished timed practice,W24_mid1,92.62295081967213,66.19047619047619,Middle half
W24,68,mid2,2024-03-14 14:00:38.056632,76.0,1,0,0,,,,True,False,Started only,W24_mid2,90.1639344262295,,
W24,69,mid1,2024-02-15 15:01:01.377388,41.37931034482759,1,0,0,,,,True,False,Started only,W24_mid1,6.830601092896176,,
W24,69,mid2,2024-03-14 14:00:50.325537,30.0,0,0,0,,,,False,False,No timed practice,W24_mid2,2.73224043715847,,
W24,70,mid1,2024-02-15 15:00:57.756165,86.20689655172413,1,1,1,88.46153846153845,88.46153846153845,26.0,True,True,Finished timed practice,W24_mid1,92.62295081967213,81.9047619047619,Top quartile
W24,70,mid2,2024-03-14 14:00:38.823932,69.33333333333334,0,0,0,,,,False,False,No timed practice,W24_mid2,71.85792349726776,,
W24,71,mid1,2024-02-15 15:00:50.210296,75.86206896551724,1,0,0,,,,True,False,Started only,W24_mid1,63.387978142076506,,
W24,71,mid2,2024-03-14 14:00:43.654165,70.0,0,0,0,,,,False,False,No timed practice,W24_mid2,78.14207650273224,,
W24,72,mid1,2024-02-15 15:01:08.172481,42.758620689655174,1,0,0,,,,True,False,Started only,W24_mid1,8.19672131147541,,
W24,72,mid2,2024-03-14 14:01:14.763949,50.66666666666666,1,1,1,43.333333333333336,43.333333333333336,30.0,True,True,Finished timed practice,W24_mid2,24.863387978142075,9.701492537313433,Bottom quartile
W24,73,mid1,2024-02-15 15:01:16.792837,32.758620689655174,0,0,0,,,,False,False,No timed practice,W24_mid1,2.73224043715847,,
W24,73,mid2,2024-03-14 14:00:58.992057,58.666666666666664,0,0,0,,,,False,False,No timed practice,W24_mid2,42.07650273224044,,
W24,74,mid1,2024-02-15 15:10:34.466739,23.10344827586207,0,0,0,,,,False,False,No timed practice,W24_mid1,1.639344262295082,,
W24,74,mid2,2024-03-15 18:03:34.331878,53.66666666666667,1,0,0,,,,True,False,Started only,W24_mid2,28.96174863387978,,
W24,75,mid1,2024-02-15 15:06:00.862572,82.75862068965517,1,1,1,76.15384615384616,76.15384615384616,26.0,True,True,Finished timed practice,W24_mid1,81.4207650273224,40.95238095238095,Middle half
W24,75,mid2,2024-03-14 14:05:17.432308,73.33333333333333,1,1,1,87.87878787878788,87.87878787878788,33.0,True,True,Finished timed practice,W24_mid2,85.79234972677595,85.82089552238806,Top quartile
W24,76,mid1,2024-02-15 15:01:18.450700,54.48275862068965,2,0,0,,,,True,False,Started only,W24_mid1,21.03825136612022,,
W24,76,mid2,2024-03-14 14:01:00.692803,53.333333333333336,1,1,1,60.60606060606061,60.60606060606061,33.0,True,True,Finished timed practice,W24_mid2,27.595628415300546,31.343283582089555,Middle half
W24,77,mid1,2024-02-15 15:01:17.109594,85.57993730407524,1,1,1,88.46153846153845,88.46153846153845,26.0,True,True,Finished timed practice,W24_mid1,87.97814207650273,81.9047619047619,Top quartile
W24,77,mid2,2024-03-14 14:00:43.633927,71.00000000000001,0,0,0,,,,False,False,No timed practice,W24_mid2,80.32786885245902,,
W24,78,mid1,2024-02-15 15:02:10.007601,52.758620689655174,1,1,1,52.5,52.5,26.0,True,True,Finished timed practice,W24_mid1,19.12568306010929,10.476190476190476,Bottom quartile
W24,78,mid2,2024-03-14 14:00:46.006299,56.666666666666664,1,1,1,54.54545454545454,54.54545454545454,33.0,True,True,Finished timed practice,W24_mid2,36.885245901639344,17.91044776119403,Bottom quartile
W24,79,mid1,2024-02-15 15:01:05.108729,65.08620689655173,1,1,1,63.846153846153854,63.846153846153854,26.0,True,True,Finished timed practice,W24_mid1,38.52459016393443,18.095238095238095,Bottom quartile
W24,79,mid2,2024-03-14 14:01:01.264904,69.66666666666667,0,0,0,,,,False,False,No timed practice,W24_mid2,74.31693989071039,,
W24,80,mid1,2024-02-15 15:01:12.718027,82.75862068965517,2,2,2,84.61538461538461,84.61538461538461,26.0,True,True,Finished timed practice,W24_mid1,81.4207650273224,66.19047619047619,Middle half
W24,80,mid2,2024-03-14 14:00:30.121306,50.32258064516129,1,0,0,,,,True,False,Started only,W24_mid2,23.497267759562842,,
W24,81,mid1,2024-02-15 15:00:56.489004,59.91379310344828,1,0,0,,,,True,False,Started only,W24_mid1,32.240437158469945,,
W24,81,mid2,2024-03-14 14:00:44.917477,48.333333333333336,1,1,1,62.96296296296296,62.96296296296296,27.0,True,True,Finished timed practice,W24_mid2,18.579234972677597,38.80597014925373,Middle half
W24,82,mid1,2024-02-15 15:01:07.023806,61.12852664576802,3,2,2,95.65217391304348,95.65217391304348,24.0,True,True,Finished timed practice,W24_mid1,33.33333333333333,95.23809523809523,Top quartile
W24,82,mid2,2024-03-14 14:01:00.867651,55.00000000000001,2,1,1,58.06451612903226,58.06451612903226,31.0,True,True,Finished timed practice,W24_mid2,31.693989071038253,26.119402985074625,Middle half
W24,83,mid1,2024-02-15 15:01:11.318165,57.586206896551715,2,1,1,65.0,65.0,20.0,True,True,Finished timed practice,W24_mid1,27.049180327868854,20.0,Bottom quartile
W24,83,mid2,2024-03-14 14:05:16.055288,45.0,2,1,1,55.55555555555556,55.55555555555556,27.0,True,True,Finished timed practice,W24_mid2,13.387978142076504,21.641791044776117,Bottom quartile
W24,84,mid1,2024-02-15 15:00:57.671577,59.310344827586206,1,0,0,,,,True,False,Started only,W24_mid1,31.147540983606557,,
W24,84,mid2,2024-03-14 14:00:39.618579,68.33333333333333,1,1,1,87.87878787878788,87.87878787878788,33.0,True,True,Finished timed practice,W24_mid2,69.67213114754098,85.82089552238806,Top quartile
W24,85,mid1,2024-02-15 15:01:12.703747,50.689655172413794,0,0,0,,,,False,False,No timed practice,W24_mid1,16.939890710382514,,
W24,85,mid2,2024-03-14 14:00:38.085596,61.33333333333333,1,0,0,,,,True,False,Started only,W24_mid2,47.81420765027322,,
W24,86,mid1,2024-02-15 14:58:17.308935,70.66614420062696,1,1,1,94.61538461538463,94.61538461538463,26.0,True,True,Finished timed practice,W24_mid1,53.551912568306015,93.80952380952381,Top quartile
W24,86,mid2,2024-03-14 14:04:29.696216,73.33333333333333,1,0,0,,,,True,False,Started only,W24_mid2,85.79234972677595,,
W24,87,mid1,2024-02-15 15:01:21.837330,78.62068965517241,1,1,1,69.23076923076923,69.23076923076923,26.0,True,True,Finished timed practice,W24_mid1,67.21311475409836,25.238095238095237,Middle half
W24,87,mid2,2024-03-14 14:25:06.287842,60.0,1,1,1,36.666666666666664,36.666666666666664,30.0,True,True,Finished timed practice,W24_mid2,46.17486338797814,4.477611940298507,Bottom quartile
W24,88,mid1,2024-02-15 15:01:21.682927,87.93103448275862,1,1,1,92.3076923076923,92.3076923076923,26.0,True,True,Finished timed practice,W24_mid1,97.26775956284153,90.95238095238095,Top quartile
W24,88,mid2,2024-03-14 14:00:51.156871,80.0,1,1,1,90.625,90.625,32.0,True,True,Finished timed practice,W24_mid2,98.90710382513662,95.52238805970148,Top quartile
W24,89,mid1,2024-02-15 15:01:03.142745,62.41379310344828,1,1,1,88.07692307692308,88.07692307692308,26.0,True,True,Finished timed practice,W24_mid1,35.24590163934426,77.61904761904762,Top quartile
W24,89,mid2,2024-03-14 14:00:27.988867,62.66666666666667,1,0,0,,,,True,False,Started only,W24_mid2,54.37158469945356,,
W24,90,mid1,2024-02-15 15:00:54.508457,82.75862068965517,1,1,1,69.61538461538463,69.61538461538463,26.0,True,True,Finished timed practice,W24_mid1,81.4207650273224,26.666666666666668,Middle half
W24,90,mid2,2024-03-14 14:01:00.231798,75.66666666666666,1,0,0,,,,True,False,Started only,W24_mid2,89.34426229508196,,
W24,91,mid1,2024-02-15 15:00:59.176612,39.6551724137931,1,1,1,43.260869565217384,43.260869565217384,23.0,True,True,Finished timed practice,W24_mid1,4.918032786885246,5.714285714285714,Bottom quartile
W24,91,mid2,2024-03-14 14:00:40.261674,55.00000000000001,1,0,0,,,,True,False,Started only,W24_mid2,31.693989071038253,,
W24,92,mid1,2024-02-15 15:03:42.562384,86.20689655172413,0,0,0,,,,False,False,No timed practice,W24_mid1,92.62295081967213,,
W24,92,mid2,2024-03-17 03:52:45.113971,76.66666666666667,0,0,0,,,,False,False,No timed practice,W24_mid2,94.26229508196722,,
W24,93,mid1,2024-02-15 15:05:37.713463,72.41379310344827,0,0,0,,,,False,False,No timed practice,W24_mid1,59.56284153005464,,
W24,93,mid2,2024-03-14 17:09:26.591505,69.66666666666667,0,0,0,,,,False,False,No timed practice,W24_mid2,74.31693989071039,,
W24,94,mid1,2024-02-15 15:00:54.205517,86.20689655172413,0,0,0,,,,False,False,No timed practice,W24_mid1,92.62295081967213,,
W24,94,mid2,2024-03-14 14:07:17.080617,65.33333333333334,0,0,0,,,,False,False,No timed practice,W24_mid2,62.02185792349727,,
W24,95,mid1,2024-02-15 15:01:15.399031,86.20689655172413,0,0,0,,,,False,False,No timed practice,W24_mid1,92.62295081967213,,
W24,95,mid2,2024-03-14 14:00:42.635950,70.0,0,0,0,,,,False,False,No timed practice,W24_mid2,78.14207650273224,,
W24,96,mid1,2024-02-15 15:01:04.635403,60.0,0,0,0,,,,False,False,No timed practice,W24_mid1,32.78688524590164,,
W24,96,mid2,2024-03-14 14:00:51.869324,55.00000000000001,0,0,0,,,,False,False,No timed practice,W24_mid2,31.693989071038253,,
W24,97,mid1,2024-02-15 15:01:56.161468,86.20689655172413,1,1,1,88.46153846153845,88.46153846153845,26.0,True,True,Finished timed practice,W24_mid1,92.62295081967213,81.9047619047619,Top quartile
W24,97,mid2,2024-03-14 14:00:55.676643,73.0,1,1,1,72.12121212121212,72.12121212121212,33.0,True,True,Finished timed practice,W24_mid2,83.33333333333334,58.2089552238806,Middle half
W24,98,mid1,2024-02-15 14:57:24.813050,68.96551724137932,1,1,1,53.84615384615385,53.84615384615385,26.0,True,True,Finished timed practice,W24_mid1,48.08743169398907,12.380952380952381,Bottom quartile
W24,98,mid2,2024-03-14 14:02:38.545832,56.666666666666664,2,1,1,70.0,70.0,30.0,True,True,Finished timed practice,W24_mid2,36.885245901639344,52.98507462686567,Middle half
W24,99,mid1,2024-02-15 15:00:59.629398,70.34482758620689,3,2,2,80.95238095238095,80.95238095238095,23.5,True,True,Finished timed practice,W24_mid1,52.732240437158474,55.23809523809524,Middle half
W24,99,mid2,2024-03-14 14:02:18.279815,56.33333333333332,0,0,0,,,,False,False,No timed practice,W24_mid2,35.24590163934426,,
W24,100,mid1,2024-02-15 15:01:21.081380,56.896551724137936,2,2,2,94.61538461538463,94.61538461538463,26.0,True,True,Finished timed practice,W24_mid1,25.683060109289617,93.80952380952381,Top quartile
W24,100,mid2,2024-03-14 14:00:56.532693,60.0,1,1,1,64.94949494949495,64.94949494949495,33.0,True,True,Finished timed practice,W24_mid2,46.17486338797814,43.28358208955223,Middle half
W24,101,mid1,2024-02-15 15:01:22.124965,43.79310344827586,0,0,0,,,,False,False,No timed practice,W24_mid1,9.562841530054644,,
W24,101,mid2,2024-03-14 14:07:30.979820,66.33333333333333,1,0,0,,,,True,False,Started only,W24_mid2,64.48087431693989,,
W24,103,mid1,2024-02-15 15:00:54.417688,72.41379310344827,1,1,1,72.3076923076923,72.3076923076923,26.0,True,True,Finished timed practice,W24_mid1,59.56284153005464,32.38095238095238,Middle half
W24,103,mid2,2024-03-14 14:00:36.055799,79.33333333333333,0,0,0,,,,False,False,No timed practice,W24_mid2,96.72131147540983,,
W24,105,mid1,2024-02-15 15:01:30.593343,37.93103448275862,1,1,1,69.73684210526315,69.73684210526315,19.0,True,True,Finished timed practice,W24_mid1,4.371584699453552,27.61904761904762,Middle half
W24,105,mid2,2024-03-14 14:00:45.291859,46.666666666666664,2,2,2,87.87878787878788,87.87878787878788,30.5,True,True,Finished timed practice,W24_mid2,15.846994535519126,85.82089552238806,Top quartile
W24,106,mid1,2024-02-15 15:00:51.455004,89.02821316614421,1,1,1,88.46153846153845,88.46153846153845,26.0,True,True,Finished timed practice,W24_mid1,97.81420765027322,81.9047619047619,Top quartile
W24,106,mid2,2024-03-14 14:00:20.775163,75.66666666666666,1,1,1,78.78787878787878,78.78787878787878,33.0,True,True,Finished timed practice,W24_mid2,89.34426229508196,73.13432835820896,Middle half
W24,107,mid1,2024-02-15 15:00:57.289545,46.55172413793103,1,1,1,71.24999999999999,71.24999999999999,26.0,True,True,Finished timed practice,W24_mid1,13.114754098360656,30.476190476190478,Middle half
W24,107,mid2,2024-03-14 14:00:55.428066,51.66666666666667,1,0,0,,,,True,False,Started only,W24_mid2,25.683060109289617,,
W24,108,mid1,2024-02-15 15:10:56.922656,46.89655172413793,0,0,0,,,,False,False,No timed practice,W24_mid1,13.661202185792352,,
W24,108,mid2,2024-03-15 20:59:29.997863,46.666666666666664,0,0,0,,,,False,False,No timed practice,W24_mid2,15.846994535519126,,
W24,109,mid1,2024-02-15 15:00:59.365001,55.01567398119123,0,0,0,,,,False,False,No timed practice,W24_mid1,21.85792349726776,,
W24,109,mid2,2024-03-14 14:00:47.519624,60.0,2,1,1,84.61538461538461,84.61538461538461,26.0,True,True,Finished timed practice,W24_mid2,46.17486338797814,77.61194029850746,Top quartile
W24,111,mid1,2024-02-15 15:01:24.773185,55.42319749216301,1,0,0,,,,True,False,Started only,W24_mid1,23.497267759562842,,
W24,111,mid2,2024-03-14 14:01:02.331535,60.0,0,0,0,,,,False,False,No timed practice,W24_mid2,46.17486338797814,,
W24,112,mid1,2024-02-15 15:01:15.629785,83.44827586206897,2,1,1,87.3076923076923,87.3076923076923,26.0,True,True,Finished timed practice,W24_mid1,85.24590163934425,75.23809523809524,Top quartile
W24,112,mid2,2024-03-14 14:00:59.688960,62.0,0,0,0,,,,False,False,No timed practice,W24_mid2,52.459016393442624,,
W24,113,mid1,2024-02-15 15:01:36.212978,65.51724137931035,1,0,0,,,,True,False,Started only,W24_mid1,39.89071038251366,,
W24,113,mid2,2024-03-14 14:11:07.780971,67.0,1,0,0,,,,True,False,Started only,W24_mid2,67.21311475409836,,
W24,114,mid1,2024-02-15 15:01:09.267570,89.65517241379311,1,1,1,84.61538461538461,84.61538461538461,26.0,True,True,Finished timed practice,W24_mid1,99.18032786885246,66.19047619047619,Middle half
W24,114,mid2,2024-03-14 14:00:30.827795,80.0,1,1,1,75.86206896551724,75.86206896551724,29.0,True,True,Finished timed practice,W24_mid2,98.90710382513662,64.17910447761194,Middle half
W24,115,mid1,2024-02-15 15:00:53.687370,82.75862068965517,1,1,1,92.3076923076923,92.3076923076923,26.0,True,True,Finished timed practice,W24_mid1,81.4207650273224,90.95238095238095,Top quartile
W24,115,mid2,2024-03-14 14:00:37.808668,66.33333333333333,1,1,1,83.23232323232322,83.23232323232322,33.0,True,True,Finished timed practice,W24_mid2,64.48087431693989,76.11940298507463,Top quartile
W24,116,mid1,2024-02-15 14:56:54.128716,67.24137931034483,1,0,0,,,,True,False,Started only,W24_mid1,42.62295081967213,,
W24,116,mid2,2024-03-14 14:02:08.349610,59.0,0,0,0,,,,False,False,No timed practice,W24_mid2,43.71584699453552,,
W24,117,mid1,2024-02-15 15:01:20.198163,80.0,1,1,1,64.61538461538461,64.61538461538461,26.0,True,True,Finished timed practice,W24_mid1,72.1311475409836,19.047619047619047,Bottom quartile
W24,117,mid2,2024-03-14 14:00:55.088248,69.0,1,1,1,60.64516129032258,60.64516129032258,31.0,True,True,Finished timed practice,W24_mid2,70.76502732240438,32.83582089552239,Middle half
W24,118,mid1,2024-02-15 14:12:43.267865,72.10031347962382,0,0,0,,,,False,False,No timed practice,W24_mid1,57.92349726775956,,
W24,118,mid2,2024-03-14 13:29:19.578757,76.66666666666667,0,0,0,,,,False,False,No timed practice,W24_mid2,94.26229508196722,,
W24,119,mid1,2024-02-15 15:00:55.118166,59.224137931034484,1,1,1,75.76923076923077,75.76923076923077,26.0,True,True,Finished timed practice,W24_mid1,30.601092896174865,39.04761904761905,Middle half
W24,119,mid2,2024-03-14 14:00:36.701708,31.666666666666664,1,1,1,57.692307692307686,57.692307692307686,26.0,True,True,Finished timed practice,W24_mid2,4.371584699453552,23.88059701492537,Bottom quartile
W24,120,mid1,2024-02-15 15:01:06.923134,45.23510971786834,1,1,1,75.2,75.2,25.0,True,True,Finished timed practice,W24_mid1,10.382513661202186,38.095238095238095,Middle half
W24,120,mid2,2024-03-14 14:01:07.943996,33.33333333333333,1,0,0,,,,True,False,Started only,W24_mid2,5.46448087431694,,
W24,121,mid1,2024-02-15 15:01:05.924425,69.43573667711598,1,1,1,96.66666666666667,96.66666666666667,30.0,True,True,Finished timed practice,W24_mid1,50.27322404371585,100.0,Top quartile
W24,121,mid2,2024-03-14 14:00:38.833643,67.66666666666666,1,1,1,84.84848484848484,84.84848484848484,33.0,True,True,Finished timed practice,W24_mid2,68.30601092896174,79.1044776119403,Top quartile
W24,122,mid1,2024-02-15 15:01:07.195509,59.48275862068966,2,2,2,83.84615384615385,83.84615384615385,25.5,True,True,Finished timed practice,W24_mid1,31.693989071038253,60.952380952380956,Middle half
W24,122,mid2,2024-03-14 14:00:28.686894,65.33333333333334,2,1,1,58.06451612903226,58.06451612903226,31.0,True,True,Finished timed practice,W24_mid2,62.02185792349727,26.119402985074625,Middle half
W24,123,mid1,2024-02-15 15:01:12.200251,53.961038961038966,1,1,1,52.21153846153845,52.21153846153845,26.0,True,True,Finished timed practice,W24_mid1,20.21857923497268,9.523809523809524,Bottom quartile
W24,123,mid2,2024-03-14 14:01:02.903852,46.0,1,0,0,,,,True,False,Started only,W24_mid2,14.754098360655737,,
W24,124,mid1,2024-02-15 15:01:05.435350,89.65517241379311,1,0,0,,,,True,False,Started only,W24_mid1,99.18032786885246,,
W24,124,mid2,2024-03-14 14:00:49.201105,65.33333333333334,1,0,0,,,,True,False,Started only,W24_mid2,62.02185792349727,,
W24,125,mid1,2024-02-15 15:01:10.273759,70.6896551724138,1,1,1,88.46153846153845,88.46153846153845,26.0,True,True,Finished timed practice,W24_mid1,54.09836065573771,81.9047619047619,Top quartile
W24,125,mid2,2024-03-14 14:01:01.124086,50.66666666666666,0,0,0,,,,False,False,No timed practice,W24_mid2,24.863387978142075,,
W24,126,mid1,2024-02-15 15:01:07.437071,42.068965517241374,1,1,1,63.47826086956522,63.47826086956522,23.0,True,True,Finished timed practice,W24_mid1,7.650273224043716,17.142857142857142,Bottom quartile
W24,126,mid2,2024-03-14 14:00:50.504271,42.0,0,0,0,,,,False,False,No timed practice,W24_mid2,10.382513661202186,,
W24,127,mid1,2024-02-15 15:01:26.018615,77.58620689655173,1,1,1,77.3076923076923,77.3076923076923,26.0,True,True,Finished timed practice,W24_mid1,65.84699453551912,48.57142857142857,Middle half
W24,127,mid2,2024-03-14 14:00:55.420236,73.0,1,0,0,,,,True,False,Started only,W24_mid2,83.33333333333334,,
W24,128,mid2,2024-03-14 14:02:22.283956,38.333333333333336,0,0,0,,,,False,False,No timed practice,W24_mid2,7.377049180327869,,
W24,129,mid1,2024-02-15 15:01:10.484488,71.37931034482759,1,1,1,76.53846153846153,76.53846153846153,26.0,True,True,Finished timed practice,W24_mid1,56.557377049180324,43.333333333333336,Middle half
W24,129,mid2,2024-03-14 14:01:59.180753,62.0,0,0,0,,,,False,False,No timed practice,W24_mid2,52.459016393442624,,
W24,130,mid1,2024-02-15 15:00:53.351731,79.3103448275862,1,1,1,81.25,81.25,16.0,True,True,Finished timed practice,W24_mid1,69.94535519125684,56.19047619047619,Middle half
W24,130,mid2,2024-03-14 14:00:50.815878,61.33333333333333,1,0,0,,,,True,False,Started only,W24_mid2,47.81420765027322,,
W24,131,mid1,2024-02-17 01:47:04.786772,57.586206896551715,1,0,0,,,,True,False,Started only,W24_mid1,27.049180327868854,,
W24,131,mid2,2024-03-14 14:01:47.584497,30.0,0,0,0,,,,False,False,No timed practice,W24_mid2,2.73224043715847,,
W24,132,mid1,2024-02-15 15:01:01.272519,62.06896551724138,1,0,0,,,,True,False,Started only,W24_mid1,34.42622950819672,,
W24,132,mid2,2024-03-14 18:16:20.290106,43.333333333333336,1,0,0,,,,True,False,Started only,W24_mid2,11.475409836065573,,
W24,134,mid1,2024-02-15 15:00:49.365074,81.72413793103448,0,0,0,,,,False,False,No timed practice,W24_mid1,74.86338797814209,,
W24,134,mid2,2024-03-14 14:00:24.452924,69.66666666666667,0,0,0,,,,False,False,No timed practice,W24_mid2,74.31693989071039,,
W24,135,mid1,2024-02-15 15:00:56.579771,75.86206896551724,1,1,1,66.8,66.8,25.0,True,True,Finished timed practice,W24_mid1,63.387978142076506,20.952380952380953,Bottom quartile
W24,135,mid2,2024-03-14 14:00:23.447684,72.33333333333333,1,1,1,77.41935483870968,77.41935483870968,31.0,True,True,Finished timed practice,W24_mid2,81.69398907103826,67.16417910447761,Middle half
W24,137,mid1,2024-02-15 15:01:14.982197,41.37931034482759,1,1,1,73.68421052631578,73.68421052631578,19.0,True,True,Finished timed practice,W24_mid1,6.830601092896176,34.285714285714285,Middle half
W24,137,mid2,2024-03-14 14:00:54.408753,43.666666666666664,3,2,2,70.0,70.0,30.0,True,True,Finished timed practice,W24_mid2,12.568306010928962,52.98507462686567,Middle half
W24,138,mid1,2024-02-15 15:01:07.302294,78.68338557993731,0,0,0,,,,False,False,No timed practice,W24_mid1,67.75956284153006,,
W24,138,mid2,2024-03-14 14:03:59.267486,75.0,1,1,1,69.0909090909091,69.0909090909091,33.0,True,True,Finished timed practice,W24_mid2,87.97814207650273,50.74626865671642,Middle half
W24,139,mid1,2024-02-15 15:01:00.239628,82.75862068965517,1,0,0,,,,True,False,Started only,W24_mid1,81.4207650273224,,
W24,139,mid2,2024-03-14 14:01:15.943412,75.33333333333334,0,0,0,,,,False,False,No timed practice,W24_mid2,88.52459016393442,,
W24,140,mid1,2024-02-15 15:01:02.100151,64.89028213166145,2,2,2,90.76923076923077,90.76923076923077,26.0,True,True,Finished timed practice,W24_mid1,37.704918032786885,88.57142857142857,Top quartile
W24,140,mid2,2024-03-14 14:03:12.637297,61.66666666666667,1,1,1,55.333333333333336,55.333333333333336,30.0,True,True,Finished timed practice,W24_mid2,50.0,19.402985074626866,Bottom quartile
W24,141,mid1,2024-02-15 15:04:51.956675,68.96551724137932,1,1,1,76.92307692307693,76.92307692307693,26.0,True,True,Finished timed practice,W24_mid1,48.08743169398907,46.19047619047619,Middle half
W24,141,mid2,2024-03-14 14:09:58.359681,63.33333333333333,1,0,0,,,,True,False,Started only,W24_mid2,56.830601092896174,,
W24,142,mid1,2024-02-15 15:03:06.131226,81.72413793103448,1,0,0,,,,True,False,Started only,W24_mid1,74.86338797814209,,
W24,142,mid2,2024-03-14 14:00:38.170265,65.0,1,1,1,73.33333333333333,73.33333333333333,30.0,True,True,Finished timed practice,W24_mid2,59.83606557377049,59.70149253731343,Middle half
W24,143,mid1,2024-02-15 15:01:07.116770,43.103448275862064,1,1,1,49.6,49.6,25.0,True,True,Finished timed practice,W24_mid1,8.743169398907105,7.6190476190476195,Bottom quartile
W24,143,mid2,2024-03-14 14:00:36.487977,40.0,1,1,1,48.484848484848484,48.484848484848484,33.0,True,True,Finished timed practice,W24_mid2,9.01639344262295,11.940298507462686,Bottom quartile
W24,144,mid1,2024-02-15 15:01:08.512659,89.65517241379311,0,0,0,,,,False,False,No timed practice,W24_mid1,99.18032786885246,,
W24,144,mid2,2024-03-14 14:01:21.239710,79.66666666666666,1,1,1,71.71717171717172,71.71717171717172,33.0,True,True,Finished timed practice,W24_mid2,97.54098360655738,56.71641791044776,Middle half
W24,145,mid1,2024-02-15 15:02:37.986129,58.92857142857143,2,1,1,81.81818181818183,81.81818181818183,11.0,True,True,Finished timed practice,W24_mid1,30.05464480874317,58.0952380952381,Middle half
W24,145,mid2,2024-03-14 14:05:59.073372,70.0,0,0,0,,,,False,False,No timed practice,W24_mid2,78.14207650273224,,
W24,146,mid1,2024-02-15 15:03:06.392312,45.51724137931034,1,0,0,,,,True,False,Started only,W24_mid1,11.202185792349727,,
W24,146,mid2,2024-03-14 14:02:47.877017,43.333333333333336,1,0,0,,,,True,False,Started only,W24_mid2,11.475409836065573,,
W24,147,mid1,2024-02-15 15:02:58.250042,65.17241379310344,1,1,1,96.55172413793103,96.55172413793103,29.0,True,True,Finished timed practice,W24_mid1,39.34426229508197,99.04761904761905,Top quartile
W24,147,mid2,2024-03-14 14:08:19.146573,49.0,0,0,0,,,,False,False,No timed practice,W24_mid2,21.03825136612022,,
W24,148,mid1,2024-02-15 15:01:03.801773,64.48275862068965,1,1,1,85.41666666666666,85.41666666666666,24.0,True,True,Finished timed practice,W24_mid1,37.15846994535519,70.47619047619048,Middle half
W24,148,mid2,2024-03-15 16:31:07.140754,62.33333333333333,1,0,0,,,,True,False,Started only,W24_mid2,53.551912568306015,,
W24,149,mid1,2024-02-15 15:06:43.514236,20.357142857142858,1,1,1,40.68181818181818,40.68181818181818,22.0,True,True,Finished timed practice,W24_mid1,0.546448087431694,1.9047619047619049,Bottom quartile
W24,149,mid2,2024-03-14 14:01:06.697225,30.0,1,1,1,35.483870967741936,35.483870967741936,31.0,True,True,Finished timed practice,W24_mid2,2.73224043715847,2.9850746268656714,Bottom quartile
W24,150,mid1,2024-02-15 15:00:59.388323,58.620689655172406,0,0,0,,,,False,False,No timed practice,W24_mid1,29.508196721311474,,
W24,150,mid2,2024-03-14 14:00:43.474934,63.0,0,0,0,,,,False,False,No timed practice,W24_mid2,55.46448087431693,,
W24,151,mid1,2024-02-15 15:01:12.286872,55.987460815047015,2,2,2,75.0,75.0,23.0,True,True,Finished timed practice,W24_mid1,24.043715846994534,36.666666666666664,Middle half
W24,151,mid2,2024-03-14 14:00:51.913386,41.66666666666667,2,2,2,78.57142857142857,78.57142857142857,30.0,True,True,Finished timed practice,W24_mid2,9.836065573770492,71.64179104477611,Middle half
W24,152,mid1,2024-02-15 15:01:43.566063,67.93103448275862,1,1,1,41.15384615384615,41.15384615384615,26.0,True,True,Finished timed practice,W24_mid1,45.08196721311475,2.857142857142857,Bottom quartile
W24,152,mid2,2024-03-14 14:04:14.145063,64.33333333333333,1,1,1,62.916666666666664,62.916666666666664,32.0,True,True,Finished timed practice,W24_mid2,58.19672131147541,37.3134328358209,Middle half
W24,153,mid1,2024-02-15 15:01:43.975381,85.17241379310344,1,1,1,70.0,70.0,26.0,True,True,Finished timed practice,W24_mid1,86.88524590163934,28.57142857142857,Middle half
W24,153,mid2,2024-03-14 14:00:57.965409,58.666666666666664,1,0,0,,,,True,False,Started only,W24_mid2,42.07650273224044,,
W24,155,mid1,2024-02-15 15:01:09.060701,47.241379310344826,2,1,1,54.28571428571429,54.28571428571429,21.0,True,True,Finished timed practice,W24_mid1,14.207650273224044,13.333333333333334,Bottom quartile
W24,155,mid2,2024-03-14 14:01:13.323691,50.0,0,0,0,,,,False,False,No timed practice,W24_mid2,22.6775956284153,,
W24,156,mid1,2024-02-15 15:01:11.603015,75.86206896551724,4,2,2,91.92307692307692,91.92307692307692,26.0,True,True,Finished timed practice,W24_mid1,63.387978142076506,89.52380952380953,Top quartile
W24,156,mid2,2024-03-14 14:00:49.821027,59.333333333333336,3,3,3,90.30303030303031,90.30303030303031,33.0,True,True,Finished timed practice,W24_mid2,44.80874316939891,94.02985074626866,Top quartile
W24,157,mid1,2024-02-15 15:01:05.580191,72.41379310344827,0,0,0,,,,False,False,No timed practice,W24_mid1,59.56284153005464,,
W24,157,mid2,2024-03-14 14:00:28.501864,76.66666666666667,0,0,0,,,,False,False,No timed practice,W24_mid2,94.26229508196722,,
W24,158,mid1,2024-02-15 15:01:12.177541,65.08620689655173,1,0,0,,,,True,False,Started only,W24_mid1,38.52459016393443,,
W24,158,mid2,2024-03-14 14:00:47.701398,57.00000000000001,1,0,0,,,,True,False,Started only,W24_mid2,38.25136612021858,,
W24,159,mid1,2024-02-15 15:00:55.833187,82.75862068965517,0,0,0,,,,False,False,No timed practice,W24_mid1,81.4207650273224,,
W24,159,mid2,2024-03-14 14:00:27.183809,73.33333333333333,0,0,0,,,,False,False,No timed practice,W24_mid2,85.79234972677595,,
W24,160,mid1,2024-02-15 15:01:45.325395,86.20689655172413,0,0,0,,,,False,False,No timed practice,W24_mid1,92.62295081967213,,
W24,160,mid2,2024-03-14 14:03:09.216153,69.66666666666667,0,0,0,,,,False,False,No timed practice,W24_mid2,74.31693989071039,,
W24,161,mid2,2024-03-14 14:00:54.785330,48.333333333333336,1,1,1,51.61290322580645,51.61290322580645,31.0,True,True,Finished timed practice,W24_mid2,18.579234972677597,14.925373134328357,Bottom quartile
W24,162,mid1,2024-02-15 15:01:13.630651,84.82758620689656,0,0,0,,,,False,False,No timed practice,W24_mid1,85.79234972677595,,
W24,162,mid2,2024-03-14 14:00:59.514375,76.33333333333333,0,0,0,,,,False,False,No timed practice,W24_mid2,91.53005464480874,,
W24,163,mid1,2024-02-15 15:01:02.261997,63.36206896551724,2,0,0,,,,True,False,Started only,W24_mid1,36.0655737704918,,
W24,163,mid2,2024-03-14 14:00:36.667663,49.0,1,1,1,40.74074074074074,40.74074074074074,27.0,True,True,Finished timed practice,W24_mid2,21.03825136612022,5.970149253731343,Bottom quartile
W24,164,mid1,2024-02-15 15:01:15.031459,63.44827586206896,2,2,2,77.08333333333334,77.08333333333334,25.0,True,True,Finished timed practice,W24_mid1,36.6120218579235,47.61904761904761,Middle half
W24,164,mid2,2024-03-14 14:01:42.543334,55.333333333333336,3,1,1,71.42857142857143,71.42857142857143,28.0,True,True,Finished timed practice,W24_mid2,33.87978142076503,55.223880597014926,Middle half
W24,165,mid1,2024-02-15 15:01:11.579792,82.75862068965517,1,1,1,88.84615384615385,88.84615384615385,26.0,True,True,Finished timed practice,W24_mid1,81.4207650273224,85.71428571428571,Top quartile
W24,165,mid2,2024-03-19 11:11:43.906743,66.66666666666666,0,0,0,,,,False,False,No timed practice,W24_mid2,66.12021857923497,,
W24,166,mid1,2024-02-15 15:01:17.780863,50.0,0,0,0,,,,False,False,No timed practice,W24_mid1,16.39344262295082,,
W24,166,mid2,2024-03-14 14:03:41.991817,50.0,0,0,0,,,,False,False,No timed practice,W24_mid2,22.6775956284153,,
W24,167,mid1,2024-02-15 15:00:57.063691,85.17241379310344,2,1,1,84.61538461538461,84.61538461538461,26.0,True,True,Finished timed practice,W24_mid1,86.88524590163934,66.19047619047619,Middle half
W24,167,mid2,2024-03-14 14:00:28.092806,76.33333333333333,1,1,1,86.86868686868688,86.86868686868688,33.0,True,True,Finished timed practice,W24_mid2,91.53005464480874,80.59701492537313,Top quartile
W24,168,mid1,2024-02-15 15:01:15.034364,86.20689655172413,0,0,0,,,,False,False,No timed practice,W24_mid1,92.62295081967213,,
W24,169,mid1,2024-02-15 15:02:44.661272,53.44827586206896,1,1,1,54.347826086956516,54.347826086956516,23.0,True,True,Finished timed practice,W24_mid1,19.672131147540984,14.285714285714285,Bottom quartile
W24,169,mid2,2024-03-14 14:01:00.090140,47.5,1,1,1,58.620689655172406,58.620689655172406,29.0,True,True,Finished timed practice,W24_mid2,17.48633879781421,28.35820895522388,Middle half
W24,171,mid2,2024-03-14 14:00:48.650799,35.333333333333336,0,0,0,,,,False,False,No timed practice,W24_mid2,6.557377049180328,,
W24,172,mid1,2024-02-15 15:01:44.339136,62.41379310344828,2,2,2,86.48648648648648,86.48648648648648,29.5,True,True,Finished timed practice,W24_mid1,35.24590163934426,73.33333333333333,Middle half
W24,172,mid2,2024-03-14 18:09:59.346366,68.0,0,0,0,,,,False,False,No timed practice,W24_mid2,68.85245901639344,,
W24,173,mid1,2024-02-15 15:00:57.371606,86.20689655172413,0,0,0,,,,False,False,No timed practice,W24_mid1,92.62295081967213,,
W24,173,mid2,2024-03-14 14:00:51.801719,83.33333333333334,0,0,0,,,,False,False,No timed practice,W24_mid2,100.0,,
W24,174,mid1,2024-02-15 15:01:28.892785,69.6551724137931,1,1,1,80.76923076923077,80.76923076923077,26.0,True,True,Finished timed practice,W24_mid1,51.36612021857923,52.85714285714286,Middle half
W24,174,mid2,2024-03-14 14:00:45.338076,55.00000000000001,2,1,1,53.5483870967742,53.5483870967742,31.0,True,True,Finished timed practice,W24_mid2,31.693989071038253,16.417910447761194,Bottom quartile
W24,176,mid1,2024-02-15 15:01:06.668272,69.6551724137931,2,1,1,42.30769230769231,42.30769230769231,26.0,True,True,Finished timed practice,W24_mid1,51.36612021857923,3.8095238095238098,Bottom quartile
W24,176,mid2,2024-03-14 14:00:36.469735,48.888888888888886,0,0,0,,,,False,False,No timed practice,W24_mid2,20.21857923497268,,
W24,177,mid1,2024-02-15 15:01:09.090240,45.51724137931034,1,1,1,85.57692307692307,85.57692307692307,26.0,True,True,Finished timed practice,W24_mid1,11.202185792349727,71.9047619047619,Middle half
W24,177,mid2,2024-03-14 14:00:36.802861,47.0,0,0,0,,,,False,False,No timed practice,W24_mid2,16.939890710382514,,
W24,178,mid1,2024-02-15 15:00:54.372258,82.41379310344827,1,1,1,95.76923076923076,95.76923076923076,26.0,True,True,Finished timed practice,W24_mid1,77.59562841530054,96.19047619047619,Top quartile
W24,178,mid2,2024-03-14 14:00:45.047478,62.0,0,0,0,,,,False,False,No timed practice,W24_mid2,52.459016393442624,,
W24,179,mid1,2024-02-15 15:01:39.302140,45.862068965517246,0,0,0,,,,False,False,No timed practice,W24_mid1,12.021857923497267,,
W24,179,mid2,2024-03-14 14:00:36.125260,38.99999999999999,0,0,0,,,,False,False,No timed practice,W24_mid2,8.19672131147541,,
W24,180,mid1,2024-02-15 15:01:03.824390,77.58620689655173,1,1,1,72.6923076923077,72.6923076923077,26.0,True,True,Finished timed practice,W24_mid1,65.84699453551912,33.33333333333333,Middle half
W24,180,mid2,2024-03-14 14:01:19.440062,67.33333333333333,1,1,1,87.87878787878788,87.87878787878788,33.0,True,True,Finished timed practice,W24_mid2,67.75956284153006,85.82089552238806,Top quartile
W24,181,mid1,2024-02-15 15:01:02.859108,81.72413793103448,1,1,1,81.73076923076923,81.73076923076923,26.0,True,True,Finished timed practice,W24_mid1,74.86338797814209,57.14285714285714,Middle half
W24,181,mid2,2024-03-14 14:00:37.029574,66.33333333333333,0,0,0,,,,False,False,No timed practice,W24_mid2,64.48087431693989,,
W24,182,mid1,2024-02-15 15:01:28.332075,75.86206896551724,2,1,1,83.84615384615385,83.84615384615385,26.0,True,True,Finished timed practice,W24_mid1,63.387978142076506,60.952380952380956,Middle half
W24,182,mid2,2024-03-14 14:00:52.409212,68.33333333333333,3,1,1,67.74193548387096,67.74193548387096,31.0,True,True,Finished timed practice,W24_mid2,69.67213114754098,48.507462686567166,Middle half
W24,183,mid1,2024-02-15 15:00:57.851755,51.724137931034484,1,0,0,,,,True,False,Started only,W24_mid1,18.0327868852459,,
W24,183,mid2,2024-03-14 14:01:07.682445,48.333333333333336,2,0,0,,,,True,False,Started only,W24_mid2,18.579234972677597,,
W24,184,mid1,2024-02-15 15:00:55.298581,56.83385579937303,2,0,0,,,,True,False,Started only,W24_mid1,25.136612021857925,,
W24,184,mid2,2024-03-14 14:00:48.063466,53.333333333333336,0,0,0,,,,False,False,No timed practice,W24_mid2,27.595628415300546,,
W24,185,mid1,2024-02-15 15:01:30.943896,66.78571428571428,1,0,0,,,,True,False,Started only,W24_mid1,42.07650273224044,,
W24,185,mid2,2024-03-18 00:32:14.239555,65.0,0,0,0,,,,False,False,No timed practice,W24_mid2,59.83606557377049,,
W24,186,mid1,2024-02-15 15:01:10.524138,72.41379310344827,1,1,1,70.38461538461539,70.38461538461539,26.0,True,True,Finished timed practice,W24_mid1,59.56284153005464,29.523809523809526,Middle half
W24,186,mid2,2024-03-14 14:01:19.152243,50.33333333333333,1,0,0,,,,True,False,Started only,W24_mid2,24.043715846994534,,
W24,187,mid1,2024-02-15 15:05:59.802532,67.53134796238245,2,2,2,67.01923076923077,67.01923076923077,26.0,True,True,Finished timed practice,W24_mid1,43.71584699453552,21.904761904761905,Bottom quartile
W24,187,mid2,2024-03-14 14:00:46.637288,58.333333333333336,1,1,1,41.935483870967744,41.935483870967744,31.0,True,True,Finished timed practice,W24_mid2,40.16393442622951,7.462686567164178,Bottom quartile
W24,188,mid1,2024-02-15 15:01:00.376894,68.96551724137932,1,1,1,84.61538461538461,84.61538461538461,26.0,True,True,Finished timed practice,W24_mid1,48.08743169398907,66.19047619047619,Middle half
W24,188,mid2,2024-03-14 14:00:43.976133,53.333333333333336,0,0,0,,,,False,False,No timed practice,W24_mid2,27.595628415300546,,
W24,189,mid1,2024-02-15 15:01:03.009081,82.41379310344827,0,0,0,,,,False,False,No timed practice,W24_mid1,77.59562841530054,,
W24,189,mid2,2024-03-14 14:01:16.045026,63.33333333333333,0,0,0,,,,False,False,No timed practice,W24_mid2,56.830601092896174,,
W24,190,mid1,2024-02-15 23:32:18.515596,79.3103448275862,0,0,0,,,,False,False,No timed practice,W24_mid1,69.94535519125684,,
W24,190,mid2,2024-03-14 14:08:14.155255,73.33333333333333,0,0,0,,,,False,False,No timed practice,W24_mid2,85.79234972677595,,
W24,191,mid1,2024-02-15 15:03:27.971472,75.86206896551724,1,0,0,,,,True,False,Started only,W24_mid1,63.387978142076506,,
W24,191,mid2,2024-03-14 14:01:17.668373,76.66666666666667,0,0,0,,,,False,False,No timed practice,W24_mid2,94.26229508196722,,
W24,192,mid1,2024-02-15 15:00:59.673415,78.9655172413793,0,0,0,,,,False,False,No timed practice,W24_mid1,68.30601092896174,,
W24,192,mid2,2024-03-14 14:00:28.328704,69.66666666666667,1,1,1,87.87878787878788,87.87878787878788,33.0,True,True,Finished timed practice,W24_mid2,74.31693989071039,85.82089552238806,Top quartile
W24,193,mid1,2024-02-15 15:01:08.140379,67.5,2,1,1,80.83333333333333,80.83333333333333,24.0,True,True,Finished timed practice,W24_mid1,43.169398907103826,54.285714285714285,Middle half
W24,193,mid2,2024-03-14 14:00:38.146013,45.666666666666664,1,1,1,78.125,78.125,32.0,True,True,Finished timed practice,W24_mid2,14.207650273224044,69.40298507462687,Middle half
W24,194,mid1,2024-02-15 15:00:53.685612,82.06896551724138,1,1,1,88.46153846153845,88.46153846153845,26.0,True,True,Finished timed practice,W24_mid1,76.50273224043715,81.9047619047619,Top quartile
W24,194,mid2,2024-03-14 14:01:06.674907,61.66666666666667,0,0,0,,,,False,False,No timed practice,W24_mid2,50.0,,
W24,195,mid1,2024-02-15 15:01:41.417949,67.58620689655173,2,0,0,,,,True,False,Started only,W24_mid1,44.26229508196721,,
W24,195,mid2,2024-03-14 14:04:52.957355,73.33333333333333,1,0,0,,,,True,False,Started only,W24_mid2,85.79234972677595,,
W24,196,mid1,2024-02-15 15:00:57.988237,68.62068965517241,1,0,0,,,,True,False,Started only,W24_mid1,45.90163934426229,,
W24,197,mid1,2024-02-15 16:22:55.468217,82.75862068965517,0,0,0,,,,False,False,No timed practice,W24_mid1,81.4207650273224,,
W24,197,mid2,2024-03-14 23:50:22.541845,72.33333333333333,0,0,0,,,,False,False,No timed practice,W24_mid2,81.69398907103826,,
W24,198,mid1,2024-02-15 15:02:20.549409,79.3103448275862,1,1,1,76.53846153846153,76.53846153846153,26.0,True,True,Finished timed practice,W24_mid1,69.94535519125684,43.333333333333336,Middle half
W24,198,mid2,2024-03-14 14:04:12.928349,76.66666666666667,1,1,1,76.7741935483871,76.7741935483871,31.0,True,True,Finished timed practice,W24_mid2,94.26229508196722,65.67164179104478,Middle half
W24,199,mid1,2024-02-15 15:05:15.912781,80.0,1,0,0,,,,True,False,Started only,W24_mid1,72.1311475409836,,
W24,199,mid2,2024-03-14 14:01:26.113345,61.66666666666667,0,0,0,,,,False,False,No timed practice,W24_mid2,50.0,,
