semester_raw,anon_student_id,midterm,semester,normalized_midterm_name,n_items_observed,n_items_scored,score_points,score_pct,exam_start,exam_end,n_sessions,total_exam_minutes,coverage_pct
F21,1,mid1,Fall 2021,Fall 2021 Midterm 1,30,29,26.0,89.65517241379311,2021-10-06 16:59:47.000000,2021-10-06 18:15:01.000000,1,75.23333333333333,96.66666666666667
F21,1,mid2,Fall 2021,Fall 2021 Midterm 2,29,25,17.7,70.8,2021-11-03 17:00:04.000000,2021-11-03 18:20:14.000000,1,80.16666666666667,86.20689655172414
F21,2,mid1,Fall 2021,Fall 2021 Midterm 1,31,30,24.727272727272727,82.42424242424242,2021-10-06 17:00:09.000000,2021-10-06 17:56:06.000000,1,55.95,96.7741935483871
F21,2,mid2,Fall 2021,Fall 2021 Midterm 2,30,26,20.0,76.92307692307693,2021-11-03 17:00:08.000000,2021-11-03 18:19:59.000000,1,79.85,86.66666666666667
F21,3,mid1,Fall 2021,Fall 2021 Midterm 1,32,31,26.4,85.16129032258064,2021-10-06 17:00:10.000000,2021-10-06 18:20:44.000000,1,80.56666666666666,96.875
F21,3,mid2,Fall 2021,Fall 2021 Midterm 2,29,25,19.7,78.8,2021-11-03 17:00:35.000000,2021-11-03 18:20:35.000000,1,80.0,86.20689655172414
F21,4,mid1,Fall 2021,Fall 2021 Midterm 1,30,29,14.818181818181818,51.09717868338558,2021-10-06 17:03:01.000000,2021-10-06 19:02:53.000000,1,119.86666666666666,96.66666666666667
F21,4,mid2,Fall 2021,Fall 2021 Midterm 2,29,25,13.0,52.0,2021-11-03 17:00:26.000000,2021-11-03 18:21:16.000000,1,80.83333333333333,86.20689655172414
F21,5,mid1,Fall 2021,Fall 2021 Midterm 1,30,29,23.2,80.0,2021-10-06 17:00:40.000000,2021-10-06 18:11:07.000000,1,70.45,96.66666666666667
F21,5,mid2,Fall 2021,Fall 2021 Midterm 2,29,25,15.5,62.0,2021-11-03 17:00:19.000000,2021-11-03 18:05:30.000000,1,65.18333333333334,86.20689655172414
F21,6,mid1,Fall 2021,Fall 2021 Midterm 1,30,29,13.0,44.827586206896555,2021-10-06 17:00:47.000000,2021-10-06 18:12:09.000000,1,71.36666666666666,96.66666666666667
F21,6,mid2,Fall 2021,Fall 2021 Midterm 2,29,25,13.0,52.0,2021-11-03 16:59:53.000000,2021-11-03 18:04:31.000000,1,64.63333333333334,86.20689655172414
F21,7,mid1,Fall 2021,Fall 2021 Midterm 1,30,29,21.8,75.17241379310346,2021-10-06 17:01:33.000000,2021-10-06 18:24:02.000000,1,82.48333333333333,96.66666666666667
F21,7,mid2,Fall 2021,Fall 2021 Midterm 2,29,25,11.75,47.0,2021-11-03 17:01:49.000000,2021-11-03 18:22:24.000000,1,80.58333333333333,86.20689655172414
F21,8,mid1,Fall 2021,Fall 2021 Midterm 1,30,29,26.0,89.65517241379311,2021-10-06 17:04:05.000000,2021-10-06 18:05:39.000000,1,61.56666666666667,96.66666666666667
F21,8,mid2,Fall 2021,Fall 2021 Midterm 2,29,25,20.0,80.0,2021-11-03 16:59:54.000000,2021-11-03 18:08:25.000000,1,68.51666666666667,86.20689655172414
F21,9,mid1,Fall 2021,Fall 2021 Midterm 1,30,29,22.4,77.24137931034483,2021-10-06 16:58:35.000000,2021-10-06 18:54:25.000000,1,115.83333333333333,96.66666666666667
F21,9,mid2,Fall 2021,Fall 2021 Midterm 2,29,25,17.7,70.8,2021-11-03 17:00:33.000000,2021-11-03 18:20:34.000000,1,80.01666666666667,86.20689655172414
F21,10,mid1,Fall 2021,Fall 2021 Midterm 1,33,32,21.7,67.8125,2021-10-06 17:02:10.000000,2021-10-06 18:22:00.000000,1,79.83333333333333,96.96969696969697
F21,10,mid2,Fall 2021,Fall 2021 Midterm 2,29,25,13.9,55.60000000000001,2021-11-03 17:06:17.000000,2021-11-03 18:26:37.000000,1,80.33333333333333,86.20689655172414
F21,11,mid1,Fall 2021,Fall 2021 Midterm 1,31,30,22.5,75.0,2021-10-06 17:00:26.000000,2021-10-06 18:20:28.000000,1,80.03333333333333,96.7741935483871
F21,11,mid2,Fall 2021,Fall 2021 Midterm 2,29,25,16.7,66.8,2021-11-03 16:58:20.000000,2021-11-03 18:18:19.000000,1,79.98333333333333,86.20689655172414
F21,12,mid1,Fall 2021,Fall 2021 Midterm 1,26,25,14.0,56.00000000000001,2021-10-06 17:01:22.000000,2021-10-06 18:21:40.000000,1,80.3,96.15384615384616
F21,12,mid2,Fall 2021,Fall 2021 Midterm 2,29,25,7.0,28.000000000000004,2021-11-03 17:15:52.000000,2021-11-03 18:08:31.000000,1,52.65,86.20689655172414
F21,14,mid1,Fall 2021,Fall 2021 Midterm 1,30,29,25.0,86.20689655172413,2021-10-06 17:00:12.000000,2021-10-06 18:20:28.000000,1,80.26666666666667,96.66666666666667
F21,14,mid2,Fall 2021,Fall 2021 Midterm 2,29,25,18.7,74.8,2021-11-03 17:00:32.000000,2021-11-03 18:20:38.000000,1,80.1,86.20689655172414
F21,15,mid1,Fall 2021,Fall 2021 Midterm 1,30,29,27.0,93.10344827586206,2021-10-06 17:00:52.000000,2021-10-06 18:04:23.000000,1,63.516666666666666,96.66666666666667
F21,15,mid2,Fall 2021,Fall 2021 Midterm 2,29,25,19.0,76.0,2021-11-03 17:00:12.000000,2021-11-03 18:05:06.000000,1,64.9,86.20689655172414
F21,16,mid1,Fall 2021,Fall 2021 Midterm 1,30,29,22.618181818181817,77.99373040752351,2021-10-06 17:00:26.000000,2021-10-06 18:20:37.000000,1,80.18333333333334,96.66666666666667
F21,16,mid2,Fall 2021,Fall 2021 Midterm 2,28,24,14.0,58.333333333333336,2021-11-03 17:00:49.000000,2021-11-03 18:22:39.000000,1,81.83333333333333,85.71428571428571
F21,17,mid1,Fall 2021,Fall 2021 Midterm 1,30,29,22.3,76.89655172413794,2021-10-06 17:00:15.000000,2021-10-06 18:02:41.000000,1,62.43333333333333,96.66666666666667
F21,17,mid2,Fall 2021,Fall 2021 Midterm 2,29,25,11.7,46.8,2021-11-03 17:00:22.000000,2021-11-03 18:20:33.000000,1,80.18333333333334,86.20689655172414
F21,19,mid1,Fall 2021,Fall 2021 Midterm 1,29,28,15.818181818181818,56.493506493506494,2021-10-06 17:01:05.000000,2021-10-06 18:21:03.000000,1,79.96666666666667,96.55172413793103
F21,19,mid2,Fall 2021,Fall 2021 Midterm 2,30,26,15.85,60.96153846153845,2021-11-03 17:00:31.000000,2021-11-03 18:17:50.000000,1,77.31666666666666,86.66666666666667
F21,20,mid1,Fall 2021,Fall 2021 Midterm 1,30,29,25.536363636363635,88.0564263322884,2021-10-06 17:00:29.000000,2021-10-06 18:20:19.000000,1,79.83333333333333,96.66666666666667
F21,20,mid2,Fall 2021,Fall 2021 Midterm 2,29,25,15.7,62.8,2021-11-03 16:59:27.000000,2021-11-03 18:19:48.000000,1,80.35,86.20689655172414
F21,21,mid1,Fall 2021,Fall 2021 Midterm 1,30,29,24.4,84.13793103448275,2021-10-06 17:00:01.000000,2021-10-06 17:52:31.000000,1,52.5,96.66666666666667
F21,21,mid2,Fall 2021,Fall 2021 Midterm 2,29,25,19.4,77.6,2021-11-03 17:00:02.000000,2021-11-03 18:08:07.000000,1,68.08333333333333,86.20689655172414
F21,22,mid1,Fall 2021,Fall 2021 Midterm 1,31,30,24.7,82.33333333333334,2021-10-06 17:01:11.000000,2021-10-06 19:35:25.000000,1,154.23333333333332,96.7741935483871
F21,22,mid2,Fall 2021,Fall 2021 Midterm 2,30,26,19.9,76.53846153846153,2021-11-03 17:03:38.000000,2021-11-03 18:42:41.000000,1,99.05,86.66666666666667
F21,24,mid1,Fall 2021,Fall 2021 Midterm 1,30,29,17.0,58.620689655172406,2021-10-06 17:02:00.000000,2021-10-06 19:26:04.000000,1,144.06666666666666,96.66666666666667
F21,24,mid2,Fall 2021,Fall 2021 Midterm 2,29,25,11.7,46.8,2021-11-03 17:00:40.000000,2021-11-03 19:00:57.000000,1,120.28333333333333,86.20689655172414
F21,25,mid1,Fall 2021,Fall 2021 Midterm 1,31,30,22.21818181818182,74.06060606060606,2021-10-06 16:58:53.000000,2021-10-06 19:08:28.000000,1,129.58333333333334,96.7741935483871
F21,25,mid2,Fall 2021,Fall 2021 Midterm 2,30,26,17.7,68.07692307692308,2021-11-03 16:59:59.000000,2021-11-03 18:27:59.000000,1,88.0,86.66666666666667
F21,26,mid1,Fall 2021,Fall 2021 Midterm 1,30,29,25.0,86.20689655172413,2021-10-06 17:00:22.000000,2021-10-06 18:07:25.000000,1,67.05,96.66666666666667
F21,26,mid2,Fall 2021,Fall 2021 Midterm 2,29,25,16.0,64.0,2021-11-03 17:01:38.000000,2021-11-03 17:52:07.000000,1,50.483333333333334,86.20689655172414
F21,27,mid1,Fall 2021,Fall 2021 Midterm 1,30,29,14.0,48.275862068965516,2021-10-06 17:00:15.000000,2021-10-06 18:20:30.000000,1,80.25,96.66666666666667
F21,27,mid2,Fall 2021,Fall 2021 Midterm 2,29,25,13.4,53.6,2021-11-03 17:00:30.000000,2021-11-03 18:20:45.000000,1,80.25,86.20689655172414
F21,28,mid1,Fall 2021,Fall 2021 Midterm 1,30,29,26.4,91.03448275862068,2021-10-06 17:00:47.000000,2021-10-06 19:00:35.000000,1,119.8,96.66666666666667
F21,28,mid2,Fall 2021,Fall 2021 Midterm 2,29,25,19.7,78.8,2021-11-03 17:05:32.000000,2021-11-03 18:36:46.000000,1,91.23333333333333,86.20689655172414
F21,29,mid1,Fall 2021,Fall 2021 Midterm 1,30,29,16.2,55.86206896551724,2021-10-06 17:00:16.000000,2021-10-06 18:19:54.000000,1,79.63333333333334,96.66666666666667
F21,29,mid2,Fall 2021,Fall 2021 Midterm 2,29,25,13.0,52.0,2021-11-03 17:01:17.000000,2021-11-03 18:21:42.000000,1,80.41666666666667,86.20689655172414
F21,30,mid1,Fall 2021,Fall 2021 Midterm 1,31,30,21.4,71.33333333333333,2021-10-06 17:00:26.000000,2021-10-06 18:20:43.000000,1,80.28333333333333,96.7741935483871
F21,30,mid2,Fall 2021,Fall 2021 Midterm 2,30,26,13.1,50.38461538461539,2021-11-03 17:00:03.000000,2021-11-03 18:20:16.000000,1,80.21666666666667,86.66666666666667
F21,31,mid1,Fall 2021,Fall 2021 Midterm 1,30,29,17.1,58.96551724137932,2021-10-06 17:04:33.000000,2021-10-06 19:44:32.000000,1,159.98333333333332,96.66666666666667
F21,31,mid2,Fall 2021,Fall 2021 Midterm 2,29,25,15.6,62.4,2021-11-03 17:06:27.000000,2021-11-03 19:07:17.000000,1,120.83333333333333,86.20689655172414
F21,32,mid1,Fall 2021,Fall 2021 Midterm 1,30,29,27.0,93.10344827586206,2021-10-06 17:00:27.000000,2021-10-06 17:43:04.000000,1,42.61666666666667,96.66666666666667
F21,32,mid2,Fall 2021,Fall 2021 Midterm 2,29,25,18.0,72.0,2021-11-03 16:59:54.000000,2021-11-03 17:50:38.000000,1,50.733333333333334,86.20689655172414
F21,33,mid1,Fall 2021,Fall 2021 Midterm 1,30,29,24.4,84.13793103448275,2021-10-06 17:00:34.000000,2021-10-06 18:20:14.000000,1,79.66666666666667,96.66666666666667
F21,33,mid2,Fall 2021,Fall 2021 Midterm 2,30,26,14.7,56.53846153846154,2021-11-03 17:00:30.000000,2021-11-03 18:31:34.000000,1,91.06666666666666,86.66666666666667
F21,34,mid1,Fall 2021,Fall 2021 Midterm 1,30,29,27.0,93.10344827586206,2021-10-06 17:00:21.000000,2021-10-06 18:07:29.000000,1,67.13333333333334,96.66666666666667
F21,34,mid2,Fall 2021,Fall 2021 Midterm 2,29,25,22.0,88.0,2021-11-03 17:00:18.000000,2021-11-03 18:03:52.000000,1,63.56666666666667,86.20689655172414
F21,35,mid1,Fall 2021,Fall 2021 Midterm 1,30,29,25.0,86.20689655172413,2021-10-06 16:58:28.000000,2021-10-06 18:08:01.000000,1,69.55,96.66666666666667
F21,35,mid2,Fall 2021,Fall 2021 Midterm 2,29,25,20.0,80.0,2021-11-03 16:58:20.000000,2021-11-03 18:09:55.000000,1,71.58333333333333,86.20689655172414
F21,36,mid1,Fall 2021,Fall 2021 Midterm 1,30,29,17.625,60.775862068965516,2021-10-06 16:58:53.000000,2021-10-06 18:14:45.000000,1,75.86666666666666,96.66666666666667
F21,36,mid2,Fall 2021,Fall 2021 Midterm 2,29,25,12.7,50.8,2021-11-03 16:58:45.000000,2021-11-03 18:18:58.000000,1,80.21666666666667,86.20689655172414
F21,37,mid1,Fall 2021,Fall 2021 Midterm 1,30,29,25.0,86.20689655172413,2021-10-06 16:57:46.000000,2021-10-06 18:13:56.000000,1,76.16666666666667,96.66666666666667
F21,37,mid2,Fall 2021,Fall 2021 Midterm 2,29,25,14.7,58.8,2021-11-03 16:58:24.000000,2021-11-03 18:10:36.000000,1,72.2,86.20689655172414
F21,38,mid1,Fall 2021,Fall 2021 Midterm 1,31,30,22.35,74.5,2021-10-06 16:59:34.000000,2021-10-06 18:06:26.000000,1,66.86666666666666,96.7741935483871
F21,38,mid2,Fall 2021,Fall 2021 Midterm 2,30,26,16.1,61.92307692307693,2021-11-03 16:59:12.000000,2021-11-03 18:05:30.000000,1,66.3,86.66666666666667
F21,39,mid1,Fall 2021,Fall 2021 Midterm 1,30,29,27.0,93.10344827586206,2021-10-06 17:00:01.000000,2021-10-06 18:20:19.000000,1,80.3,96.66666666666667
F21,39,mid2,Fall 2021,Fall 2021 Midterm 2,29,25,19.7,78.8,2021-11-03 17:00:57.000000,2021-11-03 18:21:14.000000,1,80.28333333333333,86.20689655172414
F21,40,mid1,Fall 2021,Fall 2021 Midterm 1,30,29,25.0,86.20689655172413,2021-10-06 17:00:09.000000,2021-10-06 18:08:45.000000,1,68.6,96.66666666666667
F21,40,mid2,Fall 2021,Fall 2021 Midterm 2,29,25,18.75,75.0,2021-11-03 17:00:02.000000,2021-11-03 17:53:54.000000,1,53.86666666666667,86.20689655172414
F21,41,mid1,Fall 2021,Fall 2021 Midterm 1,30,29,25.8,88.96551724137932,2021-10-06 17:02:15.000000,2021-10-06 17:37:17.000000,1,35.03333333333333,96.66666666666667
F21,41,mid2,Fall 2021,Fall 2021 Midterm 2,29,25,22.0,88.0,2021-11-03 17:00:42.000000,2021-11-03 17:53:06.000000,1,52.4,86.20689655172414
F21,42,mid1,Fall 2021,Fall 2021 Midterm 1,30,29,24.0,82.75862068965517,2021-10-06 17:00:54.000000,2021-10-06 19:01:22.000000,1,120.46666666666667,96.66666666666667
F21,42,mid2,Fall 2021,Fall 2021 Midterm 2,29,25,21.0,84.0,2021-11-03 17:00:53.000000,2021-11-03 18:27:31.000000,1,86.63333333333334,86.20689655172414
F21,43,mid1,Fall 2021,Fall 2021 Midterm 1,30,29,20.0,68.96551724137932,2021-10-06 16:59:35.000000,2021-10-06 18:19:50.000000,1,80.25,96.66666666666667
F21,43,mid2,Fall 2021,Fall 2021 Midterm 2,30,26,16.1,61.92307692307693,2021-11-03 17:00:04.000000,2021-11-03 18:20:21.000000,1,80.28333333333333,86.66666666666667
F21,44,mid1,Fall 2021,Fall 2021 Midterm 1,30,29,26.0,89.65517241379311,2021-10-06 17:00:41.000000,2021-10-06 17:49:18.000000,1,48.61666666666667,96.66666666666667
F21,44,mid2,Fall 2021,Fall 2021 Midterm 2,29,25,18.45,73.8,2021-11-03 17:05:13.000000,2021-11-03 17:46:34.000000,1,41.35,86.20689655172414
F21,45,mid1,Fall 2021,Fall 2021 Midterm 1,31,30,18.118181818181817,60.39393939393939,2021-10-06 17:00:45.000000,2021-10-06 18:20:39.000000,1,79.9,96.7741935483871
F21,45,mid2,Fall 2021,Fall 2021 Midterm 2,31,27,19.8,73.33333333333334,2021-11-08 00:59:04.000000,2021-11-08 02:19:55.000000,1,80.85,87.09677419354838
F21,46,mid1,Fall 2021,Fall 2021 Midterm 1,31,30,22.4,74.66666666666666,2021-10-06 17:00:19.000000,2021-10-06 18:20:34.000000,1,80.25,96.7741935483871
F21,46,mid2,Fall 2021,Fall 2021 Midterm 2,31,27,17.0,62.96296296296296,2021-11-07 22:23:50.000000,2021-11-07 23:44:06.000000,1,80.26666666666667,87.09677419354838
F21,47,mid1,Fall 2021,Fall 2021 Midterm 1,30,29,24.4,84.13793103448275,2021-10-06 17:01:32.000000,2021-10-06 18:26:12.000000,1,84.66666666666667,96.66666666666667
F21,47,mid2,Fall 2021,Fall 2021 Midterm 2,29,25,20.0,80.0,2021-11-03 16:59:17.000000,2021-11-03 18:04:40.000000,1,65.38333333333334,86.20689655172414
F21,48,mid1,Fall 2021,Fall 2021 Midterm 1,30,29,21.4,73.79310344827586,2021-10-06 17:00:09.000000,2021-10-06 18:20:10.000000,1,80.01666666666667,96.66666666666667
F21,48,mid2,Fall 2021,Fall 2021 Midterm 2,29,25,16.7,66.8,2021-11-03 17:00:01.000000,2021-11-03 18:05:18.000000,1,65.28333333333333,86.20689655172414
F21,49,mid1,Fall 2021,Fall 2021 Midterm 1,29,28,16.3,58.214285714285715,2021-10-06 17:00:39.000000,2021-10-06 18:20:53.000000,1,80.23333333333333,96.55172413793103
F21,49,mid2,Fall 2021,Fall 2021 Midterm 2,29,25,11.0,44.0,2021-11-03 17:05:23.000000,2021-11-03 18:25:39.000000,1,80.26666666666667,86.20689655172414
F21,50,mid1,Fall 2021,Fall 2021 Midterm 1,30,29,26.0,89.65517241379311,2021-10-06 17:00:48.000000,2021-10-06 18:12:46.000000,1,71.96666666666667,96.66666666666667
F21,50,mid2,Fall 2021,Fall 2021 Midterm 2,29,25,21.0,84.0,2021-11-03 16:59:29.000000,2021-11-03 18:20:03.000000,1,80.56666666666666,86.20689655172414
F21,51,mid1,Fall 2021,Fall 2021 Midterm 1,30,29,17.81818181818182,61.44200626959248,2021-10-06 17:13:21.000000,2021-10-06 17:58:04.000000,1,44.71666666666667,96.66666666666667
F21,51,mid2,Fall 2021,Fall 2021 Midterm 2,30,26,6.0,23.076923076923077,2021-11-08 14:14:50.000000,2021-11-08 14:30:06.000000,1,15.266666666666667,86.66666666666667
F21,52,mid1,Fall 2021,Fall 2021 Midterm 1,30,29,25.9,89.31034482758619,2021-10-06 17:00:05.000000,2021-10-06 18:08:24.000000,1,68.31666666666666,96.66666666666667
F21,52,mid2,Fall 2021,Fall 2021 Midterm 2,29,25,20.4,81.6,2021-11-03 16:58:51.000000,2021-11-03 17:58:28.000000,1,59.61666666666667,86.20689655172414
F21,53,mid1,Fall 2021,Fall 2021 Midterm 1,31,30,27.0,90.0,2021-10-06 16:59:33.000000,2021-10-06 18:04:55.000000,1,65.36666666666666,96.7741935483871
F21,53,mid2,Fall 2021,Fall 2021 Midterm 2,30,26,17.1,65.76923076923077,2021-11-03 16:59:08.000000,2021-11-03 18:04:11.000000,1,65.05,86.66666666666667
F21,54,mid1,Fall 2021,Fall 2021 Midterm 1,30,29,19.9,68.62068965517241,2021-10-06 17:00:12.000000,2021-10-06 19:00:27.000000,1,120.25,96.66666666666667
F21,54,mid2,Fall 2021,Fall 2021 Midterm 2,29,25,14.7,58.8,2021-11-03 17:00:15.000000,2021-11-03 18:20:31.000000,1,80.26666666666667,86.20689655172414
F21,55,mid1,Fall 2021,Fall 2021 Midterm 1,30,29,26.0,89.65517241379311,2021-10-06 17:00:02.000000,2021-10-06 17:59:11.000000,1,59.15,96.66666666666667
F21,55,mid2,Fall 2021,Fall 2021 Midterm 2,29,25,21.7,86.8,2021-11-03 17:00:01.000000,2021-11-03 18:12:59.000000,1,72.96666666666667,86.20689655172414
F21,56,mid1,Fall 2021,Fall 2021 Midterm 1,30,29,24.9,85.86206896551724,2021-10-06 16:59:18.000000,2021-10-06 18:00:27.000000,1,61.15,96.66666666666667
F21,56,mid2,Fall 2021,Fall 2021 Midterm 2,29,25,17.0,68.0,2021-11-03 17:00:02.000000,2021-11-03 18:08:44.000000,1,68.7,86.20689655172414
F21,57,mid1,Fall 2021,Fall 2021 Midterm 1,30,29,17.4,60.0,2021-10-06 17:00:38.000000,2021-10-06 18:06:50.000000,1,66.2,96.66666666666667
F21,57,mid2,Fall 2021,Fall 2021 Midterm 2,29,25,16.8,67.2,2021-11-03 16:59:38.000000,2021-11-03 18:18:46.000000,1,79.13333333333334,86.20689655172414
F21,58,mid1,Fall 2021,Fall 2021 Midterm 1,30,29,17.4,60.0,2021-10-06 17:00:29.000000,2021-10-06 18:12:49.000000,1,72.33333333333333,96.66666666666667
F21,58,mid2,Fall 2021,Fall 2021 Midterm 2,29,25,16.5,66.0,2021-11-03 17:00:02.000000,2021-11-03 18:15:03.000000,1,75.01666666666667,86.20689655172414
F21,59,mid1,Fall 2021,Fall 2021 Midterm 1,31,30,20.68409090909091,68.94696969696969,2021-10-06 16:58:25.000000,2021-10-06 18:18:39.000000,1,80.23333333333333,96.7741935483871
F21,59,mid2,Fall 2021,Fall 2021 Midterm 2,30,26,17.7,68.07692307692308,2021-11-03 17:00:11.000000,2021-11-03 18:13:19.000000,1,73.13333333333334,86.66666666666667
F21,60,mid1,Fall 2021,Fall 2021 Midterm 1,30,29,25.0,86.20689655172413,2021-10-06 17:00:14.000000,2021-10-06 18:04:21.000000,1,64.11666666666666,96.66666666666667
F21,60,mid2,Fall 2021,Fall 2021 Midterm 2,29,25,16.0,64.0,2021-11-03 17:00:07.000000,2021-11-03 18:05:20.000000,1,65.21666666666667,86.20689655172414
F21,61,mid1,Fall 2021,Fall 2021 Midterm 1,30,29,23.927272727272726,82.5078369905956,2021-10-06 17:02:57.000000,2021-10-06 18:06:34.000000,1,63.61666666666667,96.66666666666667
F21,61,mid2,Fall 2021,Fall 2021 Midterm 2,29,25,16.433333333333334,65.73333333333333,2021-11-03 17:03:17.000000,2021-11-03 18:23:20.000000,1,80.05,86.20689655172414
F21,62,mid1,Fall 2021,Fall 2021 Midterm 1,30,29,22.358333333333334,77.09770114942529,2021-10-06 17:01:05.000000,2021-10-06 18:21:21.000000,1,80.26666666666667,96.66666666666667
F21,62,mid2,Fall 2021,Fall 2021 Midterm 2,29,25,17.4,69.6,2021-11-03 17:00:34.000000,2021-11-03 18:20:50.000000,1,80.26666666666667,86.20689655172414
F21,63,mid1,Fall 2021,Fall 2021 Midterm 1,30,29,25.8,88.96551724137932,2021-10-06 17:00:13.000000,2021-10-06 18:04:31.000000,1,64.3,96.66666666666667
F21,63,mid2,Fall 2021,Fall 2021 Midterm 2,29,25,16.85,67.4,2021-11-03 16:59:24.000000,2021-11-03 18:16:16.000000,1,76.86666666666666,86.20689655172414
F21,64,mid1,Fall 2021,Fall 2021 Midterm 1,30,29,18.1,62.41379310344828,2021-10-06 17:00:52.000000,2021-10-06 18:21:07.000000,1,80.25,96.66666666666667
F21,64,mid2,Fall 2021,Fall 2021 Midterm 2,29,25,6.7,26.8,2021-11-03 17:09:36.000000,2021-11-03 18:21:14.000000,1,71.63333333333334,86.20689655172414
F21,65,mid1,Fall 2021,Fall 2021 Midterm 1,30,29,21.4,73.79310344827586,2021-10-06 17:00:33.000000,2021-10-06 18:20:53.000000,1,80.33333333333333,96.66666666666667
F21,65,mid2,Fall 2021,Fall 2021 Midterm 2,29,25,14.4,57.60000000000001,2021-11-03 17:00:16.000000,2021-11-03 18:11:41.000000,1,71.41666666666667,86.20689655172414
F21,66,mid1,Fall 2021,Fall 2021 Midterm 1,30,29,25.225,86.98275862068967,2021-10-06 16:59:24.000000,2021-10-06 18:12:09.000000,1,72.75,96.66666666666667
F21,66,mid2,Fall 2021,Fall 2021 Midterm 2,29,25,20.0,80.0,2021-11-03 16:59:53.000000,2021-11-03 18:11:28.000000,1,71.58333333333333,86.20689655172414
F21,67,mid1,Fall 2021,Fall 2021 Midterm 1,30,29,25.0,86.20689655172413,2021-10-06 16:58:07.000000,2021-10-06 17:58:34.000000,1,60.45,96.66666666666667
F21,67,mid2,Fall 2021,Fall 2021 Midterm 2,29,25,18.0,72.0,2021-11-03 16:58:17.000000,2021-11-03 17:54:02.000000,1,55.75,86.20689655172414
F21,68,mid1,Fall 2021,Fall 2021 Midterm 1,32,31,20.1,64.83870967741936,2021-10-06 17:00:24.000000,2021-10-06 18:28:27.000000,1,88.05,96.875
F21,68,mid2,Fall 2021,Fall 2021 Midterm 2,30,26,12.7,48.84615384615385,2021-11-03 17:03:38.000000,2021-11-03 18:23:55.000000,1,80.28333333333333,86.66666666666667
F21,69,mid1,Fall 2021,Fall 2021 Midterm 1,30,29,23.4,80.6896551724138,2021-10-06 17:00:06.000000,2021-10-06 18:12:43.000000,1,72.61666666666666,96.66666666666667
F21,69,mid2,Fall 2021,Fall 2021 Midterm 2,29,25,14.8,59.20000000000001,2021-11-03 16:58:11.000000,2021-11-03 18:12:38.000000,1,74.45,86.20689655172414
F21,70,mid1,Fall 2021,Fall 2021 Midterm 1,30,29,21.0,72.41379310344827,2021-10-06 17:00:12.000000,2021-10-06 18:20:34.000000,1,80.36666666666666,96.66666666666667
F21,70,mid2,Fall 2021,Fall 2021 Midterm 2,28,24,10.0,41.66666666666667,2021-11-03 16:59:25.000000,2021-11-03 18:19:45.000000,1,80.33333333333333,85.71428571428571
F21,72,mid1,Fall 2021,Fall 2021 Midterm 1,30,29,23.4,80.6896551724138,2021-10-06 17:00:15.000000,2021-10-06 18:20:38.000000,1,80.38333333333334,96.66666666666667
F21,72,mid2,Fall 2021,Fall 2021 Midterm 2,29,25,15.7,62.8,2021-11-03 17:00:12.000000,2021-11-03 18:15:07.000000,1,74.91666666666667,86.20689655172414
F21,73,mid1,Fall 2021,Fall 2021 Midterm 1,30,29,24.1,83.10344827586206,2021-10-06 17:19:37.000000,2021-10-06 18:32:20.000000,1,72.71666666666667,96.66666666666667
F21,73,mid2,Fall 2021,Fall 2021 Midterm 2,30,26,15.2,58.46153846153845,2021-11-05 19:50:07.000000,2021-11-05 21:10:30.000000,1,80.38333333333334,86.66666666666667
F21,74,mid1,Fall 2021,Fall 2021 Midterm 1,30,29,26.0,89.65517241379311,2021-10-06 17:00:02.000000,2021-10-06 17:52:00.000000,1,51.96666666666667,96.66666666666667
F21,74,mid2,Fall 2021,Fall 2021 Midterm 2,30,26,20.0,76.92307692307693,2021-11-07 23:19:04.000000,2021-11-08 00:37:16.000000,1,78.2,86.66666666666667
F21,75,mid1,Fall 2021,Fall 2021 Midterm 1,30,29,22.4,77.24137931034483,2021-10-06 17:01:57.000000,2021-10-06 18:14:05.000000,1,72.13333333333334,96.66666666666667
F21,75,mid2,Fall 2021,Fall 2021 Midterm 2,30,26,18.8,72.3076923076923,2021-11-03 16:59:58.000000,2021-11-03 18:20:13.000000,1,80.25,86.66666666666667
F21,76,mid1,Fall 2021,Fall 2021 Midterm 1,30,29,21.4,73.79310344827586,2021-10-06 17:23:22.000000,2021-10-06 18:11:00.000000,1,47.63333333333333,96.66666666666667
F21,76,mid2,Fall 2021,Fall 2021 Midterm 2,29,25,14.75,59.0,2021-11-03 17:00:21.000000,2021-11-03 18:03:33.000000,1,63.2,86.20689655172414
F21,77,mid1,Fall 2021,Fall 2021 Midterm 1,30,29,26.0,89.65517241379311,2021-10-06 17:00:08.000000,2021-10-06 17:48:27.000000,1,48.31666666666667,96.66666666666667
F21,77,mid2,Fall 2021,Fall 2021 Midterm 2,29,25,21.0,84.0,2021-11-03 17:00:07.000000,2021-11-03 17:58:09.000000,1,58.03333333333333,86.20689655172414
F21,78,mid1,Fall 2021,Fall 2021 Midterm 1,30,29,26.0,89.65517241379311,2021-10-06 17:00:14.000000,2021-10-06 18:02:55.000000,1,62.68333333333333,96.66666666666667
F21,78,mid2,Fall 2021,Fall 2021 Midterm 2,29,25,19.0,76.0,2021-11-03 17:00:47.000000,2021-11-03 18:20:54.000000,1,80.11666666666666,86.20689655172414
F21,79,mid1,Fall 2021,Fall 2021 Midterm 1,30,29,19.2,66.20689655172414,2021-10-06 17:00:31.000000,2021-10-06 18:20:47.000000,1,80.26666666666667,96.66666666666667
F21,79,mid2,Fall 2021,Fall 2021 Midterm 2,29,25,13.0,52.0,2021-11-03 17:00:03.000000,2021-11-03 18:20:21.000000,1,80.3,86.20689655172414
F21,80,mid1,Fall 2021,Fall 2021 Midterm 1,30,29,24.8,85.51724137931035,2021-10-06 17:00:24.000000,2021-10-06 18:20:39.000000,1,80.25,96.66666666666667
F21,80,mid2,Fall 2021,Fall 2021 Midterm 2,29,25,18.7,74.8,2021-11-03 17:00:14.000000,2021-11-03 18:20:33.000000,1,80.31666666666666,86.20689655172414
F21,81,mid1,Fall 2021,Fall 2021 Midterm 1,30,29,25.81818181818182,89.02821316614421,2021-10-06 16:58:53.000000,2021-10-06 17:40:49.000000,1,41.93333333333333,96.66666666666667
F21,81,mid2,Fall 2021,Fall 2021 Midterm 2,29,25,18.7,74.8,2021-11-03 16:58:20.000000,2021-11-03 17:39:48.000000,1,41.46666666666667,86.20689655172414
F21,82,mid1,Fall 2021,Fall 2021 Midterm 1,30,29,25.0,86.20689655172413,2021-10-06 17:00:34.000000,2021-10-06 17:46:22.000000,1,45.8,96.66666666666667
F21,82,mid2,Fall 2021,Fall 2021 Midterm 2,29,25,15.9,63.6,2021-11-03 17:01:10.000000,2021-11-03 17:58:01.000000,1,56.85,86.20689655172414
F21,83,mid1,Fall 2021,Fall 2021 Midterm 1,30,29,23.243181818181817,80.14890282131661,2021-10-06 17:00:45.000000,2021-10-06 18:19:44.000000,1,78.98333333333333,96.66666666666667
F21,83,mid2,Fall 2021,Fall 2021 Midterm 2,30,26,16.133333333333333,62.05128205128205,2021-11-07 17:43:12.000000,2021-11-07 19:03:31.000000,1,80.31666666666666,86.66666666666667
F21,84,mid1,Fall 2021,Fall 2021 Midterm 1,30,29,25.025,86.29310344827586,2021-10-06 16:59:31.000000,2021-10-06 18:19:43.000000,1,80.2,96.66666666666667
F21,84,mid2,Fall 2021,Fall 2021 Midterm 2,29,25,18.7,74.8,2021-11-03 17:01:23.000000,2021-11-03 17:59:23.000000,1,58.0,86.20689655172414
F21,85,mid1,Fall 2021,Fall 2021 Midterm 1,75,73,60.1,82.32876712328768,2021-10-06 17:04:22.000000,2021-10-07 22:40:39.000000,2,152.66666666666666,97.33333333333333
F21,85,mid2,Fall 2021,Fall 2021 Midterm 2,29,25,15.7,62.8,2021-11-03 17:00:42.000000,2021-11-03 19:01:08.000000,1,120.43333333333334,86.20689655172414
F21,86,mid1,Fall 2021,Fall 2021 Midterm 1,31,30,22.927272727272726,76.42424242424242,2021-10-06 17:00:01.000000,2021-10-06 18:19:49.000000,1,79.8,96.7741935483871
F21,86,mid2,Fall 2021,Fall 2021 Midterm 2,30,26,16.7,64.23076923076923,2021-11-03 17:00:04.000000,2021-11-03 18:20:19.000000,1,80.25,86.66666666666667
F21,87,mid1,Fall 2021,Fall 2021 Midterm 1,30,29,25.4,87.58620689655172,2021-10-06 17:00:05.000000,2021-10-06 18:18:11.000000,1,78.1,96.66666666666667
F21,87,mid2,Fall 2021,Fall 2021 Midterm 2,30,26,18.0,69.23076923076923,2021-11-05 20:09:36.000000,2021-11-05 21:15:22.000000,1,65.76666666666667,86.66666666666667
F21,88,mid1,Fall 2021,Fall 2021 Midterm 1,31,30,25.4,84.66666666666666,2021-10-06 17:00:34.000000,2021-10-06 18:20:21.000000,1,79.78333333333333,96.7741935483871
F21,88,mid2,Fall 2021,Fall 2021 Midterm 2,30,26,19.7,75.76923076923077,2021-11-03 17:00:16.000000,2021-11-03 18:19:01.000000,1,78.75,86.66666666666667
F21,89,mid1,Fall 2021,Fall 2021 Midterm 1,31,30,15.225,50.74999999999999,2021-10-06 17:00:10.000000,2021-10-06 18:20:43.000000,1,80.55,96.7741935483871
F21,89,mid2,Fall 2021,Fall 2021 Midterm 2,30,26,14.1,54.230769230769226,2021-11-03 17:00:04.000000,2021-11-03 18:20:58.000000,1,80.9,86.66666666666667
F21,90,mid1,Fall 2021,Fall 2021 Midterm 1,30,29,26.0,89.65517241379311,2021-10-06 17:00:25.000000,2021-10-06 18:00:35.000000,1,60.166666666666664,96.66666666666667
F21,90,mid2,Fall 2021,Fall 2021 Midterm 2,29,25,17.8,71.2,2021-11-03 17:00:38.000000,2021-11-03 18:18:20.000000,1,77.7,86.20689655172414
F21,91,mid1,Fall 2021,Fall 2021 Midterm 1,30,29,24.6,84.82758620689656,2021-10-06 16:59:59.000000,2021-10-06 18:18:22.000000,1,78.38333333333334,96.66666666666667
F21,91,mid2,Fall 2021,Fall 2021 Midterm 2,29,25,18.4,73.6,2021-11-03 16:59:39.000000,2021-11-03 18:09:13.000000,1,69.56666666666666,86.20689655172414
F21,92,mid1,Fall 2021,Fall 2021 Midterm 1,30,29,25.0,86.20689655172413,2021-10-06 17:04:24.000000,2021-10-06 18:21:12.000000,1,76.8,96.66666666666667
F21,92,mid2,Fall 2021,Fall 2021 Midterm 2,29,25,14.2,56.8,2021-11-03 17:08:49.000000,2021-11-03 18:29:03.000000,1,80.23333333333333,86.20689655172414
F21,93,mid1,Fall 2021,Fall 2021 Midterm 1,30,29,19.9,68.62068965517241,2021-10-06 17:00:27.000000,2021-10-06 18:14:43.000000,1,74.26666666666667,96.66666666666667
F21,93,mid2,Fall 2021,Fall 2021 Midterm 2,29,25,18.7,74.8,2021-11-03 17:04:09.000000,2021-11-03 18:17:00.000000,1,72.85,86.20689655172414
F21,94,mid1,Fall 2021,Fall 2021 Midterm 1,30,29,24.025,82.84482758620689,2021-10-06 17:00:08.000000,2021-10-06 18:20:12.000000,1,80.06666666666666,96.66666666666667
F21,94,mid2,Fall 2021,Fall 2021 Midterm 2,29,25,18.8,75.2,2021-11-03 17:00:06.000000,2021-11-03 18:24:09.000000,1,84.05,86.20689655172414
F21,95,mid1,Fall 2021,Fall 2021 Midterm 1,30,29,27.0,93.10344827586206,2021-10-06 17:02:21.000000,2021-10-06 18:13:54.000000,1,71.55,96.66666666666667
F21,95,mid2,Fall 2021,Fall 2021 Midterm 2,29,25,22.0,88.0,2021-11-03 17:00:44.000000,2021-11-03 18:04:27.000000,1,63.71666666666667,86.20689655172414
F21,96,mid1,Fall 2021,Fall 2021 Midterm 1,30,29,27.0,93.10344827586206,2021-10-06 17:00:21.000000,2021-10-06 18:04:28.000000,1,64.11666666666666,96.66666666666667
F21,96,mid2,Fall 2021,Fall 2021 Midterm 2,31,27,23.0,85.18518518518519,2021-11-08 02:45:27.000000,2021-11-08 03:56:59.000000,1,71.53333333333333,87.09677419354838
F21,97,mid1,Fall 2021,Fall 2021 Midterm 1,30,29,22.025,75.94827586206895,2021-10-06 17:00:44.000000,2021-10-06 18:21:05.000000,1,80.35,96.66666666666667
F21,97,mid2,Fall 2021,Fall 2021 Midterm 2,29,25,18.9,75.6,2021-11-03 16:59:35.000000,2021-11-03 18:19:52.000000,1,80.28333333333333,86.20689655172414
F21,98,mid1,Fall 2021,Fall 2021 Midterm 1,30,29,24.2,83.44827586206897,2021-10-06 17:00:53.000000,2021-10-06 18:36:14.000000,1,95.35,96.66666666666667
F21,99,mid1,Fall 2021,Fall 2021 Midterm 1,30,29,21.01818181818182,72.47648902821318,2021-10-06 17:01:34.000000,2021-10-06 19:02:32.000000,1,120.96666666666667,96.66666666666667
F21,99,mid2,Fall 2021,Fall 2021 Midterm 2,29,25,13.7,54.79999999999999,2021-11-03 17:00:45.000000,2021-11-03 19:01:20.000000,1,120.58333333333333,86.20689655172414
F21,100,mid1,Fall 2021,Fall 2021 Midterm 1,30,29,23.8,82.06896551724138,2021-10-06 16:58:42.000000,2021-10-06 18:02:54.000000,1,64.2,96.66666666666667
F21,100,mid2,Fall 2021,Fall 2021 Midterm 2,29,25,17.7,70.8,2021-11-03 17:00:04.000000,2021-11-03 18:01:11.000000,1,61.11666666666667,86.20689655172414
F21,101,mid1,Fall 2021,Fall 2021 Midterm 1,31,30,23.4,77.99999999999999,2021-10-06 17:00:20.000000,2021-10-06 18:20:36.000000,1,80.26666666666667,96.7741935483871
F21,101,mid2,Fall 2021,Fall 2021 Midterm 2,30,26,15.7,60.38461538461538,2021-11-03 17:00:25.000000,2021-11-03 18:20:56.000000,1,80.51666666666667,86.66666666666667
F21,102,mid1,Fall 2021,Fall 2021 Midterm 1,30,29,24.0,82.75862068965517,2021-10-06 17:14:37.000000,2021-10-06 18:26:54.000000,1,72.28333333333333,96.66666666666667
F21,102,mid2,Fall 2021,Fall 2021 Midterm 2,29,25,15.0,60.0,2021-11-03 17:16:49.000000,2021-11-03 18:30:26.000000,1,73.61666666666666,86.20689655172414
F21,103,mid1,Fall 2021,Fall 2021 Midterm 1,30,29,24.3,83.79310344827586,2021-10-06 17:00:09.000000,2021-10-06 18:20:27.000000,1,80.3,96.66666666666667
F21,103,mid2,Fall 2021,Fall 2021 Midterm 2,29,25,13.8,55.2,2021-11-03 16:59:47.000000,2021-11-03 18:18:39.000000,1,78.86666666666666,86.20689655172414
F21,104,mid1,Fall 2021,Fall 2021 Midterm 1,31,30,16.418181818181818,54.72727272727273,2021-10-06 17:00:23.000000,2021-10-06 18:20:41.000000,1,80.3,96.7741935483871
F21,104,mid2,Fall 2021,Fall 2021 Midterm 2,30,26,9.1,35.0,2021-11-03 17:01:07.000000,2021-11-03 18:21:26.000000,1,80.31666666666666,86.66666666666667
F21,105,mid1,Fall 2021,Fall 2021 Midterm 1,30,29,17.7,61.03448275862069,2021-10-06 17:01:03.000000,2021-10-06 18:21:12.000000,1,80.15,96.66666666666667
F21,105,mid2,Fall 2021,Fall 2021 Midterm 2,29,25,13.7,54.79999999999999,2021-11-03 17:05:42.000000,2021-11-03 18:23:58.000000,1,78.26666666666667,86.20689655172414
F21,110,mid1,Fall 2021,Fall 2021 Midterm 1,30,29,23.4,80.6896551724138,2021-10-06 17:00:43.000000,2021-10-06 18:35:44.000000,1,95.01666666666667,96.66666666666667
F21,110,mid2,Fall 2021,Fall 2021 Midterm 2,29,25,16.5,66.0,2021-11-03 17:01:01.000000,2021-11-03 18:21:08.000000,1,80.11666666666666,86.20689655172414
F21,111,mid1,Fall 2021,Fall 2021 Midterm 1,30,29,21.2,73.10344827586206,2021-10-06 16:59:06.000000,2021-10-06 18:01:53.000000,1,62.78333333333333,96.66666666666667
F21,111,mid2,Fall 2021,Fall 2021 Midterm 2,29,25,12.0,48.0,2021-11-03 16:58:58.000000,2021-11-03 17:48:12.000000,1,49.233333333333334,86.20689655172414
F22,1,mid1,Fall 2022,Fall 2022 Midterm 1,31,30,25.527272727272727,85.0909090909091,2022-10-06 14:05:07.570754,2022-10-06 15:06:56.782265,1,61.82019185,96.7741935483871
F22,1,mid2,Fall 2022,Fall 2022 Midterm 2,32,29,20.8,71.72413793103448,2022-11-03 13:59:52.191975,2022-11-03 15:06:14.266934,1,66.36791598333333,90.625
F22,2,mid1,Fall 2022,Fall 2022 Midterm 1,31,30,23.366666666666667,77.88888888888889,2022-10-06 14:05:07.594234,2022-10-06 15:25:08.323584,1,80.01215583333332,96.7741935483871
F22,2,mid2,Fall 2022,Fall 2022 Midterm 2,32,29,23.0,79.3103448275862,2022-11-03 14:00:02.461893,2022-11-03 15:10:52.030473,1,70.826143,90.625
F22,3,mid1,Fall 2022,Fall 2022 Midterm 1,31,30,21.81818181818182,72.72727272727273,2022-10-06 14:04:49.672697,2022-10-06 15:19:54.012722,1,75.07233375000001,96.7741935483871
F22,3,mid2,Fall 2022,Fall 2022 Midterm 2,32,29,20.9,72.06896551724138,2022-11-03 13:59:46.256669,2022-11-03 15:12:45.199398,1,72.98237881666667,90.625
F22,4,mid1,Fall 2022,Fall 2022 Midterm 1,31,30,27.0,90.0,2022-10-06 14:04:52.138043,2022-10-06 15:08:10.192049,1,63.3009001,96.7741935483871
F22,4,mid2,Fall 2022,Fall 2022 Midterm 2,32,29,24.0,82.75862068965517,2022-11-03 13:59:44.274593,2022-11-03 15:17:23.965046,1,77.66150755,90.625
F22,5,mid1,Fall 2022,Fall 2022 Midterm 1,31,30,23.81818181818182,79.3939393939394,2022-10-06 14:04:36.960991,2022-10-06 15:18:35.375130,1,73.97356898333334,96.7741935483871
F22,5,mid2,Fall 2022,Fall 2022 Midterm 2,32,29,16.0,55.172413793103445,2022-11-03 13:59:37.868830,2022-11-03 15:09:36.748642,1,69.9813302,90.625
F22,6,mid1,Fall 2022,Fall 2022 Midterm 1,31,30,27.727272727272727,92.42424242424242,2022-10-06 14:04:44.018261,2022-10-06 15:08:51.035953,1,64.11696153333334,96.7741935483871
F22,6,mid2,Fall 2022,Fall 2022 Midterm 2,32,29,25.0,86.20689655172413,2022-11-03 14:00:11.791524,2022-11-03 15:16:39.659072,1,76.46445913333334,90.625
F22,7,mid1,Fall 2022,Fall 2022 Midterm 1,31,30,25.0,83.33333333333334,2022-10-06 14:04:42.131891,2022-10-06 15:24:55.049051,1,80.215286,96.7741935483871
F22,7,mid2,Fall 2022,Fall 2022 Midterm 2,32,29,19.0,65.51724137931035,2022-11-03 13:59:57.167231,2022-11-03 15:20:03.237468,1,80.10117061666666,90.625
F22,8,mid1,Fall 2022,Fall 2022 Midterm 1,31,30,26.0,86.66666666666667,2022-10-06 14:30:06.029881,2022-10-06 15:44:06.111384,1,74.00135838333334,96.7741935483871
F22,8,mid2,Fall 2022,Fall 2022 Midterm 2,32,29,20.0,68.96551724137932,2022-11-03 13:59:53.491757,2022-11-03 15:18:48.719649,1,78.92046486666666,90.625
F22,9,mid1,Fall 2022,Fall 2022 Midterm 1,31,30,25.636363636363637,85.45454545454547,2022-10-06 14:04:44.301719,2022-10-06 15:24:05.505931,1,79.35340353333332,96.7741935483871
F22,9,mid2,Fall 2022,Fall 2022 Midterm 2,32,29,23.9,82.41379310344827,2022-11-03 13:59:55.810346,2022-11-03 15:13:54.521670,1,73.97852206666667,90.625
F22,10,mid1,Fall 2022,Fall 2022 Midterm 1,31,30,28.0,93.33333333333333,2022-10-06 14:05:04.198780,2022-10-06 15:19:57.965889,1,74.89611848333334,96.7741935483871
F22,10,mid2,Fall 2022,Fall 2022 Midterm 2,32,29,21.0,72.41379310344827,2022-11-03 13:59:53.876277,2022-11-03 15:19:59.181257,1,80.08841633333333,90.625
F22,11,mid1,Fall 2022,Fall 2022 Midterm 1,31,30,28.0,93.33333333333333,2022-10-06 14:01:44.605608,2022-10-06 15:43:58.251410,1,102.22743003333333,96.7741935483871
F22,11,mid2,Fall 2022,Fall 2022 Midterm 2,32,29,23.0,79.3103448275862,2022-11-03 14:02:47.540646,2022-11-03 15:35:39.247873,1,92.86178711666666,90.625
F22,12,mid1,Fall 2022,Fall 2022 Midterm 1,31,30,28.0,93.33333333333333,2022-10-06 14:04:43.141921,2022-10-06 15:15:03.208127,1,70.33443676666667,96.7741935483871
F22,12,mid2,Fall 2022,Fall 2022 Midterm 2,32,29,24.0,82.75862068965517,2022-11-03 14:00:14.639920,2022-11-03 15:18:22.689542,1,78.13416036666668,90.625
F22,13,mid1,Fall 2022,Fall 2022 Midterm 1,31,30,18.454545454545453,61.51515151515151,2022-10-06 14:05:11.556056,2022-10-06 15:25:49.771852,1,80.63692993333333,96.7741935483871
F22,13,mid2,Fall 2022,Fall 2022 Midterm 2,32,29,17.5,60.3448275862069,2022-11-03 14:00:27.424097,2022-11-03 15:21:20.171153,1,80.8791176,90.625
F22,14,mid1,Fall 2022,Fall 2022 Midterm 1,31,30,22.51818181818182,75.06060606060606,2022-10-06 14:01:42.543694,2022-10-06 15:50:31.652782,1,108.81848480000001,96.7741935483871
F22,14,mid2,Fall 2022,Fall 2022 Midterm 2,32,29,19.9,68.62068965517241,2022-11-03 14:00:00.253348,2022-11-03 16:00:17.707421,1,120.29090121666667,90.625
F22,15,mid1,Fall 2022,Fall 2022 Midterm 1,31,30,26.0,86.66666666666667,2022-10-06 14:04:55.811320,2022-10-06 14:57:45.729515,1,52.83196991666667,96.7741935483871
F22,15,mid2,Fall 2022,Fall 2022 Midterm 2,32,29,22.0,75.86206896551724,2022-11-03 14:00:14.650586,2022-11-03 14:59:37.602627,1,59.38253401666667,90.625
F22,16,mid1,Fall 2022,Fall 2022 Midterm 1,31,30,21.436363636363637,71.45454545454545,2022-10-06 14:05:19.865480,2022-10-06 15:16:50.703111,1,71.51396051666667,96.7741935483871
F22,16,mid2,Fall 2022,Fall 2022 Midterm 2,32,29,21.0,72.41379310344827,2022-11-03 14:00:00.647961,2022-11-03 15:17:52.890700,1,77.87071231666667,90.625
F22,17,mid1,Fall 2022,Fall 2022 Midterm 1,31,30,22.6,75.33333333333334,2022-10-06 14:04:32.836746,2022-10-06 15:22:31.143634,1,77.97178146666667,96.7741935483871
F22,17,mid2,Fall 2022,Fall 2022 Midterm 2,32,29,17.1,58.96551724137932,2022-11-03 14:43:54.857075,2022-11-03 16:03:32.302350,1,79.62408791666667,90.625
F22,18,mid1,Fall 2022,Fall 2022 Midterm 1,31,30,27.51818181818182,91.72727272727273,2022-10-06 14:04:54.219475,2022-10-06 15:04:56.982917,1,60.046057366666666,96.7741935483871
F22,18,mid2,Fall 2022,Fall 2022 Midterm 2,32,29,22.9,78.9655172413793,2022-11-03 13:59:49.841668,2022-11-03 15:07:54.169204,1,68.07212559999999,90.625
F22,19,mid1,Fall 2022,Fall 2022 Midterm 1,31,30,26.0,86.66666666666667,2022-10-06 14:04:48.246285,2022-10-06 15:18:28.355058,1,73.66847955,96.7741935483871
F22,19,mid2,Fall 2022,Fall 2022 Midterm 2,32,29,20.833333333333332,71.83908045977012,2022-11-03 13:59:49.804563,2022-11-03 15:07:44.269159,1,67.90774326666666,90.625
F22,21,mid1,Fall 2022,Fall 2022 Midterm 1,31,30,24.0,80.0,2022-10-06 14:04:47.689287,2022-10-06 15:25:03.468218,1,80.26298218333334,96.7741935483871
F22,21,mid2,Fall 2022,Fall 2022 Midterm 2,32,29,21.0,72.41379310344827,2022-11-03 13:59:56.110753,2022-11-03 15:04:36.060446,1,64.66582821666667,90.625
F22,22,mid1,Fall 2022,Fall 2022 Midterm 1,31,30,26.9,89.66666666666666,2022-10-06 02:27:52.125488,2022-10-06 03:42:03.873955,1,74.19580778333334,96.7741935483871
F22,22,mid2,Fall 2022,Fall 2022 Midterm 2,32,29,22.0,75.86206896551724,2022-11-03 13:59:49.500286,2022-11-03 15:12:50.509740,1,73.01682423333334,90.625
F22,23,mid1,Fall 2022,Fall 2022 Midterm 1,31,30,26.727272727272727,89.0909090909091,2022-10-06 14:08:06.752649,2022-10-06 15:08:31.005020,1,60.404206183333336,96.7741935483871
F22,23,mid2,Fall 2022,Fall 2022 Midterm 2,32,29,20.9,72.06896551724138,2022-11-03 13:59:55.797861,2022-11-03 15:09:52.243397,1,69.94075893333334,90.625
F22,24,mid1,Fall 2022,Fall 2022 Midterm 1,31,30,28.0,93.33333333333333,2022-10-06 14:21:23.716661,2022-10-06 15:47:22.009114,1,85.97154088333333,96.7741935483871
F22,24,mid2,Fall 2022,Fall 2022 Midterm 2,32,29,19.333333333333332,66.66666666666666,2022-11-03 14:05:15.206291,2022-11-03 15:59:39.001182,1,114.39658151666666,90.625
F22,25,mid1,Fall 2022,Fall 2022 Midterm 1,31,30,20.0,66.66666666666666,2022-10-06 14:29:44.747073,2022-10-06 15:45:03.637391,1,75.31483863333332,96.7741935483871
F22,25,mid2,Fall 2022,Fall 2022 Midterm 2,32,29,16.0,55.172413793103445,2022-11-03 14:00:05.572486,2022-11-03 15:02:07.721232,1,62.035812433333334,90.625
F22,26,mid1,Fall 2022,Fall 2022 Midterm 1,31,30,21.01818181818182,70.06060606060606,2022-10-06 14:38:09.184211,2022-10-06 16:21:16.873111,1,103.12814833333333,96.7741935483871
F22,26,mid2,Fall 2022,Fall 2022 Midterm 2,32,29,15.9,54.82758620689655,2022-11-06 21:46:30.024780,2022-11-06 23:43:56.962206,1,117.4489571,90.625
F22,27,mid1,Fall 2022,Fall 2022 Midterm 1,31,30,25.875,86.25,2022-10-06 14:04:44.473264,2022-10-06 15:16:41.227761,1,71.94590828333334,96.7741935483871
F22,27,mid2,Fall 2022,Fall 2022 Midterm 2,32,29,25.0,86.20689655172413,2022-11-03 13:59:46.172615,2022-11-03 15:15:45.779947,1,75.99345553333333,90.625
F22,29,mid1,Fall 2022,Fall 2022 Midterm 1,31,30,25.727272727272727,85.75757575757575,2022-10-06 14:06:17.866803,2022-10-06 14:56:16.885583,1,49.98364633333333,96.7741935483871
F22,29,mid2,Fall 2022,Fall 2022 Midterm 2,32,29,19.0,65.51724137931035,2022-11-03 13:59:53.879189,2022-11-03 15:14:52.031826,1,74.96921061666667,90.625
F22,30,mid1,Fall 2022,Fall 2022 Midterm 1,31,30,22.81818181818182,76.06060606060606,2022-10-06 14:04:50.099757,2022-10-06 15:26:26.325392,1,81.60376058333333,96.7741935483871
F22,30,mid2,Fall 2022,Fall 2022 Midterm 2,32,29,16.6,57.24137931034483,2022-11-03 14:00:00.001679,2022-11-03 15:20:11.476247,1,80.1912428,90.625
F22,31,mid1,Fall 2022,Fall 2022 Midterm 1,31,30,25.0,83.33333333333334,2022-10-06 14:04:39.115443,2022-10-06 15:24:04.942589,1,79.43045243333333,96.7741935483871
F22,31,mid2,Fall 2022,Fall 2022 Midterm 2,32,29,24.7,85.17241379310344,2022-11-03 14:00:00.982606,2022-11-03 15:19:50.818949,1,79.83060571666667,90.625
F22,32,mid1,Fall 2022,Fall 2022 Midterm 1,31,30,17.454545454545453,58.18181818181818,2022-10-06 14:02:37.252801,2022-10-06 15:40:15.296611,1,97.6340635,96.7741935483871
F22,32,mid2,Fall 2022,Fall 2022 Midterm 2,32,29,9.5,32.758620689655174,2022-11-03 14:00:05.539319,2022-11-03 14:56:27.472590,1,56.36555451666666,90.625
F22,33,mid1,Fall 2022,Fall 2022 Midterm 1,31,30,15.545454545454545,51.81818181818182,2022-10-06 14:04:40.292761,2022-10-06 15:24:52.664129,1,80.20618946666667,96.7741935483871
F22,33,mid2,Fall 2022,Fall 2022 Midterm 2,32,29,11.0,37.93103448275862,2022-11-03 14:00:17.314386,2022-11-03 15:20:36.346473,1,80.31720145,90.625
F22,34,mid1,Fall 2022,Fall 2022 Midterm 1,31,30,28.0,93.33333333333333,2022-10-06 14:05:14.687843,2022-10-06 15:09:09.976051,1,63.92147013333333,96.7741935483871
F22,34,mid2,Fall 2022,Fall 2022 Midterm 2,32,29,20.0,68.96551724137932,2022-11-03 14:00:37.774249,2022-11-03 15:20:14.875566,1,79.61835528333333,90.625
F22,35,mid1,Fall 2022,Fall 2022 Midterm 1,31,30,21.545454545454547,71.81818181818183,2022-10-06 14:04:29.569564,2022-10-06 15:24:02.284453,1,79.54524814999999,96.7741935483871
F22,35,mid2,Fall 2022,Fall 2022 Midterm 2,32,29,17.1,58.96551724137932,2022-11-03 13:59:48.736815,2022-11-03 15:20:20.207709,1,80.5245149,90.625
F22,36,mid1,Fall 2022,Fall 2022 Midterm 1,31,30,26.0,86.66666666666667,2022-10-06 14:04:26.222945,2022-10-06 15:02:36.334480,1,58.168525583333334,96.7741935483871
F22,36,mid2,Fall 2022,Fall 2022 Midterm 2,32,29,24.0,82.75862068965517,2022-11-03 13:59:51.447496,2022-11-03 15:15:16.173069,1,75.41209288333333,90.625
F22,37,mid1,Fall 2022,Fall 2022 Midterm 1,31,30,24.81818181818182,82.72727272727273,2022-10-06 14:04:36.463259,2022-10-06 15:24:37.393024,1,80.01549608333333,96.7741935483871
F22,37,mid2,Fall 2022,Fall 2022 Midterm 2,32,29,18.8,64.82758620689656,2022-11-03 13:59:41.984769,2022-11-03 15:13:45.623713,1,74.06064906666667,90.625
F22,38,mid1,Fall 2022,Fall 2022 Midterm 1,31,30,23.875,79.58333333333333,2022-10-06 14:04:45.392192,2022-10-06 15:24:55.120882,1,80.16214483333333,96.7741935483871
F22,38,mid2,Fall 2022,Fall 2022 Midterm 2,32,29,21.7,74.82758620689654,2022-11-03 14:01:16.470168,2022-11-03 15:18:52.730542,1,77.60433956666667,90.625
F22,39,mid1,Fall 2022,Fall 2022 Midterm 1,31,30,26.875,89.58333333333334,2022-10-06 14:04:36.898214,2022-10-06 15:14:17.062899,1,69.66941141666666,96.7741935483871
F22,39,mid2,Fall 2022,Fall 2022 Midterm 2,32,29,25.0,86.20689655172413,2022-11-03 13:59:44.540701,2022-11-03 15:14:28.267296,1,74.72877658333333,90.625
F22,40,mid1,Fall 2022,Fall 2022 Midterm 1,31,30,25.0,83.33333333333334,2022-10-06 14:04:39.989113,2022-10-06 15:24:48.965348,1,80.14960391666666,96.7741935483871
F22,40,mid2,Fall 2022,Fall 2022 Midterm 2,32,29,21.9,75.51724137931033,2022-11-03 13:59:34.068348,2022-11-03 15:19:03.627135,1,79.49264645,90.625
F22,41,mid1,Fall 2022,Fall 2022 Midterm 1,31,30,27.0,90.0,2022-10-06 14:04:36.837869,2022-10-06 14:52:41.350952,1,48.07521805,96.7741935483871
F22,41,mid2,Fall 2022,Fall 2022 Midterm 2,32,29,21.0,72.41379310344827,2022-11-03 13:59:39.031233,2022-11-03 15:19:54.830661,1,80.26332380000001,90.625
F22,42,mid1,Fall 2022,Fall 2022 Midterm 1,31,30,26.727272727272727,89.0909090909091,2022-10-06 14:04:47.512429,2022-10-06 15:15:45.763207,1,70.97084629999999,96.7741935483871
F22,42,mid2,Fall 2022,Fall 2022 Midterm 2,32,29,20.1,69.3103448275862,2022-11-03 14:00:04.151877,2022-11-03 15:19:16.963603,1,79.21352876666667,90.625
F22,43,mid1,Fall 2022,Fall 2022 Midterm 1,31,30,26.0,86.66666666666667,2022-10-06 14:04:52.528376,2022-10-06 15:00:55.921850,1,56.0565579,96.7741935483871
F22,43,mid2,Fall 2022,Fall 2022 Midterm 2,32,29,20.0,68.96551724137932,2022-11-03 13:59:53.644546,2022-11-03 15:18:15.492918,1,78.36413953333334,90.625
F22,44,mid1,Fall 2022,Fall 2022 Midterm 1,31,30,18.0,60.0,2022-10-06 14:05:28.981674,2022-10-06 15:23:27.771790,1,77.97983526666667,96.7741935483871
F22,44,mid2,Fall 2022,Fall 2022 Midterm 2,32,29,14.8,51.03448275862069,2022-11-03 14:00:29.517426,2022-11-03 15:16:16.475454,1,75.7826338,90.625
F22,45,mid1,Fall 2022,Fall 2022 Midterm 1,31,30,25.0,83.33333333333334,2022-10-06 14:05:20.644223,2022-10-06 15:06:13.117587,1,60.87455606666666,96.7741935483871
F22,45,mid2,Fall 2022,Fall 2022 Midterm 2,32,29,23.0,79.3103448275862,2022-11-03 13:59:54.908954,2022-11-03 15:20:03.940022,1,80.1505178,90.625
F22,46,mid1,Fall 2022,Fall 2022 Midterm 1,31,30,23.81818181818182,79.3939393939394,2022-10-06 14:04:56.570928,2022-10-06 15:25:16.894939,1,80.33873351666666,96.7741935483871
F22,46,mid2,Fall 2022,Fall 2022 Midterm 2,32,29,21.9,75.51724137931033,2022-11-03 14:00:17.387630,2022-11-03 15:20:30.741306,1,80.22256126666666,90.625
F22,47,mid1,Fall 2022,Fall 2022 Midterm 1,31,30,25.81818181818182,86.06060606060608,2022-10-06 14:05:36.809950,2022-10-06 15:22:08.240035,1,76.52383475,96.7741935483871
F22,47,mid2,Fall 2022,Fall 2022 Midterm 2,32,29,22.0,75.86206896551724,2022-11-03 13:59:59.766643,2022-11-03 15:17:28.975541,1,77.48681496666667,90.625
F22,48,mid1,Fall 2022,Fall 2022 Midterm 1,40,39,20.90909090909091,53.613053613053616,2022-10-06 14:29:31.382320,2022-10-07 20:45:09.677773,2,30.118973133333334,97.5
F22,48,mid2,Fall 2022,Fall 2022 Midterm 2,32,29,10.7,36.89655172413793,2022-11-03 13:59:56.732041,2022-11-03 15:17:26.825138,1,77.50155161666666,90.625
F22,49,mid1,Fall 2022,Fall 2022 Midterm 1,31,30,23.0,76.66666666666667,2022-10-10 23:01:51.368787,2022-10-11 01:37:39.447938,1,155.80131918333333,96.7741935483871
F22,49,mid2,Fall 2022,Fall 2022 Midterm 2,41,37,13.1,35.4054054054054,2022-11-07 02:11:58.415098,2022-11-07 04:48:23.086041,1,156.4111823833333,90.2439024390244
F22,50,mid1,Fall 2022,Fall 2022 Midterm 1,31,30,18.636363636363637,62.121212121212125,2022-10-06 14:05:18.912093,2022-10-06 15:25:33.463721,1,80.24252713333334,96.7741935483871
F22,50,mid2,Fall 2022,Fall 2022 Midterm 2,32,29,13.6,46.89655172413793,2022-11-03 14:21:32.575552,2022-11-03 15:41:52.840437,1,80.33774808333332,90.625
F22,51,mid1,Fall 2022,Fall 2022 Midterm 1,31,30,27.0,90.0,2022-10-06 14:05:21.025504,2022-10-06 15:06:58.520522,1,61.62491696666667,96.7741935483871
F22,51,mid2,Fall 2022,Fall 2022 Midterm 2,32,29,21.0,72.41379310344827,2022-11-03 13:59:57.763937,2022-11-03 15:00:42.185132,1,60.74035325,90.625
F22,52,mid1,Fall 2022,Fall 2022 Midterm 1,31,30,23.727272727272727,79.0909090909091,2022-10-06 14:04:48.836520,2022-10-06 15:15:30.650019,1,70.69689165,96.7741935483871
F22,52,mid2,Fall 2022,Fall 2022 Midterm 2,32,29,12.0,41.37931034482759,2022-11-03 14:00:00.896509,2022-11-03 15:16:49.500383,1,76.81006456666667,90.625
F22,53,mid1,Fall 2022,Fall 2022 Midterm 1,31,30,23.636363636363637,78.78787878787878,2022-10-06 14:04:36.879008,2022-10-06 15:24:51.485429,1,80.24344035,96.7741935483871
F22,53,mid2,Fall 2022,Fall 2022 Midterm 2,31,28,18.7,66.78571428571428,2022-11-03 13:59:56.687038,2022-11-03 15:19:58.610638,1,80.03206,90.3225806451613
F22,54,mid1,Fall 2022,Fall 2022 Midterm 1,31,30,21.272727272727273,70.9090909090909,2022-10-06 14:34:47.948199,2022-10-06 16:35:15.997332,1,120.46748555,96.7741935483871
F22,54,mid2,Fall 2022,Fall 2022 Midterm 2,32,29,21.0,72.41379310344827,2022-11-03 14:00:02.679284,2022-11-03 15:45:02.072186,1,104.9898817,90.625
F22,55,mid1,Fall 2022,Fall 2022 Midterm 1,31,30,24.602272727272727,82.00757575757575,2022-10-06 14:04:51.986215,2022-10-06 15:18:02.380920,1,73.17324508333333,96.7741935483871
F22,55,mid2,Fall 2022,Fall 2022 Midterm 2,32,29,21.8,75.17241379310346,2022-11-05 22:17:34.110806,2022-11-05 23:36:48.516732,1,79.24009876666668,90.625
F22,56,mid1,Fall 2022,Fall 2022 Midterm 1,31,30,24.875,82.91666666666667,2022-10-06 14:04:37.538284,2022-10-06 15:24:51.131137,1,80.22654755,96.7741935483871
F22,56,mid2,Fall 2022,Fall 2022 Midterm 2,31,29,18.7,64.48275862068965,2022-11-03 13:59:49.501063,2022-11-03 15:20:03.365675,1,80.23107686666667,93.54838709677419
F22,57,mid1,Fall 2022,Fall 2022 Midterm 1,31,30,17.454545454545453,58.18181818181818,2022-10-06 14:04:50.667272,2022-10-06 15:25:06.695125,1,80.26713088333332,96.7741935483871
F22,57,mid2,Fall 2022,Fall 2022 Midterm 2,32,29,18.0,62.06896551724138,2022-11-05 13:04:16.173067,2022-11-05 14:24:33.495912,1,80.28871408333333,90.625
F22,58,mid1,Fall 2022,Fall 2022 Midterm 1,31,30,20.295454545454547,67.65151515151516,2022-10-06 14:29:53.996448,2022-10-06 15:49:13.849128,1,79.330878,96.7741935483871
F22,58,mid2,Fall 2022,Fall 2022 Midterm 2,32,29,14.0,48.275862068965516,2022-11-03 14:00:08.931316,2022-11-03 15:21:17.817320,1,81.14810006666667,90.625
F22,59,mid1,Fall 2022,Fall 2022 Midterm 1,31,30,26.336363636363636,87.78787878787878,2022-10-06 14:02:09.634698,2022-10-06 16:19:47.315335,1,137.62801061666667,96.7741935483871
F22,59,mid2,Fall 2022,Fall 2022 Midterm 2,32,29,17.3,59.6551724137931,2022-11-03 14:01:53.034471,2022-11-03 16:01:04.935319,1,119.19834746666668,90.625
F22,60,mid1,Fall 2022,Fall 2022 Midterm 1,31,30,23.636363636363637,78.78787878787878,2022-10-06 14:29:46.164979,2022-10-06 15:12:01.724902,1,42.25933205,96.7741935483871
F22,60,mid2,Fall 2022,Fall 2022 Midterm 2,32,29,23.1,79.65517241379311,2022-11-03 14:02:13.953280,2022-11-03 15:20:39.980261,1,78.43378301666667,90.625
F22,61,mid1,Fall 2022,Fall 2022 Midterm 1,31,30,26.0,86.66666666666667,2022-10-06 14:04:24.727127,2022-10-06 14:48:53.363255,1,44.477268800000004,96.7741935483871
F22,61,mid2,Fall 2022,Fall 2022 Midterm 2,32,29,22.0,75.86206896551724,2022-11-03 13:59:52.881310,2022-11-03 14:54:31.142043,1,54.637678883333336,90.625
F22,62,mid1,Fall 2022,Fall 2022 Midterm 1,31,30,26.0,86.66666666666667,2022-10-06 14:04:47.993070,2022-10-06 14:58:24.285564,1,53.6048749,96.7741935483871
F22,62,mid2,Fall 2022,Fall 2022 Midterm 2,32,29,22.0,75.86206896551724,2022-11-03 13:59:46.137767,2022-11-03 15:16:58.278180,1,77.20234021666667,90.625
F22,63,mid1,Fall 2022,Fall 2022 Midterm 1,31,30,19.81818181818182,66.06060606060606,2022-10-06 14:30:01.057062,2022-10-06 15:38:13.184061,1,68.20211665000001,96.7741935483871
F22,63,mid2,Fall 2022,Fall 2022 Midterm 2,32,29,18.2,62.75862068965517,2022-11-03 14:01:15.018126,2022-11-03 15:18:09.314547,1,76.90494035,90.625
F22,65,mid1,Fall 2022,Fall 2022 Midterm 1,31,30,24.10909090909091,80.36363636363636,2022-10-06 14:02:09.747914,2022-10-06 14:46:32.062989,1,44.37191791666667,96.7741935483871
F22,65,mid2,Fall 2022,Fall 2022 Midterm 2,32,29,22.0,75.86206896551724,2022-11-03 14:02:21.476126,2022-11-03 15:32:28.699313,1,90.12038645,90.625
F22,66,mid1,Fall 2022,Fall 2022 Midterm 1,31,30,19.511363636363637,65.03787878787878,2022-10-06 14:04:48.766931,2022-10-06 15:07:34.203068,1,62.757268950000004,96.7741935483871
F22,66,mid2,Fall 2022,Fall 2022 Midterm 2,32,29,18.5,63.793103448275865,2022-11-03 14:06:46.637331,2022-11-03 15:06:33.960250,1,59.78871531666667,90.625
F22,67,mid1,Fall 2022,Fall 2022 Midterm 1,31,30,25.0,83.33333333333334,2022-10-06 14:04:48.832457,2022-10-06 15:24:54.661781,1,80.0971554,96.7741935483871
F22,67,mid2,Fall 2022,Fall 2022 Midterm 2,32,29,18.0,62.06896551724138,2022-11-03 13:59:41.956347,2022-11-03 15:19:57.727168,1,80.26284701666667,90.625
F22,68,mid1,Fall 2022,Fall 2022 Midterm 1,31,30,26.90909090909091,89.6969696969697,2022-10-06 14:04:43.149709,2022-10-06 15:22:50.369215,1,78.1203251,96.7741935483871
F22,68,mid2,Fall 2022,Fall 2022 Midterm 2,32,29,21.4,73.79310344827586,2022-11-03 14:00:00.799082,2022-11-03 15:12:32.606184,1,72.53011836666666,90.625
F22,69,mid1,Fall 2022,Fall 2022 Midterm 1,31,30,25.51818181818182,85.06060606060608,2022-10-06 14:04:36.872581,2022-10-06 15:23:44.355655,1,79.1247179,96.7741935483871
F22,69,mid2,Fall 2022,Fall 2022 Midterm 2,32,29,18.5,63.793103448275865,2022-11-03 13:59:48.697559,2022-11-03 15:13:34.418949,1,73.76202316666667,90.625
F22,70,mid1,Fall 2022,Fall 2022 Midterm 1,31,30,24.727272727272727,82.42424242424242,2022-10-06 14:04:44.152331,2022-10-06 14:59:38.780532,1,54.910470016666665,96.7741935483871
F22,70,mid2,Fall 2022,Fall 2022 Midterm 2,32,29,20.9,72.06896551724138,2022-11-03 13:59:34.024098,2022-11-03 15:13:23.390119,1,73.82276701666666,90.625
F22,71,mid1,Fall 2022,Fall 2022 Midterm 1,39,38,30.90909090909091,81.3397129186603,2022-10-08 22:19:54.705710,2022-10-08 23:39:19.486581,1,79.41301451666666,97.43589743589743
F22,71,mid2,Fall 2022,Fall 2022 Midterm 2,37,33,20.0,60.60606060606061,2022-11-06 23:04:51.605680,2022-11-07 00:21:17.367130,1,76.4293575,89.1891891891892
F22,72,mid1,Fall 2022,Fall 2022 Midterm 1,31,30,28.0,93.33333333333333,2022-10-06 14:04:44.000355,2022-10-06 15:24:03.766688,1,79.32943888333332,96.7741935483871
F22,72,mid2,Fall 2022,Fall 2022 Midterm 2,32,29,22.0,75.86206896551724,2022-11-03 13:59:53.090274,2022-11-03 15:20:03.301590,1,80.1701886,90.625
F22,73,mid1,Fall 2022,Fall 2022 Midterm 1,31,30,18.2,60.66666666666667,2022-10-06 14:04:54.956760,2022-10-06 15:24:57.953324,1,80.04994273333334,96.7741935483871
F22,73,mid2,Fall 2022,Fall 2022 Midterm 2,32,29,21.0,72.41379310344827,2022-11-05 21:13:13.496400,2022-11-05 22:33:31.232638,1,80.29560396666668,90.625
F22,74,mid1,Fall 2022,Fall 2022 Midterm 1,31,30,23.81818181818182,79.3939393939394,2022-10-06 14:04:48.042610,2022-10-06 15:15:17.822819,1,70.49633681666666,96.7741935483871
F22,74,mid2,Fall 2022,Fall 2022 Midterm 2,32,29,17.5,60.3448275862069,2022-11-03 14:00:05.615325,2022-11-03 15:02:26.598822,1,62.34972495,90.625
F22,75,mid1,Fall 2022,Fall 2022 Midterm 1,31,30,27.9,93.0,2022-10-06 14:07:48.896288,2022-10-06 15:14:03.037616,1,66.2356888,96.7741935483871
F22,75,mid2,Fall 2022,Fall 2022 Midterm 2,32,29,14.5,50.0,2022-11-03 13:59:45.319595,2022-11-03 15:12:39.927375,1,72.91012966666668,90.625
F22,76,mid1,Fall 2022,Fall 2022 Midterm 1,31,30,25.875,86.25,2022-10-06 14:29:47.421748,2022-10-06 15:24:25.351749,1,54.63216668333334,96.7741935483871
F22,76,mid2,Fall 2022,Fall 2022 Midterm 2,32,29,24.0,82.75862068965517,2022-11-03 14:00:40.844505,2022-11-03 15:16:56.407432,1,76.25938211666667,90.625
F22,77,mid1,Fall 2022,Fall 2022 Midterm 1,32,31,19.81818181818182,63.92961876832845,2022-10-06 14:06:09.436944,2022-10-06 15:27:50.373125,1,81.68226968333333,96.875
F22,77,mid2,Fall 2022,Fall 2022 Midterm 2,35,31,16.0,51.61290322580645,2022-11-03 14:06:10.140322,2022-11-03 15:31:16.008202,1,85.097798,88.57142857142857
F22,78,mid1,Fall 2022,Fall 2022 Midterm 1,31,30,27.0,90.0,2022-10-06 14:04:37.198507,2022-10-06 15:19:16.005887,1,74.64678966666666,96.7741935483871
F22,78,mid2,Fall 2022,Fall 2022 Midterm 2,32,29,20.0,68.96551724137932,2022-11-03 14:00:05.718956,2022-11-03 15:18:51.791473,1,78.76787528333332,90.625
F22,79,mid1,Fall 2022,Fall 2022 Midterm 1,31,30,23.0,76.66666666666667,2022-10-06 14:03:30.999147,2022-10-06 16:04:03.502867,1,120.54172866666666,96.7741935483871
F22,79,mid2,Fall 2022,Fall 2022 Midterm 2,32,29,17.0,58.620689655172406,2022-11-03 14:00:13.742771,2022-11-03 15:21:07.453915,1,80.89518573333334,90.625
F22,80,mid1,Fall 2022,Fall 2022 Midterm 1,31,30,24.454545454545453,81.5151515151515,2022-10-06 14:04:36.971020,2022-10-06 15:21:34.589358,1,76.96030563333333,96.7741935483871
F22,80,mid2,Fall 2022,Fall 2022 Midterm 2,32,29,18.0,62.06896551724138,2022-11-03 13:59:42.244894,2022-11-03 15:19:01.237045,1,79.31653585000001,90.625
F22,81,mid1,Fall 2022,Fall 2022 Midterm 1,31,30,24.81818181818182,82.72727272727273,2022-10-06 14:04:54.207578,2022-10-06 14:54:52.404895,1,49.969955283333334,96.7741935483871
F22,81,mid2,Fall 2022,Fall 2022 Midterm 2,32,29,15.7,54.137931034482754,2022-11-03 14:00:06.247762,2022-11-03 15:20:28.190716,1,80.3657159,90.625
F22,82,mid1,Fall 2022,Fall 2022 Midterm 1,31,30,23.9,79.66666666666666,2022-10-06 14:04:40.974115,2022-10-06 15:04:21.825957,1,59.680864033333336,96.7741935483871
F22,82,mid2,Fall 2022,Fall 2022 Midterm 2,32,29,22.0,75.86206896551724,2022-11-03 13:59:44.006677,2022-11-03 15:04:43.353350,1,64.98911121666667,90.625
F22,83,mid1,Fall 2022,Fall 2022 Midterm 1,31,30,14.90909090909091,49.6969696969697,2022-10-06 14:17:52.207768,2022-10-06 15:37:36.980709,1,79.74621568333333,96.7741935483871
F22,83,mid2,Fall 2022,Fall 2022 Midterm 2,32,29,10.8,37.24137931034483,2022-11-03 13:59:48.706441,2022-11-03 15:21:26.073575,1,81.62278556666666,90.625
F22,84,mid1,Fall 2022,Fall 2022 Midterm 1,31,30,23.9,79.66666666666666,2022-10-06 14:05:37.278712,2022-10-06 15:25:52.217261,1,80.24897581666667,96.7741935483871
F22,84,mid2,Fall 2022,Fall 2022 Midterm 2,32,29,18.6,64.13793103448276,2022-11-03 13:59:49.785613,2022-11-03 15:20:22.325789,1,80.54233626666668,90.625
F22,85,mid1,Fall 2022,Fall 2022 Midterm 1,31,30,15.0,50.0,2022-10-06 14:04:49.044176,2022-10-06 15:24:56.040341,1,80.11660275,96.7741935483871
F22,85,mid2,Fall 2022,Fall 2022 Midterm 2,32,29,16.6,57.24137931034483,2022-11-03 17:54:51.146272,2022-11-03 19:14:58.330734,1,80.11974103333334,90.625
F22,86,mid1,Fall 2022,Fall 2022 Midterm 1,31,30,27.0,90.0,2022-10-06 14:04:43.961926,2022-10-06 15:24:55.518071,1,80.19260241666666,96.7741935483871
F22,86,mid2,Fall 2022,Fall 2022 Midterm 2,32,29,17.0,58.620689655172406,2022-11-03 14:08:21.191830,2022-11-03 15:28:38.572955,1,80.28968541666667,90.625
F22,87,mid1,Fall 2022,Fall 2022 Midterm 1,31,30,28.0,93.33333333333333,2022-10-06 14:04:56.951731,2022-10-06 14:56:59.098381,1,52.0357775,96.7741935483871
F22,87,mid2,Fall 2022,Fall 2022 Midterm 2,32,29,23.0,79.3103448275862,2022-11-03 14:00:02.300096,2022-11-03 15:03:15.266668,1,63.21610953333333,90.625
F22,88,mid1,Fall 2022,Fall 2022 Midterm 1,31,30,17.272727272727273,57.57575757575758,2022-10-06 14:04:24.080781,2022-10-06 15:18:30.654904,1,74.10956871666667,96.7741935483871
F22,88,mid2,Fall 2022,Fall 2022 Midterm 2,32,29,14.0,48.275862068965516,2022-11-03 13:59:43.727934,2022-11-03 15:17:35.032514,1,77.85507633333333,90.625
F22,89,mid1,Fall 2022,Fall 2022 Midterm 1,31,30,26.51818181818182,88.3939393939394,2022-10-06 14:04:45.624474,2022-10-06 14:53:25.326541,1,48.66170111666667,96.7741935483871
F22,89,mid2,Fall 2022,Fall 2022 Midterm 2,32,29,19.0,65.51724137931035,2022-11-03 14:01:28.932316,2022-11-03 15:04:39.652201,1,63.17866475,90.625
F22,90,mid1,Fall 2022,Fall 2022 Midterm 1,31,30,23.9,79.66666666666666,2022-10-06 14:04:32.514284,2022-10-06 15:23:19.211450,1,78.7782861,96.7741935483871
F22,90,mid2,Fall 2022,Fall 2022 Midterm 2,32,29,19.5,67.24137931034483,2022-11-03 14:00:13.563616,2022-11-03 15:04:38.858770,1,64.4215859,90.625
F22,91,mid1,Fall 2022,Fall 2022 Midterm 1,31,30,15.727272727272727,52.424242424242415,2022-10-06 14:04:49.066174,2022-10-06 15:21:22.141576,1,76.55125670000001,96.7741935483871
F22,91,mid2,Fall 2022,Fall 2022 Midterm 2,32,29,16.0,55.172413793103445,2022-11-03 13:59:52.324130,2022-11-03 15:19:57.163505,1,80.08065624999999,90.625
F22,92,mid1,Fall 2022,Fall 2022 Midterm 1,31,30,28.0,93.33333333333333,2022-10-06 14:04:23.932584,2022-10-06 14:54:58.138614,1,50.570100499999995,96.7741935483871
F22,92,mid2,Fall 2022,Fall 2022 Midterm 2,32,29,23.0,79.3103448275862,2022-11-03 13:59:52.402952,2022-11-03 15:06:24.818450,1,66.54025829999999,90.625
F22,93,mid1,Fall 2022,Fall 2022 Midterm 1,31,30,16.71818181818182,55.72727272727273,2022-10-06 14:04:54.332481,2022-10-06 15:25:05.567887,1,80.18725676666666,96.7741935483871
F22,93,mid2,Fall 2022,Fall 2022 Midterm 2,32,29,20.1,69.3103448275862,2022-11-03 13:59:57.777932,2022-11-03 15:19:47.798055,1,79.83366871666666,90.625
F22,95,mid1,Fall 2022,Fall 2022 Midterm 1,31,30,26.0,86.66666666666667,2022-10-06 14:04:35.883513,2022-10-06 15:24:48.951838,1,80.21780541666666,96.7741935483871
F22,95,mid2,Fall 2022,Fall 2022 Midterm 2,32,29,23.0,79.3103448275862,2022-11-03 13:59:35.567369,2022-11-03 15:19:17.665098,1,79.70162881666667,90.625
F22,96,mid1,Fall 2022,Fall 2022 Midterm 1,31,30,27.0,90.0,2022-10-06 14:04:54.577695,2022-10-06 15:25:10.041153,1,80.2577243,96.7741935483871
F22,96,mid2,Fall 2022,Fall 2022 Midterm 2,32,29,23.9,82.41379310344827,2022-11-03 13:59:59.902578,2022-11-03 15:20:03.870593,1,80.06613358333334,90.625
F22,97,mid1,Fall 2022,Fall 2022 Midterm 1,31,30,25.875,86.25,2022-10-06 14:29:15.742619,2022-10-06 15:03:59.569917,1,34.73045496666667,96.7741935483871
F22,97,mid2,Fall 2022,Fall 2022 Midterm 2,32,29,20.9,72.06896551724138,2022-11-03 13:59:50.763364,2022-11-03 15:00:30.760795,1,60.66662384999999,90.625
F22,98,mid1,Fall 2022,Fall 2022 Midterm 1,31,30,24.81818181818182,82.72727272727273,2022-10-06 14:01:49.682800,2022-10-06 15:47:37.856495,1,105.80289491666667,96.7741935483871
F22,98,mid2,Fall 2022,Fall 2022 Midterm 2,32,29,20.9,72.06896551724138,2022-11-03 14:04:33.802751,2022-11-03 16:05:52.227114,1,121.30707271666667,90.625
F22,99,mid1,Fall 2022,Fall 2022 Midterm 1,31,30,22.727272727272727,75.75757575757575,2022-10-06 14:04:25.893976,2022-10-06 15:25:09.812971,1,80.73198325,96.7741935483871
F22,99,mid2,Fall 2022,Fall 2022 Midterm 2,32,29,16.5,56.896551724137936,2022-11-03 14:01:23.081334,2022-11-03 15:20:51.426803,1,79.47242448333333,90.625
F22,100,mid1,Fall 2022,Fall 2022 Midterm 1,31,30,28.0,93.33333333333333,2022-10-06 14:04:37.344858,2022-10-06 15:10:52.886725,1,66.25903111666666,96.7741935483871
F22,100,mid2,Fall 2022,Fall 2022 Midterm 2,32,29,23.0,79.3103448275862,2022-11-03 13:59:39.458275,2022-11-03 15:08:43.237599,1,69.06298873333334,90.625
F22,101,mid1,Fall 2022,Fall 2022 Midterm 1,31,30,27.0,90.0,2022-10-06 14:04:41.096565,2022-10-06 15:11:34.486686,1,66.88983535,96.7741935483871
F22,101,mid2,Fall 2022,Fall 2022 Midterm 2,32,29,17.9,61.72413793103447,2022-11-05 13:05:21.474246,2022-11-05 14:24:50.034731,1,79.47600808333333,90.625
F22,102,mid1,Fall 2022,Fall 2022 Midterm 1,31,30,25.454545454545453,84.84848484848484,2022-10-06 14:04:50.535530,2022-10-06 15:08:32.044552,1,63.691817033333336,96.7741935483871
F22,102,mid2,Fall 2022,Fall 2022 Midterm 2,32,29,18.0,62.06896551724138,2022-11-03 13:59:56.843064,2022-11-03 15:02:05.185452,1,62.1390398,90.625
F22,103,mid1,Fall 2022,Fall 2022 Midterm 1,31,30,27.0,90.0,2022-10-06 14:04:48.828478,2022-10-06 15:16:00.154968,1,71.18877483333334,96.7741935483871
F22,103,mid2,Fall 2022,Fall 2022 Midterm 2,32,29,22.0,75.86206896551724,2022-11-03 13:59:49.561467,2022-11-03 15:13:15.582986,1,73.43369198333333,90.625
F22,104,mid1,Fall 2022,Fall 2022 Midterm 1,31,30,25.01818181818182,83.3939393939394,2022-10-06 14:28:58.171594,2022-10-06 15:48:33.112961,1,79.58235611666667,96.7741935483871
F22,104,mid2,Fall 2022,Fall 2022 Midterm 2,32,29,16.9,58.27586206896551,2022-11-03 14:00:01.577105,2022-11-03 15:20:38.561763,1,80.61641096666668,90.625
F22,105,mid1,Fall 2022,Fall 2022 Midterm 1,31,30,27.0,90.0,2022-10-06 13:58:08.100857,2022-10-06 15:57:11.657361,1,119.05927506666667,96.7741935483871
F22,105,mid2,Fall 2022,Fall 2022 Midterm 2,32,29,22.0,75.86206896551724,2022-11-03 14:12:11.789532,2022-11-03 16:13:24.257553,1,121.20780035,90.625
F22,106,mid1,Fall 2022,Fall 2022 Midterm 1,31,30,26.875,89.58333333333334,2022-10-06 14:04:48.765164,2022-10-06 15:12:57.400086,1,68.14391536666668,96.7741935483871
F22,106,mid2,Fall 2022,Fall 2022 Midterm 2,32,29,24.0,82.75862068965517,2022-11-03 14:00:11.025461,2022-11-03 14:59:12.434797,1,59.02348893333333,90.625
F22,107,mid1,Fall 2022,Fall 2022 Midterm 1,31,30,26.727272727272727,89.0909090909091,2022-10-06 14:04:27.613764,2022-10-06 15:23:01.922838,1,78.5718179,96.7741935483871
F22,107,mid2,Fall 2022,Fall 2022 Midterm 2,32,29,19.5,67.24137931034483,2022-11-03 13:59:39.445621,2022-11-03 15:14:06.643206,1,74.45329308333334,90.625
F22,108,mid1,Fall 2022,Fall 2022 Midterm 1,31,30,28.0,93.33333333333333,2022-10-06 14:04:44.001550,2022-10-06 15:05:55.529842,1,61.1921382,96.7741935483871
F22,108,mid2,Fall 2022,Fall 2022 Midterm 2,32,29,23.9,82.41379310344827,2022-11-03 13:59:56.676023,2022-11-03 15:18:32.583520,1,78.59845828333333,90.625
F22,109,mid2,Fall 2022,Fall 2022 Midterm 2,32,29,16.3,56.20689655172414,2022-11-03 13:59:51.728564,2022-11-03 15:19:32.255629,1,79.67545108333334,90.625
F22,110,mid1,Fall 2022,Fall 2022 Midterm 1,31,30,21.12727272727273,70.42424242424244,2022-10-06 14:04:40.093363,2022-10-06 15:01:20.978049,1,56.68141143333333,96.7741935483871
F22,110,mid2,Fall 2022,Fall 2022 Midterm 2,32,29,14.7,50.689655172413794,2022-11-03 13:59:58.540653,2022-11-03 15:01:17.730887,1,61.31983723333334,90.625
F22,111,mid1,Fall 2022,Fall 2022 Midterm 1,31,30,17.666666666666668,58.88888888888889,2022-10-06 14:04:40.651321,2022-10-06 15:24:56.108178,1,80.25761428333334,96.7741935483871
F22,111,mid2,Fall 2022,Fall 2022 Midterm 2,32,29,18.6,64.13793103448276,2022-11-05 19:55:01.270533,2022-11-05 21:15:35.360005,1,80.56815786666667,90.625
F22,112,mid1,Fall 2022,Fall 2022 Midterm 1,31,30,24.536363636363635,81.78787878787878,2022-10-08 15:44:35.016497,2022-10-08 17:04:55.964066,1,80.34912615,96.7741935483871
F22,112,mid2,Fall 2022,Fall 2022 Midterm 2,32,29,18.5,63.793103448275865,2022-11-03 14:00:25.554636,2022-11-03 15:02:44.958956,1,62.32340533333333,90.625
F22,113,mid1,Fall 2022,Fall 2022 Midterm 1,31,30,11.0,36.666666666666664,2022-10-06 14:05:12.553155,2022-10-06 15:25:33.106040,1,80.34254808333334,96.7741935483871
F22,113,mid2,Fall 2022,Fall 2022 Midterm 2,32,29,6.6,22.75862068965517,2022-11-03 14:00:38.198299,2022-11-03 15:20:57.988279,1,80.329833,90.625
F22,114,mid1,Fall 2022,Fall 2022 Midterm 1,31,30,11.818181818181818,39.39393939393939,2022-10-06 14:29:55.973705,2022-10-06 15:32:38.158085,1,62.703073,96.7741935483871
F22,115,mid1,Fall 2022,Fall 2022 Midterm 1,31,30,20.01818181818182,66.72727272727273,2022-10-06 14:05:09.442045,2022-10-06 15:25:03.717534,1,79.90459148333333,96.7741935483871
F22,115,mid2,Fall 2022,Fall 2022 Midterm 2,32,29,13.2,45.51724137931034,2022-11-03 14:00:11.711396,2022-11-03 15:20:46.333223,1,80.57703045,90.625
F22,116,mid1,Fall 2022,Fall 2022 Midterm 1,31,30,27.0,90.0,2022-10-06 14:04:36.494157,2022-10-06 14:53:41.897347,1,49.090053166666664,96.7741935483871
F22,116,mid2,Fall 2022,Fall 2022 Midterm 2,32,29,23.0,79.3103448275862,2022-11-03 13:59:54.515501,2022-11-03 15:04:32.885961,1,64.63950766666667,90.625
F22,118,mid1,Fall 2022,Fall 2022 Midterm 1,31,30,20.81818181818182,69.39393939393939,2022-10-06 14:05:04.837778,2022-10-06 15:25:20.471184,1,80.26055676666667,96.7741935483871
F22,118,mid2,Fall 2022,Fall 2022 Midterm 2,32,29,18.9,65.17241379310344,2022-11-03 13:59:56.685905,2022-11-03 15:20:23.149688,1,80.44106305,90.625
F22,119,mid1,Fall 2022,Fall 2022 Midterm 1,31,30,28.0,93.33333333333333,2022-10-06 14:04:50.096111,2022-10-06 15:02:08.432290,1,57.30560298333333,96.7741935483871
F22,119,mid2,Fall 2022,Fall 2022 Midterm 2,32,29,23.0,79.3103448275862,2022-11-03 14:00:01.863973,2022-11-03 15:02:24.648466,1,62.37974155,90.625
F22,120,mid1,Fall 2022,Fall 2022 Midterm 1,31,30,17.81818181818182,59.3939393939394,2022-10-06 14:02:03.281608,2022-10-06 16:02:18.751596,1,120.25783313333334,96.7741935483871
F22,120,mid2,Fall 2022,Fall 2022 Midterm 2,32,29,16.0,55.172413793103445,2022-11-03 14:02:36.174276,2022-11-03 16:03:17.484473,1,120.68850328333333,90.625
F22,121,mid1,Fall 2022,Fall 2022 Midterm 1,31,30,26.0,86.66666666666667,2022-10-06 14:04:41.034206,2022-10-06 15:02:50.393633,1,58.15599045,96.7741935483871
F22,121,mid2,Fall 2022,Fall 2022 Midterm 2,32,29,20.8,71.72413793103448,2022-11-03 13:59:37.371599,2022-11-03 15:02:09.204765,1,62.530552766666666,90.625
F22,122,mid1,Fall 2022,Fall 2022 Midterm 1,31,30,26.445454545454545,88.15151515151514,2022-10-06 14:04:39.992003,2022-10-06 15:25:03.015637,1,80.38372723333333,96.7741935483871
F22,122,mid2,Fall 2022,Fall 2022 Midterm 2,31,28,20.9,74.64285714285714,2022-11-06 02:08:52.690142,2022-11-06 03:29:10.697547,1,80.30012341666666,90.3225806451613
F22,124,mid2,Fall 2022,Fall 2022 Midterm 2,32,29,25.0,86.20689655172413,2022-11-03 13:59:37.616212,2022-11-03 14:58:06.388876,1,58.4795444,90.625
F22,125,mid1,Fall 2022,Fall 2022 Midterm 1,31,30,20.12727272727273,67.09090909090911,2022-10-06 14:03:33.006664,2022-10-06 15:50:45.738527,1,107.21219771666667,96.7741935483871
F22,125,mid2,Fall 2022,Fall 2022 Midterm 2,32,29,8.0,27.586206896551722,2022-11-03 14:07:01.555118,2022-11-03 14:49:50.803117,1,42.82079998333334,90.625
F22,126,mid1,Fall 2022,Fall 2022 Midterm 1,31,30,21.0,70.0,2022-10-06 14:13:52.377889,2022-10-06 15:40:36.600179,1,86.73703816666666,96.7741935483871
F22,126,mid2,Fall 2022,Fall 2022 Midterm 2,32,29,13.0,44.827586206896555,2022-11-03 14:09:55.836374,2022-11-03 15:02:40.877135,1,52.750679350000006,90.625
F22,127,mid1,Fall 2022,Fall 2022 Midterm 1,31,30,17.836363636363636,59.454545454545446,2022-10-06 14:04:57.165915,2022-10-06 15:22:48.182057,1,77.85026903333333,96.7741935483871
F22,127,mid2,Fall 2022,Fall 2022 Midterm 2,32,29,13.5,46.55172413793103,2022-11-03 14:00:01.452539,2022-11-03 15:14:51.424479,1,74.83286566666668,90.625
F22,128,mid1,Fall 2022,Fall 2022 Midterm 1,31,30,20.81818181818182,69.39393939393939,2022-10-06 14:05:22.828648,2022-10-06 15:25:43.311572,1,80.34138206666667,96.7741935483871
F22,128,mid2,Fall 2022,Fall 2022 Midterm 2,32,29,17.1,58.96551724137932,2022-11-05 13:55:28.688963,2022-11-05 15:15:42.008283,1,80.22198866666666,90.625
F22,129,mid1,Fall 2022,Fall 2022 Midterm 1,31,30,23.2,77.33333333333333,2022-10-06 14:00:28.550749,2022-10-06 16:00:45.285416,1,120.27891111666666,96.7741935483871
F22,129,mid2,Fall 2022,Fall 2022 Midterm 2,32,29,16.9,58.27586206896551,2022-11-03 14:00:27.092914,2022-11-03 15:58:42.158499,1,118.25109308333334,90.625
F22,130,mid1,Fall 2022,Fall 2022 Midterm 1,31,30,23.272727272727273,77.57575757575758,2022-10-06 14:05:05.857860,2022-10-06 15:25:16.268782,1,80.17351536666666,96.7741935483871
F22,130,mid2,Fall 2022,Fall 2022 Midterm 2,32,29,16.7,57.586206896551715,2022-11-03 13:59:50.644595,2022-11-03 15:42:37.168937,1,102.7754057,90.625
F22,131,mid1,Fall 2022,Fall 2022 Midterm 1,31,30,24.545454545454547,81.81818181818183,2022-10-06 14:04:38.255708,2022-10-06 15:24:57.264278,1,80.3168095,96.7741935483871
F22,131,mid2,Fall 2022,Fall 2022 Midterm 2,32,29,17.9,61.72413793103447,2022-11-03 13:59:50.243641,2022-11-03 15:15:28.297873,1,75.6342372,90.625
F22,132,mid1,Fall 2022,Fall 2022 Midterm 1,31,30,21.727272727272727,72.42424242424242,2022-10-06 14:04:49.649250,2022-10-06 15:38:22.540853,1,93.54819338333333,96.7741935483871
F22,132,mid2,Fall 2022,Fall 2022 Midterm 2,31,28,14.466666666666667,51.66666666666667,2022-11-03 14:00:05.848885,2022-11-03 15:20:41.217310,1,80.58947375,90.3225806451613
F22,135,mid1,Fall 2022,Fall 2022 Midterm 1,31,30,24.727272727272727,82.42424242424242,2022-10-06 14:04:36.524135,2022-10-06 15:04:43.192071,1,60.111132266666665,96.7741935483871
F22,135,mid2,Fall 2022,Fall 2022 Midterm 2,32,29,17.8,61.37931034482759,2022-11-03 14:00:24.441537,2022-11-03 15:16:49.922556,1,76.42468364999999,90.625
F22,136,mid1,Fall 2022,Fall 2022 Midterm 1,31,30,23.0,76.66666666666667,2022-10-06 14:04:24.028028,2022-10-06 15:24:27.369254,1,80.05568709999999,96.7741935483871
F22,136,mid2,Fall 2022,Fall 2022 Midterm 2,32,29,22.0,75.86206896551724,2022-11-03 14:00:00.978290,2022-11-03 15:20:13.174005,1,80.20326191666666,90.625
F22,137,mid1,Fall 2022,Fall 2022 Midterm 1,31,30,22.875,76.25,2022-10-06 14:04:45.692304,2022-10-06 15:14:43.868375,1,69.96960118333332,96.7741935483871
F22,137,mid2,Fall 2022,Fall 2022 Midterm 2,32,29,20.9,72.06896551724138,2022-11-03 13:59:39.141462,2022-11-03 14:53:32.614490,1,53.891217133333335,90.625
F22,138,mid1,Fall 2022,Fall 2022 Midterm 1,31,30,24.0,80.0,2022-10-06 14:04:36.861007,2022-10-06 15:21:39.176710,1,77.03859505,96.7741935483871
F22,138,mid2,Fall 2022,Fall 2022 Midterm 2,32,29,19.5,67.24137931034483,2022-11-06 21:11:19.674292,2022-11-06 22:30:22.516868,1,79.04737626666666,90.625
F22,139,mid1,Fall 2022,Fall 2022 Midterm 1,31,30,28.0,93.33333333333333,2022-10-06 14:05:02.714502,2022-10-06 15:20:34.175134,1,75.52434386666667,96.7741935483871
F22,139,mid2,Fall 2022,Fall 2022 Midterm 2,32,29,22.0,75.86206896551724,2022-11-03 14:00:58.784454,2022-11-03 15:39:09.395688,1,98.1768539,90.625
F22,140,mid1,Fall 2022,Fall 2022 Midterm 1,31,30,26.0,86.66666666666667,2022-10-06 14:04:28.736232,2022-10-06 14:58:35.490845,1,54.11257688333333,96.7741935483871
F22,140,mid2,Fall 2022,Fall 2022 Midterm 2,32,29,20.0,68.96551724137932,2022-11-03 13:59:50.174956,2022-11-03 15:05:24.650723,1,65.57459611666667,90.625
F22,141,mid1,Fall 2022,Fall 2022 Midterm 1,31,30,28.0,93.33333333333333,2022-10-06 14:29:31.578493,2022-10-06 15:26:16.940584,1,56.75603485,96.7741935483871
F22,141,mid2,Fall 2022,Fall 2022 Midterm 2,32,29,24.9,85.86206896551724,2022-11-03 14:00:11.281020,2022-11-03 15:12:01.200688,1,71.83199446666666,90.625
F22,142,mid1,Fall 2022,Fall 2022 Midterm 1,31,30,27.427272727272726,91.42424242424242,2022-10-06 14:04:59.983276,2022-10-06 15:01:36.592609,1,56.610155549999995,96.7741935483871
F22,142,mid2,Fall 2022,Fall 2022 Midterm 2,32,29,21.0,72.41379310344827,2022-11-03 13:59:41.541187,2022-11-03 15:02:19.868285,1,62.63878496666667,90.625
F22,143,mid1,Fall 2022,Fall 2022 Midterm 1,31,30,24.227272727272727,80.75757575757575,2022-10-06 14:30:01.580840,2022-10-06 15:50:09.518077,1,80.13228728333334,96.7741935483871
F22,143,mid2,Fall 2022,Fall 2022 Midterm 2,32,29,16.9,58.27586206896551,2022-11-03 14:01:00.269302,2022-11-03 15:20:59.523553,1,79.98757085000001,90.625
F22,144,mid1,Fall 2022,Fall 2022 Midterm 1,31,30,22.636363636363637,75.45454545454545,2022-10-06 14:05:36.905826,2022-10-06 15:18:10.803864,1,72.5649673,96.7741935483871
F22,144,mid2,Fall 2022,Fall 2022 Midterm 2,32,29,11.8,40.689655172413794,2022-11-03 13:59:52.787614,2022-11-03 15:15:28.395578,1,75.59346606666666,90.625
F22,145,mid1,Fall 2022,Fall 2022 Midterm 1,31,30,18.0,60.0,2022-10-06 13:58:08.162506,2022-10-06 15:56:04.392159,1,117.93716088333333,96.7741935483871
F22,145,mid2,Fall 2022,Fall 2022 Midterm 2,32,29,19.9,68.62068965517241,2022-11-03 14:08:01.981901,2022-11-03 16:05:58.635707,1,117.9442301,90.625
F22,146,mid1,Fall 2022,Fall 2022 Midterm 1,31,30,23.875,79.58333333333333,2022-10-06 14:04:52.259688,2022-10-06 15:24:14.038160,1,79.36297453333333,96.7741935483871
F22,146,mid2,Fall 2022,Fall 2022 Midterm 2,32,29,24.0,82.75862068965517,2022-11-03 14:00:01.571074,2022-11-03 15:12:37.645492,1,72.6012403,90.625
F22,147,mid1,Fall 2022,Fall 2022 Midterm 1,31,30,27.90909090909091,93.03030303030303,2022-10-06 14:29:29.067781,2022-10-06 15:45:34.275120,1,76.08678898333332,96.7741935483871
F22,147,mid2,Fall 2022,Fall 2022 Midterm 2,32,29,23.9,82.41379310344827,2022-11-03 14:00:11.619623,2022-11-03 15:15:43.095093,1,75.52459116666667,90.625
F22,148,mid1,Fall 2022,Fall 2022 Midterm 1,31,30,17.56818181818182,58.56060606060607,2022-10-06 14:05:03.325944,2022-10-06 15:23:09.254190,1,78.09880410000001,96.7741935483871
F22,148,mid2,Fall 2022,Fall 2022 Midterm 2,32,29,14.9,51.37931034482759,2022-11-03 13:59:59.364242,2022-11-03 15:20:09.486839,1,80.16870995,90.625
F22,149,mid1,Fall 2022,Fall 2022 Midterm 1,31,30,25.636363636363637,85.45454545454547,2022-10-06 14:04:34.772475,2022-10-06 15:05:12.948249,1,60.6362629,96.7741935483871
F22,149,mid2,Fall 2022,Fall 2022 Midterm 2,32,29,22.0,75.86206896551724,2022-11-03 13:59:47.843778,2022-11-03 15:17:00.800310,1,77.2159422,90.625
F22,150,mid1,Fall 2022,Fall 2022 Midterm 1,31,30,21.7,72.33333333333333,2022-10-06 14:29:46.465177,2022-10-06 15:41:05.378188,1,71.31521685,96.7741935483871
F22,150,mid2,Fall 2022,Fall 2022 Midterm 2,32,29,11.6,40.0,2022-11-03 14:00:02.680404,2022-11-03 15:18:50.134149,1,78.79089574999999,90.625
F22,151,mid1,Fall 2022,Fall 2022 Midterm 1,31,30,26.90909090909091,89.6969696969697,2022-10-06 14:07:52.838331,2022-10-06 15:15:56.370072,1,68.05886235,96.7741935483871
F22,151,mid2,Fall 2022,Fall 2022 Midterm 2,32,29,17.0,58.620689655172406,2022-11-03 14:10:35.660056,2022-11-03 15:31:05.460828,1,80.49667953333332,90.625
F22,152,mid1,Fall 2022,Fall 2022 Midterm 1,31,30,25.0,83.33333333333334,2022-10-06 14:06:51.942861,2022-10-06 14:48:31.136929,1,41.65323446666666,96.7741935483871
F22,153,mid1,Fall 2022,Fall 2022 Midterm 1,31,30,26.272727272727273,87.57575757575758,2022-10-06 14:04:45.275333,2022-10-06 15:20:49.883517,1,76.07680306666666,96.7741935483871
F22,153,mid2,Fall 2022,Fall 2022 Midterm 2,32,29,20.6,71.0344827586207,2022-11-03 14:00:18.149377,2022-11-03 15:17:42.960649,1,77.4135212,90.625
F22,156,mid1,Fall 2022,Fall 2022 Midterm 1,31,30,15.636363636363637,52.121212121212125,2022-10-06 14:07:11.409636,2022-10-06 15:27:08.979597,1,79.95949935,96.7741935483871
F22,156,mid2,Fall 2022,Fall 2022 Midterm 2,32,29,7.0,24.137931034482758,2022-11-03 14:15:37.462142,2022-11-03 15:35:43.045179,1,80.09305061666667,90.625
F22,158,mid1,Fall 2022,Fall 2022 Midterm 1,31,30,25.0,83.33333333333334,2022-10-06 14:05:00.588449,2022-10-06 15:25:16.638487,1,80.26750063333334,96.7741935483871
F22,158,mid2,Fall 2022,Fall 2022 Midterm 2,32,29,21.0,72.41379310344827,2022-11-03 13:59:38.066454,2022-11-03 15:19:32.888449,1,79.91369991666667,90.625
F23,1,mid1,Fall 2023,Fall 2023 Midterm 1,122,120,89.0,74.16666666666667,2023-10-04 19:01:17.527865,2023-10-05 16:51:59.040078,2,148.79775786666667,98.36065573770492
F23,1,mid2,Fall 2023,Fall 2023 Midterm 2,66,63,47.0,74.60317460317461,2023-11-01 19:02:22.586441,2023-11-02 16:51:06.652320,2,146.30766396666667,95.45454545454545
F23,2,mid1,Fall 2023,Fall 2023 Midterm 1,31,29,26.0,89.65517241379311,2023-10-05 15:31:35.216724,2023-10-05 16:34:58.877729,1,63.39435008333333,93.54838709677419
F23,2,mid2,Fall 2023,Fall 2023 Midterm 2,33,30,24.0,80.0,2023-11-02 15:30:29.323290,2023-11-02 16:28:22.316831,1,57.88322568333333,90.9090909090909
F23,3,mid1,Fall 2023,Fall 2023 Midterm 1,87,85,55.95,65.82352941176471,2023-10-04 19:00:53.071367,2023-10-05 16:52:28.190186,2,122.88620111666667,97.70114942528735
F23,3,mid2,Fall 2023,Fall 2023 Midterm 2,51,45,30.8,68.44444444444444,2023-11-01 19:01:58.638446,2023-11-02 16:48:22.614220,2,135.64264921666665,88.23529411764706
F23,4,mid1,Fall 2023,Fall 2023 Midterm 1,82,80,62.95,78.6875,2023-10-04 19:00:43.219356,2023-10-05 17:33:14.730976,2,198.18669806666668,97.5609756097561
F23,4,mid2,Fall 2023,Fall 2023 Midterm 2,75,69,50.0,72.46376811594203,2023-11-01 19:01:40.404545,2023-11-02 17:30:06.204379,2,195.74748268333332,92.0
F23,5,mid1,Fall 2023,Fall 2023 Midterm 1,32,30,25.9,86.33333333333333,2023-10-04 19:00:39.370043,2023-10-05 16:20:16.283008,2,128.4921996333333,93.75
F23,5,mid2,Fall 2023,Fall 2023 Midterm 2,33,30,20.0,66.66666666666666,2023-11-02 15:30:38.083421,2023-11-02 16:50:53.140793,2,133.2166525,90.9090909090909
F23,6,mid1,Fall 2023,Fall 2023 Midterm 1,31,29,24.90909090909091,85.8934169278997,2023-10-05 15:31:48.661945,2023-10-05 16:10:50.633243,1,39.03285496666667,93.54838709677419
F23,6,mid2,Fall 2023,Fall 2023 Midterm 2,33,30,24.0,80.0,2023-11-02 15:30:58.599988,2023-11-02 16:22:51.065622,1,51.874427233333336,90.9090909090909
F23,7,mid1,Fall 2023,Fall 2023 Midterm 1,31,29,26.0,89.65517241379311,2023-10-04 19:01:35.386030,2023-10-05 16:10:00.292029,2,107.58936805,93.54838709677419
F23,7,mid2,Fall 2023,Fall 2023 Midterm 2,43,40,31.0,77.5,2023-11-01 19:01:01.344743,2023-11-02 16:10:44.726408,2,105.99373095,93.02325581395348
F23,8,mid1,Fall 2023,Fall 2023 Midterm 1,110,108,93.0,86.11111111111111,2023-10-04 19:00:44.990896,2023-10-05 16:52:19.192743,2,130.05522283333335,98.18181818181819
F23,8,mid2,Fall 2023,Fall 2023 Midterm 2,119,111,88.0,79.27927927927928,2023-11-01 19:01:00.817608,2023-11-02 16:50:13.738011,2,141.91700313333334,93.27731092436974
F23,9,mid1,Fall 2023,Fall 2023 Midterm 1,31,29,26.0,89.65517241379311,2023-10-04 19:01:01.041429,2023-10-05 16:40:03.757608,2,114.05020775000001,93.54838709677419
F23,9,mid2,Fall 2023,Fall 2023 Midterm 2,59,56,43.75,78.125,2023-11-01 19:01:12.012206,2023-11-02 16:50:57.282307,2,149.88740051666667,94.91525423728814
F23,10,mid1,Fall 2023,Fall 2023 Midterm 1,59,57,54.0,94.73684210526315,2023-10-04 19:00:34.032275,2023-10-05 16:32:06.534485,2,140.58827889999998,96.61016949152543
F23,10,mid2,Fall 2023,Fall 2023 Midterm 2,85,79,68.0,86.07594936708861,2023-11-01 19:01:30.261767,2023-11-02 16:32:28.811566,2,140.2865754,92.94117647058823
F23,11,mid1,Fall 2023,Fall 2023 Midterm 1,31,29,12.7,43.79310344827586,2023-10-05 15:32:40.066928,2023-10-05 16:36:42.547968,1,64.04135066666667,93.54838709677419
F23,11,mid2,Fall 2023,Fall 2023 Midterm 2,33,30,18.0,60.0,2023-11-02 15:30:58.212711,2023-11-02 16:25:25.518767,1,54.455100933333334,90.9090909090909
F23,12,mid1,Fall 2023,Fall 2023 Midterm 1,31,29,23.90909090909091,82.44514106583073,2023-10-04 19:01:01.305261,2023-10-05 16:27:57.029373,2,103.71332886666667,93.54838709677419
F23,12,mid2,Fall 2023,Fall 2023 Midterm 2,70,64,54.96666666666667,85.88541666666667,2023-11-01 19:01:07.359161,2023-11-02 16:51:05.930207,2,120.66011003333335,91.42857142857143
F23,14,mid1,Fall 2023,Fall 2023 Midterm 1,31,29,19.31818181818182,66.61442006269593,2023-10-05 15:31:52.472744,2023-10-05 16:40:07.689787,1,68.25361738333334,93.54838709677419
F23,14,mid2,Fall 2023,Fall 2023 Midterm 2,33,30,15.75,52.5,2023-11-02 15:30:36.736015,2023-11-02 16:25:08.174040,1,54.52396708333333,90.9090909090909
F23,15,mid1,Fall 2023,Fall 2023 Midterm 1,109,107,99.0,92.5233644859813,2023-10-04 19:00:20.006990,2023-10-05 16:49:45.006989,2,111.83792191666666,98.1651376146789
F23,15,mid2,Fall 2023,Fall 2023 Midterm 2,58,52,38.6,74.23076923076923,2023-11-01 19:02:03.881359,2023-11-02 16:51:06.671556,2,121.49227713333332,89.65517241379311
F23,16,mid1,Fall 2023,Fall 2023 Midterm 1,81,79,64.95,82.21518987341773,2023-10-04 19:00:27.633166,2023-10-05 16:46:04.696194,2,137.16177591666667,97.53086419753086
F23,16,mid2,Fall 2023,Fall 2023 Midterm 2,85,79,51.0,64.55696202531645,2023-11-01 19:01:06.310403,2023-11-02 16:32:58.543967,2,123.82703466666666,92.94117647058823
F23,17,mid1,Fall 2023,Fall 2023 Midterm 1,31,29,26.0,89.65517241379311,2023-10-04 19:00:53.956740,2023-10-04 20:21:14.444962,1,80.34147036666667,93.54838709677419
F23,17,mid2,Fall 2023,Fall 2023 Midterm 2,33,30,24.0,80.0,2023-11-01 19:01:42.299695,2023-11-01 20:22:14.722761,1,80.54038443333334,90.9090909090909
F23,18,mid1,Fall 2023,Fall 2023 Midterm 1,67,65,44.03636363636364,67.74825174825175,2023-10-04 19:00:36.610392,2023-10-05 16:51:54.456064,2,159.47105693333333,97.01492537313433
F23,18,mid2,Fall 2023,Fall 2023 Midterm 2,95,89,72.2,81.12359550561798,2023-11-01 19:01:26.079415,2023-11-02 16:50:39.209771,2,159.17878291666665,93.6842105263158
F23,19,mid1,Fall 2023,Fall 2023 Midterm 1,33,31,26.0,83.87096774193549,2023-10-04 19:06:06.814195,2023-10-05 16:40:47.628611,2,189.10650541666666,93.93939393939394
F23,19,mid2,Fall 2023,Fall 2023 Midterm 2,47,44,28.0,63.63636363636363,2023-11-01 19:02:15.004376,2023-11-02 16:51:28.959892,2,180.22818555,93.61702127659575
F23,20,mid1,Fall 2023,Fall 2023 Midterm 1,56,54,41.0,75.92592592592592,2023-10-04 19:00:52.961812,2023-10-05 16:52:07.555608,2,158.27223668333332,96.42857142857143
F23,20,mid2,Fall 2023,Fall 2023 Midterm 2,51,48,32.75,68.22916666666666,2023-11-01 19:01:25.149021,2023-11-02 16:50:52.203810,2,138.96307675,94.11764705882354
F23,21,mid1,Fall 2023,Fall 2023 Midterm 1,100,97,87.0,89.69072164948454,2023-10-04 19:00:25.253582,2023-10-05 16:51:46.005029,2,130.00780468333335,97.0
F23,21,mid2,Fall 2023,Fall 2023 Midterm 2,56,52,40.0,76.92307692307693,2023-11-01 19:01:13.675039,2023-11-02 16:50:39.917958,2,130.37647615,92.85714285714286
F23,22,mid1,Fall 2023,Fall 2023 Midterm 1,63,61,50.21818181818182,82.32488822652758,2023-10-04 19:01:40.639507,2023-10-06 21:56:48.349266,2,198.72357746666665,96.82539682539682
F23,22,mid2,Fall 2023,Fall 2023 Midterm 2,57,53,39.666666666666664,74.84276729559748,2023-11-01 19:01:38.127983,2023-11-02 17:32:48.415964,2,198.66698533333334,92.98245614035088
F23,23,mid1,Fall 2023,Fall 2023 Midterm 1,31,29,25.0,86.20689655172413,2023-10-05 15:32:15.694375,2023-10-05 16:34:26.165898,1,62.17452538333334,93.54838709677419
F23,23,mid2,Fall 2023,Fall 2023 Midterm 2,33,30,24.0,80.0,2023-11-02 15:30:38.651211,2023-11-02 16:34:03.920679,1,63.421157799999996,90.9090909090909
F23,24,mid1,Fall 2023,Fall 2023 Midterm 1,31,29,24.0,82.75862068965517,2023-10-05 15:31:46.938797,2023-10-05 16:02:31.632732,1,30.744898916666667,93.54838709677419
F23,24,mid2,Fall 2023,Fall 2023 Midterm 2,33,30,24.0,80.0,2023-11-02 15:30:38.978244,2023-11-02 16:06:24.278112,1,35.7549978,90.9090909090909
F23,25,mid1,Fall 2023,Fall 2023 Midterm 1,142,139,108.0,77.6978417266187,2023-10-04 19:02:38.389599,2023-10-05 16:52:25.916429,2,185.61104913333332,97.88732394366197
F23,25,mid2,Fall 2023,Fall 2023 Midterm 2,67,63,49.0,77.77777777777779,2023-11-01 19:01:31.652546,2023-11-02 16:33:41.578687,2,173.62940261666668,94.02985074626865
F23,26,mid1,Fall 2023,Fall 2023 Midterm 1,82,80,72.9,91.12500000000001,2023-10-04 19:04:09.101605,2023-10-05 16:43:22.822896,2,149.26001019999998,97.5609756097561
F23,26,mid2,Fall 2023,Fall 2023 Midterm 2,74,68,32.0,47.05882352941176,2023-11-01 19:12:34.474186,2023-11-02 16:38:58.150230,2,148.49686723333332,91.89189189189189
F23,27,mid1,Fall 2023,Fall 2023 Midterm 1,31,29,19.40909090909091,66.92789968652038,2023-10-05 15:31:43.877969,2023-10-05 16:52:06.980049,1,80.38503466666666,93.54838709677419
F23,27,mid2,Fall 2023,Fall 2023 Midterm 2,33,30,20.0,66.66666666666666,2023-11-02 15:30:45.055877,2023-11-02 16:43:54.958909,1,73.16505053333334,90.9090909090909
F23,28,mid1,Fall 2023,Fall 2023 Midterm 1,111,109,75.35,69.12844036697248,2023-10-04 19:01:11.087154,2023-10-05 16:52:49.688644,2,130.55965886666667,98.1981981981982
F23,28,mid2,Fall 2023,Fall 2023 Midterm 2,59,56,40.8,72.85714285714285,2023-11-01 19:02:09.688326,2023-11-02 16:52:37.154491,2,146.29660421666665,94.91525423728814
F23,29,mid1,Fall 2023,Fall 2023 Midterm 1,31,29,25.9,89.31034482758619,2023-10-04 19:00:31.551860,2023-10-05 16:53:26.625329,2,145.31124626666667,93.54838709677419
F23,29,mid2,Fall 2023,Fall 2023 Midterm 2,83,75,62.0,82.66666666666667,2023-11-01 19:01:23.556868,2023-11-02 16:56:06.664788,2,154.10986773333332,90.36144578313252
F23,30,mid1,Fall 2023,Fall 2023 Midterm 1,31,29,22.602272727272727,77.93887147335423,2023-10-04 19:00:32.689185,2023-10-04 20:21:22.424486,1,80.82892168333333,93.54838709677419
F23,30,mid2,Fall 2023,Fall 2023 Midterm 2,33,30,21.0,70.0,2023-11-01 19:01:11.346030,2023-11-01 20:18:40.743689,1,77.48996098333333,90.9090909090909
F23,31,mid1,Fall 2023,Fall 2023 Midterm 1,75,73,60.0,82.1917808219178,2023-10-04 19:00:35.436309,2023-10-08 19:00:40.802119,2,160.56458518333335,97.33333333333333
F23,31,mid2,Fall 2023,Fall 2023 Midterm 2,68,62,51.75,83.46774193548387,2023-11-01 19:01:51.548493,2023-11-02 16:51:21.115792,2,149.51909105,91.17647058823529
F23,32,mid1,Fall 2023,Fall 2023 Midterm 1,31,29,26.0,89.65517241379311,2023-10-04 19:00:36.901156,2023-10-05 16:24:20.307580,2,132.61799464999999,93.54838709677419
F23,32,mid2,Fall 2023,Fall 2023 Midterm 2,48,45,37.9,84.22222222222221,2023-11-01 19:01:03.599361,2023-11-02 16:29:23.016582,2,136.66055698333332,93.75
F23,33,mid1,Fall 2023,Fall 2023 Midterm 1,70,68,62.0,91.17647058823529,2023-10-04 19:00:38.486184,2023-10-05 16:14:38.581815,2,123.052391,97.14285714285714
F23,33,mid2,Fall 2023,Fall 2023 Midterm 2,33,30,25.0,83.33333333333334,2023-11-01 19:01:19.734298,2023-11-02 16:40:23.802661,2,149.70235488333333,90.9090909090909
F23,34,mid1,Fall 2023,Fall 2023 Midterm 1,55,53,42.0,79.24528301886792,2023-10-04 19:00:33.114394,2023-10-05 16:53:35.713480,2,145.36957663333334,96.36363636363636
F23,34,mid2,Fall 2023,Fall 2023 Midterm 2,67,63,42.0,66.66666666666666,2023-11-01 19:01:28.017078,2023-11-02 16:46:33.626190,2,139.77618236666666,94.02985074626865
F23,35,mid1,Fall 2023,Fall 2023 Midterm 1,74,72,60.3,83.74999999999999,2023-10-04 19:00:26.800930,2023-10-05 17:12:34.125034,2,146.54339025,97.29729729729729
F23,35,mid2,Fall 2023,Fall 2023 Midterm 2,76,70,62.0,88.57142857142857,2023-11-01 19:01:09.986931,2023-11-02 17:26:34.825219,2,163.8638375666667,92.10526315789474
F23,36,mid1,Fall 2023,Fall 2023 Midterm 1,44,42,28.80909090909091,68.5930735930736,2023-10-04 19:00:31.410676,2023-10-05 17:32:36.903780,2,201.09063831666668,95.45454545454545
F23,36,mid2,Fall 2023,Fall 2023 Midterm 2,46,43,28.0,65.11627906976744,2023-11-01 19:01:34.256587,2023-11-06 15:09:41.079266,2,160.90415406666665,93.47826086956522
F23,37,mid1,Fall 2023,Fall 2023 Midterm 1,88,86,74.0,86.04651162790698,2023-10-04 19:01:00.110553,2023-10-05 16:49:03.304290,2,142.02638156666669,97.72727272727273
F23,37,mid2,Fall 2023,Fall 2023 Midterm 2,52,48,37.5,78.125,2023-11-01 19:01:24.635583,2023-11-02 16:49:28.145855,2,156.0936678666667,92.3076923076923
F23,38,mid1,Fall 2023,Fall 2023 Midterm 1,31,29,25.0,86.20689655172413,2023-10-04 19:00:39.185746,2023-10-05 16:45:43.027135,2,151.81760886666666,93.54838709677419
F23,38,mid2,Fall 2023,Fall 2023 Midterm 2,60,56,46.166666666666664,82.44047619047619,2023-11-01 19:01:29.489381,2023-11-02 16:49:11.425948,2,158.21299241666668,93.33333333333333
F23,39,mid1,Fall 2023,Fall 2023 Midterm 1,32,30,24.0,80.0,2023-10-04 19:01:08.418158,2023-10-05 16:47:59.824827,2,109.14496913333332,93.75
F23,39,mid2,Fall 2023,Fall 2023 Midterm 2,100,95,59.0,62.10526315789474,2023-11-01 19:02:11.101894,2023-11-02 16:53:26.330865,2,139.28034606666665,95.0
F23,40,mid1,Fall 2023,Fall 2023 Midterm 1,66,64,48.6,75.9375,2023-10-04 19:00:32.474931,2023-10-05 16:51:45.435702,2,159.15045776666665,96.96969696969697
F23,40,mid2,Fall 2023,Fall 2023 Midterm 2,115,106,87.0,82.0754716981132,2023-11-01 19:01:13.540402,2023-11-06 18:31:45.350489,2,144.77963626666667,92.17391304347827
F23,41,mid1,Fall 2023,Fall 2023 Midterm 1,81,79,68.0,86.07594936708861,2023-10-04 19:00:34.497356,2023-10-06 14:50:41.210989,2,161.08168001666667,97.53086419753086
F23,41,mid2,Fall 2023,Fall 2023 Midterm 2,33,30,19.1,63.66666666666667,2023-11-01 19:01:31.990749,2023-11-01 20:21:33.807588,1,80.03028065,90.9090909090909
F23,42,mid1,Fall 2023,Fall 2023 Midterm 1,99,97,85.625,88.27319587628865,2023-10-04 19:02:38.501584,2023-10-05 17:31:41.256324,2,238.57061393333333,97.97979797979798
F23,42,mid2,Fall 2023,Fall 2023 Midterm 2,93,89,65.75,73.87640449438202,2023-11-01 19:03:02.185940,2023-11-02 16:46:09.579183,2,186.48794016666668,95.6989247311828
F23,43,mid1,Fall 2023,Fall 2023 Midterm 1,31,29,18.418181818181818,63.510971786833856,2023-10-05 15:33:00.189198,2023-10-05 16:53:38.216132,1,80.63378223333333,93.54838709677419
F23,43,mid2,Fall 2023,Fall 2023 Midterm 2,33,30,15.1,50.33333333333333,2023-11-02 15:31:30.904069,2023-11-02 16:52:16.655980,1,80.76253185,90.9090909090909
F23,44,mid1,Fall 2023,Fall 2023 Midterm 1,31,29,22.0,75.86206896551724,2023-10-04 19:09:42.848182,2023-10-05 16:16:49.864003,2,154.76276221666666,93.54838709677419
F23,44,mid2,Fall 2023,Fall 2023 Midterm 2,33,30,25.0,83.33333333333334,2023-11-02 19:01:53.342074,2023-11-02 20:47:38.192821,1,105.74751245,90.9090909090909
F23,45,mid1,Fall 2023,Fall 2023 Midterm 1,67,65,57.7,88.76923076923077,2023-10-04 19:00:35.127289,2023-10-05 16:38:31.167455,2,147.05045655,97.01492537313433
F23,45,mid2,Fall 2023,Fall 2023 Midterm 2,70,64,51.5,80.46875,2023-11-01 19:01:48.012280,2023-11-02 16:42:12.637467,2,151.05532478333333,91.42857142857143
F23,46,mid1,Fall 2023,Fall 2023 Midterm 1,31,29,19.0,65.51724137931035,2023-10-04 19:03:09.841867,2023-10-04 20:23:28.814675,1,80.31621346666667,93.54838709677419
F23,46,mid2,Fall 2023,Fall 2023 Midterm 2,33,30,25.0,83.33333333333334,2023-11-01 19:01:40.373665,2023-11-01 20:21:58.886629,1,80.30854939999999,90.9090909090909
F23,47,mid1,Fall 2023,Fall 2023 Midterm 1,40,38,28.81818181818182,75.83732057416267,2023-10-04 19:00:35.017954,2023-10-05 15:31:38.032981,2,80.29987550000001,95.0
F23,47,mid2,Fall 2023,Fall 2023 Midterm 2,111,104,80.0,76.92307692307693,2023-11-01 19:01:10.835180,2023-11-02 16:27:31.777689,2,133.98111366666666,93.69369369369369
F23,48,mid1,Fall 2023,Fall 2023 Midterm 1,82,80,70.0,87.5,2023-10-04 19:00:22.500352,2023-10-05 16:31:59.738117,2,100.1364751,97.5609756097561
F23,48,mid2,Fall 2023,Fall 2023 Midterm 2,38,35,28.0,80.0,2023-11-01 19:06:49.527019,2023-11-02 16:48:14.382279,2,120.13350586666667,92.10526315789474
F23,49,mid1,Fall 2023,Fall 2023 Midterm 1,31,29,24.0,82.75862068965517,2023-10-04 19:00:23.584560,2023-10-05 16:53:23.656796,2,123.65654541666666,93.54838709677419
F23,49,mid2,Fall 2023,Fall 2023 Midterm 2,33,30,22.75,75.83333333333333,2023-11-01 19:01:10.834519,2023-11-01 20:05:19.738068,1,64.14839248333334,90.9090909090909
F23,50,mid1,Fall 2023,Fall 2023 Midterm 1,32,30,24.9,83.0,2023-10-04 19:03:40.439865,2023-10-05 16:39:04.082836,2,101.29139796666666,93.75
F23,50,mid2,Fall 2023,Fall 2023 Midterm 2,40,37,24.9,67.29729729729729,2023-11-01 19:05:48.067534,2023-11-02 17:12:04.687502,2,164.45154028333332,92.5
F23,51,mid1,Fall 2023,Fall 2023 Midterm 1,108,106,55.0,51.886792452830186,2023-10-04 19:00:37.215851,2023-10-05 16:21:06.795484,2,97.67900698333334,98.14814814814815
F23,51,mid2,Fall 2023,Fall 2023 Midterm 2,50,46,36.9,80.21739130434781,2023-11-01 19:01:16.279323,2023-11-02 16:50:50.928884,2,139.61288526666667,92.0
F23,52,mid1,Fall 2023,Fall 2023 Midterm 1,83,81,71.7,88.51851851851852,2023-10-04 19:00:31.782566,2023-10-05 16:53:32.043997,2,161.03740340000002,97.59036144578313
F23,52,mid2,Fall 2023,Fall 2023 Midterm 2,50,45,27.0,60.0,2023-11-01 19:01:13.977007,2023-11-06 14:08:02.952724,2,156.09307248333334,90.0
F23,53,mid1,Fall 2023,Fall 2023 Midterm 1,72,70,52.9,75.57142857142857,2023-10-04 19:00:56.722563,2023-10-05 16:46:04.380709,2,154.57235403333334,97.22222222222223
F23,53,mid2,Fall 2023,Fall 2023 Midterm 2,72,69,53.5,77.53623188405797,2023-11-01 19:02:08.212827,2023-11-02 16:30:04.943685,2,139.90961829999998,95.83333333333333
F23,54,mid1,Fall 2023,Fall 2023 Midterm 1,45,43,21.0,48.837209302325576,2023-10-04 19:00:50.075634,2023-10-05 16:51:31.030198,2,160.31123960000002,95.55555555555556
F23,54,mid2,Fall 2023,Fall 2023 Midterm 2,38,35,22.0,62.857142857142854,2023-11-01 19:01:34.431505,2023-11-02 16:50:42.558770,2,160.42088146666669,92.10526315789474
F23,55,mid1,Fall 2023,Fall 2023 Midterm 1,90,88,66.6,75.68181818181817,2023-10-04 19:00:23.382336,2023-10-05 16:50:51.508178,2,152.04274208333334,97.77777777777777
F23,55,mid2,Fall 2023,Fall 2023 Midterm 2,139,130,99.0,76.15384615384615,2023-11-01 19:01:38.689214,2023-11-09 17:40:31.921416,3,150.1226213333333,93.5251798561151
F23,56,mid1,Fall 2023,Fall 2023 Midterm 1,58,56,45.80909090909091,81.80194805194806,2023-10-04 19:00:47.400383,2023-10-05 16:52:37.490179,2,132.93658993333332,96.55172413793103
F23,56,mid2,Fall 2023,Fall 2023 Midterm 2,39,36,26.1,72.50000000000001,2023-11-01 19:01:28.159940,2023-11-02 20:16:58.261551,2,80.30978388333332,92.3076923076923
F23,57,mid1,Fall 2023,Fall 2023 Midterm 1,57,55,49.0,89.0909090909091,2023-10-04 19:00:37.811138,2023-10-05 16:14:39.876575,2,112.38068896666667,96.49122807017544
F23,57,mid2,Fall 2023,Fall 2023 Midterm 2,38,35,26.0,74.28571428571429,2023-11-01 19:01:08.205556,2023-11-02 16:31:09.824095,2,134.67495135000001,92.10526315789474
F23,58,mid1,Fall 2023,Fall 2023 Midterm 1,47,45,39.0,86.66666666666667,2023-10-04 19:00:33.087661,2023-10-05 16:51:56.442533,2,159.58173476666667,95.74468085106383
F23,58,mid2,Fall 2023,Fall 2023 Midterm 2,37,33,26.0,78.78787878787878,2023-11-01 19:01:30.975425,2023-11-02 16:50:50.953220,2,144.7657483166667,89.1891891891892
F23,59,mid1,Fall 2023,Fall 2023 Midterm 1,68,66,56.875,86.17424242424242,2023-10-04 19:00:36.579315,2023-10-05 16:52:11.817819,2,156.37734884999998,97.05882352941177
F23,59,mid2,Fall 2023,Fall 2023 Midterm 2,82,78,63.5,81.41025641025641,2023-11-01 19:01:05.181035,2023-11-02 16:38:03.020632,2,138.4971322,95.1219512195122
F23,60,mid1,Fall 2023,Fall 2023 Midterm 1,104,102,76.25,74.75490196078431,2023-10-04 19:06:14.278540,2023-10-05 16:42:19.899713,2,150.53107955000002,98.07692307692308
F23,60,mid2,Fall 2023,Fall 2023 Midterm 2,98,93,75.8,81.50537634408602,2023-11-01 19:04:46.210493,2023-11-02 15:32:24.055658,2,74.34474176666666,94.89795918367346
F23,61,mid1,Fall 2023,Fall 2023 Midterm 1,69,67,55.3,82.53731343283582,2023-10-04 19:00:44.946670,2023-10-05 16:52:18.241414,2,145.21405875,97.10144927536231
F23,61,mid2,Fall 2023,Fall 2023 Midterm 2,42,38,21.0,55.26315789473685,2023-11-01 19:01:03.554020,2023-11-02 16:50:43.298966,2,149.26051051666667,90.47619047619048
F23,62,mid1,Fall 2023,Fall 2023 Midterm 1,31,29,25.9,89.31034482758619,2023-10-05 15:31:30.599953,2023-10-05 16:26:44.731197,1,55.23552073333334,93.54838709677419
F23,62,mid2,Fall 2023,Fall 2023 Midterm 2,33,30,24.0,80.0,2023-11-02 15:30:22.327298,2023-11-02 16:30:33.662137,1,60.188913983333336,90.9090909090909
F23,63,mid1,Fall 2023,Fall 2023 Midterm 1,51,49,45.0,91.83673469387756,2023-10-04 19:04:04.578579,2023-10-05 16:47:04.131538,2,154.65042098333333,96.07843137254902
F23,63,mid2,Fall 2023,Fall 2023 Midterm 2,66,63,52.0,82.53968253968253,2023-11-01 19:01:38.099390,2023-11-02 16:48:15.603078,2,155.2550703,95.45454545454545
F23,64,mid1,Fall 2023,Fall 2023 Midterm 1,51,49,39.81818181818182,81.26159554730984,2023-10-04 19:00:18.203456,2023-10-05 16:35:59.254236,2,88.6094856,96.07843137254902
F23,64,mid2,Fall 2023,Fall 2023 Midterm 2,47,44,27.0,61.36363636363637,2023-11-01 19:01:15.388915,2023-11-02 15:56:21.595904,2,51.35266751666667,93.61702127659575
F23,65,mid1,Fall 2023,Fall 2023 Midterm 1,172,169,135.0,79.88165680473372,2023-10-04 19:04:19.367875,2023-10-05 16:40:12.917762,2,149.03240841666667,98.25581395348837
F23,65,mid2,Fall 2023,Fall 2023 Midterm 2,33,30,23.0,76.66666666666667,2023-11-02 15:31:47.695157,2023-11-02 23:38:04.424729,2,113.05572305000001,90.9090909090909
F23,66,mid1,Fall 2023,Fall 2023 Midterm 1,68,66,61.9,93.78787878787878,2023-10-04 19:03:03.180118,2023-10-05 16:26:48.369646,2,117.95511686666667,97.05882352941177
F23,66,mid2,Fall 2023,Fall 2023 Midterm 2,56,51,43.8,85.88235294117646,2023-11-02 15:30:52.254596,2023-11-02 21:37:28.068701,2,140.32927195000002,91.07142857142857
F23,67,mid1,Fall 2023,Fall 2023 Midterm 1,71,69,50.9,73.76811594202898,2023-10-04 19:00:33.582000,2023-10-05 16:56:03.186070,2,156.8003217333333,97.1830985915493
F23,67,mid2,Fall 2023,Fall 2023 Midterm 2,94,88,62.0,70.45454545454545,2023-11-01 19:01:26.585081,2023-11-02 16:48:11.735381,2,155.13349803333332,93.61702127659575
F23,68,mid1,Fall 2023,Fall 2023 Midterm 1,31,29,22.8,78.62068965517241,2023-10-05 15:32:06.072822,2023-10-05 16:47:27.965088,1,75.3648711,93.54838709677419
F23,68,mid2,Fall 2023,Fall 2023 Midterm 2,33,30,18.75,62.5,2023-11-02 15:31:05.347498,2023-11-02 16:32:31.583851,1,61.437272549999996,90.9090909090909
F23,69,mid1,Fall 2023,Fall 2023 Midterm 1,42,40,33.90909090909091,84.77272727272727,2023-10-04 19:01:00.814740,2023-10-05 16:15:37.832985,2,120.61129075,95.23809523809524
F23,69,mid2,Fall 2023,Fall 2023 Midterm 2,33,30,25.0,83.33333333333334,2023-11-01 19:07:16.394442,2023-11-02 16:29:53.562146,2,136.2604657,90.9090909090909
F23,70,mid1,Fall 2023,Fall 2023 Midterm 1,31,29,15.502272727272727,53.456112852664575,2023-10-05 15:32:10.002345,2023-10-05 16:52:28.348365,1,80.305767,93.54838709677419
F23,70,mid2,Fall 2023,Fall 2023 Midterm 2,33,30,19.0,63.33333333333333,2023-11-02 15:31:15.395986,2023-11-02 16:51:36.430320,1,80.35057223333334,90.9090909090909
F23,71,mid1,Fall 2023,Fall 2023 Midterm 1,42,40,30.0,75.0,2023-10-04 19:00:42.996551,2023-10-05 16:48:31.916930,2,124.22484238333334,95.23809523809524
F23,71,mid2,Fall 2023,Fall 2023 Midterm 2,103,97,73.0,75.25773195876289,2023-11-01 19:00:54.009335,2023-11-02 16:36:41.567207,2,121.33991608333334,94.1747572815534
F23,72,mid1,Fall 2023,Fall 2023 Midterm 1,54,52,37.0,71.15384615384616,2023-10-04 19:00:38.067078,2023-10-05 16:52:27.989554,2,155.36030603333336,96.29629629629629
F23,72,mid2,Fall 2023,Fall 2023 Midterm 2,33,30,19.0,63.33333333333333,2023-11-01 19:01:07.458272,2023-11-01 20:10:26.708231,1,69.32083265,90.9090909090909
F23,73,mid1,Fall 2023,Fall 2023 Midterm 1,31,29,17.913636363636364,61.77115987460815,2023-10-05 15:33:36.511625,2023-10-05 16:53:45.818358,1,80.15511221666667,93.54838709677419
F23,73,mid2,Fall 2023,Fall 2023 Midterm 2,52,48,34.0,70.83333333333334,2023-11-01 19:01:10.471715,2023-11-02 16:51:16.997739,2,156.67778293333333,92.3076923076923
F23,74,mid1,Fall 2023,Fall 2023 Midterm 1,65,63,39.6,62.857142857142854,2023-10-04 19:04:51.256425,2023-10-05 16:48:31.318521,2,149.94427613333335,96.92307692307692
F23,74,mid2,Fall 2023,Fall 2023 Midterm 2,54,48,26.833333333333332,55.90277777777778,2023-11-01 19:04:19.938078,2023-11-02 16:51:15.392762,2,145.6428694666667,88.88888888888889
F23,75,mid1,Fall 2023,Fall 2023 Midterm 1,31,29,14.418181818181818,49.71786833855799,2023-10-05 15:31:47.793371,2023-10-05 16:51:57.916245,1,80.16871456666667,93.54838709677419
F23,75,mid2,Fall 2023,Fall 2023 Midterm 2,33,30,18.0,60.0,2023-11-02 15:30:50.596826,2023-11-02 16:51:11.115147,1,80.34197201666666,90.9090909090909
F23,76,mid1,Fall 2023,Fall 2023 Midterm 1,31,29,17.9,61.72413793103447,2023-10-05 15:31:59.622961,2023-10-05 16:52:15.929625,1,80.27177773333332,93.54838709677419
F23,76,mid2,Fall 2023,Fall 2023 Midterm 2,33,30,15.75,52.5,2023-11-02 15:36:02.834710,2023-11-02 16:56:07.524404,1,80.07816156666667,90.9090909090909
F23,77,mid1,Fall 2023,Fall 2023 Midterm 1,31,29,13.218181818181819,45.57993730407524,2023-10-05 15:46:48.285578,2023-10-05 17:06:59.808813,1,80.19205391666667,93.54838709677419
F23,77,mid2,Fall 2023,Fall 2023 Midterm 2,33,30,18.0,60.0,2023-11-02 15:31:15.512504,2023-11-02 16:51:31.014171,1,80.25836111666668,90.9090909090909
F23,78,mid1,Fall 2023,Fall 2023 Midterm 1,31,29,22.0,75.86206896551724,2023-10-05 15:31:47.315607,2023-10-05 16:52:36.966086,1,80.82750798333333,93.54838709677419
F23,78,mid2,Fall 2023,Fall 2023 Midterm 2,33,30,21.0,70.0,2023-11-02 15:49:03.751038,2023-11-02 16:59:36.011621,1,70.53767638333333,90.9090909090909
F23,79,mid1,Fall 2023,Fall 2023 Midterm 1,31,29,23.509090909090908,81.06583072100312,2023-10-05 15:31:44.461793,2023-10-05 16:52:16.985980,1,80.54206978333333,93.54838709677419
F23,79,mid2,Fall 2023,Fall 2023 Midterm 2,33,30,22.0,73.33333333333333,2023-11-02 15:31:59.075303,2023-11-02 16:52:32.683148,1,80.56013075000001,90.9090909090909
F23,80,mid1,Fall 2023,Fall 2023 Midterm 1,31,29,16.938636363636363,58.409090909090914,2023-10-05 15:33:17.816309,2023-10-05 16:53:53.711835,1,80.59825876666667,93.54838709677419
F23,80,mid2,Fall 2023,Fall 2023 Midterm 2,33,30,22.25,74.16666666666667,2023-11-02 15:31:35.460530,2023-11-02 16:52:10.562751,1,80.58503701666667,90.9090909090909
F23,81,mid1,Fall 2023,Fall 2023 Midterm 1,31,29,20.20909090909091,69.68652037617555,2023-10-05 15:35:43.976815,2023-10-05 16:57:34.677355,1,81.84500899999999,93.54838709677419
F23,81,mid2,Fall 2023,Fall 2023 Midterm 2,33,30,14.1,47.0,2023-11-02 15:30:24.672966,2023-11-02 17:31:15.669114,1,120.8499358,90.9090909090909
F23,82,mid1,Fall 2023,Fall 2023 Midterm 1,31,29,25.0,86.20689655172413,2023-10-05 15:31:59.690844,2023-10-05 16:21:15.073407,1,49.25637605,93.54838709677419
F23,82,mid2,Fall 2023,Fall 2023 Midterm 2,33,30,24.75,82.5,2023-11-02 15:30:59.479619,2023-11-02 16:45:33.362967,1,74.56472246666667,90.9090909090909
F23,83,mid1,Fall 2023,Fall 2023 Midterm 1,31,29,21.9,75.51724137931033,2023-10-05 15:31:35.856140,2023-10-05 16:52:01.344519,1,80.42480631666668,93.54838709677419
F23,83,mid2,Fall 2023,Fall 2023 Midterm 2,33,30,14.0,46.666666666666664,2023-11-02 15:30:36.989304,2023-11-02 16:50:08.501962,1,79.52521096666666,90.9090909090909
F23,84,mid1,Fall 2023,Fall 2023 Midterm 1,31,29,17.036363636363635,58.74608150470218,2023-10-05 15:31:42.336676,2023-10-05 16:51:48.362532,1,80.10043093333334,93.54838709677419
F23,84,mid2,Fall 2023,Fall 2023 Midterm 2,33,30,21.0,70.0,2023-11-02 15:30:29.416267,2023-11-02 16:47:55.201173,1,77.42974843333333,90.9090909090909
F23,85,mid1,Fall 2023,Fall 2023 Midterm 1,31,29,20.5,70.6896551724138,2023-10-04 19:00:31.715920,2023-10-04 20:21:08.131565,1,80.60692741666666,93.54838709677419
F23,85,mid2,Fall 2023,Fall 2023 Midterm 2,33,30,23.25,77.5,2023-11-02 15:31:12.733841,2023-11-02 16:51:31.699783,1,80.31609903333333,90.9090909090909
F23,86,mid1,Fall 2023,Fall 2023 Midterm 1,31,29,26.0,89.65517241379311,2023-10-05 15:31:44.405288,2023-10-05 16:49:29.390884,1,77.74975993333334,93.54838709677419
F23,86,mid2,Fall 2023,Fall 2023 Midterm 2,33,30,23.0,76.66666666666667,2023-11-02 15:30:36.136258,2023-11-02 16:48:14.636087,1,77.64166381666668,90.9090909090909
F23,87,mid1,Fall 2023,Fall 2023 Midterm 1,31,29,23.0,79.3103448275862,2023-10-05 15:32:06.474558,2023-10-05 16:49:29.449733,1,77.38291958333333,93.54838709677419
F23,87,mid2,Fall 2023,Fall 2023 Midterm 2,33,30,21.0,70.0,2023-11-02 15:31:08.619323,2023-11-02 16:50:32.779094,1,79.40266285,90.9090909090909
F23,88,mid1,Fall 2023,Fall 2023 Midterm 1,31,29,21.536363636363635,74.26332288401254,2023-10-05 15:31:43.880030,2023-10-05 16:50:30.564828,1,78.77807996666667,93.54838709677419
F23,88,mid2,Fall 2023,Fall 2023 Midterm 2,33,30,18.666666666666668,62.22222222222222,2023-10-30 04:29:32.716096,2023-10-30 05:49:51.872577,1,80.31927468333333,90.9090909090909
F23,89,mid1,Fall 2023,Fall 2023 Midterm 1,31,29,18.0,62.06896551724138,2023-10-05 15:31:48.420018,2023-10-05 16:52:05.166608,1,80.27910983333332,93.54838709677419
F23,89,mid2,Fall 2023,Fall 2023 Midterm 2,33,30,20.25,67.5,2023-11-02 15:31:27.113900,2023-11-02 16:51:44.535365,1,80.29035775000001,90.9090909090909
F23,90,mid1,Fall 2023,Fall 2023 Midterm 1,31,29,18.363636363636363,63.322884012539184,2023-10-05 15:31:43.239164,2023-10-05 16:51:50.756671,1,80.12529178333332,93.54838709677419
F23,90,mid2,Fall 2023,Fall 2023 Midterm 2,33,30,21.0,70.0,2023-11-05 20:14:06.225807,2023-11-05 21:34:13.302048,1,80.11793734999999,90.9090909090909
F23,91,mid1,Fall 2023,Fall 2023 Midterm 1,31,29,22.5,77.58620689655173,2023-10-05 15:31:38.670972,2023-10-05 16:48:46.981109,1,77.13850228333334,93.54838709677419
F23,91,mid2,Fall 2023,Fall 2023 Midterm 2,33,30,23.0,76.66666666666667,2023-11-02 15:30:26.811101,2023-11-02 16:34:46.296941,1,64.324764,90.9090909090909
F23,92,mid1,Fall 2023,Fall 2023 Midterm 1,31,29,23.0,79.3103448275862,2023-10-05 15:33:27.006910,2023-10-05 16:18:19.598949,1,44.87653398333334,93.54838709677419
F23,92,mid2,Fall 2023,Fall 2023 Midterm 2,33,30,23.75,79.16666666666666,2023-11-02 15:02:17.718146,2023-11-02 15:59:52.130584,1,57.57354063333333,90.9090909090909
F23,93,mid1,Fall 2023,Fall 2023 Midterm 1,31,29,23.0,79.3103448275862,2023-10-05 15:31:53.855288,2023-10-05 16:52:08.071752,1,80.23694106666667,93.54838709677419
F23,93,mid2,Fall 2023,Fall 2023 Midterm 2,33,30,18.6,62.0,2023-11-02 15:32:06.935733,2023-11-02 16:52:25.781341,1,80.31409346666666,90.9090909090909
F23,94,mid1,Fall 2023,Fall 2023 Midterm 1,31,29,21.036363636363635,72.53918495297805,2023-10-05 16:11:27.961738,2023-10-05 18:02:11.802494,1,110.73067926666666,93.54838709677419
F23,94,mid2,Fall 2023,Fall 2023 Midterm 2,33,30,22.0,73.33333333333333,2023-11-03 02:08:52.858598,2023-11-03 03:58:56.464743,1,110.06010241666667,90.9090909090909
F23,95,mid1,Fall 2023,Fall 2023 Midterm 1,31,29,25.90909090909091,89.34169278996865,2023-10-05 15:31:36.208382,2023-10-05 16:01:14.672647,1,29.641071083333333,93.54838709677419
F23,95,mid2,Fall 2023,Fall 2023 Midterm 2,33,30,24.0,80.0,2023-11-02 15:30:21.393479,2023-11-02 16:26:32.610047,1,56.1869428,90.9090909090909
F23,96,mid1,Fall 2023,Fall 2023 Midterm 1,31,29,19.154545454545456,66.05015673981191,2023-10-05 15:31:53.471340,2023-10-05 16:52:07.278940,1,80.23012666666666,93.54838709677419
F23,96,mid2,Fall 2023,Fall 2023 Midterm 2,33,30,19.0,63.33333333333333,2023-11-02 15:30:57.932853,2023-11-02 16:51:15.177684,1,80.28741385,90.9090909090909
F23,98,mid1,Fall 2023,Fall 2023 Midterm 1,31,29,11.318181818181818,39.0282131661442,2023-10-05 15:31:47.785791,2023-10-05 16:52:23.301058,1,80.59192111666667,93.54838709677419
F23,98,mid2,Fall 2023,Fall 2023 Midterm 2,33,30,11.6,38.666666666666664,2023-11-02 15:31:16.187188,2023-11-02 16:51:50.745865,1,80.57597795,90.9090909090909
F23,99,mid1,Fall 2023,Fall 2023 Midterm 1,31,29,23.8,82.06896551724138,2023-10-05 15:32:06.324924,2023-10-05 16:47:47.914149,1,75.69315375,93.54838709677419
F23,99,mid2,Fall 2023,Fall 2023 Midterm 2,33,30,22.0,73.33333333333333,2023-11-01 13:41:03.355860,2023-11-01 14:59:05.751130,1,78.03992116666667,90.9090909090909
F23,100,mid1,Fall 2023,Fall 2023 Midterm 1,31,29,17.0,58.620689655172406,2023-10-05 15:31:52.733348,2023-10-05 16:51:43.084459,1,79.83918518333333,93.54838709677419
F23,100,mid2,Fall 2023,Fall 2023 Midterm 2,33,30,16.0,53.333333333333336,2023-11-02 15:30:34.028260,2023-11-02 16:50:24.838470,1,79.84683683333333,90.9090909090909
F23,101,mid1,Fall 2023,Fall 2023 Midterm 1,31,29,15.145454545454545,52.225705329153605,2023-10-05 15:32:11.074782,2023-10-05 16:48:49.706297,1,76.64385858333334,93.54838709677419
F23,101,mid2,Fall 2023,Fall 2023 Midterm 2,33,30,20.1,67.0,2023-11-02 15:30:32.015660,2023-11-02 16:49:32.327473,1,79.00519688333334,90.9090909090909
F23,102,mid1,Fall 2023,Fall 2023 Midterm 1,31,29,20.81818181818182,71.78683385579939,2023-10-05 15:31:56.955618,2023-10-05 16:44:19.551302,1,72.37659473333333,93.54838709677419
F23,102,mid2,Fall 2023,Fall 2023 Midterm 2,33,30,19.75,65.83333333333333,2023-11-02 15:38:45.220954,2023-11-02 16:56:26.364595,1,77.68572735,90.9090909090909
F23,103,mid1,Fall 2023,Fall 2023 Midterm 1,31,29,24.0,82.75862068965517,2023-10-05 15:32:31.306190,2023-10-05 16:52:28.252452,1,79.94910436666667,93.54838709677419
F23,103,mid2,Fall 2023,Fall 2023 Midterm 2,33,30,22.25,74.16666666666667,2023-11-02 15:35:08.097241,2023-11-02 16:55:48.885519,1,80.67980463333333,90.9090909090909
F23,104,mid1,Fall 2023,Fall 2023 Midterm 1,31,29,18.40909090909091,63.479623824451416,2023-10-05 15:32:57.854774,2023-10-05 16:53:20.121901,1,80.37111878333333,93.54838709677419
F23,104,mid2,Fall 2023,Fall 2023 Midterm 2,33,30,18.35,61.16666666666667,2023-11-02 15:31:00.558930,2023-11-02 16:51:25.749027,1,80.41983495,90.9090909090909
F23,105,mid1,Fall 2023,Fall 2023 Midterm 1,31,29,15.0,51.724137931034484,2023-10-05 15:32:26.734765,2023-10-05 16:51:44.230791,1,79.29160043333333,93.54838709677419
F23,105,mid2,Fall 2023,Fall 2023 Midterm 2,31,28,16.0,57.14285714285714,2023-11-02 15:45:50.454340,2023-11-02 16:39:56.488868,1,54.10057546666667,90.3225806451613
F23,106,mid1,Fall 2023,Fall 2023 Midterm 1,31,29,26.0,89.65517241379311,2023-10-05 15:32:12.732720,2023-10-05 16:25:14.997733,1,53.03775021666667,93.54838709677419
F23,106,mid2,Fall 2023,Fall 2023 Midterm 2,33,30,24.0,80.0,2023-11-02 15:30:35.633354,2023-11-02 16:27:19.593638,1,56.732671399999994,90.9090909090909
F23,107,mid1,Fall 2023,Fall 2023 Midterm 1,31,29,21.911363636363635,75.5564263322884,2023-10-05 15:31:36.868272,2023-10-05 16:51:55.877653,1,80.31682301666666,93.54838709677419
F23,107,mid2,Fall 2023,Fall 2023 Midterm 2,33,30,18.75,62.5,2023-11-02 15:30:28.319010,2023-11-02 16:48:51.470951,1,78.38586568333334,90.9090909090909
F23,108,mid1,Fall 2023,Fall 2023 Midterm 1,31,29,13.0,44.827586206896555,2023-10-05 15:31:37.712584,2023-10-05 16:47:57.415823,1,76.32838731666668,93.54838709677419
F23,108,mid2,Fall 2023,Fall 2023 Midterm 2,33,30,15.0,50.0,2023-11-02 15:30:43.834440,2023-11-02 16:51:21.171341,1,80.62228168333333,90.9090909090909
F23,109,mid1,Fall 2023,Fall 2023 Midterm 1,31,29,20.0,68.96551724137932,2023-10-05 15:31:40.838147,2023-10-05 16:51:40.094576,1,79.98760715,93.54838709677419
F23,109,mid2,Fall 2023,Fall 2023 Midterm 2,33,30,22.0,73.33333333333333,2023-11-02 15:30:42.492256,2023-11-02 16:50:45.623150,1,80.05218156666666,90.9090909090909
F23,110,mid1,Fall 2023,Fall 2023 Midterm 1,31,29,4.0,13.793103448275861,2023-10-05 15:32:03.177692,2023-10-05 16:52:10.053025,1,80.11458888333333,93.54838709677419
F23,110,mid2,Fall 2023,Fall 2023 Midterm 2,33,30,6.0,20.0,2023-11-02 15:39:04.095857,2023-11-02 16:43:01.765810,1,63.96116588333334,90.9090909090909
F23,111,mid1,Fall 2023,Fall 2023 Midterm 1,31,29,19.0,65.51724137931035,2023-10-05 15:34:26.768197,2023-10-05 16:54:01.420030,1,79.57753054999999,93.54838709677419
F23,111,mid2,Fall 2023,Fall 2023 Midterm 2,33,30,22.9,76.33333333333333,2023-11-02 15:35:24.681310,2023-11-02 16:54:59.992538,1,79.58852046666667,90.9090909090909
F23,112,mid1,Fall 2023,Fall 2023 Midterm 1,31,29,25.0,86.20689655172413,2023-10-05 15:31:30.224720,2023-10-05 16:41:37.993306,1,70.12947643333334,93.54838709677419
F23,112,mid2,Fall 2023,Fall 2023 Midterm 2,33,30,24.0,80.0,2023-11-02 15:30:45.888555,2023-11-02 16:40:27.905008,1,69.70027421666667,90.9090909090909
F23,113,mid1,Fall 2023,Fall 2023 Midterm 1,31,29,17.545454545454547,60.50156739811913,2023-10-05 15:31:38.054837,2023-10-05 16:41:28.099044,1,69.83407011666667,93.54838709677419
F23,113,mid2,Fall 2023,Fall 2023 Midterm 2,33,30,19.0,63.33333333333333,2023-11-02 15:30:50.748536,2023-11-02 16:19:23.366216,1,48.543628,90.9090909090909
F23,114,mid1,Fall 2023,Fall 2023 Midterm 1,31,29,25.0,86.20689655172413,2023-10-05 15:31:51.957176,2023-10-05 16:49:52.337578,1,78.00634003333333,93.54838709677419
F23,114,mid2,Fall 2023,Fall 2023 Midterm 2,33,30,22.0,73.33333333333333,2023-11-02 15:30:55.567091,2023-11-02 16:50:18.123709,1,79.37594363333332,90.9090909090909
F23,115,mid1,Fall 2023,Fall 2023 Midterm 1,31,29,21.69090909090909,74.79623824451411,2023-10-05 15:31:52.314211,2023-10-05 16:49:24.969425,1,77.54425356666667,93.54838709677419
F23,115,mid2,Fall 2023,Fall 2023 Midterm 2,33,30,18.8,62.66666666666667,2023-11-06 20:59:38.490691,2023-11-06 22:12:15.282788,1,72.61320161666666,90.9090909090909
F23,116,mid1,Fall 2023,Fall 2023 Midterm 1,31,29,25.7,88.62068965517241,2023-10-05 15:31:51.739293,2023-10-05 16:52:12.198912,1,80.34099365,93.54838709677419
F23,116,mid2,Fall 2023,Fall 2023 Midterm 2,33,30,24.0,80.0,2023-11-02 15:30:34.243242,2023-11-02 16:48:43.246969,1,78.15006211666667,90.9090909090909
F23,117,mid1,Fall 2023,Fall 2023 Midterm 1,31,29,20.90909090909091,72.10031347962382,2023-10-05 15:44:05.849037,2023-10-05 17:28:28.613681,1,104.37941073333333,93.54838709677419
F23,117,mid2,Fall 2023,Fall 2023 Midterm 2,33,30,22.0,73.33333333333333,2023-11-02 15:33:57.249720,2023-11-02 17:02:54.302186,1,88.95087443333334,90.9090909090909
F23,118,mid1,Fall 2023,Fall 2023 Midterm 1,31,29,21.0,72.41379310344827,2023-10-05 15:34:09.759203,2023-10-05 16:52:07.866748,1,77.96845908333333,93.54838709677419
F23,118,mid2,Fall 2023,Fall 2023 Midterm 2,33,30,18.75,62.5,2023-11-02 15:31:18.900971,2023-11-02 16:48:20.950311,1,77.03415566666666,90.9090909090909
F23,119,mid1,Fall 2023,Fall 2023 Midterm 1,31,29,24.69318181818182,85.14890282131663,2023-10-05 15:31:53.027847,2023-10-05 16:38:57.165379,1,67.06895886666668,93.54838709677419
F23,119,mid2,Fall 2023,Fall 2023 Midterm 2,33,30,22.0,73.33333333333333,2023-11-03 01:54:22.921385,2023-11-03 03:14:33.418907,1,80.17495869999999,90.9090909090909
F23,121,mid1,Fall 2023,Fall 2023 Midterm 1,31,29,24.90909090909091,85.8934169278997,2023-10-05 15:31:36.432317,2023-10-05 16:38:15.615375,1,66.65305096666667,93.54838709677419
F23,121,mid2,Fall 2023,Fall 2023 Midterm 2,33,30,24.0,80.0,2023-11-02 15:31:40.346780,2023-11-02 16:43:21.514593,1,71.68613021666667,90.9090909090909
F23,122,mid1,Fall 2023,Fall 2023 Midterm 1,31,29,26.0,89.65517241379311,2023-10-05 15:31:52.980433,2023-10-05 16:50:59.723430,1,79.11238328333334,93.54838709677419
F23,122,mid2,Fall 2023,Fall 2023 Midterm 2,33,30,25.0,83.33333333333334,2023-11-02 15:30:59.426456,2023-11-02 16:44:33.244567,1,73.56363518333333,90.9090909090909
F23,123,mid1,Fall 2023,Fall 2023 Midterm 1,31,29,21.7,74.82758620689654,2023-10-05 15:31:40.638993,2023-10-05 16:20:30.176299,1,48.82562176666667,93.54838709677419
F23,123,mid2,Fall 2023,Fall 2023 Midterm 2,33,30,21.0,70.0,2023-11-02 15:30:33.940154,2023-11-02 16:39:22.238170,1,68.80496693333333,90.9090909090909
F23,124,mid1,Fall 2023,Fall 2023 Midterm 1,31,29,18.509090909090908,63.8244514106583,2023-10-05 15:31:50.765838,2023-10-05 16:52:06.517975,1,80.26253561666667,93.54838709677419
F23,124,mid2,Fall 2023,Fall 2023 Midterm 2,33,30,19.6,65.33333333333334,2023-11-02 15:30:36.208676,2023-11-02 16:50:59.243790,1,80.38391856666667,90.9090909090909
F23,126,mid1,Fall 2023,Fall 2023 Midterm 1,31,29,19.520454545454545,67.31191222570533,2023-10-05 15:33:53.338553,2023-10-05 16:53:46.284216,1,79.88242771666667,93.54838709677419
F23,126,mid2,Fall 2023,Fall 2023 Midterm 2,33,30,16.5,55.00000000000001,2023-11-02 15:30:53.874589,2023-11-02 16:49:58.647613,1,79.0795504,90.9090909090909
F23,127,mid1,Fall 2023,Fall 2023 Midterm 1,31,29,19.027272727272727,65.61128526645767,2023-10-05 15:31:38.265339,2023-10-05 16:51:52.688538,1,80.24038664999999,93.54838709677419
F23,127,mid2,Fall 2023,Fall 2023 Midterm 2,33,30,23.25,77.5,2023-11-02 15:31:00.648606,2023-11-02 16:51:24.544091,1,80.39825808333333,90.9090909090909
F23,128,mid1,Fall 2023,Fall 2023 Midterm 1,31,29,8.0,27.586206896551722,2023-10-05 15:31:45.281471,2023-10-05 16:52:04.357489,1,80.31793363333333,93.54838709677419
F23,128,mid2,Fall 2023,Fall 2023 Midterm 2,33,30,10.0,33.33333333333333,2023-11-02 15:30:50.460873,2023-11-02 16:52:27.787155,1,81.6221047,90.9090909090909
F23,129,mid1,Fall 2023,Fall 2023 Midterm 1,31,29,6.463636363636364,22.288401253918497,2023-10-05 15:31:50.506585,2023-10-05 16:52:10.549897,1,80.3340552,93.54838709677419
F23,129,mid2,Fall 2023,Fall 2023 Midterm 2,33,30,11.1,37.0,2023-11-02 15:30:54.067729,2023-11-02 16:50:40.192709,1,79.76874966666666,90.9090909090909
F23,130,mid1,Fall 2023,Fall 2023 Midterm 1,29,27,18.336363636363636,67.91245791245791,2023-10-09 13:53:26.654065,2023-10-09 15:14:02.260420,1,80.59343925,93.10344827586206
F23,131,mid1,Fall 2023,Fall 2023 Midterm 1,31,29,24.0,82.75862068965517,2023-10-05 15:31:43.436824,2023-10-05 16:32:25.260376,1,60.6970592,93.54838709677419
F23,131,mid2,Fall 2023,Fall 2023 Midterm 2,33,30,23.75,79.16666666666666,2023-11-02 15:34:58.217696,2023-11-02 16:45:13.043460,1,70.24709606666667,90.9090909090909
F23,132,mid1,Fall 2023,Fall 2023 Midterm 1,31,29,17.4,60.0,2023-10-05 15:33:11.496693,2023-10-05 16:43:35.657644,1,70.40268251666666,93.54838709677419
F23,132,mid2,Fall 2023,Fall 2023 Midterm 2,33,30,11.0,36.666666666666664,2023-11-02 15:30:43.330878,2023-11-02 16:36:34.704163,1,65.85622141666667,90.9090909090909
F23,133,mid1,Fall 2023,Fall 2023 Midterm 1,31,29,21.62727272727273,74.57680250783699,2023-10-05 15:31:39.788734,2023-10-05 16:51:56.082915,1,80.27156968333334,93.54838709677419
F23,133,mid2,Fall 2023,Fall 2023 Midterm 2,33,30,22.5,75.0,2023-11-02 15:30:53.427527,2023-11-02 16:51:07.573250,1,80.23576204999999,90.9090909090909
F23,134,mid1,Fall 2023,Fall 2023 Midterm 1,31,29,15.5,53.44827586206896,2023-10-05 15:33:03.472644,2023-10-05 17:33:26.548569,1,120.38459875,93.54838709677419
F23,134,mid2,Fall 2023,Fall 2023 Midterm 2,33,30,21.0,70.0,2023-11-02 15:30:29.731907,2023-11-02 17:30:51.334157,1,120.3600375,90.9090909090909
F23,135,mid1,Fall 2023,Fall 2023 Midterm 1,31,29,11.236363636363636,38.7460815047022,2023-10-05 15:32:11.110547,2023-10-05 16:52:24.924127,1,80.23022633333333,93.54838709677419
F23,135,mid2,Fall 2023,Fall 2023 Midterm 2,33,30,11.1,37.0,2023-11-02 15:30:51.653206,2023-11-02 16:51:12.185427,1,80.34220368333334,90.9090909090909
F23,136,mid1,Fall 2023,Fall 2023 Midterm 1,31,29,26.0,89.65517241379311,2023-10-05 15:31:30.777261,2023-10-05 16:36:20.536278,1,64.82931694999999,93.54838709677419
F23,136,mid2,Fall 2023,Fall 2023 Midterm 2,33,30,21.0,70.0,2023-11-02 15:30:33.944585,2023-11-02 16:37:49.778272,1,67.26389478333333,90.9090909090909
F23,137,mid1,Fall 2023,Fall 2023 Midterm 1,31,29,18.2,62.75862068965517,2023-10-05 15:31:46.573501,2023-10-05 16:45:16.532413,1,73.4993152,93.54838709677419
F23,137,mid2,Fall 2023,Fall 2023 Midterm 2,33,30,16.0,53.333333333333336,2023-11-02 15:30:50.256731,2023-11-02 16:45:14.797129,1,74.40900663333333,90.9090909090909
F23,138,mid1,Fall 2023,Fall 2023 Midterm 1,31,29,23.0,79.3103448275862,2023-10-05 15:32:38.444060,2023-10-05 16:53:00.751598,1,80.3717923,93.54838709677419
F23,138,mid2,Fall 2023,Fall 2023 Midterm 2,33,30,19.0,63.33333333333333,2023-11-02 15:31:04.966869,2023-11-02 16:33:22.055652,1,62.284813050000004,90.9090909090909
F23,140,mid1,Fall 2023,Fall 2023 Midterm 1,31,29,18.418181818181818,63.510971786833856,2023-10-05 15:35:39.216362,2023-10-05 17:56:09.126338,1,140.4984996,93.54838709677419
F23,140,mid2,Fall 2023,Fall 2023 Midterm 2,33,30,16.6,55.333333333333336,2023-11-02 15:53:08.805734,2023-11-02 18:31:27.630188,1,158.3137409,90.9090909090909
F23,141,mid1,Fall 2023,Fall 2023 Midterm 1,31,29,18.4,63.44827586206896,2023-10-05 15:31:51.694645,2023-10-05 16:52:13.314479,1,80.36033056666666,93.54838709677419
F23,141,mid2,Fall 2023,Fall 2023 Midterm 2,33,30,16.5,55.00000000000001,2023-11-05 16:30:19.853992,2023-11-05 17:50:32.655876,1,80.21336473333334,90.9090909090909
F23,142,mid1,Fall 2023,Fall 2023 Midterm 1,31,29,20.0,68.96551724137932,2023-10-05 15:32:17.894685,2023-10-05 16:52:56.562659,1,80.64446623333333,93.54838709677419
F23,142,mid2,Fall 2023,Fall 2023 Midterm 2,33,30,19.0,63.33333333333333,2023-11-02 15:44:37.928844,2023-11-02 16:53:14.328525,1,68.60666135,90.9090909090909
F23,143,mid1,Fall 2023,Fall 2023 Midterm 1,31,29,14.0,48.275862068965516,2023-10-05 15:32:49.250106,2023-10-05 16:53:06.954189,1,80.29506805,93.54838709677419
F23,143,mid2,Fall 2023,Fall 2023 Midterm 2,33,30,21.0,70.0,2023-11-02 15:31:25.238771,2023-11-02 16:47:31.021381,1,76.09637683333334,90.9090909090909
F23,144,mid1,Fall 2023,Fall 2023 Midterm 1,31,29,24.0,82.75862068965517,2023-10-05 15:32:55.879508,2023-10-05 16:53:04.379518,1,80.14166683333333,93.54838709677419
F23,144,mid2,Fall 2023,Fall 2023 Midterm 2,33,30,21.0,70.0,2023-11-02 15:31:07.384653,2023-11-02 16:51:47.971411,1,80.67644596666668,90.9090909090909
F23,145,mid1,Fall 2023,Fall 2023 Midterm 1,31,29,7.0,24.137931034482758,2023-10-05 15:32:01.010729,2023-10-05 16:46:14.103318,1,74.21820981666666,93.54838709677419
F23,145,mid2,Fall 2023,Fall 2023 Midterm 2,33,30,12.0,40.0,2023-11-02 15:31:04.143121,2023-11-02 16:51:25.253732,1,80.35184351666666,90.9090909090909
F23,146,mid1,Fall 2023,Fall 2023 Midterm 1,31,29,23.0,79.3103448275862,2023-10-05 15:31:45.533187,2023-10-05 16:28:32.876603,1,56.789056933333335,93.54838709677419
F23,146,mid2,Fall 2023,Fall 2023 Midterm 2,33,30,24.0,80.0,2023-11-02 15:37:21.141130,2023-11-02 16:42:01.368000,1,64.67044783333333,90.9090909090909
F23,147,mid1,Fall 2023,Fall 2023 Midterm 1,31,29,25.0,86.20689655172413,2023-10-05 15:31:35.958826,2023-10-05 16:01:26.122045,1,29.83605365,93.54838709677419
F23,147,mid2,Fall 2023,Fall 2023 Midterm 2,33,30,23.0,76.66666666666667,2023-11-02 15:31:44.233377,2023-11-02 16:20:57.910526,1,49.22795248333333,90.9090909090909
F23,148,mid1,Fall 2023,Fall 2023 Midterm 1,31,29,24.0,82.75862068965517,2023-10-05 15:31:36.499943,2023-10-05 16:16:29.524263,1,44.883738666666666,93.54838709677419
F23,148,mid2,Fall 2023,Fall 2023 Midterm 2,33,30,19.75,65.83333333333333,2023-11-02 15:30:53.934252,2023-11-02 16:35:05.582978,1,64.19414543333333,90.9090909090909
F23,149,mid1,Fall 2023,Fall 2023 Midterm 1,31,29,19.6,67.58620689655173,2023-10-05 15:31:56.466661,2023-10-05 16:52:08.986774,1,80.20866855,93.54838709677419
F23,149,mid2,Fall 2023,Fall 2023 Midterm 2,33,30,20.75,69.16666666666667,2023-11-02 15:30:46.953873,2023-11-02 16:50:14.470215,1,79.45860569999999,90.9090909090909
F23,150,mid1,Fall 2023,Fall 2023 Midterm 1,31,29,20.763636363636365,71.5987460815047,2023-10-05 15:31:48.822392,2023-10-05 16:52:08.617028,1,80.32991059999999,93.54838709677419
F23,150,mid2,Fall 2023,Fall 2023 Midterm 2,33,30,21.75,72.5,2023-11-02 15:30:50.269428,2023-11-02 16:51:06.943409,1,80.27789968333333,90.9090909090909
F23,151,mid1,Fall 2023,Fall 2023 Midterm 1,31,29,14.8,51.03448275862069,2023-10-05 15:31:51.377673,2023-10-05 16:52:24.564865,1,80.55311986666668,93.54838709677419
F23,152,mid1,Fall 2023,Fall 2023 Midterm 1,31,29,14.709090909090909,50.72100313479624,2023-10-05 15:31:36.514649,2023-10-05 16:51:54.336690,1,80.29703401666667,93.54838709677419
F23,152,mid2,Fall 2023,Fall 2023 Midterm 2,33,30,19.0,63.33333333333333,2023-11-02 15:30:43.083577,2023-11-02 16:51:04.351161,1,80.35445973333334,90.9090909090909
F23,153,mid1,Fall 2023,Fall 2023 Midterm 1,31,29,20.836363636363636,71.84952978056425,2023-10-05 15:31:37.078708,2023-10-05 16:51:59.023640,1,80.36574886666668,93.54838709677419
F23,153,mid2,Fall 2023,Fall 2023 Midterm 2,33,30,23.0,76.66666666666667,2023-11-02 15:30:29.773154,2023-11-02 16:49:53.588704,1,79.39692583333334,90.9090909090909
F24,1,mid1,Fall 2024,Fall 2024 Midterm 1,30,28,24.0,85.71428571428571,2024-10-02 20:06:59.238808,2024-10-02 21:13:34.866760,1,66.59379919999999,93.33333333333333
F24,1,mid2,Fall 2024,Fall 2024 Midterm 2,30,30,19.0,63.33333333333333,2024-10-30 20:00:55.909066,2024-10-30 21:02:32.321537,1,61.60687451666667,100.0
F24,2,mid1,Fall 2024,Fall 2024 Midterm 1,64,62,50.6,81.61290322580645,2024-10-02 20:06:43.918134,2024-10-03 16:51:30.172585,2,157.19501806666665,96.875
F24,2,mid2,Fall 2024,Fall 2024 Midterm 2,84,83,57.4,69.1566265060241,2024-10-30 20:00:34.827164,2024-10-31 16:48:46.896733,2,154.77705806666665,98.80952380952381
F24,3,mid1,Fall 2024,Fall 2024 Midterm 1,81,74,63.9,86.35135135135134,2024-10-02 20:06:59.163230,2024-10-03 16:47:13.024592,2,130.09669365,91.35802469135803
F24,3,mid2,Fall 2024,Fall 2024 Midterm 2,67,66,51.0,77.27272727272727,2024-10-30 20:00:31.243173,2024-10-31 16:49:22.126115,2,122.62195093333334,98.50746268656717
F24,4,mid1,Fall 2024,Fall 2024 Midterm 1,31,29,21.5,74.13793103448276,2024-10-02 20:07:02.387605,2024-10-03 17:13:33.480537,2,164.90258328333334,93.54838709677419
F24,4,mid2,Fall 2024,Fall 2024 Midterm 2,30,30,24.0,80.0,2024-10-30 20:01:09.268923,2024-10-31 16:45:32.288858,2,134.78033896666668,100.0
F24,5,mid1,Fall 2024,Fall 2024 Midterm 1,129,126,95.3,75.63492063492063,2024-10-02 20:06:59.915620,2024-10-03 16:50:57.331954,2,142.83048545,97.67441860465117
F24,5,mid2,Fall 2024,Fall 2024 Midterm 2,41,41,30.0,73.17073170731707,2024-10-30 20:01:32.992776,2024-10-31 16:51:09.802419,2,135.19679551666667,100.0
F24,6,mid1,Fall 2024,Fall 2024 Midterm 1,116,114,75.0,65.78947368421053,2024-10-02 20:06:21.430366,2024-10-03 16:37:07.329480,2,147.68502561666668,98.27586206896552
F24,6,mid2,Fall 2024,Fall 2024 Midterm 2,74,72,56.9,79.02777777777777,2024-10-30 20:00:58.974995,2024-10-31 16:34:03.972862,2,145.16579891666666,97.29729729729729
F24,7,mid1,Fall 2024,Fall 2024 Midterm 1,42,40,36.0,90.0,2024-10-02 20:06:46.935627,2024-10-03 16:47:14.097407,2,140.80101391666668,95.23809523809524
F24,7,mid2,Fall 2024,Fall 2024 Midterm 2,32,32,22.0,68.75,2024-10-30 20:01:30.364817,2024-10-31 16:44:34.197745,2,134.89306993333332,100.0
F24,8,mid1,Fall 2024,Fall 2024 Midterm 1,51,48,37.0,77.08333333333334,2024-10-02 20:06:40.024414,2024-10-03 17:17:16.297227,2,187.24995333333334,94.11764705882354
F24,8,mid2,Fall 2024,Fall 2024 Midterm 2,75,74,60.0,81.08108108108108,2024-10-30 20:01:19.313054,2024-10-31 17:08:10.024791,2,172.61603618333334,98.66666666666667
F24,9,mid1,Fall 2024,Fall 2024 Midterm 1,63,61,57.0,93.44262295081968,2024-10-02 20:06:11.108721,2024-10-03 16:43:50.960544,2,153.29301775,96.82539682539682
F24,9,mid2,Fall 2024,Fall 2024 Midterm 2,66,65,55.0,84.61538461538461,2024-10-30 20:01:24.013778,2024-10-31 16:50:22.919354,2,153.06302845,98.48484848484848
F24,10,mid1,Fall 2024,Fall 2024 Midterm 1,86,83,66.73333333333333,80.40160642570281,2024-10-02 17:18:16.703718,2024-10-03 16:36:40.924637,3,144.64180593333333,96.51162790697674
F24,10,mid2,Fall 2024,Fall 2024 Midterm 2,66,65,55.7,85.69230769230771,2024-10-30 20:00:18.198763,2024-10-31 16:40:13.865006,2,138.49782563333332,98.48484848484848
F24,11,mid1,Fall 2024,Fall 2024 Midterm 1,30,28,17.0,60.71428571428571,2024-10-02 20:06:35.572182,2024-10-02 21:26:45.637815,1,80.16776055,93.33333333333333
F24,11,mid2,Fall 2024,Fall 2024 Midterm 2,30,30,19.0,63.33333333333333,2024-10-30 20:03:02.480687,2024-10-30 21:20:35.621357,1,77.55234449999999,100.0
F24,12,mid1,Fall 2024,Fall 2024 Midterm 1,32,30,24.0,80.0,2024-10-02 20:06:23.136668,2024-10-03 16:45:22.412907,2,155.00215655,93.75
F24,12,mid2,Fall 2024,Fall 2024 Midterm 2,67,66,54.0,81.81818181818183,2024-10-30 20:05:38.842055,2024-10-31 16:27:41.227621,2,136.66328051666667,98.50746268656717
F24,13,mid1,Fall 2024,Fall 2024 Midterm 1,104,95,67.0,70.52631578947368,2024-10-02 20:06:41.344934,2024-10-03 17:05:11.792171,2,176.44883803333332,91.34615384615384
F24,13,mid2,Fall 2024,Fall 2024 Midterm 2,39,39,22.0,56.41025641025641,2024-10-30 20:02:49.556797,2024-10-31 16:46:08.665769,2,157.45024080000002,100.0
F24,14,mid1,Fall 2024,Fall 2024 Midterm 1,66,64,50.925,79.5703125,2024-10-02 20:06:43.604067,2024-10-03 16:51:51.263711,2,160.37391574999998,96.96969696969697
F24,14,mid2,Fall 2024,Fall 2024 Midterm 2,30,30,25.0,83.33333333333334,2024-10-30 20:01:10.260721,2024-10-31 16:48:24.471555,2,141.06734445,100.0
F24,15,mid1,Fall 2024,Fall 2024 Midterm 1,66,64,53.0,82.8125,2024-10-02 20:07:03.896099,2024-10-03 16:50:42.802331,2,160.27959956666666,96.96969696969697
F24,15,mid2,Fall 2024,Fall 2024 Midterm 2,97,96,61.0,63.541666666666664,2024-10-31 15:32:33.241443,2024-11-04 04:54:28.554863,2,196.45288385,98.96907216494846
F24,16,mid1,Fall 2024,Fall 2024 Midterm 1,108,105,92.875,88.45238095238095,2024-10-02 20:06:29.829516,2024-10-03 16:50:43.148750,2,162.19542553333332,97.22222222222223
F24,16,mid2,Fall 2024,Fall 2024 Midterm 2,77,76,66.0,86.8421052631579,2024-10-30 20:00:33.477543,2024-10-31 16:45:25.278364,2,149.34093805,98.7012987012987
F24,17,mid1,Fall 2024,Fall 2024 Midterm 1,69,67,62.6,93.43283582089552,2024-10-02 20:06:39.520467,2024-10-03 16:48:59.789986,2,158.41236583333335,97.10144927536231
F24,17,mid2,Fall 2024,Fall 2024 Midterm 2,71,70,59.0,84.28571428571429,2024-10-30 20:02:24.644596,2024-10-31 16:32:41.507194,2,142.44957591666667,98.59154929577464
F24,18,mid1,Fall 2024,Fall 2024 Midterm 1,72,69,63.9,92.6086956521739,2024-10-02 20:06:35.139402,2024-10-03 16:48:24.757394,2,154.31509238333334,95.83333333333333
F24,18,mid2,Fall 2024,Fall 2024 Midterm 2,38,37,27.0,72.97297297297297,2024-10-30 20:01:30.699572,2024-10-31 16:50:23.518295,2,138.11222373333334,97.36842105263158
F24,19,mid1,Fall 2024,Fall 2024 Midterm 1,77,73,62.875,86.13013698630137,2024-10-02 20:06:37.870306,2024-10-03 16:52:02.382543,2,160.34472075,94.8051948051948
F24,19,mid2,Fall 2024,Fall 2024 Midterm 2,72,70,55.4,79.14285714285714,2024-10-30 20:00:30.716792,2024-10-31 16:51:28.193064,2,160.37459826666668,97.22222222222223
F24,20,mid1,Fall 2024,Fall 2024 Midterm 1,63,61,47.0,77.04918032786885,2024-10-02 18:59:16.898860,2024-10-03 16:52:29.492759,2,228.18960004999997,96.82539682539682
F24,20,mid2,Fall 2024,Fall 2024 Midterm 2,39,39,27.0,69.23076923076923,2024-10-30 20:02:10.545867,2024-10-31 16:44:38.221180,2,154.70680983333335,100.0
F24,21,mid1,Fall 2024,Fall 2024 Midterm 1,48,46,41.7,90.65217391304348,2024-10-02 20:06:59.728476,2024-10-03 16:46:02.050153,2,155.6717542,95.83333333333333
F24,21,mid2,Fall 2024,Fall 2024 Midterm 2,43,43,25.4,59.06976744186046,2024-10-30 20:01:00.014170,2024-10-31 16:47:52.093337,2,153.6750411666667,100.0
F24,22,mid1,Fall 2024,Fall 2024 Midterm 1,77,73,53.2,72.87671232876713,2024-10-02 20:06:59.827022,2024-10-03 16:49:17.685074,2,78.75176115,94.8051948051948
F24,22,mid2,Fall 2024,Fall 2024 Midterm 2,30,30,21.2,70.66666666666667,2024-10-31 15:30:17.982919,2024-10-31 16:44:09.243413,1,73.85434156666666,100.0
F24,23,mid1,Fall 2024,Fall 2024 Midterm 1,47,45,32.9,73.1111111111111,2024-10-02 20:06:56.016955,2024-10-03 16:51:03.083231,2,158.28458985,95.74468085106383
F24,23,mid2,Fall 2024,Fall 2024 Midterm 2,36,35,27.6,78.85714285714286,2024-10-30 20:00:59.398850,2024-10-31 16:43:54.369262,2,143.33795336666668,97.22222222222223
F24,24,mid1,Fall 2024,Fall 2024 Midterm 1,109,107,71.81818181818181,67.1197960917587,2024-10-02 20:06:55.516250,2024-10-03 16:50:56.714047,2,160.26361043333333,98.1651376146789
F24,24,mid2,Fall 2024,Fall 2024 Midterm 2,93,93,53.1,57.09677419354839,2024-10-30 20:01:15.933898,2024-10-31 16:50:31.823715,2,155.37130606666668,100.0
F24,25,mid1,Fall 2024,Fall 2024 Midterm 1,44,41,32.2,78.53658536585367,2024-10-02 20:06:46.038576,2024-10-03 16:51:10.840168,2,160.34638769999998,93.18181818181819
F24,25,mid2,Fall 2024,Fall 2024 Midterm 2,44,43,24.0,55.81395348837209,2024-10-30 20:02:13.409718,2024-10-31 16:50:24.779992,2,159.90946385,97.72727272727273
F24,26,mid1,Fall 2024,Fall 2024 Midterm 1,34,32,23.0,71.875,2024-10-02 20:06:41.853040,2024-10-03 16:47:57.321235,2,157.40260356666667,94.11764705882354
F24,26,mid2,Fall 2024,Fall 2024 Midterm 2,40,40,27.0,67.5,2024-10-31 15:30:51.419097,2024-11-04 01:15:44.021151,2,143.00943445,100.0
F24,27,mid1,Fall 2024,Fall 2024 Midterm 1,52,50,44.0,88.0,2024-10-02 19:29:32.699033,2024-10-03 16:51:40.995753,2,160.83302248333334,96.15384615384616
F24,27,mid2,Fall 2024,Fall 2024 Midterm 2,67,66,56.0,84.84848484848484,2024-10-30 20:00:42.318382,2024-10-31 16:49:26.487481,2,152.73988166666666,98.50746268656717
F24,28,mid1,Fall 2024,Fall 2024 Midterm 1,33,31,24.5,79.03225806451613,2024-10-02 20:06:42.446946,2024-10-03 16:41:05.573232,2,150.4156241833333,93.93939393939394
F24,28,mid2,Fall 2024,Fall 2024 Midterm 2,66,65,51.2,78.76923076923077,2024-10-30 20:00:49.246582,2024-10-31 16:40:24.078180,2,149.8911663,98.48484848484848
F24,29,mid1,Fall 2024,Fall 2024 Midterm 1,35,33,28.0,84.84848484848484,2024-10-02 20:06:59.878536,2024-10-03 16:22:14.372423,2,132.0702173,94.28571428571429
F24,29,mid2,Fall 2024,Fall 2024 Midterm 2,71,69,61.0,88.40579710144928,2024-10-30 20:01:02.179507,2024-10-31 16:08:12.390035,2,114.80691373333335,97.1830985915493
F24,30,mid1,Fall 2024,Fall 2024 Midterm 1,29,27,17.6,65.18518518518519,2024-10-03 15:31:40.370899,2024-10-03 16:51:49.594068,1,80.15371948333333,93.10344827586206
F24,30,mid2,Fall 2024,Fall 2024 Midterm 2,30,30,14.0,46.666666666666664,2024-10-31 15:30:32.459259,2024-10-31 16:50:40.415418,1,80.13260265000001,100.0
F24,31,mid1,Fall 2024,Fall 2024 Midterm 1,36,33,23.75,71.96969696969697,2024-10-02 20:07:17.167467,2024-10-03 17:01:46.286622,2,171.63256801666665,91.66666666666667
F24,31,mid2,Fall 2024,Fall 2024 Midterm 2,35,35,26.0,74.28571428571429,2024-10-30 20:06:50.288097,2024-10-31 17:11:43.550071,2,163.16764323333334,100.0
F24,32,mid1,Fall 2024,Fall 2024 Midterm 1,30,28,17.2,61.42857142857142,2024-10-03 15:30:29.135207,2024-10-03 16:48:49.828256,1,78.34488415000001,93.33333333333333
F24,32,mid2,Fall 2024,Fall 2024 Midterm 2,30,30,19.8,66.0,2024-10-31 15:30:22.402318,2024-10-31 16:43:11.282811,1,72.81467488333332,100.0
F24,33,mid1,Fall 2024,Fall 2024 Midterm 1,75,73,64.0,87.67123287671232,2024-10-02 20:06:41.025005,2024-10-03 16:51:04.338924,2,155.50073323333334,97.33333333333333
F24,33,mid2,Fall 2024,Fall 2024 Midterm 2,67,66,53.2,80.60606060606061,2024-10-30 20:00:19.516549,2024-10-31 16:50:59.894325,2,159.84960715,98.50746268656717
F24,34,mid1,Fall 2024,Fall 2024 Midterm 1,69,67,54.0,80.59701492537313,2024-10-02 20:06:47.455574,2024-10-03 16:52:21.620046,2,159.28316045,97.10144927536231
F24,34,mid2,Fall 2024,Fall 2024 Midterm 2,69,67,44.1,65.82089552238806,2024-10-30 20:00:59.434311,2024-10-31 16:52:21.168744,2,147.33438610000002,97.10144927536231
F24,35,mid1,Fall 2024,Fall 2024 Midterm 1,57,55,44.0,80.0,2024-10-02 20:06:20.236393,2024-10-03 16:53:48.947770,2,145.62366348333336,96.49122807017544
F24,35,mid2,Fall 2024,Fall 2024 Midterm 2,38,38,25.0,65.78947368421053,2024-10-30 20:02:43.065995,2024-10-31 16:57:13.713630,2,137.60339778333332,100.0
F24,36,mid1,Fall 2024,Fall 2024 Midterm 1,46,42,29.2,69.52380952380952,2024-10-02 20:06:36.611429,2024-10-03 16:51:19.904990,2,160.92927888333332,91.30434782608695
F24,36,mid2,Fall 2024,Fall 2024 Midterm 2,38,36,26.9,74.72222222222223,2024-10-30 20:01:04.324518,2024-10-31 16:51:07.419532,2,161.0395771,94.73684210526316
F24,37,mid1,Fall 2024,Fall 2024 Midterm 1,56,54,38.0,70.37037037037037,2024-10-02 20:06:38.640857,2024-10-03 15:31:49.792488,2,80.62949486666666,96.42857142857143
F24,37,mid2,Fall 2024,Fall 2024 Midterm 2,41,41,28.5,69.51219512195121,2024-10-30 20:01:04.341569,2024-10-31 16:33:52.434243,2,143.86337465,100.0
F24,38,mid1,Fall 2024,Fall 2024 Midterm 1,92,87,76.0,87.35632183908046,2024-10-02 20:06:59.755172,2024-10-03 16:18:19.297523,2,122.19726508333333,94.56521739130434
F24,38,mid2,Fall 2024,Fall 2024 Midterm 2,152,149,110.8,74.36241610738254,2024-10-30 20:01:00.986837,2024-10-31 16:11:00.386127,2,115.89219473333333,98.02631578947368
F24,39,mid1,Fall 2024,Fall 2024 Midterm 1,78,76,63.0,82.89473684210526,2024-10-02 20:06:48.145961,2024-10-03 16:51:56.537091,2,132.96640601666667,97.43589743589743
F24,39,mid2,Fall 2024,Fall 2024 Midterm 2,51,51,36.7,71.9607843137255,2024-10-30 20:01:19.371073,2024-10-31 16:50:51.995138,2,138.80738123333333,100.0
F24,40,mid1,Fall 2024,Fall 2024 Midterm 1,45,43,38.0,88.37209302325581,2024-10-02 20:05:57.733911,2024-10-03 16:08:08.015763,2,158.03897995,95.55555555555556
F24,40,mid2,Fall 2024,Fall 2024 Midterm 2,59,59,51.0,86.4406779661017,2024-10-30 20:00:35.451069,2024-10-31 16:17:25.608416,2,136.63102376666666,100.0
F24,41,mid1,Fall 2024,Fall 2024 Midterm 1,65,63,52.0,82.53968253968253,2024-10-02 20:01:27.691968,2024-10-03 17:11:15.000219,2,224.7748868666667,96.92307692307692
F24,41,mid2,Fall 2024,Fall 2024 Midterm 2,65,64,53.0,82.8125,2024-10-30 20:03:33.789303,2024-10-31 16:50:45.625946,2,172.52022920000002,98.46153846153847
F24,42,mid1,Fall 2024,Fall 2024 Midterm 1,51,48,34.875,72.65625,2024-10-02 20:06:28.420744,2024-10-03 16:46:25.604268,2,155.99571336666668,94.11764705882354
F24,42,mid2,Fall 2024,Fall 2024 Midterm 2,37,37,26.8,72.43243243243244,2024-10-30 20:00:57.051977,2024-10-31 16:46:58.778685,2,145.08241283333334,100.0
F24,43,mid1,Fall 2024,Fall 2024 Midterm 1,187,183,158.375,86.54371584699454,2024-10-02 20:06:20.565349,2024-10-03 16:50:55.226660,2,160.60154,97.86096256684492
F24,43,mid2,Fall 2024,Fall 2024 Midterm 2,35,35,25.566666666666666,73.04761904761905,2024-10-30 20:01:08.398352,2024-10-31 16:26:47.819654,2,121.03910025,100.0
F24,44,mid1,Fall 2024,Fall 2024 Midterm 1,43,39,33.0,84.61538461538461,2024-10-02 20:06:47.615195,2024-10-03 16:25:46.354494,2,135.28334508333333,90.69767441860465
F24,44,mid2,Fall 2024,Fall 2024 Midterm 2,66,65,58.0,89.23076923076924,2024-10-30 20:00:52.732453,2024-10-31 16:17:32.533201,2,114.11408460000001,98.48484848484848
F24,45,mid1,Fall 2024,Fall 2024 Midterm 1,74,72,41.018181818181816,56.96969696969697,2024-10-02 20:06:48.847128,2024-10-03 16:51:34.529768,2,160.90348866666665,97.29729729729729
F24,45,mid2,Fall 2024,Fall 2024 Midterm 2,74,73,58.1,79.58904109589041,2024-10-30 20:01:44.366065,2024-10-31 16:51:41.085665,2,160.73636638333332,98.64864864864865
F24,46,mid1,Fall 2024,Fall 2024 Midterm 1,35,33,25.0,75.75757575757575,2024-10-02 20:07:26.720925,2024-10-03 16:50:42.670969,2,80.13118225,94.28571428571429
F24,46,mid2,Fall 2024,Fall 2024 Midterm 2,30,30,20.2,67.33333333333333,2024-10-30 20:10:56.071245,2024-10-31 16:46:46.085802,2,154.5686985333333,100.0
F24,47,mid1,Fall 2024,Fall 2024 Midterm 1,51,49,34.7,70.81632653061224,2024-10-02 20:06:50.483323,2024-10-03 16:48:56.846763,2,158.59991145,96.07843137254902
F24,47,mid2,Fall 2024,Fall 2024 Midterm 2,56,55,43.0,78.18181818181819,2024-10-30 20:01:03.004130,2024-10-31 16:24:17.527190,2,131.39460761666666,98.21428571428571
F24,48,mid1,Fall 2024,Fall 2024 Midterm 1,96,93,72.45,77.90322580645162,2024-10-02 20:06:16.767740,2024-10-03 16:50:16.911360,2,134.30832133333334,96.875
F24,48,mid2,Fall 2024,Fall 2024 Midterm 2,143,139,93.0,66.90647482014388,2024-10-30 20:01:00.801366,2024-10-31 16:28:37.321589,2,129.83369805,97.2027972027972
F24,49,mid1,Fall 2024,Fall 2024 Midterm 1,30,28,13.0,46.42857142857143,2024-10-03 15:30:34.667409,2024-10-03 16:45:26.321406,1,74.86089995,93.33333333333333
F24,49,mid2,Fall 2024,Fall 2024 Midterm 2,30,30,14.0,46.666666666666664,2024-10-31 15:30:18.031540,2024-10-31 16:45:35.091287,1,75.28432911666667,100.0
F24,50,mid1,Fall 2024,Fall 2024 Midterm 1,53,51,37.0,72.54901960784314,2024-10-02 20:06:33.178138,2024-10-03 16:51:45.755076,2,161.26292336666666,96.22641509433963
F24,50,mid2,Fall 2024,Fall 2024 Midterm 2,30,30,23.0,76.66666666666667,2024-10-30 20:02:29.408348,2024-10-31 17:41:58.305527,2,193.3445216,100.0
F24,51,mid1,Fall 2024,Fall 2024 Midterm 1,79,74,64.4,87.02702702702703,2024-10-02 20:06:43.304986,2024-10-03 16:48:58.152320,2,156.66464956666667,93.67088607594937
F24,51,mid2,Fall 2024,Fall 2024 Midterm 2,92,91,71.0,78.02197802197803,2024-10-30 20:00:54.718254,2024-10-31 16:24:32.157697,2,133.6580038,98.91304347826087
F24,52,mid1,Fall 2024,Fall 2024 Midterm 1,30,28,18.0,64.28571428571429,2024-10-03 15:31:06.697297,2024-10-03 16:51:15.748540,1,80.15085404999999,93.33333333333333
F24,52,mid2,Fall 2024,Fall 2024 Midterm 2,30,30,11.0,36.666666666666664,2024-10-31 15:30:17.019555,2024-10-31 16:50:26.967204,1,80.16579415,100.0
F24,53,mid1,Fall 2024,Fall 2024 Midterm 1,65,63,44.2,70.15873015873017,2024-10-02 20:06:41.920223,2024-10-03 16:47:02.070106,2,156.61431288333335,96.92307692307692
F24,53,mid2,Fall 2024,Fall 2024 Midterm 2,30,30,20.1,67.0,2024-10-30 20:00:56.031477,2024-10-31 16:35:14.466631,2,145.04766445,100.0
F24,54,mid1,Fall 2024,Fall 2024 Midterm 1,37,35,24.0,68.57142857142857,2024-10-02 20:06:35.861749,2024-10-03 16:50:27.517434,2,161.01536821666667,94.5945945945946
F24,54,mid2,Fall 2024,Fall 2024 Midterm 2,70,69,40.64545454545455,58.9064558629776,2024-10-30 20:01:03.725767,2024-10-31 16:45:59.237393,2,142.95350433333334,98.57142857142857
F24,55,mid1,Fall 2024,Fall 2024 Midterm 1,31,29,25.0,86.20689655172413,2024-10-02 20:06:57.380078,2024-10-03 16:38:30.196789,2,144.43169496666667,93.54838709677419
F24,55,mid2,Fall 2024,Fall 2024 Midterm 2,30,30,19.0,63.33333333333333,2024-10-30 20:01:04.884617,2024-10-31 16:52:16.468326,2,143.2874579,100.0
F24,56,mid1,Fall 2024,Fall 2024 Midterm 1,62,60,53.0,88.33333333333333,2024-10-02 20:07:00.049246,2024-10-03 16:34:24.047152,2,132.51985556666665,96.7741935483871
F24,56,mid2,Fall 2024,Fall 2024 Midterm 2,55,55,46.0,83.63636363636363,2024-10-30 20:01:09.045790,2024-10-31 16:51:22.824607,2,133.78971441666667,100.0
F24,57,mid1,Fall 2024,Fall 2024 Midterm 1,62,60,33.0,55.00000000000001,2024-10-02 20:06:26.371965,2024-10-03 16:53:00.822246,2,161.83608335000002,96.7741935483871
F24,57,mid2,Fall 2024,Fall 2024 Midterm 2,33,32,16.0,50.0,2024-10-30 20:01:24.190752,2024-10-31 16:51:16.369489,2,152.51498418333335,96.96969696969697
F24,58,mid1,Fall 2024,Fall 2024 Midterm 1,30,28,15.818181818181818,56.493506493506494,2024-10-02 20:07:02.390690,2024-10-02 21:21:36.654058,1,74.57105613333333,93.33333333333333
F24,59,mid1,Fall 2024,Fall 2024 Midterm 1,57,55,47.2,85.81818181818183,2024-10-02 20:06:13.102399,2024-10-03 16:50:33.409480,2,160.29146816666668,96.49122807017544
F24,59,mid2,Fall 2024,Fall 2024 Midterm 2,143,133,102.4,76.99248120300753,2024-10-30 20:00:57.256897,2024-10-31 16:50:21.166650,2,148.36188911666665,93.00699300699301
F24,60,mid1,Fall 2024,Fall 2024 Midterm 1,62,60,34.4,57.333333333333336,2024-10-02 20:06:58.619911,2024-10-03 16:51:06.488629,2,158.5432535,96.7741935483871
F24,60,mid2,Fall 2024,Fall 2024 Midterm 2,71,70,43.0,61.42857142857143,2024-10-30 20:00:31.369781,2024-10-31 16:34:13.137074,2,130.87530983333335,98.59154929577464
F24,61,mid1,Fall 2024,Fall 2024 Midterm 1,97,95,65.0,68.42105263157895,2024-10-02 20:06:23.714787,2024-10-03 16:50:16.868211,2,159.72196525,97.9381443298969
F24,61,mid2,Fall 2024,Fall 2024 Midterm 2,66,65,58.0,89.23076923076924,2024-10-30 20:03:39.371038,2024-10-31 16:48:32.924290,2,175.32893246666669,98.48484848484848
F24,62,mid1,Fall 2024,Fall 2024 Midterm 1,71,69,46.7,67.68115942028986,2024-10-02 20:05:46.517513,2024-10-03 16:50:10.125136,2,179.98789495,97.1830985915493
F24,62,mid2,Fall 2024,Fall 2024 Midterm 2,63,62,46.0,74.19354838709677,2024-10-30 20:04:00.801220,2024-10-31 16:50:30.801903,2,161.7206430666667,98.41269841269842
F24,63,mid1,Fall 2024,Fall 2024 Midterm 1,87,84,64.0,76.19047619047619,2024-10-02 16:56:51.692462,2024-10-03 16:21:55.667170,2,321.0430606166667,96.55172413793103
F24,63,mid2,Fall 2024,Fall 2024 Midterm 2,30,30,17.0,56.666666666666664,2024-10-30 20:01:24.658364,2024-10-31 16:21:41.091902,2,130.7927954,100.0
F24,64,mid1,Fall 2024,Fall 2024 Midterm 1,80,78,62.9,80.64102564102565,2024-10-02 20:06:18.274345,2024-10-03 16:46:39.038150,2,156.0250044666667,97.5
F24,64,mid2,Fall 2024,Fall 2024 Midterm 2,30,30,20.6,68.66666666666667,2024-10-30 20:00:50.477294,2024-10-31 16:43:32.363827,2,137.36500221666668,100.0
F24,65,mid1,Fall 2024,Fall 2024 Midterm 1,31,29,25.0,86.20689655172413,2024-10-02 20:06:22.149492,2024-10-03 16:45:25.125434,2,155.33109489999998,93.54838709677419
F24,65,mid2,Fall 2024,Fall 2024 Midterm 2,62,61,35.0,57.377049180327866,2024-10-30 20:00:54.659463,2024-10-31 16:43:23.837217,2,150.48045835,98.38709677419355
F24,66,mid1,Fall 2024,Fall 2024 Midterm 1,79,77,62.0,80.51948051948052,2024-10-02 20:06:59.700822,2024-10-03 16:51:20.825669,2,160.53021033333334,97.46835443037975
F24,66,mid2,Fall 2024,Fall 2024 Midterm 2,66,65,31.2,48.0,2024-10-30 20:03:23.260310,2024-10-31 16:47:08.373721,2,196.71899303333333,98.48484848484848
F24,67,mid1,Fall 2024,Fall 2024 Midterm 1,31,29,11.636363636363637,40.12539184952978,2024-10-02 20:07:00.144419,2024-10-03 16:43:51.507813,2,149.85479099999998,93.54838709677419
F24,67,mid2,Fall 2024,Fall 2024 Midterm 2,34,34,7.0,20.588235294117645,2024-10-30 20:02:59.139851,2024-10-31 16:22:29.278930,2,93.35660148333334,100.0
F24,68,mid1,Fall 2024,Fall 2024 Midterm 1,49,47,43.0,91.48936170212765,2024-10-02 20:06:56.107993,2024-10-03 16:19:32.598627,2,128.94175586666665,95.91836734693878
F24,68,mid2,Fall 2024,Fall 2024 Midterm 2,76,75,57.8,77.06666666666666,2024-10-30 20:01:01.004628,2024-10-31 16:32:02.356710,2,128.67707656666667,98.6842105263158
F24,69,mid1,Fall 2024,Fall 2024 Midterm 1,31,29,19.81818181818182,68.3385579937304,2024-10-02 20:06:59.599792,2024-10-03 16:50:52.804517,2,160.58426655,93.54838709677419
F24,69,mid2,Fall 2024,Fall 2024 Midterm 2,66,65,53.0,81.53846153846153,2024-10-30 20:01:08.684877,2024-10-31 16:48:14.664225,2,136.08944300000002,98.48484848484848
F24,70,mid1,Fall 2024,Fall 2024 Midterm 1,62,60,55.0,91.66666666666666,2024-10-02 20:06:42.005338,2024-10-03 16:28:53.618320,2,138.92356985,96.7741935483871
F24,70,mid2,Fall 2024,Fall 2024 Midterm 2,90,87,70.0,80.45977011494253,2024-10-30 20:01:00.663220,2024-10-31 16:34:28.293027,2,140.34854331666668,96.66666666666667
F24,71,mid1,Fall 2024,Fall 2024 Midterm 1,33,31,26.0,83.87096774193549,2024-10-02 20:06:57.382116,2024-10-03 16:31:14.409313,2,140.55572915,93.93939393939394
F24,71,mid2,Fall 2024,Fall 2024 Midterm 2,37,37,28.9,78.10810810810811,2024-10-30 20:03:02.729146,2024-10-31 16:50:24.223144,2,160.27058416666668,100.0
F24,72,mid1,Fall 2024,Fall 2024 Midterm 1,30,28,20.0,71.42857142857143,2024-10-02 20:06:35.416880,2024-10-03 16:47:05.102947,2,156.57486723333335,93.33333333333333
F24,72,mid2,Fall 2024,Fall 2024 Midterm 2,30,30,20.0,66.66666666666666,2024-10-30 20:02:23.319850,2024-10-31 16:43:52.204424,2,146.11604599999998,100.0
F24,73,mid1,Fall 2024,Fall 2024 Midterm 1,80,78,71.6,91.7948717948718,2024-10-02 20:06:38.936327,2024-10-03 16:46:57.631168,2,156.35978116666666,97.5
F24,73,mid2,Fall 2024,Fall 2024 Midterm 2,32,32,17.1,53.43750000000001,2024-10-30 20:01:24.349835,2024-10-31 16:16:18.585996,2,117.27814501666666,100.0
F24,74,mid1,Fall 2024,Fall 2024 Midterm 1,86,83,52.15,62.83132530120482,2024-10-02 20:06:18.327709,2024-10-03 16:51:19.027618,2,160.31190316666667,96.51162790697674
F24,74,mid2,Fall 2024,Fall 2024 Midterm 2,83,82,68.8,83.90243902439025,2024-10-30 20:00:36.136012,2024-10-31 16:49:06.101727,2,158.86810988333332,98.79518072289157
F24,75,mid1,Fall 2024,Fall 2024 Midterm 1,30,28,14.0,50.0,2024-10-02 20:06:52.151709,2024-10-02 21:27:02.323206,1,80.16952495000001,93.33333333333333
F24,75,mid2,Fall 2024,Fall 2024 Midterm 2,63,58,29.0,50.0,2024-10-30 20:01:21.023927,2024-11-04 16:14:56.027877,2,154.89309276666665,92.06349206349206
F24,76,mid1,Fall 2024,Fall 2024 Midterm 1,31,29,26.0,89.65517241379311,2024-10-02 20:06:46.118762,2024-10-03 17:42:46.623713,2,187.9378686833333,93.54838709677419
F24,76,mid2,Fall 2024,Fall 2024 Midterm 2,35,35,23.9,68.28571428571428,2024-10-30 20:01:25.868359,2024-10-31 15:32:59.205551,2,71.84545598333334,100.0
F24,77,mid1,Fall 2024,Fall 2024 Midterm 1,34,32,23.0,71.875,2024-10-02 20:06:59.889791,2024-10-03 16:51:07.294475,2,133.78155301666666,94.11764705882354
F24,77,mid2,Fall 2024,Fall 2024 Midterm 2,49,48,35.6,74.16666666666667,2024-10-30 20:01:26.429786,2024-10-31 16:47:18.196298,2,147.57430941666667,97.95918367346938
F24,78,mid1,Fall 2024,Fall 2024 Midterm 1,31,29,14.2,48.96551724137931,2024-10-02 20:06:22.674661,2024-10-03 16:50:40.355043,2,159.16637485,93.54838709677419
F24,78,mid2,Fall 2024,Fall 2024 Midterm 2,61,60,38.1,63.5,2024-10-30 20:01:33.205626,2024-10-31 16:50:24.145135,2,153.29959588333332,98.36065573770492
F24,79,mid1,Fall 2024,Fall 2024 Midterm 1,85,83,49.8,60.0,2024-10-02 20:06:56.642924,2024-10-03 16:20:11.316745,2,123.21773573333333,97.6470588235294
F24,79,mid2,Fall 2024,Fall 2024 Midterm 2,40,40,15.0,37.5,2024-10-30 20:01:03.816580,2024-10-31 16:10:36.460215,2,98.67850101666667,100.0
F24,80,mid1,Fall 2024,Fall 2024 Midterm 1,31,29,26.875,92.67241379310344,2024-10-02 20:06:37.274938,2024-10-03 16:51:10.435691,2,151.32106103333334,93.54838709677419
F24,80,mid2,Fall 2024,Fall 2024 Midterm 2,66,65,56.0,86.15384615384616,2024-10-30 20:41:22.245026,2024-10-31 16:49:00.139815,2,142.48177255000002,98.48484848484848
F24,81,mid1,Fall 2024,Fall 2024 Midterm 1,73,70,48.0,68.57142857142857,2024-10-02 20:06:42.954676,2024-10-03 16:51:06.724461,2,160.37619595,95.89041095890411
F24,81,mid2,Fall 2024,Fall 2024 Midterm 2,85,84,67.1,79.88095238095238,2024-10-30 20:00:54.352505,2024-10-31 16:50:27.315604,2,160.32909705,98.82352941176471
F24,82,mid1,Fall 2024,Fall 2024 Midterm 1,30,28,13.0,46.42857142857143,2024-10-03 15:33:10.393851,2024-10-03 16:53:23.438145,1,80.2174049,93.33333333333333
F24,82,mid2,Fall 2024,Fall 2024 Midterm 2,30,30,10.0,33.33333333333333,2024-10-31 15:41:11.367742,2024-10-31 16:59:02.508308,1,77.85234276666667,100.0
F24,83,mid1,Fall 2024,Fall 2024 Midterm 1,36,34,27.0,79.41176470588235,2024-10-02 20:06:56.801425,2024-10-03 16:51:00.755114,2,161.03549923333333,94.44444444444444
F24,83,mid2,Fall 2024,Fall 2024 Midterm 2,66,65,55.4,85.23076923076923,2024-10-30 20:01:18.652803,2024-10-31 16:50:41.746612,2,161.0799857833333,98.48484848484848
F24,84,mid1,Fall 2024,Fall 2024 Midterm 1,31,29,22.0,75.86206896551724,2024-10-02 20:06:52.028985,2024-10-03 16:48:45.682101,2,158.00898681666666,93.54838709677419
F24,84,mid2,Fall 2024,Fall 2024 Midterm 2,32,32,16.0,50.0,2024-10-30 20:00:59.934938,2024-10-31 16:23:45.707068,2,126.29782111666667,100.0
F24,85,mid1,Fall 2024,Fall 2024 Midterm 1,44,42,28.0,66.66666666666666,2024-10-02 20:06:23.155065,2024-10-03 16:42:57.010224,2,152.46914256666668,95.45454545454545
F24,85,mid2,Fall 2024,Fall 2024 Midterm 2,61,60,44.5,74.16666666666667,2024-10-30 20:02:03.733821,2024-10-31 16:50:12.824958,2,159.94286076666666,98.36065573770492
F24,86,mid1,Fall 2024,Fall 2024 Midterm 1,29,27,8.0,29.629629629629626,2024-10-02 20:06:39.031416,2024-10-02 21:26:48.056696,1,80.15042133333333,93.10344827586206
F24,86,mid2,Fall 2024,Fall 2024 Midterm 2,30,30,10.0,33.33333333333333,2024-10-30 20:01:55.554782,2024-10-30 21:20:49.905440,1,78.9058443,100.0
F24,87,mid1,Fall 2024,Fall 2024 Midterm 1,30,28,6.0,21.428571428571427,2024-10-02 20:06:23.254399,2024-10-02 21:22:16.980859,1,75.89544099999999,93.33333333333333
F24,87,mid2,Fall 2024,Fall 2024 Midterm 2,28,28,16.0,57.14285714285714,2024-11-04 03:01:44.525358,2024-11-04 04:22:27.628199,1,80.71838068333334,100.0
F24,88,mid1,Fall 2024,Fall 2024 Midterm 1,30,28,20.0,71.42857142857143,2024-10-03 15:30:42.541907,2024-10-03 16:37:29.973442,1,66.79052558333333,93.33333333333333
F24,88,mid2,Fall 2024,Fall 2024 Midterm 2,30,30,21.9,73.0,2024-10-31 15:30:23.352949,2024-10-31 16:50:15.510812,1,79.86929771666668,100.0
F24,89,mid1,Fall 2024,Fall 2024 Midterm 1,30,28,12.0,42.857142857142854,2024-10-03 15:30:38.074148,2024-10-03 16:48:24.185880,1,77.76852886666667,93.33333333333333
F24,89,mid2,Fall 2024,Fall 2024 Midterm 2,30,30,16.1,53.66666666666667,2024-10-31 15:30:30.147433,2024-10-31 16:46:54.239162,1,76.40152881666667,100.0
F24,90,mid1,Fall 2024,Fall 2024 Midterm 1,30,28,22.0,78.57142857142857,2024-10-03 15:47:49.849038,2024-10-03 16:58:53.536151,1,71.06145188333333,93.33333333333333
F24,90,mid2,Fall 2024,Fall 2024 Midterm 2,30,30,20.1,67.0,2024-10-31 18:11:11.387358,2024-10-31 19:30:43.030236,1,79.52738129999999,100.0
F24,91,mid1,Fall 2024,Fall 2024 Midterm 1,30,28,24.0,85.71428571428571,2024-10-03 15:31:17.845483,2024-10-03 16:47:51.802024,1,76.56594234999999,93.33333333333333
F24,91,mid2,Fall 2024,Fall 2024 Midterm 2,30,30,20.5,68.33333333333333,2024-10-31 15:30:34.748968,2024-10-31 16:47:11.656487,1,76.61512531666668,100.0
F24,92,mid1,Fall 2024,Fall 2024 Midterm 1,30,28,18.2,65.0,2024-10-03 15:30:33.793627,2024-10-03 16:50:43.067945,1,80.15457196666667,93.33333333333333
F24,92,mid2,Fall 2024,Fall 2024 Midterm 2,30,30,21.0,70.0,2024-10-31 15:30:12.365439,2024-10-31 16:50:17.876677,1,80.09185396666666,100.0
F24,93,mid1,Fall 2024,Fall 2024 Midterm 1,30,28,13.0,46.42857142857143,2024-10-03 15:30:42.658648,2024-10-03 16:51:22.033720,1,80.6562512,93.33333333333333
F24,93,mid2,Fall 2024,Fall 2024 Midterm 2,30,30,9.0,30.0,2024-10-31 15:31:16.634316,2024-10-31 16:49:19.390635,1,78.04593865,100.0
F24,95,mid1,Fall 2024,Fall 2024 Midterm 1,30,28,21.0,75.0,2024-10-03 15:31:24.023823,2024-10-03 16:51:32.603669,1,80.14299743333332,93.33333333333333
F24,95,mid2,Fall 2024,Fall 2024 Midterm 2,30,30,21.6,72.00000000000001,2024-10-31 15:30:13.663770,2024-10-31 16:40:46.638805,1,70.54958391666668,100.0
F24,96,mid1,Fall 2024,Fall 2024 Midterm 1,30,28,25.0,89.28571428571429,2024-10-03 15:30:58.549799,2024-10-03 16:37:27.675453,1,66.48542756666667,93.33333333333333
F24,96,mid2,Fall 2024,Fall 2024 Midterm 2,30,30,22.0,73.33333333333333,2024-10-31 15:30:29.931013,2024-10-31 16:25:49.131464,1,55.32000751666667,100.0
F24,97,mid1,Fall 2024,Fall 2024 Midterm 1,30,28,10.0,35.714285714285715,2024-10-03 15:30:40.990753,2024-10-03 16:47:41.597100,1,77.01010578333333,93.33333333333333
F24,97,mid2,Fall 2024,Fall 2024 Midterm 2,30,30,14.0,46.666666666666664,2024-10-31 17:31:27.728055,2024-10-31 18:50:54.361085,1,79.44388383333333,100.0
F24,98,mid1,Fall 2024,Fall 2024 Midterm 1,30,28,12.4,44.28571428571429,2024-10-03 15:30:51.395807,2024-10-03 16:50:59.815181,1,80.1403229,93.33333333333333
F24,98,mid2,Fall 2024,Fall 2024 Midterm 2,30,30,12.7,42.33333333333333,2024-10-31 15:30:14.787870,2024-10-31 16:43:20.692774,1,73.09841506666666,100.0
F24,99,mid1,Fall 2024,Fall 2024 Midterm 1,30,28,18.0,64.28571428571429,2024-10-03 15:30:32.086373,2024-10-03 16:50:42.094279,1,80.16679843333333,93.33333333333333
F24,99,mid2,Fall 2024,Fall 2024 Midterm 2,30,30,18.6,62.0,2024-10-31 15:30:08.277610,2024-10-31 16:48:51.904557,1,78.72711578333333,100.0
F24,100,mid1,Fall 2024,Fall 2024 Midterm 1,30,28,18.0,64.28571428571429,2024-10-03 15:30:39.461026,2024-10-03 16:51:01.253533,1,80.36320845,93.33333333333333
F24,100,mid2,Fall 2024,Fall 2024 Midterm 2,30,30,20.0,66.66666666666666,2024-10-31 15:33:48.740696,2024-10-31 16:49:46.739781,1,75.96665141666668,100.0
F24,101,mid1,Fall 2024,Fall 2024 Midterm 1,29,27,18.6,68.8888888888889,2024-10-03 15:30:41.140657,2024-10-03 16:50:58.654646,1,80.29189981666667,93.10344827586206
F24,101,mid2,Fall 2024,Fall 2024 Midterm 2,30,30,19.8,66.0,2024-10-31 15:30:25.465150,2024-10-31 16:47:45.286500,1,77.33035583333334,100.0
F24,102,mid1,Fall 2024,Fall 2024 Midterm 1,30,28,24.0,85.71428571428571,2024-10-03 15:30:33.574128,2024-10-03 16:47:54.124187,1,77.34250098333334,93.33333333333333
F24,102,mid2,Fall 2024,Fall 2024 Midterm 2,30,30,23.0,76.66666666666667,2024-10-31 15:30:18.412394,2024-10-31 16:34:46.585596,1,64.46955336666666,100.0
F24,103,mid1,Fall 2024,Fall 2024 Midterm 1,30,28,17.0,60.71428571428571,2024-10-03 15:30:39.057627,2024-10-03 16:51:06.689421,1,80.4605299,93.33333333333333
F24,103,mid2,Fall 2024,Fall 2024 Midterm 2,30,30,22.0,73.33333333333333,2024-10-31 15:30:28.563587,2024-10-31 16:50:19.978752,1,79.85691941666667,100.0
F24,104,mid1,Fall 2024,Fall 2024 Midterm 1,30,28,22.01818181818182,78.63636363636364,2024-10-03 15:30:46.222046,2024-10-03 16:48:53.997354,1,78.12958846666668,93.33333333333333
F24,104,mid2,Fall 2024,Fall 2024 Midterm 2,30,30,16.0,53.333333333333336,2024-10-31 15:30:21.280992,2024-10-31 16:50:24.675639,1,80.05657745,100.0
F24,105,mid1,Fall 2024,Fall 2024 Midterm 1,29,27,8.0,29.629629629629626,2024-10-03 15:38:26.152067,2024-10-03 16:56:03.418063,1,77.62109993333334,93.10344827586206
F24,105,mid2,Fall 2024,Fall 2024 Midterm 2,30,30,14.1,47.0,2024-10-31 15:30:18.625294,2024-10-31 16:50:27.781439,1,80.15260241666667,100.0
F24,106,mid1,Fall 2024,Fall 2024 Midterm 1,30,28,10.0,35.714285714285715,2024-10-03 15:30:49.385053,2024-10-03 16:51:21.194005,1,80.53014920000001,93.33333333333333
F24,106,mid2,Fall 2024,Fall 2024 Midterm 2,30,30,10.0,33.33333333333333,2024-10-31 15:30:25.709757,2024-10-31 16:48:06.695323,1,77.68309276666668,100.0
F24,107,mid1,Fall 2024,Fall 2024 Midterm 1,30,28,20.4,72.85714285714285,2024-10-03 15:30:47.236692,2024-10-03 16:50:00.776654,1,79.22566603333333,93.33333333333333
F24,107,mid2,Fall 2024,Fall 2024 Midterm 2,30,30,14.2,47.333333333333336,2024-10-31 15:30:08.487759,2024-10-31 16:50:23.387130,1,80.24832285000001,100.0
F24,108,mid1,Fall 2024,Fall 2024 Midterm 1,28,26,5.0,19.230769230769234,2024-10-03 15:31:20.174667,2024-10-03 16:51:35.383005,1,80.25347230000001,92.85714285714286
F24,108,mid2,Fall 2024,Fall 2024 Midterm 2,30,30,10.0,33.33333333333333,2024-10-31 15:31:24.027421,2024-10-31 16:50:54.853086,1,79.51376108333334,100.0
F24,109,mid1,Fall 2024,Fall 2024 Midterm 1,30,28,17.60909090909091,62.8896103896104,2024-10-03 15:30:31.849970,2024-10-03 17:30:58.818974,1,120.44948339999999,93.33333333333333
F24,109,mid2,Fall 2024,Fall 2024 Midterm 2,30,30,21.1,70.33333333333334,2024-10-31 15:33:30.588464,2024-10-31 17:22:58.411416,1,109.46371586666667,100.0
F24,110,mid1,Fall 2024,Fall 2024 Midterm 1,30,28,23.0,82.14285714285714,2024-10-03 15:30:54.846509,2024-10-03 16:51:12.147869,1,80.28835600000001,93.33333333333333
F24,110,mid2,Fall 2024,Fall 2024 Midterm 2,30,30,15.0,50.0,2024-10-31 15:30:13.459076,2024-10-31 16:27:58.389859,1,57.74884638333333,100.0
F24,111,mid1,Fall 2024,Fall 2024 Midterm 1,30,28,18.0,64.28571428571429,2024-10-03 15:30:36.023055,2024-10-03 16:50:44.475035,1,80.14086633333334,93.33333333333333
F24,111,mid2,Fall 2024,Fall 2024 Midterm 2,30,30,16.1,53.66666666666667,2024-10-31 15:30:13.590362,2024-10-31 16:48:46.153319,1,78.54271595,100.0
F24,113,mid1,Fall 2024,Fall 2024 Midterm 1,30,28,18.75,66.96428571428571,2024-10-03 15:30:39.576563,2024-10-03 16:50:48.708030,1,80.15219111666667,93.33333333333333
F24,113,mid2,Fall 2024,Fall 2024 Midterm 2,30,30,20.4,68.0,2024-10-31 15:32:07.902971,2024-10-31 16:35:04.485377,1,62.9430401,100.0
F24,114,mid1,Fall 2024,Fall 2024 Midterm 1,30,28,10.0,35.714285714285715,2024-10-03 15:31:07.948555,2024-10-03 16:51:19.195671,1,80.18745193333332,93.33333333333333
F24,114,mid2,Fall 2024,Fall 2024 Midterm 2,30,30,16.1,53.66666666666667,2024-10-31 15:30:16.836354,2024-10-31 16:50:23.850038,1,80.11689473333333,100.0
F24,115,mid1,Fall 2024,Fall 2024 Midterm 1,31,29,20.0,68.96551724137932,2024-10-03 15:31:06.980742,2024-10-03 17:02:38.313705,1,91.52221605,93.54838709677419
F24,115,mid2,Fall 2024,Fall 2024 Midterm 2,30,30,18.0,60.0,2024-10-31 15:31:12.318097,2024-10-31 16:43:07.906764,1,71.92647778333334,100.0
F24,116,mid1,Fall 2024,Fall 2024 Midterm 1,30,28,8.0,28.57142857142857,2024-10-03 15:31:02.587767,2024-10-03 16:50:56.543772,1,79.89926675,93.33333333333333
F24,116,mid2,Fall 2024,Fall 2024 Midterm 2,30,30,11.0,36.666666666666664,2024-10-31 15:30:27.929579,2024-10-31 16:47:44.695901,1,77.2794387,100.0
F24,117,mid1,Fall 2024,Fall 2024 Midterm 1,30,28,25.7,91.78571428571428,2024-10-03 15:32:08.993204,2024-10-03 16:45:59.364015,1,73.83951351666666,93.33333333333333
F24,117,mid2,Fall 2024,Fall 2024 Midterm 2,30,30,25.0,83.33333333333334,2024-10-31 15:30:31.885389,2024-10-31 16:23:40.718107,1,53.14721196666667,100.0
F24,118,mid1,Fall 2024,Fall 2024 Midterm 1,30,28,11.418181818181818,40.77922077922078,2024-10-03 15:30:35.678963,2024-10-03 16:50:19.911117,1,79.73720256666667,93.33333333333333
F24,118,mid2,Fall 2024,Fall 2024 Midterm 2,30,30,18.4,61.33333333333333,2024-10-31 15:30:14.147350,2024-10-31 16:45:13.682221,1,74.99224785,100.0
F24,119,mid1,Fall 2024,Fall 2024 Midterm 1,30,28,12.272727272727273,43.83116883116883,2024-10-03 15:31:21.819272,2024-10-03 16:50:37.339125,1,79.25866421666666,93.33333333333333
F24,119,mid2,Fall 2024,Fall 2024 Midterm 2,30,30,8.0,26.666666666666668,2024-10-31 15:30:20.910216,2024-10-31 16:31:46.657940,1,61.42912873333333,100.0
F24,120,mid1,Fall 2024,Fall 2024 Midterm 1,30,28,22.51818181818182,80.42207792207793,2024-10-03 15:30:52.264929,2024-10-03 16:50:31.140550,1,79.64792701666667,93.33333333333333
F24,120,mid2,Fall 2024,Fall 2024 Midterm 2,30,30,23.833333333333332,79.44444444444444,2024-10-31 15:30:26.564295,2024-10-31 16:30:29.528749,1,60.049407566666666,100.0
F24,121,mid1,Fall 2024,Fall 2024 Midterm 1,30,28,23.0,82.14285714285714,2024-10-03 15:30:34.528667,2024-10-03 16:50:41.377475,1,80.1141468,93.33333333333333
F24,121,mid2,Fall 2024,Fall 2024 Midterm 2,30,30,22.6,75.33333333333334,2024-10-31 15:33:35.107820,2024-10-31 16:53:34.300110,1,79.98653816666666,100.0
F24,122,mid1,Fall 2024,Fall 2024 Midterm 1,30,28,24.0,85.71428571428571,2024-10-03 15:31:27.818101,2024-10-03 17:09:31.077125,1,98.05431706666667,93.33333333333333
F24,122,mid2,Fall 2024,Fall 2024 Midterm 2,30,30,24.0,80.0,2024-10-31 16:20:47.207746,2024-10-31 17:35:17.782363,1,74.50957695000001,100.0
F24,123,mid1,Fall 2024,Fall 2024 Midterm 1,30,28,11.0,39.285714285714285,2024-10-03 15:30:47.228822,2024-10-03 16:49:07.074687,1,78.33076441666667,93.33333333333333
F24,123,mid2,Fall 2024,Fall 2024 Midterm 2,30,30,11.1,37.0,2024-10-31 15:31:08.644418,2024-10-31 16:48:58.088026,1,77.82406013333333,100.0
F24,124,mid1,Fall 2024,Fall 2024 Midterm 1,30,28,21.0,75.0,2024-10-03 15:31:08.325043,2024-10-03 16:50:08.283578,1,78.99930891666666,93.33333333333333
F24,124,mid2,Fall 2024,Fall 2024 Midterm 2,30,30,20.9,69.66666666666667,2024-10-31 15:30:48.364909,2024-10-31 16:47:51.403012,1,77.05063505,100.0
F24,125,mid1,Fall 2024,Fall 2024 Midterm 1,30,28,24.0,85.71428571428571,2024-10-03 15:30:32.656065,2024-10-03 16:50:23.761521,1,79.8517576,93.33333333333333
F24,125,mid2,Fall 2024,Fall 2024 Midterm 2,30,30,22.0,73.33333333333333,2024-10-31 15:32:03.347546,2024-10-31 16:26:13.805506,1,54.17429933333334,100.0
F24,126,mid1,Fall 2024,Fall 2024 Midterm 1,30,28,18.0,64.28571428571429,2024-10-03 15:30:30.015422,2024-10-03 16:30:51.867170,1,60.3641958,93.33333333333333
F24,126,mid2,Fall 2024,Fall 2024 Midterm 2,30,30,12.0,40.0,2024-10-31 15:30:13.756295,2024-10-31 15:48:38.969071,1,18.420212933333335,100.0
F24,127,mid1,Fall 2024,Fall 2024 Midterm 1,30,28,24.0,85.71428571428571,2024-10-03 15:31:15.103839,2024-10-03 16:51:31.057583,1,80.26589573333334,93.33333333333333
F24,127,mid2,Fall 2024,Fall 2024 Midterm 2,30,30,20.0,66.66666666666666,2024-10-31 15:30:30.718433,2024-10-31 16:31:53.366695,1,61.377471033333336,100.0
F24,128,mid1,Fall 2024,Fall 2024 Midterm 1,30,28,19.01818181818182,67.92207792207793,2024-10-03 15:30:54.577396,2024-10-03 16:51:00.475127,1,80.09829551666667,93.33333333333333
F24,128,mid2,Fall 2024,Fall 2024 Midterm 2,30,30,16.7,55.666666666666664,2024-10-31 15:30:26.773717,2024-10-31 16:50:10.472797,1,79.728318,100.0
F24,130,mid1,Fall 2024,Fall 2024 Midterm 1,30,28,20.0,71.42857142857143,2024-10-03 15:30:33.078433,2024-10-03 16:44:53.971456,1,74.34821704999999,93.33333333333333
F24,130,mid2,Fall 2024,Fall 2024 Midterm 2,30,30,22.0,73.33333333333333,2024-10-31 15:31:44.880294,2024-10-31 16:17:49.000369,1,46.06866791666666,100.0
F24,131,mid1,Fall 2024,Fall 2024 Midterm 1,30,28,18.0,64.28571428571429,2024-10-03 15:30:24.363010,2024-10-03 16:50:32.766465,1,80.14005758333333,93.33333333333333
F24,131,mid2,Fall 2024,Fall 2024 Midterm 2,30,30,21.4,71.33333333333333,2024-10-31 15:30:20.021596,2024-10-31 16:37:11.660083,1,66.86064145,100.0
F24,132,mid1,Fall 2024,Fall 2024 Midterm 1,30,28,24.7,88.21428571428571,2024-10-03 15:30:42.446518,2024-10-03 17:39:28.276878,1,128.76383933333332,93.33333333333333
F24,132,mid2,Fall 2024,Fall 2024 Midterm 2,30,30,25.0,83.33333333333334,2024-10-31 15:32:11.678883,2024-10-31 17:36:15.988329,1,124.0718241,100.0
F24,133,mid1,Fall 2024,Fall 2024 Midterm 1,30,28,18.4,65.71428571428571,2024-10-03 15:30:52.808516,2024-10-03 16:49:15.201027,1,78.37320851666666,93.33333333333333
F24,133,mid2,Fall 2024,Fall 2024 Midterm 2,30,30,17.0,56.666666666666664,2024-10-31 15:30:33.029211,2024-10-31 16:50:42.712118,1,80.16138178333334,100.0
F24,134,mid1,Fall 2024,Fall 2024 Midterm 1,30,28,22.0,78.57142857142857,2024-10-03 15:30:34.715124,2024-10-03 16:38:43.580441,1,68.14775528333332,93.33333333333333
F24,135,mid1,Fall 2024,Fall 2024 Midterm 1,30,28,26.0,92.85714285714286,2024-10-03 15:30:36.472744,2024-10-03 16:28:00.929998,1,57.4076209,93.33333333333333
F24,135,mid2,Fall 2024,Fall 2024 Midterm 2,30,30,24.0,80.0,2024-10-31 15:30:19.806008,2024-10-31 16:22:31.876964,1,52.2011826,100.0
F24,136,mid1,Fall 2024,Fall 2024 Midterm 1,30,28,22.9,81.78571428571428,2024-10-03 15:30:32.940606,2024-10-03 16:39:09.093835,1,68.60255381666666,93.33333333333333
F24,136,mid2,Fall 2024,Fall 2024 Midterm 2,30,30,21.0,70.0,2024-10-31 15:30:23.205030,2024-10-31 16:44:29.232269,1,74.10045398333334,100.0
F24,137,mid1,Fall 2024,Fall 2024 Midterm 1,30,28,14.695454545454545,52.48376623376624,2024-10-03 15:30:28.706797,2024-10-03 16:50:23.759368,1,79.91754285,93.33333333333333
F24,137,mid2,Fall 2024,Fall 2024 Midterm 2,30,30,17.0,56.666666666666664,2024-10-31 15:30:24.851455,2024-10-31 16:48:03.045810,1,77.63657258333333,100.0
F24,138,mid2,Fall 2024,Fall 2024 Midterm 2,30,30,23.0,76.66666666666667,2024-10-31 15:31:32.284905,2024-10-31 16:25:16.077594,1,53.72987815,100.0
F24,139,mid1,Fall 2024,Fall 2024 Midterm 1,30,28,13.0,46.42857142857143,2024-10-03 15:33:52.437617,2024-10-03 16:55:04.290973,1,81.19755593333333,93.33333333333333
F24,139,mid2,Fall 2024,Fall 2024 Midterm 2,30,30,18.0,60.0,2024-10-31 15:37:55.362381,2024-10-31 16:42:14.157846,1,64.31325775,100.0
F24,140,mid1,Fall 2024,Fall 2024 Midterm 1,30,28,25.0,89.28571428571429,2024-10-03 15:30:35.663161,2024-10-03 17:37:18.452690,1,126.71315881666666,93.33333333333333
F24,140,mid2,Fall 2024,Fall 2024 Midterm 2,31,31,26.0,83.87096774193549,2024-10-31 15:31:43.295766,2024-10-31 17:35:52.429213,1,124.15222411666667,100.0
F24,141,mid1,Fall 2024,Fall 2024 Midterm 1,30,28,22.0,78.57142857142857,2024-10-03 15:30:29.528364,2024-10-03 16:29:07.683669,1,58.63592175,93.33333333333333
F24,141,mid2,Fall 2024,Fall 2024 Midterm 2,30,30,20.0,66.66666666666666,2024-10-31 15:30:17.019712,2024-10-31 16:26:34.464959,1,56.29075411666667,100.0
F24,142,mid1,Fall 2024,Fall 2024 Midterm 1,30,28,13.0,46.42857142857143,2024-10-03 15:32:05.383447,2024-10-03 16:44:40.102227,1,72.57864633333334,93.33333333333333
F24,142,mid2,Fall 2024,Fall 2024 Midterm 2,30,30,10.2,34.0,2024-10-31 15:30:50.833776,2024-10-31 16:48:27.176075,1,77.60570498333333,100.0
F24,143,mid1,Fall 2024,Fall 2024 Midterm 1,30,28,26.0,92.85714285714286,2024-10-03 15:30:33.773963,2024-10-03 16:29:44.346014,1,59.17620085,93.33333333333333
F24,143,mid2,Fall 2024,Fall 2024 Midterm 2,30,30,24.6,82.0,2024-10-31 15:30:16.959192,2024-10-31 16:14:10.458822,1,43.89166049999999,100.0
F24,144,mid1,Fall 2024,Fall 2024 Midterm 1,30,28,22.875,81.69642857142857,2024-10-03 15:30:26.614484,2024-10-03 16:51:11.232343,1,80.74363098333333,93.33333333333333
F24,144,mid2,Fall 2024,Fall 2024 Midterm 2,30,30,25.0,83.33333333333334,2024-10-31 15:30:13.030780,2024-10-31 16:23:02.112288,1,52.818025133333336,100.0
F24,145,mid1,Fall 2024,Fall 2024 Midterm 1,30,28,21.336363636363636,76.2012987012987,2024-10-03 15:30:34.852421,2024-10-03 16:50:11.652591,1,79.61333616666667,93.33333333333333
F24,145,mid2,Fall 2024,Fall 2024 Midterm 2,30,30,20.0,66.66666666666666,2024-10-31 15:30:16.828506,2024-10-31 16:26:35.836444,1,56.31679896666667,100.0
F24,146,mid1,Fall 2024,Fall 2024 Midterm 1,30,28,23.0,82.14285714285714,2024-10-03 15:33:04.086711,2024-10-03 16:52:45.791311,1,79.69507666666667,93.33333333333333
F24,146,mid2,Fall 2024,Fall 2024 Midterm 2,30,30,18.0,60.0,2024-10-31 15:33:47.711846,2024-10-31 16:54:06.947806,1,80.32059933333333,100.0
F24,149,mid1,Fall 2024,Fall 2024 Midterm 1,30,28,25.0,89.28571428571429,2024-10-03 15:30:48.762839,2024-10-03 16:27:06.094003,1,56.288852733333336,93.33333333333333
F24,149,mid2,Fall 2024,Fall 2024 Midterm 2,30,30,23.0,76.66666666666667,2024-10-31 15:30:27.877668,2024-10-31 16:22:52.898422,1,52.41701256666667,100.0
F24,150,mid1,Fall 2024,Fall 2024 Midterm 1,30,28,25.0,89.28571428571429,2024-10-03 15:30:35.725144,2024-10-03 16:50:40.530263,1,80.08008531666665,93.33333333333333
F24,150,mid2,Fall 2024,Fall 2024 Midterm 2,30,30,24.0,80.0,2024-10-31 15:30:20.364482,2024-10-31 16:18:37.245391,1,48.28134848333333,100.0
F24,151,mid1,Fall 2024,Fall 2024 Midterm 1,30,28,24.9,88.92857142857142,2024-10-03 15:33:15.173851,2024-10-03 17:41:13.870278,1,127.97827378333334,93.33333333333333
F24,151,mid2,Fall 2024,Fall 2024 Midterm 2,30,30,25.0,83.33333333333334,2024-10-31 15:39:55.674531,2024-10-31 17:47:37.068137,1,127.68989343333332,100.0
F24,152,mid1,Fall 2024,Fall 2024 Midterm 1,30,28,22.7,81.07142857142857,2024-10-03 15:30:27.882553,2024-10-03 16:51:07.236627,1,80.65590123333332,93.33333333333333
F24,152,mid2,Fall 2024,Fall 2024 Midterm 2,30,30,23.0,76.66666666666667,2024-10-31 15:30:16.446534,2024-10-31 16:46:48.484951,1,76.53397361666666,100.0
F25,1,mid1,Fall 2025,Fall 2025 Midterm 1,30,29,15.0,51.724137931034484,2025-10-02 15:31:01.870980,2025-10-02 16:51:10.226628,1,80.1392608,96.66666666666667
F25,1,mid2,Fall 2025,Fall 2025 Midterm 2,29,29,13.0,44.827586206896555,2025-10-30 15:30:40.078449,2025-10-30 16:21:58.337436,1,51.30431645,100.0
F25,2,mid1,Fall 2025,Fall 2025 Midterm 1,38,37,35.0,94.5945945945946,2025-10-01 20:00:15.282553,2025-10-02 16:29:13.414664,2,134.39379108333333,97.36842105263158
F25,2,mid2,Fall 2025,Fall 2025 Midterm 2,69,65,57.0,87.6923076923077,2025-10-29 20:00:17.827184,2025-10-30 16:40:59.842421,2,143.02715938333336,94.20289855072464
F25,3,mid1,Fall 2025,Fall 2025 Midterm 1,49,46,39.0,84.78260869565217,2025-10-01 20:00:11.270164,2025-10-02 16:36:37.916370,2,140.76232085,93.87755102040816
F25,3,mid2,Fall 2025,Fall 2025 Midterm 2,41,39,29.7,76.15384615384615,2025-10-29 20:00:14.980479,2025-10-30 16:51:03.930510,2,154.44534768333335,95.1219512195122
F25,4,mid1,Fall 2025,Fall 2025 Midterm 1,59,57,43.0,75.43859649122807,2025-10-01 20:00:13.525548,2025-10-02 16:49:45.189716,2,157.6764408,96.61016949152543
F25,4,mid2,Fall 2025,Fall 2025 Midterm 2,64,63,45.1,71.58730158730158,2025-10-29 20:00:17.189247,2025-10-30 16:48:07.064233,2,138.29731211666666,98.4375
F25,5,mid1,Fall 2025,Fall 2025 Midterm 1,76,73,70.0,95.8904109589041,2025-10-01 20:00:55.855308,2025-10-02 16:27:10.700902,2,136.61992726666668,96.05263157894737
F25,5,mid2,Fall 2025,Fall 2025 Midterm 2,40,40,32.9,82.25,2025-10-29 20:00:15.685563,2025-10-30 16:43:20.770995,2,153.02439483333333,100.0
F25,6,mid1,Fall 2025,Fall 2025 Midterm 1,48,47,39.025,83.03191489361701,2025-10-01 20:19:30.154098,2025-10-02 16:50:22.678280,2,149.58337866666665,97.91666666666667
F25,6,mid2,Fall 2025,Fall 2025 Midterm 2,40,40,30.0,75.0,2025-10-29 20:06:46.189730,2025-10-30 16:50:28.794823,2,154.593164,100.0
F25,7,mid1,Fall 2025,Fall 2025 Midterm 1,49,48,43.0,89.58333333333334,2025-10-01 20:52:44.807770,2025-10-02 16:52:44.793672,2,175.82106756666667,97.95918367346938
F25,7,mid2,Fall 2025,Fall 2025 Midterm 2,131,130,87.9,67.61538461538463,2025-10-29 20:25:50.869936,2025-10-30 16:39:12.277617,2,148.10065475,99.23664122137404
F25,8,mid1,Fall 2025,Fall 2025 Midterm 1,79,72,54.6,75.83333333333333,2025-10-01 20:00:45.587900,2025-10-02 16:50:47.341250,2,153.8660612,91.13924050632912
F25,8,mid2,Fall 2025,Fall 2025 Midterm 2,85,82,54.0,65.85365853658537,2025-10-29 20:01:19.504388,2025-10-30 16:47:21.786942,2,138.7008138,96.47058823529412
F25,9,mid1,Fall 2025,Fall 2025 Midterm 1,30,29,13.0,44.827586206896555,2025-10-02 15:30:58.386004,2025-10-02 16:46:16.166737,1,75.29634555,96.66666666666667
F25,9,mid2,Fall 2025,Fall 2025 Midterm 2,29,29,12.0,41.37931034482759,2025-10-30 15:30:27.119658,2025-10-30 16:33:26.324535,1,62.98674795,100.0
F25,10,mid1,Fall 2025,Fall 2025 Midterm 1,30,29,22.0,75.86206896551724,2025-10-01 20:00:45.046095,2025-10-02 16:46:30.432971,2,156.18863688333334,96.66666666666667
F25,10,mid2,Fall 2025,Fall 2025 Midterm 2,86,84,77.5,92.26190476190477,2025-10-29 20:00:17.006158,2025-10-30 16:50:40.318784,2,159.49771896666664,97.67441860465117
F25,11,mid1,Fall 2025,Fall 2025 Midterm 1,47,46,33.8,73.47826086956522,2025-10-01 20:00:45.085753,2025-10-02 16:46:47.962541,2,138.91790675,97.87234042553192
F25,11,mid2,Fall 2025,Fall 2025 Midterm 2,75,69,50.6,73.33333333333334,2025-10-29 20:01:28.449283,2025-10-30 16:42:36.506422,2,151.16171795000002,92.0
F25,12,mid1,Fall 2025,Fall 2025 Midterm 1,60,59,56.2,95.2542372881356,2025-10-01 20:01:02.126268,2025-10-02 16:51:26.326859,2,155.83970196666667,98.33333333333333
F25,12,mid2,Fall 2025,Fall 2025 Midterm 2,29,29,20.0,68.96551724137932,2025-10-29 20:00:25.684510,2025-10-30 16:51:07.003102,2,161.10127253333334,100.0
F25,13,mid1,Fall 2025,Fall 2025 Midterm 1,84,79,75.0,94.9367088607595,2025-10-01 20:09:41.309064,2025-10-02 15:31:09.179901,2,200.99674563333335,94.04761904761905
F25,13,mid2,Fall 2025,Fall 2025 Midterm 2,30,30,20.0,66.66666666666666,2025-10-29 23:30:52.765345,2025-10-30 16:45:46.530534,2,261.05339855,100.0
F25,14,mid1,Fall 2025,Fall 2025 Midterm 1,69,67,53.7,80.14925373134328,2025-10-01 20:03:57.745330,2025-10-02 16:47:09.657026,2,142.11918248333333,97.10144927536231
F25,14,mid2,Fall 2025,Fall 2025 Midterm 2,33,33,24.2,73.33333333333333,2025-10-29 20:06:03.345147,2025-10-30 16:45:27.998601,2,133.80273298333333,100.0
F25,15,mid1,Fall 2025,Fall 2025 Midterm 1,30,29,24.0,82.75862068965517,2025-10-02 15:30:29.313838,2025-10-02 16:26:02.226155,1,55.54853861666666,96.66666666666667
F25,15,mid2,Fall 2025,Fall 2025 Midterm 2,29,29,12.2,42.068965517241374,2025-10-30 15:30:26.945613,2025-10-30 16:10:53.704097,1,40.44597473333333,100.0
F25,16,mid1,Fall 2025,Fall 2025 Midterm 1,30,29,25.0,86.20689655172413,2025-10-01 20:01:39.728853,2025-10-02 19:25:32.901424,2,145.79295150000002,96.66666666666667
F25,16,mid2,Fall 2025,Fall 2025 Midterm 2,34,32,32.0,100.0,2025-10-29 20:06:46.740911,2025-10-30 16:19:20.170957,2,123.67414255,94.11764705882354
F25,17,mid1,Fall 2025,Fall 2025 Midterm 1,30,29,25.0,86.20689655172413,2025-10-01 20:01:10.719722,2025-10-02 16:33:33.601162,2,142.29859706666667,96.66666666666667
F25,17,mid2,Fall 2025,Fall 2025 Midterm 2,39,38,37.0,97.36842105263158,2025-10-29 20:00:15.696227,2025-10-30 16:34:25.847847,2,144.08183321666667,97.43589743589743
F25,19,mid1,Fall 2025,Fall 2025 Midterm 1,31,30,27.0,90.0,2025-10-01 20:01:02.446087,2025-10-02 16:29:12.441926,2,138.68604484999997,96.7741935483871
F25,19,mid2,Fall 2025,Fall 2025 Midterm 2,34,34,31.0,91.17647058823529,2025-10-29 20:00:15.323326,2025-10-30 16:48:07.407254,2,157.92577196666667,100.0
F25,20,mid1,Fall 2025,Fall 2025 Midterm 1,30,29,12.0,41.37931034482759,2025-10-01 20:00:17.985782,2025-10-02 16:37:44.956791,2,142.26386673333332,96.66666666666667
F25,20,mid2,Fall 2025,Fall 2025 Midterm 2,65,64,45.0,70.3125,2025-10-29 20:00:12.284732,2025-10-30 16:27:15.301833,2,129.77928566666668,98.46153846153847
F25,21,mid1,Fall 2025,Fall 2025 Midterm 1,39,38,33.85,89.07894736842105,2025-10-01 20:04:33.081662,2025-10-02 16:51:57.041314,2,160.26917980000002,97.43589743589743
F25,21,mid2,Fall 2025,Fall 2025 Midterm 2,66,65,56.833333333333336,87.43589743589743,2025-10-29 20:00:16.838640,2025-10-30 16:48:21.245896,2,158.12374636666667,98.48484848484848
F25,22,mid1,Fall 2025,Fall 2025 Midterm 1,36,35,32.0,91.42857142857143,2025-10-01 20:00:43.192555,2025-10-02 16:45:46.679881,2,151.1055164666667,97.22222222222223
F25,22,mid2,Fall 2025,Fall 2025 Midterm 2,33,33,32.0,96.96969696969697,2025-10-29 20:01:45.723338,2025-10-30 16:47:01.982946,2,157.05962913333332,100.0
F25,23,mid1,Fall 2025,Fall 2025 Midterm 1,32,31,19.0,61.29032258064516,2025-10-01 20:01:20.324789,2025-10-02 16:50:50.285704,2,160.09939513333333,96.875
F25,23,mid2,Fall 2025,Fall 2025 Midterm 2,65,64,45.0,70.3125,2025-10-29 20:01:02.834167,2025-10-30 16:50:01.513411,2,159.3362349,98.46153846153847
F25,24,mid1,Fall 2025,Fall 2025 Midterm 1,73,71,67.0,94.36619718309859,2025-10-01 20:03:33.749986,2025-10-02 16:40:37.251788,2,135.80579311666668,97.26027397260275
F25,24,mid2,Fall 2025,Fall 2025 Midterm 2,35,34,30.8,90.58823529411765,2025-10-29 20:00:16.859404,2025-10-30 16:49:25.504011,2,157.49345731666668,97.14285714285714
F25,25,mid1,Fall 2025,Fall 2025 Midterm 1,35,34,22.0,64.70588235294117,2025-10-01 20:00:59.208220,2025-10-02 16:37:12.668722,2,146.8692228,97.14285714285714
F25,25,mid2,Fall 2025,Fall 2025 Midterm 2,65,64,50.2,78.4375,2025-10-29 20:00:17.480006,2025-10-30 16:43:32.135229,2,152.74817348333335,98.46153846153847
F25,26,mid1,Fall 2025,Fall 2025 Midterm 1,129,123,104.0,84.5528455284553,2025-10-01 20:00:24.698877,2025-10-02 16:49:08.326184,2,150.73739151666666,95.34883720930233
F25,26,mid2,Fall 2025,Fall 2025 Midterm 2,182,174,114.0,65.51724137931035,2025-10-29 20:00:16.334033,2025-10-30 16:51:04.345557,2,155.06889488333331,95.6043956043956
F25,27,mid1,Fall 2025,Fall 2025 Midterm 1,66,65,55.2,84.92307692307692,2025-10-01 20:02:52.058463,2025-10-02 16:37:17.713229,2,143.9094531,98.48484848484848
F25,27,mid2,Fall 2025,Fall 2025 Midterm 2,71,69,55.1,79.85507246376812,2025-10-29 20:03:32.455142,2025-10-30 16:22:56.622070,2,130.35145345,97.1830985915493
F25,28,mid1,Fall 2025,Fall 2025 Midterm 1,60,59,44.6,75.59322033898306,2025-10-01 20:00:18.076703,2025-10-02 16:05:58.600723,2,95.22579091666665,98.33333333333333
F25,28,mid2,Fall 2025,Fall 2025 Midterm 2,29,29,23.0,79.3103448275862,2025-10-29 20:00:20.303052,2025-10-30 16:37:30.035947,2,140.89259896666667,100.0
F25,29,mid1,Fall 2025,Fall 2025 Midterm 1,66,65,42.0,64.61538461538461,2025-10-01 20:01:01.057851,2025-10-02 16:53:06.149288,2,140.19609150000002,98.48484848484848
F25,29,mid2,Fall 2025,Fall 2025 Midterm 2,41,40,19.6,49.00000000000001,2025-10-29 20:02:00.112394,2025-10-30 16:51:36.730728,2,160.25436885,97.5609756097561
F25,30,mid1,Fall 2025,Fall 2025 Midterm 1,80,79,70.0,88.60759493670885,2025-10-01 20:00:21.726122,2025-10-02 16:50:57.546932,2,112.91957511666666,98.75
F25,30,mid2,Fall 2025,Fall 2025 Midterm 2,70,69,53.0,76.81159420289855,2025-10-29 20:00:13.815315,2025-10-30 16:50:47.674388,2,116.06889129999999,98.57142857142857
F25,31,mid1,Fall 2025,Fall 2025 Midterm 1,30,29,23.8,82.06896551724138,2025-10-01 17:50:10.038999,2025-10-01 19:48:47.677008,1,118.62730015000001,96.66666666666667
F25,31,mid2,Fall 2025,Fall 2025 Midterm 2,29,29,19.0,65.51724137931035,2025-10-29 17:39:16.439612,2025-10-29 19:35:53.975637,1,116.62560041666667,100.0
F25,32,mid1,Fall 2025,Fall 2025 Midterm 1,39,38,33.25,87.5,2025-10-01 20:01:05.437013,2025-10-02 16:22:47.987167,2,131.7391206,97.43589743589743
F25,32,mid2,Fall 2025,Fall 2025 Midterm 2,40,38,36.5,96.05263157894737,2025-10-29 20:00:16.996377,2025-10-30 16:22:54.710443,2,122.09108245,95.0
F25,33,mid1,Fall 2025,Fall 2025 Midterm 1,30,29,18.0,62.06896551724138,2025-10-02 15:30:41.993804,2025-10-02 16:36:40.177182,1,65.96972296666667,96.66666666666667
F25,33,mid2,Fall 2025,Fall 2025 Midterm 2,29,29,20.3,70.0,2025-10-30 15:30:24.824443,2025-10-30 16:43:28.281204,1,73.05761268333335,100.0
F25,34,mid1,Fall 2025,Fall 2025 Midterm 1,30,29,28.0,96.55172413793103,2025-10-02 15:30:54.447417,2025-10-02 16:48:09.726550,1,77.25465221666667,96.66666666666667
F25,34,mid2,Fall 2025,Fall 2025 Midterm 2,29,29,25.0,86.20689655172413,2025-10-30 15:30:31.793370,2025-10-30 16:50:17.318407,1,79.75875061666667,100.0
F25,35,mid1,Fall 2025,Fall 2025 Midterm 1,30,29,23.2,80.0,2025-10-02 15:30:27.857977,2025-10-02 16:47:26.092357,1,76.970573,96.66666666666667
F25,35,mid2,Fall 2025,Fall 2025 Midterm 2,29,29,19.6,67.58620689655173,2025-10-30 15:30:23.640326,2025-10-30 16:35:08.907764,1,64.7544573,100.0
F25,36,mid1,Fall 2025,Fall 2025 Midterm 1,60,59,57.0,96.61016949152543,2025-10-01 20:00:21.600823,2025-10-02 16:50:36.152863,2,160.83854238333333,98.33333333333333
F25,36,mid2,Fall 2025,Fall 2025 Midterm 2,71,69,57.6,83.47826086956522,2025-10-29 20:00:51.051372,2025-10-30 16:51:22.240327,2,160.76663153333334,97.1830985915493
F25,37,mid1,Fall 2025,Fall 2025 Midterm 1,30,29,24.0,82.75862068965517,2025-10-02 02:00:49.298925,2025-10-02 16:59:28.610271,2,196.19684033333334,96.66666666666667
F25,37,mid2,Fall 2025,Fall 2025 Midterm 2,29,29,22.5,77.58620689655173,2025-10-29 21:49:05.981073,2025-10-30 16:58:51.767462,2,205.29245326666668,100.0
F25,38,mid1,Fall 2025,Fall 2025 Midterm 1,56,55,47.0,85.45454545454545,2025-10-01 20:00:46.307608,2025-10-02 16:47:26.469983,2,138.57736749999998,98.21428571428571
F25,38,mid2,Fall 2025,Fall 2025 Midterm 2,29,29,17.6,60.6896551724138,2025-10-29 20:00:17.248409,2025-10-30 16:50:46.030598,2,143.12362645,100.0
F25,39,mid1,Fall 2025,Fall 2025 Midterm 1,51,50,36.0,72.0,2025-10-01 20:01:44.961854,2025-10-02 16:28:38.461315,2,139.54712663333333,98.03921568627452
F25,39,mid2,Fall 2025,Fall 2025 Midterm 2,51,50,34.1,68.2,2025-10-29 20:00:45.857444,2025-10-30 16:15:57.062526,2,125.34094681666667,98.03921568627452
F25,40,mid1,Fall 2025,Fall 2025 Midterm 1,40,39,26.0,66.66666666666666,2025-10-01 20:00:17.619131,2025-10-02 16:49:53.952212,2,151.08571308333333,97.5
F25,40,mid2,Fall 2025,Fall 2025 Midterm 2,29,29,23.0,79.3103448275862,2025-10-29 20:00:26.059384,2025-10-30 16:49:16.961331,2,153.56478523333334,100.0
F25,41,mid1,Fall 2025,Fall 2025 Midterm 1,40,37,36.0,97.2972972972973,2025-10-01 20:01:28.819893,2025-10-02 16:48:09.307210,2,157.20662438333332,92.5
F25,41,mid2,Fall 2025,Fall 2025 Midterm 2,78,74,60.9,82.2972972972973,2025-10-29 20:00:52.811162,2025-10-30 16:51:00.426822,2,160.71908398333335,94.87179487179488
F25,42,mid1,Fall 2025,Fall 2025 Midterm 1,44,43,32.0,74.4186046511628,2025-10-01 20:02:49.309323,2025-10-02 16:47:31.625771,2,157.06508208333332,97.72727272727273
F25,42,mid2,Fall 2025,Fall 2025 Midterm 2,42,42,29.2,69.52380952380952,2025-10-29 20:00:25.988815,2025-10-30 16:47:39.205492,2,157.09639226666667,100.0
F25,43,mid1,Fall 2025,Fall 2025 Midterm 1,52,51,45.0,88.23529411764706,2025-10-01 20:01:29.548355,2025-10-02 16:45:16.181123,2,126.32092801666667,98.07692307692308
F25,43,mid2,Fall 2025,Fall 2025 Midterm 2,29,29,21.0,72.41379310344827,2025-10-29 20:00:20.515345,2025-10-30 16:41:58.669806,2,134.06292998333333,100.0
F25,44,mid1,Fall 2025,Fall 2025 Midterm 1,32,30,25.0,83.33333333333334,2025-10-01 20:08:05.586193,2025-10-02 16:30:21.170954,2,152.27563585,93.75
F25,44,mid2,Fall 2025,Fall 2025 Midterm 2,29,29,19.9,68.62068965517241,2025-10-29 20:01:08.408313,2025-10-30 16:51:05.459534,2,168.21650031666667,100.0
F25,45,mid1,Fall 2025,Fall 2025 Midterm 1,39,38,28.0,73.68421052631578,2025-10-01 20:00:37.682423,2025-10-02 16:08:07.569642,2,117.39556396666666,97.43589743589743
F25,45,mid2,Fall 2025,Fall 2025 Midterm 2,106,104,84.6,81.34615384615384,2025-10-29 20:00:19.229324,2025-10-30 16:45:46.954021,2,155.34125895,98.11320754716981
F25,46,mid1,Fall 2025,Fall 2025 Midterm 1,30,29,26.0,89.65517241379311,2025-10-01 20:01:25.338993,2025-10-02 16:25:20.361639,2,115.88164025,96.66666666666667
F25,46,mid2,Fall 2025,Fall 2025 Midterm 2,29,29,14.9,51.37931034482759,2025-10-29 20:00:45.741502,2025-10-30 16:45:34.282462,2,155.14271161666667,100.0
F25,47,mid1,Fall 2025,Fall 2025 Midterm 1,30,29,22.6,77.93103448275862,2025-10-02 15:31:30.602893,2025-10-02 16:45:08.706276,1,73.63505638333332,96.66666666666667
F25,47,mid2,Fall 2025,Fall 2025 Midterm 2,29,29,16.9,58.27586206896551,2025-10-30 15:30:39.082672,2025-10-30 16:50:47.560540,1,80.1412978,100.0
F25,48,mid1,Fall 2025,Fall 2025 Midterm 1,30,29,25.0,86.20689655172413,2025-10-03 14:25:49.944253,2025-10-03 22:19:50.725114,2,136.48103156666667,96.66666666666667
F25,48,mid2,Fall 2025,Fall 2025 Midterm 2,80,77,65.4,84.93506493506494,2025-10-29 20:00:08.720610,2025-10-30 16:51:15.805533,2,160.22891558333333,96.25
F25,49,mid1,Fall 2025,Fall 2025 Midterm 1,30,29,16.0,55.172413793103445,2025-10-02 15:49:04.852589,2025-10-02 17:01:51.785117,1,72.7822088,96.66666666666667
F25,49,mid2,Fall 2025,Fall 2025 Midterm 2,29,29,15.7,54.137931034482754,2025-10-30 15:30:38.024766,2025-10-30 16:50:41.302455,1,80.05462815,100.0
F25,50,mid1,Fall 2025,Fall 2025 Midterm 1,65,64,62.0,96.875,2025-10-02 00:14:06.185786,2025-10-02 16:09:14.956236,2,151.71072953333334,98.46153846153847
F25,50,mid2,Fall 2025,Fall 2025 Midterm 2,38,37,31.0,83.78378378378379,2025-10-29 20:04:12.763909,2025-10-30 16:22:09.220552,2,175.45709685000003,97.36842105263158
F25,51,mid1,Fall 2025,Fall 2025 Midterm 1,64,63,53.0,84.12698412698413,2025-10-01 20:00:30.171648,2025-10-03 16:15:07.399710,2,102.43965015,98.4375
F25,51,mid2,Fall 2025,Fall 2025 Midterm 2,29,29,22.0,75.86206896551724,2025-10-29 20:00:20.072670,2025-10-30 16:47:31.352167,2,142.8517262,100.0
F25,52,mid1,Fall 2025,Fall 2025 Midterm 1,30,29,19.2,66.20689655172414,2025-10-02 15:30:38.825231,2025-10-02 16:46:06.474725,1,75.4608249,96.66666666666667
F25,52,mid2,Fall 2025,Fall 2025 Midterm 2,29,29,15.1,52.06896551724138,2025-10-30 15:30:30.657540,2025-10-30 16:48:12.868799,1,77.70352098333333,100.0
F25,53,mid1,Fall 2025,Fall 2025 Midterm 1,30,29,19.0,65.51724137931035,2025-10-01 20:00:16.905166,2025-10-01 21:20:24.691907,1,80.12977901666666,96.66666666666667
F25,53,mid2,Fall 2025,Fall 2025 Midterm 2,29,29,19.0,65.51724137931035,2025-10-29 20:00:17.008681,2025-10-29 21:20:26.405739,1,80.15661763333333,100.0
F25,54,mid1,Fall 2025,Fall 2025 Midterm 1,61,60,51.6,86.0,2025-10-01 20:00:34.714326,2025-10-02 16:51:07.600530,2,160.03877101666666,98.36065573770492
F25,54,mid2,Fall 2025,Fall 2025 Midterm 2,36,36,27.0,75.0,2025-10-29 20:00:15.400783,2025-10-30 16:47:10.887096,2,154.97740676666666,100.0
F25,55,mid1,Fall 2025,Fall 2025 Midterm 1,31,30,28.0,93.33333333333333,2025-10-01 20:00:18.188118,2025-10-03 15:40:28.084901,2,130.17444421666667,96.7741935483871
F25,55,mid2,Fall 2025,Fall 2025 Midterm 2,65,64,49.3,77.03125,2025-10-29 20:00:24.204323,2025-10-30 16:51:31.861142,2,146.7539491833333,98.46153846153847
F25,56,mid1,Fall 2025,Fall 2025 Midterm 1,30,29,28.0,96.55172413793103,2025-10-01 20:00:50.730228,2025-10-02 16:21:36.243892,2,131.06295203333332,96.66666666666667
F25,56,mid2,Fall 2025,Fall 2025 Midterm 2,30,30,25.0,83.33333333333334,2025-10-29 20:01:48.502946,2025-10-30 16:46:54.553020,2,155.51171548333332,100.0
F25,57,mid1,Fall 2025,Fall 2025 Midterm 1,71,69,59.2,85.79710144927537,2025-10-01 20:03:11.853456,2025-10-02 16:50:36.304576,2,158.39244300000001,97.1830985915493
F25,57,mid2,Fall 2025,Fall 2025 Midterm 2,76,75,67.6,90.13333333333333,2025-10-29 20:00:28.679621,2025-10-30 16:50:07.339075,2,157.3385341833333,98.6842105263158
F25,58,mid1,Fall 2025,Fall 2025 Midterm 1,77,76,63.6,83.6842105263158,2025-10-01 20:00:14.109178,2025-10-02 16:45:27.024108,2,147.05620964999997,98.7012987012987
F25,58,mid2,Fall 2025,Fall 2025 Midterm 2,32,32,16.0,50.0,2025-10-30 15:30:44.809855,2025-10-30 16:39:43.627613,2,125.65031715,100.0
F25,59,mid1,Fall 2025,Fall 2025 Midterm 1,30,29,26.0,89.65517241379311,2025-10-02 15:31:35.680147,2025-10-02 16:46:22.665641,1,74.78309156666666,96.66666666666667
F25,59,mid2,Fall 2025,Fall 2025 Midterm 2,29,29,27.0,93.10344827586206,2025-10-30 15:33:01.581125,2025-10-30 16:53:07.175323,1,80.09323663333333,100.0
F25,60,mid1,Fall 2025,Fall 2025 Midterm 1,60,59,33.8,57.28813559322033,2025-10-01 20:00:47.247224,2025-10-02 16:49:39.528348,2,146.72900535,98.33333333333333
F25,60,mid2,Fall 2025,Fall 2025 Midterm 2,50,47,27.7,58.93617021276596,2025-10-29 20:11:33.544470,2025-10-30 16:36:56.140695,2,116.04667958333334,94.0
F25,61,mid1,Fall 2025,Fall 2025 Midterm 1,32,31,19.0,61.29032258064516,2025-10-01 20:01:05.764997,2025-10-02 22:21:45.456132,2,178.8829157,96.875
F25,61,mid2,Fall 2025,Fall 2025 Midterm 2,62,61,42.6,69.83606557377048,2025-10-29 20:00:22.062828,2025-10-30 17:33:34.418486,2,166.08212053333332,98.38709677419355
F25,62,mid1,Fall 2025,Fall 2025 Midterm 1,34,33,30.0,90.9090909090909,2025-10-01 20:01:25.025210,2025-10-02 16:18:20.916418,2,126.73417979999999,97.05882352941177
F25,62,mid2,Fall 2025,Fall 2025 Midterm 2,41,41,35.0,85.36585365853658,2025-10-29 20:00:10.483132,2025-10-30 16:36:20.124072,2,146.05652583333335,100.0
F25,63,mid1,Fall 2025,Fall 2025 Midterm 1,61,60,49.0,81.66666666666667,2025-10-01 20:00:16.919479,2025-10-02 16:46:53.487084,2,110.31398949999999,98.36065573770492
F25,63,mid2,Fall 2025,Fall 2025 Midterm 2,60,59,44.0,74.57627118644068,2025-10-29 20:00:03.235881,2025-10-30 16:46:13.243728,2,111.79787105,98.33333333333333
F25,64,mid1,Fall 2025,Fall 2025 Midterm 1,38,37,16.2,43.78378378378378,2025-10-01 20:01:09.797326,2025-10-02 16:49:13.908766,2,158.64533408333335,97.36842105263158
F25,64,mid2,Fall 2025,Fall 2025 Midterm 2,38,36,29.6,82.22222222222223,2025-10-29 20:00:11.799978,2025-10-30 16:31:13.692360,2,140.28109746666667,94.73684210526316
F25,65,mid1,Fall 2025,Fall 2025 Midterm 1,41,40,26.0,65.0,2025-10-01 20:01:34.607933,2025-10-02 16:50:56.861490,2,159.47012263333332,97.5609756097561
F25,65,mid2,Fall 2025,Fall 2025 Midterm 2,29,29,21.6,74.48275862068967,2025-10-29 20:00:19.660400,2025-10-30 16:26:49.080549,2,136.30940130000002,100.0
F25,66,mid1,Fall 2025,Fall 2025 Midterm 1,68,63,47.0,74.60317460317461,2025-10-01 20:02:22.367682,2025-10-02 16:24:03.267242,2,123.6154028,92.6470588235294
F25,66,mid2,Fall 2025,Fall 2025 Midterm 2,39,39,34.0,87.17948717948718,2025-10-29 20:00:46.388970,2025-10-30 16:47:36.671279,2,138.55196673333333,100.0
F25,67,mid1,Fall 2025,Fall 2025 Midterm 1,35,34,30.0,88.23529411764706,2025-10-01 20:00:21.448910,2025-10-02 16:25:28.230362,2,124.27860704999999,97.14285714285714
F25,67,mid2,Fall 2025,Fall 2025 Midterm 2,29,29,22.0,75.86206896551724,2025-10-29 20:00:32.437741,2025-10-30 16:49:28.373056,2,145.55296303333333,100.0
F25,68,mid1,Fall 2025,Fall 2025 Midterm 1,81,79,67.9,85.9493670886076,2025-10-01 20:01:25.161075,2025-10-02 16:51:56.788552,2,160.36612916666667,97.53086419753086
F25,68,mid2,Fall 2025,Fall 2025 Midterm 2,76,75,65.2,86.93333333333334,2025-10-29 20:00:19.096370,2025-10-30 16:50:59.246762,2,160.29663375,98.6842105263158
F25,69,mid1,Fall 2025,Fall 2025 Midterm 1,38,37,34.0,91.8918918918919,2025-10-01 20:00:55.932951,2025-10-02 16:14:58.870409,2,124.52058791666667,97.36842105263158
F25,69,mid2,Fall 2025,Fall 2025 Midterm 2,38,38,32.9,86.57894736842104,2025-10-29 20:00:08.600514,2025-10-30 16:31:59.446093,2,137.83309815,100.0
F25,70,mid1,Fall 2025,Fall 2025 Midterm 1,35,34,22.8,67.05882352941177,2025-10-01 20:01:29.176531,2025-10-02 16:35:28.739480,2,144.78592805,97.14285714285714
F25,70,mid2,Fall 2025,Fall 2025 Midterm 2,74,74,58.3,78.78378378378378,2025-10-29 20:00:14.466391,2025-10-30 16:27:42.999353,2,138.03949278333334,100.0
F25,71,mid1,Fall 2025,Fall 2025 Midterm 1,30,29,22.0,75.86206896551724,2025-10-01 20:02:35.882865,2025-10-02 16:06:32.525826,2,115.79216313333333,96.66666666666667
F25,71,mid2,Fall 2025,Fall 2025 Midterm 2,61,59,36.1,61.186440677966104,2025-10-29 20:04:04.298720,2025-10-30 16:45:59.283010,2,147.6882273,96.72131147540983
F25,72,mid1,Fall 2025,Fall 2025 Midterm 1,145,142,105.0,73.94366197183099,2025-10-01 20:00:26.139288,2025-10-02 16:33:56.310715,2,130.45603956666668,97.93103448275862
F25,72,mid2,Fall 2025,Fall 2025 Midterm 2,68,67,53.2,79.40298507462687,2025-10-29 20:01:01.733900,2025-10-30 16:52:22.945235,2,152.6136578,98.52941176470588
F25,73,mid1,Fall 2025,Fall 2025 Midterm 1,73,72,64.0,88.88888888888889,2025-10-01 20:01:27.238448,2025-10-02 16:19:16.195964,2,128.03499856666667,98.63013698630137
F25,73,mid2,Fall 2025,Fall 2025 Midterm 2,77,76,67.0,88.1578947368421,2025-10-29 20:03:06.818285,2025-10-30 16:43:00.701496,2,152.06361688333334,98.7012987012987
F25,74,mid1,Fall 2025,Fall 2025 Midterm 1,38,37,27.0,72.97297297297297,2025-10-01 20:02:51.663002,2025-10-02 16:47:27.972767,2,156.82567208333333,97.36842105263158
F25,74,mid2,Fall 2025,Fall 2025 Midterm 2,141,129,95.0,73.64341085271317,2025-10-29 20:06:05.145814,2025-10-30 16:38:39.492716,2,140.76418383333333,91.48936170212765
F25,75,mid1,Fall 2025,Fall 2025 Midterm 1,38,37,26.0,70.27027027027027,2025-10-01 20:04:44.259770,2025-10-02 16:37:48.896149,2,109.45384178333333,97.36842105263158
F25,75,mid2,Fall 2025,Fall 2025 Midterm 2,29,29,20.0,68.96551724137932,2025-10-29 20:00:18.679360,2025-10-30 18:39:24.294758,2,145.77666893333333,100.0
F25,76,mid1,Fall 2025,Fall 2025 Midterm 1,67,66,57.5,87.12121212121212,2025-10-01 20:00:50.434139,2025-10-02 16:50:51.659051,2,149.09666651666666,98.50746268656717
F25,76,mid2,Fall 2025,Fall 2025 Midterm 2,92,87,71.0,81.60919540229885,2025-10-29 20:00:17.688087,2025-10-30 16:50:12.709947,2,159.99110413333335,94.56521739130434
F25,77,mid1,Fall 2025,Fall 2025 Midterm 1,49,48,43.0,89.58333333333334,2025-10-01 20:02:44.716559,2025-10-02 16:50:31.310226,2,156.34278031666668,97.95918367346938
F25,77,mid2,Fall 2025,Fall 2025 Midterm 2,29,29,23.0,79.3103448275862,2025-10-29 20:00:14.203857,2025-10-30 16:59:11.380494,2,152.09458878333334,100.0
F25,78,mid1,Fall 2025,Fall 2025 Midterm 1,30,29,11.0,37.93103448275862,2025-10-01 20:01:02.673352,2025-10-02 16:51:49.079301,2,156.21331588333334,96.66666666666667
F25,78,mid2,Fall 2025,Fall 2025 Midterm 2,70,66,41.0,62.121212121212125,2025-10-29 20:00:13.009924,2025-10-30 16:53:45.536128,2,141.06133855000002,94.28571428571429
F25,79,mid1,Fall 2025,Fall 2025 Midterm 1,50,49,42.0,85.71428571428571,2025-10-01 20:00:51.027593,2025-10-02 16:50:12.185664,2,141.43551573333335,98.0
F25,79,mid2,Fall 2025,Fall 2025 Midterm 2,29,29,19.0,65.51724137931035,2025-10-29 20:00:53.834742,2025-10-30 16:50:30.605351,2,133.98258063333333,100.0
F25,80,mid1,Fall 2025,Fall 2025 Midterm 1,35,34,33.0,97.05882352941177,2025-10-01 23:32:09.506631,2025-10-02 16:46:55.762754,2,147.48796226666667,97.14285714285714
F25,80,mid2,Fall 2025,Fall 2025 Midterm 2,35,35,30.0,85.71428571428571,2025-10-29 22:08:58.677819,2025-10-30 16:50:59.600006,2,161.66246693333335,100.0
F25,81,mid1,Fall 2025,Fall 2025 Midterm 1,50,46,34.0,73.91304347826086,2025-10-01 20:00:16.746182,2025-10-02 16:52:35.497379,2,154.06325296666665,92.0
F25,81,mid2,Fall 2025,Fall 2025 Midterm 2,63,62,41.3,66.61290322580645,2025-10-29 20:00:13.363083,2025-10-30 15:32:06.903870,2,60.031097216666666,98.41269841269842
F25,82,mid1,Fall 2025,Fall 2025 Midterm 1,65,64,58.0,90.625,2025-10-01 20:30:12.358927,2025-10-02 16:50:31.149921,2,201.1841981,98.46153846153847
F25,82,mid2,Fall 2025,Fall 2025 Midterm 2,46,46,35.0,76.08695652173914,2025-10-29 20:00:28.893428,2025-10-30 16:40:38.531701,2,191.5069969666667,100.0
F25,83,mid1,Fall 2025,Fall 2025 Midterm 1,99,98,82.2,83.87755102040816,2025-10-01 20:01:32.846562,2025-10-02 16:29:51.075990,2,139.24890126666668,98.98989898989899
F25,83,mid2,Fall 2025,Fall 2025 Midterm 2,42,41,24.1,58.78048780487806,2025-10-29 20:00:15.414417,2025-10-30 16:36:54.545203,2,146.65368096666668,97.61904761904762
F25,84,mid1,Fall 2025,Fall 2025 Midterm 1,60,59,44.0,74.57627118644068,2025-10-01 20:01:46.515962,2025-10-02 16:36:58.047470,2,101.43384438333334,98.33333333333333
F25,84,mid2,Fall 2025,Fall 2025 Midterm 2,65,64,39.0,60.9375,2025-10-29 20:00:30.487211,2025-10-30 16:30:11.872279,2,121.62950636666666,98.46153846153847
F25,85,mid1,Fall 2025,Fall 2025 Midterm 1,32,31,21.0,67.74193548387096,2025-10-01 20:00:33.192879,2025-10-02 16:51:37.656959,2,156.12610589999997,96.875
F25,85,mid2,Fall 2025,Fall 2025 Midterm 2,29,29,16.0,55.172413793103445,2025-10-29 20:00:35.486052,2025-10-30 16:51:08.294417,2,157.42513283333335,100.0
F25,86,mid1,Fall 2025,Fall 2025 Midterm 1,35,33,32.0,96.96969696969697,2025-10-01 20:00:56.205917,2025-10-03 18:15:57.202471,2,102.05349626666667,94.28571428571429
F25,86,mid2,Fall 2025,Fall 2025 Midterm 2,29,29,24.8,85.51724137931035,2025-10-29 20:00:14.047246,2025-10-30 16:51:14.472296,2,114.88459043333333,100.0
F25,87,mid1,Fall 2025,Fall 2025 Midterm 1,30,29,28.0,96.55172413793103,2025-10-01 20:01:19.521983,2025-10-03 19:10:51.369955,2,124.82263458333333,96.66666666666667
F25,87,mid2,Fall 2025,Fall 2025 Midterm 2,52,52,42.0,80.76923076923077,2025-10-29 20:00:20.384456,2025-10-30 16:45:59.939666,2,155.22022118333336,100.0
F25,88,mid1,Fall 2025,Fall 2025 Midterm 1,30,29,27.0,93.10344827586206,2025-10-01 20:01:01.149979,2025-10-03 16:29:26.609778,2,135.55419573333333,96.66666666666667
F25,88,mid2,Fall 2025,Fall 2025 Midterm 2,116,115,91.1,79.21739130434781,2025-10-29 20:00:19.997482,2025-10-30 16:29:46.543403,2,139.49744028333333,99.13793103448276
F25,89,mid1,Fall 2025,Fall 2025 Midterm 1,48,46,44.0,95.65217391304348,2025-10-01 20:00:12.597238,2025-10-02 16:25:05.994181,2,118.31870811666667,95.83333333333333
F25,89,mid2,Fall 2025,Fall 2025 Midterm 2,29,29,29.0,100.0,2025-10-29 20:00:46.040622,2025-10-30 16:36:43.763804,2,136.37019941666665,100.0
F25,90,mid1,Fall 2025,Fall 2025 Midterm 1,60,59,58.0,98.30508474576271,2025-10-01 20:00:28.835617,2025-10-02 16:38:42.972720,2,134.84659588333335,98.33333333333333
F25,90,mid2,Fall 2025,Fall 2025 Midterm 2,63,62,53.0,85.48387096774194,2025-10-29 20:00:20.183956,2025-10-30 16:51:13.304041,2,160.87622506666668,98.41269841269842
F25,91,mid1,Fall 2025,Fall 2025 Midterm 1,30,29,23.0,79.3103448275862,2025-10-01 20:00:33.392795,2025-10-02 16:25:56.900535,2,134.16771306666666,96.66666666666667
F25,91,mid2,Fall 2025,Fall 2025 Midterm 2,29,29,23.0,79.3103448275862,2025-10-29 20:01:51.586986,2025-10-30 16:45:54.347434,2,155.14768185,100.0
F25,92,mid1,Fall 2025,Fall 2025 Midterm 1,30,29,26.0,89.65517241379311,2025-10-01 20:00:32.972276,2025-10-01 21:08:27.378145,1,67.90676448333333,96.66666666666667
F25,92,mid2,Fall 2025,Fall 2025 Midterm 2,29,29,24.0,82.75862068965517,2025-10-29 20:00:29.598014,2025-10-29 21:19:42.281693,1,79.21139465,100.0
F25,93,mid1,Fall 2025,Fall 2025 Midterm 1,30,29,16.0,55.172413793103445,2025-10-02 16:13:31.889511,2025-10-02 17:34:33.778443,1,81.0314822,96.66666666666667
F25,93,mid2,Fall 2025,Fall 2025 Midterm 2,29,29,18.0,62.06896551724138,2025-10-30 15:37:35.745571,2025-10-30 16:58:39.182431,1,81.057281,100.0
F25,94,mid1,Fall 2025,Fall 2025 Midterm 1,35,34,29.0,85.29411764705883,2025-10-01 20:00:26.164966,2025-10-03 02:00:44.730277,2,195.10754494999998,97.14285714285714
F25,94,mid2,Fall 2025,Fall 2025 Midterm 2,34,33,28.0,84.84848484848484,2025-10-29 20:00:16.855836,2025-10-31 02:38:54.464259,2,204.12768306666666,97.05882352941177
F25,95,mid1,Fall 2025,Fall 2025 Midterm 1,61,59,52.0,88.13559322033898,2025-10-01 20:21:16.547285,2025-10-02 16:48:26.165401,2,199.37824996666666,96.72131147540983
F25,95,mid2,Fall 2025,Fall 2025 Midterm 2,37,37,28.0,75.67567567567568,2025-10-29 20:10:18.119886,2025-10-30 16:47:35.926548,2,198.15015808333334,100.0
F25,96,mid1,Fall 2025,Fall 2025 Midterm 1,30,29,21.2,73.10344827586206,2025-10-02 15:30:40.272962,2025-10-02 16:34:21.491855,1,63.686981550000006,96.66666666666667
F25,96,mid2,Fall 2025,Fall 2025 Midterm 2,29,29,19.6,67.58620689655173,2025-10-30 15:30:26.412692,2025-10-30 16:36:18.965333,1,65.87587735000001,100.0
F25,97,mid1,Fall 2025,Fall 2025 Midterm 1,57,56,48.0,85.71428571428571,2025-10-01 20:02:37.786297,2025-10-02 16:37:00.061202,2,145.6235661,98.24561403508773
F25,97,mid2,Fall 2025,Fall 2025 Midterm 2,29,29,26.0,89.65517241379311,2025-10-29 20:00:28.817594,2025-10-30 16:46:49.378197,2,153.74337466666668,100.0
F25,98,mid1,Fall 2025,Fall 2025 Midterm 1,59,58,49.4,85.17241379310344,2025-10-01 20:00:12.306450,2025-10-02 16:49:50.934150,2,158.73116006666666,98.30508474576271
F25,98,mid2,Fall 2025,Fall 2025 Midterm 2,95,90,68.5,76.11111111111111,2025-10-29 20:02:56.684554,2025-10-30 16:47:09.499042,2,157.23630835,94.73684210526316
F25,99,mid1,Fall 2025,Fall 2025 Midterm 1,162,160,149.16666666666666,93.22916666666666,2025-10-01 20:00:38.837866,2025-10-02 16:51:08.387614,2,142.07273875,98.76543209876543
F25,99,mid2,Fall 2025,Fall 2025 Midterm 2,114,114,85.6,75.08771929824562,2025-10-29 20:00:19.291042,2025-10-30 16:51:10.496843,2,160.36523086666668,100.0
F25,100,mid1,Fall 2025,Fall 2025 Midterm 1,84,82,72.0,87.8048780487805,2025-10-01 20:00:21.174065,2025-10-02 16:47:39.651631,2,157.2204559666667,97.61904761904762
F25,100,mid2,Fall 2025,Fall 2025 Midterm 2,43,43,32.2,74.88372093023257,2025-10-29 20:00:07.581817,2025-10-30 16:47:36.172008,2,151.27153953333334,100.0
F25,101,mid1,Fall 2025,Fall 2025 Midterm 1,134,133,123.81666666666666,93.0952380952381,2025-10-01 20:02:16.508411,2025-10-02 16:50:46.071111,2,160.26928881666666,99.25373134328358
F25,101,mid2,Fall 2025,Fall 2025 Midterm 2,57,56,46.0,82.14285714285714,2025-10-30 15:30:29.439954,2025-10-31 02:34:31.726316,2,78.6570528,98.24561403508773
F25,102,mid1,Fall 2025,Fall 2025 Midterm 1,69,67,50.2,74.92537313432837,2025-10-01 20:02:26.659285,2025-10-02 16:45:37.173473,2,154.25603576666668,97.10144927536231
F25,102,mid2,Fall 2025,Fall 2025 Midterm 2,157,154,133.3,86.55844155844157,2025-10-29 20:00:23.549058,2025-10-30 16:32:14.864378,2,141.62176948333334,98.08917197452229
F25,103,mid1,Fall 2025,Fall 2025 Midterm 1,53,52,36.0,69.23076923076923,2025-10-01 20:00:50.093252,2025-10-02 16:50:56.624995,2,128.14431506666668,98.11320754716981
F25,103,mid2,Fall 2025,Fall 2025 Midterm 2,46,46,21.0,45.65217391304348,2025-10-29 20:00:18.303423,2025-10-30 16:57:23.559396,2,126.8079162,100.0
F25,104,mid1,Fall 2025,Fall 2025 Midterm 1,30,29,6.0,20.689655172413794,2025-10-02 15:30:40.397584,2025-10-02 16:51:50.174214,1,81.16294383333334,96.66666666666667
F25,104,mid2,Fall 2025,Fall 2025 Midterm 2,29,29,17.0,58.620689655172406,2025-10-30 15:31:22.621332,2025-10-30 16:52:08.181933,1,80.75934335000001,100.0
F25,105,mid1,Fall 2025,Fall 2025 Midterm 1,30,29,26.0,89.65517241379311,2025-10-01 20:12:24.000515,2025-10-03 17:15:16.226463,2,119.55496836666669,96.66666666666667
F25,105,mid2,Fall 2025,Fall 2025 Midterm 2,29,29,6.0,20.689655172413794,2025-10-30 15:30:25.370203,2025-10-30 16:33:07.926541,1,62.709272299999995,100.0
F25,106,mid1,Fall 2025,Fall 2025 Midterm 1,30,29,16.2,55.86206896551724,2025-10-02 15:31:21.027069,2025-10-02 16:48:39.232109,1,77.30341733333333,96.66666666666667
F25,106,mid2,Fall 2025,Fall 2025 Midterm 2,29,29,15.0,51.724137931034484,2025-10-30 15:30:49.806363,2025-10-30 16:51:48.653135,1,80.98077953333333,100.0
F25,107,mid1,Fall 2025,Fall 2025 Midterm 1,30,29,27.0,93.10344827586206,2025-10-02 16:33:14.425870,2025-10-02 22:38:53.956023,2,150.01474181666666,96.66666666666667
F25,107,mid2,Fall 2025,Fall 2025 Midterm 2,29,29,24.0,82.75862068965517,2025-10-30 20:38:24.070891,2025-10-30 22:15:00.175476,1,96.60174308333333,100.0
F25,108,mid1,Fall 2025,Fall 2025 Midterm 1,30,29,21.0,72.41379310344827,2025-10-02 15:31:44.494325,2025-10-02 16:20:50.214814,1,49.09534148333333,96.66666666666667
F25,108,mid2,Fall 2025,Fall 2025 Midterm 2,29,29,18.3,63.10344827586207,2025-10-30 15:30:21.261973,2025-10-30 16:50:30.148636,1,80.14811105,100.0
F25,109,mid1,Fall 2025,Fall 2025 Midterm 1,30,29,26.0,89.65517241379311,2025-10-02 15:31:09.677912,2025-10-02 16:25:40.471668,1,54.51322926666667,96.66666666666667
F25,109,mid2,Fall 2025,Fall 2025 Midterm 2,29,29,15.6,53.79310344827586,2025-10-30 15:30:32.446612,2025-10-30 16:49:42.224216,1,79.16296006666667,100.0
F25,110,mid1,Fall 2025,Fall 2025 Midterm 1,30,29,22.0,75.86206896551724,2025-10-02 15:32:06.422334,2025-10-02 16:31:56.884717,1,59.841039716666664,96.66666666666667
F25,110,mid2,Fall 2025,Fall 2025 Midterm 2,29,29,21.4,73.79310344827586,2025-10-30 15:31:23.410130,2025-10-30 16:51:33.018330,1,80.16013666666666,100.0
F25,111,mid1,Fall 2025,Fall 2025 Midterm 1,30,29,22.0,75.86206896551724,2025-10-02 15:30:39.913728,2025-10-02 16:50:48.951394,1,80.15062776666667,96.66666666666667
F25,111,mid2,Fall 2025,Fall 2025 Midterm 2,29,29,28.0,96.55172413793103,2025-10-30 15:31:38.345661,2025-10-30 16:19:13.684734,1,47.58898455,100.0
F25,112,mid1,Fall 2025,Fall 2025 Midterm 1,30,29,28.0,96.55172413793103,2025-10-02 15:30:40.193130,2025-10-02 16:35:40.183338,1,64.9998368,96.66666666666667
F25,112,mid2,Fall 2025,Fall 2025 Midterm 2,29,29,21.1,72.75862068965517,2025-10-30 15:30:35.012341,2025-10-30 16:47:45.186553,1,77.1695702,100.0
F25,113,mid1,Fall 2025,Fall 2025 Midterm 1,30,29,17.4,60.0,2025-10-02 15:30:42.877669,2025-10-02 16:44:34.488072,1,73.86017338333333,96.66666666666667
F25,113,mid2,Fall 2025,Fall 2025 Midterm 2,29,29,15.0,51.724137931034484,2025-10-30 15:30:42.293423,2025-10-30 16:51:17.616008,1,80.58870974999999,100.0
F25,114,mid1,Fall 2025,Fall 2025 Midterm 1,30,29,18.0,62.06896551724138,2025-10-02 15:30:48.488980,2025-10-02 16:28:55.639786,1,58.1191801,96.66666666666667
F25,114,mid2,Fall 2025,Fall 2025 Midterm 2,29,29,15.2,52.41379310344827,2025-10-30 15:30:21.801595,2025-10-30 16:38:13.439829,1,67.86063723333334,100.0
F25,115,mid1,Fall 2025,Fall 2025 Midterm 1,30,29,24.0,82.75862068965517,2025-10-02 15:30:36.011428,2025-10-02 16:44:36.125445,1,74.00190028333333,96.66666666666667
F25,115,mid2,Fall 2025,Fall 2025 Midterm 2,29,29,18.0,62.06896551724138,2025-10-30 15:30:26.739000,2025-10-30 16:38:09.843791,1,67.71841318333334,100.0
F25,116,mid1,Fall 2025,Fall 2025 Midterm 1,30,29,28.0,96.55172413793103,2025-10-02 15:30:42.307526,2025-10-02 16:39:22.418423,1,68.66851494999999,96.66666666666667
F25,116,mid2,Fall 2025,Fall 2025 Midterm 2,29,29,26.0,89.65517241379311,2025-10-30 15:30:49.321243,2025-10-30 16:45:58.709596,1,75.15647255,100.0
F25,117,mid1,Fall 2025,Fall 2025 Midterm 1,30,29,17.2,59.310344827586206,2025-10-02 15:32:13.058252,2025-10-02 16:36:50.566733,1,64.62514134999999,96.66666666666667
F25,117,mid2,Fall 2025,Fall 2025 Midterm 2,29,29,24.0,82.75862068965517,2025-10-30 15:31:25.134699,2025-10-30 16:38:21.093758,1,66.93265098333333,100.0
F25,118,mid1,Fall 2025,Fall 2025 Midterm 1,30,29,26.0,89.65517241379311,2025-10-02 15:32:43.933687,2025-10-02 16:52:53.753936,1,80.16367081666667,96.66666666666667
F25,118,mid2,Fall 2025,Fall 2025 Midterm 2,29,29,27.0,93.10344827586206,2025-10-30 15:34:50.915185,2025-10-30 16:54:45.297285,1,79.90636833333333,100.0
F25,120,mid1,Fall 2025,Fall 2025 Midterm 1,30,29,24.0,82.75862068965517,2025-10-03 20:58:47.312885,2025-10-03 22:14:49.533427,1,76.03700903333333,96.66666666666667
F25,120,mid2,Fall 2025,Fall 2025 Midterm 2,29,29,19.9,68.62068965517241,2025-10-30 15:30:44.029942,2025-10-30 16:39:58.456309,1,69.24043945,100.0
F25,122,mid1,Fall 2025,Fall 2025 Midterm 1,30,29,18.2,62.75862068965517,2025-10-02 15:32:03.811303,2025-10-02 16:26:54.534371,1,54.845384466666665,96.66666666666667
F25,122,mid2,Fall 2025,Fall 2025 Midterm 2,29,29,17.1,58.96551724137932,2025-10-30 15:30:27.653575,2025-10-30 16:13:58.699783,1,43.517436800000006,100.0
F25,123,mid1,Fall 2025,Fall 2025 Midterm 1,30,29,27.0,93.10344827586206,2025-10-03 18:37:38.756817,2025-10-03 19:33:40.909906,1,56.035884816666666,96.66666666666667
F25,123,mid2,Fall 2025,Fall 2025 Midterm 2,29,29,24.0,82.75862068965517,2025-10-30 15:30:17.065118,2025-10-30 16:41:32.669178,1,71.26006766666666,100.0
F25,124,mid1,Fall 2025,Fall 2025 Midterm 1,30,29,13.4,46.20689655172414,2025-10-02 15:30:54.822370,2025-10-02 16:48:54.705188,1,77.99804696666666,96.66666666666667
F25,124,mid2,Fall 2025,Fall 2025 Midterm 2,29,29,26.0,89.65517241379311,2025-10-30 15:32:26.566735,2025-10-30 16:07:01.651059,1,34.58473873333333,100.0
F25,125,mid1,Fall 2025,Fall 2025 Midterm 1,30,29,17.4,60.0,2025-10-02 15:31:34.394874,2025-10-02 16:51:48.011731,1,80.22694761666666,96.66666666666667
F25,125,mid2,Fall 2025,Fall 2025 Midterm 2,29,29,10.0,34.48275862068966,2025-10-30 15:37:41.911478,2025-10-30 16:53:21.198363,1,75.65478141666668,100.0
F25,126,mid1,Fall 2025,Fall 2025 Midterm 1,30,29,15.2,52.41379310344827,2025-10-02 15:30:33.181213,2025-10-02 16:47:19.587699,1,76.77344143333333,96.66666666666667
F25,126,mid2,Fall 2025,Fall 2025 Midterm 2,29,29,14.1,48.62068965517241,2025-10-30 15:30:35.861235,2025-10-30 16:45:59.703531,1,75.3973716,100.0
F25,127,mid1,Fall 2025,Fall 2025 Midterm 1,30,29,14.0,48.275862068965516,2025-10-02 15:31:16.920608,2025-10-02 16:48:56.589585,1,77.66114961666668,96.66666666666667
F25,127,mid2,Fall 2025,Fall 2025 Midterm 2,29,29,18.2,62.75862068965517,2025-10-31 21:09:46.412109,2025-10-31 22:17:33.118633,1,67.77844206666667,100.0
F25,128,mid2,Fall 2025,Fall 2025 Midterm 2,29,29,23.0,79.3103448275862,2025-10-30 15:34:48.012466,2025-10-30 16:24:00.250139,1,49.20396121666667,100.0
F25,129,mid1,Fall 2025,Fall 2025 Midterm 1,30,29,20.2,69.6551724137931,2025-10-02 15:30:48.705558,2025-10-02 16:50:35.025769,1,79.77200351666667,96.66666666666667
F25,129,mid2,Fall 2025,Fall 2025 Midterm 2,29,29,14.0,48.275862068965516,2025-10-30 15:30:19.700795,2025-10-30 16:47:18.839648,1,76.98564755000001,100.0
W22,1,mid1,Winter 2022,Winter 2022 Midterm 1,31,30,23.9,79.66666666666666,2022-02-10 15:01:09.562547,2022-02-10 16:03:16.985975,1,62.1237238,96.7741935483871
W22,1,mid2,Winter 2022,Winter 2022 Midterm 2,71,62,39.3,63.38709677419354,2022-03-15 19:11:16.467223,2022-03-17 14:56:37.366032,2,55.16271951666667,87.32394366197182
W22,2,mid1,Winter 2022,Winter 2022 Midterm 1,31,30,26.9,89.66666666666666,2022-02-10 15:01:24.366891,2022-02-10 16:06:18.429450,1,64.90104265,96.7741935483871
W22,2,mid2,Winter 2022,Winter 2022 Midterm 2,97,88,80.0,90.9090909090909,2022-03-14 21:00:47.451308,2022-03-17 14:56:41.775944,2,78.4882763,90.72164948453609
W22,3,mid1,Winter 2022,Winter 2022 Midterm 1,31,30,25.4,84.66666666666666,2022-02-10 15:04:32.719213,2022-02-10 16:25:09.973682,1,80.62090781666667,96.7741935483871
W22,3,mid2,Winter 2022,Winter 2022 Midterm 2,106,97,78.9,81.34020618556703,2022-03-17 04:01:26.869332,2022-03-17 15:23:08.680308,2,93.27814886666667,91.50943396226415
W22,4,mid1,Winter 2022,Winter 2022 Midterm 1,31,30,24.8,82.66666666666667,2022-02-10 15:02:02.707854,2022-02-10 15:57:58.141561,1,55.92389511666667,96.7741935483871
W22,4,mid2,Winter 2022,Winter 2022 Midterm 2,84,75,54.2,72.26666666666667,2022-03-17 00:42:34.353813,2022-03-17 15:17:09.841701,2,97.85891225,89.28571428571429
W22,5,mid1,Winter 2022,Winter 2022 Midterm 1,31,30,20.8,69.33333333333334,2022-02-10 15:01:14.157928,2022-02-10 16:54:57.334625,1,113.71961161666667,96.7741935483871
W22,5,mid2,Winter 2022,Winter 2022 Midterm 2,66,61,45.1,73.9344262295082,2022-03-16 19:30:17.445562,2022-03-17 15:57:04.853541,2,175.6264079,92.42424242424242
W22,6,mid1,Winter 2022,Winter 2022 Midterm 1,31,30,27.0,90.0,2022-02-10 15:01:37.135112,2022-02-10 15:35:53.700202,1,34.276084833333336,96.7741935483871
W22,6,mid2,Winter 2022,Winter 2022 Midterm 2,72,63,55.5,88.09523809523809,2022-03-17 02:17:45.985169,2022-03-17 14:45:57.621166,2,93.92028511666668,87.5
W22,7,mid1,Winter 2022,Winter 2022 Midterm 1,31,30,25.4,84.66666666666666,2022-02-10 15:01:24.718002,2022-02-10 16:07:14.216197,1,65.82496991666667,96.7741935483871
W22,7,mid2,Winter 2022,Winter 2022 Midterm 2,32,28,21.6,77.14285714285715,2022-03-17 14:01:26.543510,2022-03-17 14:49:20.324897,1,47.89635645,87.5
W22,8,mid1,Winter 2022,Winter 2022 Midterm 1,31,30,26.0,86.66666666666667,2022-02-10 15:01:20.164224,2022-02-10 16:03:21.443386,1,62.02131936666667,96.7741935483871
W22,8,mid2,Winter 2022,Winter 2022 Midterm 2,81,72,51.0,70.83333333333334,2022-03-17 03:04:50.095172,2022-03-17 15:12:08.300407,2,70.62854276666667,88.88888888888889
W22,9,mid1,Winter 2022,Winter 2022 Midterm 1,31,30,25.0,83.33333333333334,2022-02-10 15:01:43.452671,2022-02-10 16:20:00.967589,1,78.2919153,96.7741935483871
W22,9,mid2,Winter 2022,Winter 2022 Midterm 2,87,78,64.75,83.01282051282051,2022-03-15 00:56:35.773086,2022-03-17 15:01:41.597576,2,131.2990202,89.65517241379311
W22,10,mid1,Winter 2022,Winter 2022 Midterm 1,31,30,27.0,90.0,2022-02-10 15:00:52.885088,2022-02-10 16:23:03.884168,1,82.183318,96.7741935483871
W22,10,mid2,Winter 2022,Winter 2022 Midterm 2,108,97,76.7,79.07216494845362,2022-03-14 15:18:50.106040,2022-03-17 15:49:17.468866,2,173.45967654999998,89.81481481481481
W22,11,mid1,Winter 2022,Winter 2022 Midterm 1,31,30,22.0,73.33333333333333,2022-02-10 15:01:41.979118,2022-02-10 16:13:55.420060,1,72.22401570000001,96.7741935483871
W22,11,mid2,Winter 2022,Winter 2022 Midterm 2,46,41,29.466666666666665,71.86991869918698,2022-03-17 03:40:58.648041,2022-03-17 15:21:28.784195,2,80.53430105000001,89.1304347826087
W22,12,mid1,Winter 2022,Winter 2022 Midterm 1,31,30,25.727272727272727,85.75757575757575,2022-02-10 15:01:37.201997,2022-02-10 16:17:48.363357,1,76.18602266666667,96.7741935483871
W22,12,mid2,Winter 2022,Winter 2022 Midterm 2,58,51,34.28333333333333,67.22222222222221,2022-03-17 03:22:32.872947,2022-03-17 15:19:48.570236,2,100.05701065,87.93103448275862
W22,13,mid1,Winter 2022,Winter 2022 Midterm 1,31,30,21.01818181818182,70.06060606060606,2022-02-10 15:01:19.649603,2022-02-10 16:21:35.369601,1,80.26199996666666,96.7741935483871
W22,13,mid2,Winter 2022,Winter 2022 Midterm 2,35,31,17.0,54.83870967741935,2022-03-17 01:54:41.471234,2022-03-17 15:18:24.874567,2,76.89978554999999,88.57142857142857
W22,14,mid1,Winter 2022,Winter 2022 Midterm 1,31,30,17.4,57.99999999999999,2022-02-10 15:01:59.950476,2022-02-10 16:15:10.464300,1,73.17523039999999,96.7741935483871
W22,14,mid2,Winter 2022,Winter 2022 Midterm 2,32,28,17.7,63.21428571428571,2022-03-17 14:02:30.350669,2022-03-17 15:12:43.315900,1,70.21608718333333,87.5
W22,15,mid1,Winter 2022,Winter 2022 Midterm 1,31,30,24.4,81.33333333333333,2022-02-10 15:01:12.763264,2022-02-10 16:12:39.588082,1,71.4470803,96.7741935483871
W22,15,mid2,Winter 2022,Winter 2022 Midterm 2,97,88,72.65714285714286,82.56493506493506,2022-03-15 12:36:30.855101,2022-03-17 15:18:03.537276,2,97.31945131666666,90.72164948453609
W22,16,mid1,Winter 2022,Winter 2022 Midterm 1,31,30,20.9,69.66666666666667,2022-02-10 15:01:54.508329,2022-02-10 15:57:26.837573,1,55.53882073333333,96.7741935483871
W22,16,mid2,Winter 2022,Winter 2022 Midterm 2,61,54,38.3,70.92592592592592,2022-03-17 01:23:43.420014,2022-03-17 14:53:00.044497,2,51.52527571666667,88.52459016393442
W22,17,mid1,Winter 2022,Winter 2022 Midterm 1,31,30,26.9,89.66666666666666,2022-02-10 15:04:58.486582,2022-02-10 16:23:22.734397,1,78.40413025,96.7741935483871
W22,17,mid2,Winter 2022,Winter 2022 Midterm 2,80,76,57.0,75.0,2022-03-17 04:17:05.034923,2022-03-17 15:14:54.476622,2,73.42082368333334,95.0
W22,18,mid1,Winter 2022,Winter 2022 Midterm 1,32,31,27.0,87.09677419354838,2022-02-10 15:02:24.131655,2022-02-10 15:45:34.158128,1,43.16710788333333,96.875
W22,18,mid2,Winter 2022,Winter 2022 Midterm 2,33,29,20.75,71.55172413793103,2022-03-17 14:02:53.206096,2022-03-17 15:04:03.157049,1,61.165849216666665,87.87878787878788
W22,19,mid1,Winter 2022,Winter 2022 Midterm 1,31,30,27.0,90.0,2022-02-10 15:01:31.310552,2022-02-10 15:51:20.306927,1,49.81660625,96.7741935483871
W22,19,mid2,Winter 2022,Winter 2022 Midterm 2,32,28,23.5,83.92857142857143,2022-03-17 14:01:26.769409,2022-03-17 14:49:42.571576,1,48.26336945,87.5
W22,20,mid1,Winter 2022,Winter 2022 Midterm 1,31,30,21.7,72.33333333333333,2022-02-10 16:23:27.506572,2022-02-10 17:39:11.984723,1,75.74130251666666,96.7741935483871
W22,20,mid2,Winter 2022,Winter 2022 Midterm 2,94,85,62.7,73.76470588235294,2022-03-16 13:00:18.775228,2022-03-17 16:33:41.753615,2,114.50673116666667,90.42553191489361
W22,21,mid1,Winter 2022,Winter 2022 Midterm 1,31,30,26.0,86.66666666666667,2022-02-10 15:01:05.067505,2022-02-10 15:50:21.652194,1,49.27641148333333,96.7741935483871
W22,21,mid2,Winter 2022,Winter 2022 Midterm 2,72,63,58.0,92.06349206349206,2022-03-16 20:04:38.844286,2022-03-17 14:39:01.742246,2,76.80807811666665,87.5
W22,22,mid1,Winter 2022,Winter 2022 Midterm 1,31,30,26.6,88.66666666666667,2022-02-10 15:01:05.337751,2022-02-10 16:09:29.817293,1,68.40799236666666,96.7741935483871
W22,22,mid2,Winter 2022,Winter 2022 Midterm 2,76,67,56.3,84.02985074626865,2022-03-17 01:13:30.337528,2022-03-17 15:17:51.557328,2,97.66242728333333,88.15789473684211
W22,23,mid1,Winter 2022,Winter 2022 Midterm 1,31,30,23.533333333333335,78.44444444444446,2022-02-10 15:01:28.589038,2022-02-10 16:14:53.948528,1,73.42265816666666,96.7741935483871
W22,23,mid2,Winter 2022,Winter 2022 Midterm 2,83,74,52.7,71.21621621621622,2022-03-15 22:30:02.284369,2022-03-17 15:09:18.434520,2,67.81135401666667,89.1566265060241
W22,24,mid1,Winter 2022,Winter 2022 Midterm 1,31,30,26.0,86.66666666666667,2022-02-10 15:01:07.973099,2022-02-10 15:57:41.717031,1,56.56239886666666,96.7741935483871
W22,24,mid2,Winter 2022,Winter 2022 Midterm 2,32,28,22.0,78.57142857142857,2022-03-17 14:07:48.278435,2022-03-18 01:41:41.324986,2,76.96335766666667,87.5
W22,25,mid1,Winter 2022,Winter 2022 Midterm 1,31,30,27.0,90.0,2022-02-10 15:01:40.264166,2022-02-10 16:10:57.274264,1,69.28350163333333,96.7741935483871
W22,25,mid2,Winter 2022,Winter 2022 Midterm 2,88,79,71.0,89.87341772151899,2022-03-15 18:01:18.371754,2022-03-17 14:59:44.198666,2,98.71779626666667,89.77272727272727
W22,26,mid1,Winter 2022,Winter 2022 Midterm 1,31,30,25.0,83.33333333333334,2022-02-10 15:03:54.830399,2022-02-10 15:59:46.685418,1,55.86425031666667,96.7741935483871
W22,26,mid2,Winter 2022,Winter 2022 Midterm 2,58,54,40.766666666666666,75.49382716049382,2022-03-17 11:15:28.508009,2022-03-17 15:18:50.821553,1,243.3718924,93.10344827586206
W22,27,mid1,Winter 2022,Winter 2022 Midterm 1,31,30,21.4,71.33333333333333,2022-02-10 15:02:57.646210,2022-02-10 16:23:13.372766,1,80.26210926666666,96.7741935483871
W22,27,mid2,Winter 2022,Winter 2022 Midterm 2,124,115,90.75,78.91304347826087,2022-03-14 21:27:49.856724,2022-03-17 15:08:34.842759,2,138.53822506666666,92.74193548387096
W22,28,mid1,Winter 2022,Winter 2022 Midterm 1,31,30,27.0,90.0,2022-02-10 15:02:22.944542,2022-02-10 16:13:00.374443,1,70.62383168333334,96.7741935483871
W22,28,mid2,Winter 2022,Winter 2022 Midterm 2,32,28,22.4,80.0,2022-03-17 14:02:43.718116,2022-03-17 15:22:01.407984,1,79.29483113333335,87.5
W22,29,mid1,Winter 2022,Winter 2022 Midterm 1,31,30,22.4,74.66666666666666,2022-02-10 15:01:37.099482,2022-02-10 16:20:32.552328,1,78.9242141,96.7741935483871
W22,29,mid2,Winter 2022,Winter 2022 Midterm 2,43,39,24.857142857142858,63.736263736263744,2022-03-18 22:30:51.053784,2022-03-19 00:22:06.200294,1,111.25244183333332,90.69767441860465
W22,31,mid1,Winter 2022,Winter 2022 Midterm 1,31,30,25.0,83.33333333333334,2022-02-10 15:04:40.738578,2022-02-10 15:52:06.563317,1,47.43041231666667,96.7741935483871
W22,31,mid2,Winter 2022,Winter 2022 Midterm 2,66,57,45.4,79.64912280701753,2022-03-17 00:21:09.110599,2022-03-17 15:20:15.408907,2,78.81984601666666,86.36363636363636
W22,33,mid1,Winter 2022,Winter 2022 Midterm 1,31,30,25.0,83.33333333333334,2022-02-10 15:01:32.609531,2022-02-10 15:40:25.785055,1,38.886258733333335,96.7741935483871
W22,33,mid2,Winter 2022,Winter 2022 Midterm 2,32,28,16.0,57.14285714285714,2022-03-17 14:01:26.684346,2022-03-17 14:49:52.029143,1,48.422413283333334,87.5
W22,35,mid1,Winter 2022,Winter 2022 Midterm 1,31,30,26.0,86.66666666666667,2022-02-10 15:01:55.168599,2022-02-10 15:41:14.510408,1,39.32236348333333,96.7741935483871
W22,35,mid2,Winter 2022,Winter 2022 Midterm 2,47,42,34.0,80.95238095238095,2022-03-17 08:11:39.553465,2022-03-17 14:48:37.850606,2,43.10271105,89.36170212765957
W22,36,mid1,Winter 2022,Winter 2022 Midterm 1,31,30,25.6,85.33333333333334,2022-02-10 15:27:10.727657,2022-02-10 17:00:57.116403,1,93.77314576666666,96.7741935483871
W22,36,mid2,Winter 2022,Winter 2022 Midterm 2,80,74,59.333333333333336,80.18018018018019,2022-03-17 00:40:06.504179,2022-03-17 15:56:29.728534,2,175.92159036666666,92.5
W22,37,mid1,Winter 2022,Winter 2022 Midterm 1,31,30,25.0,83.33333333333334,2022-02-10 15:01:03.830006,2022-02-10 16:21:20.068357,1,80.27063918333333,96.7741935483871
W22,37,mid2,Winter 2022,Winter 2022 Midterm 2,32,28,18.1,64.64285714285715,2022-03-17 14:01:26.607975,2022-03-17 15:21:07.390384,1,79.67970681666667,87.5
W22,38,mid1,Winter 2022,Winter 2022 Midterm 1,31,30,23.4,77.99999999999999,2022-02-10 15:03:01.538007,2022-02-10 16:22:13.693458,1,79.20259084999999,96.7741935483871
W22,38,mid2,Winter 2022,Winter 2022 Midterm 2,74,67,51.95,77.53731343283583,2022-03-16 23:14:37.510225,2022-03-17 15:19:27.211376,2,70.13648908333333,90.54054054054055
W22,39,mid1,Winter 2022,Winter 2022 Midterm 1,31,30,26.4,88.0,2022-02-10 15:01:07.149451,2022-02-10 16:19:00.989971,1,77.897342,96.7741935483871
W22,39,mid2,Winter 2022,Winter 2022 Midterm 2,32,28,19.7,70.35714285714285,2022-03-17 14:01:28.673093,2022-03-17 15:19:24.076386,1,77.92338821666667,87.5
W22,40,mid1,Winter 2022,Winter 2022 Midterm 1,31,30,22.9,76.33333333333333,2022-02-10 15:01:20.256560,2022-02-10 16:22:08.039513,1,80.79638255,96.7741935483871
W22,40,mid2,Winter 2022,Winter 2022 Midterm 2,34,30,18.5,61.66666666666667,2022-03-17 15:00:00.976251,2022-03-17 23:47:49.445964,2,30.3480149,88.23529411764706
W22,41,mid1,Winter 2022,Winter 2022 Midterm 1,31,30,27.0,90.0,2022-02-10 15:01:09.769406,2022-02-10 15:54:48.655189,1,53.64809638333334,96.7741935483871
W22,41,mid2,Winter 2022,Winter 2022 Midterm 2,84,75,66.0,88.0,2022-03-17 02:21:31.470342,2022-03-17 15:22:26.503084,2,127.9844092,89.28571428571429
W22,42,mid1,Winter 2022,Winter 2022 Midterm 1,31,30,20.7,69.0,2022-02-10 15:01:57.102919,2022-02-10 16:22:00.828092,1,80.06208621666666,96.7741935483871
W22,42,mid2,Winter 2022,Winter 2022 Midterm 2,67,60,45.7,76.16666666666667,2022-03-17 12:29:19.622166,2022-03-17 15:21:37.693893,1,172.30119545,89.55223880597015
W22,43,mid1,Winter 2022,Winter 2022 Midterm 1,31,30,27.0,90.0,2022-02-10 15:01:32.955778,2022-02-10 16:21:54.894018,1,80.36563733333334,96.7741935483871
W22,43,mid2,Winter 2022,Winter 2022 Midterm 2,72,63,56.0,88.88888888888889,2022-03-17 01:11:46.786455,2022-03-17 15:01:45.218948,2,90.47103763333334,87.5
W22,44,mid1,Winter 2022,Winter 2022 Midterm 1,31,30,27.0,90.0,2022-02-10 15:01:26.090549,2022-02-10 16:01:48.762436,1,60.37786478333333,96.7741935483871
W22,44,mid2,Winter 2022,Winter 2022 Midterm 2,32,28,19.0,67.85714285714286,2022-03-17 14:01:29.202155,2022-03-17 14:58:02.869612,1,56.561124283333335,87.5
W22,45,mid1,Winter 2022,Winter 2022 Midterm 1,31,30,25.275,84.24999999999999,2022-02-10 15:00:49.186316,2022-02-10 16:07:44.574257,1,66.92313235,96.7741935483871
W22,45,mid2,Winter 2022,Winter 2022 Midterm 2,32,28,21.75,77.67857142857143,2022-03-17 14:00:50.009690,2022-03-17 15:15:06.632636,1,74.27704910000001,87.5
W22,46,mid1,Winter 2022,Winter 2022 Midterm 1,31,30,23.8,79.33333333333333,2022-02-10 15:01:20.038423,2022-02-10 16:12:02.524342,1,70.70809865,96.7741935483871
W22,46,mid2,Winter 2022,Winter 2022 Midterm 2,32,28,19.4,69.28571428571428,2022-03-17 14:01:28.842002,2022-03-17 15:21:01.390860,1,79.54248096666667,87.5
W22,48,mid1,Winter 2022,Winter 2022 Midterm 1,31,30,26.0,86.66666666666667,2022-02-10 15:01:04.846261,2022-02-10 16:21:21.437069,1,80.27651346666667,96.7741935483871
W22,48,mid2,Winter 2022,Winter 2022 Midterm 2,50,45,36.0,80.0,2022-03-17 03:38:05.500388,2022-03-17 15:23:11.822550,2,80.27620793333334,90.0
W22,49,mid1,Winter 2022,Winter 2022 Midterm 1,31,30,24.0,80.0,2022-02-10 14:59:41.638290,2022-02-10 16:20:25.839123,1,80.73668055,96.7741935483871
W22,49,mid2,Winter 2022,Winter 2022 Midterm 2,72,63,48.9,77.61904761904762,2022-03-17 13:03:52.130322,2022-03-17 15:16:26.684563,1,132.57590401666667,87.5
W22,50,mid1,Winter 2022,Winter 2022 Midterm 1,31,30,27.0,90.0,2022-02-10 15:01:16.623148,2022-02-10 15:54:28.542563,1,53.198656916666664,96.7741935483871
W22,50,mid2,Winter 2022,Winter 2022 Midterm 2,91,79,56.5,71.51898734177216,2022-03-15 19:27:14.801838,2022-03-17 14:44:55.609358,2,91.65836625,86.81318681318682
W22,51,mid1,Winter 2022,Winter 2022 Midterm 1,31,30,24.4,81.33333333333333,2022-02-10 15:01:10.052633,2022-02-10 16:21:17.623429,1,80.12617993333333,96.7741935483871
W22,51,mid2,Winter 2022,Winter 2022 Midterm 2,82,73,61.1,83.69863013698631,2022-03-17 03:38:13.589408,2022-03-17 15:21:40.686879,2,132.96132733333332,89.02439024390245
W22,52,mid1,Winter 2022,Winter 2022 Midterm 1,31,30,27.0,90.0,2022-02-10 15:00:53.114782,2022-02-10 15:51:03.078125,1,50.16605571666666,96.7741935483871
W22,52,mid2,Winter 2022,Winter 2022 Midterm 2,72,63,53.0,84.12698412698413,2022-03-17 13:12:51.741881,2022-03-17 15:20:27.548838,1,127.59678261666666,87.5
W22,53,mid1,Winter 2022,Winter 2022 Midterm 1,31,30,17.0,56.666666666666664,2022-02-10 15:08:26.829411,2022-02-10 16:27:10.673852,1,78.73074068333334,96.7741935483871
W22,53,mid2,Winter 2022,Winter 2022 Midterm 2,77,69,48.7,70.57971014492755,2022-03-17 00:04:15.038071,2022-03-17 15:21:39.095939,2,80.15638013333334,89.6103896103896
W22,54,mid1,Winter 2022,Winter 2022 Midterm 1,31,30,25.2,84.0,2022-02-10 15:01:35.461374,2022-02-10 15:55:45.444436,1,54.16638436666666,96.7741935483871
W22,54,mid2,Winter 2022,Winter 2022 Midterm 2,32,28,21.5,76.78571428571429,2022-03-17 14:01:33.124959,2022-03-17 15:07:15.740784,1,65.71026375,87.5
W22,55,mid1,Winter 2022,Winter 2022 Midterm 1,31,30,23.2,77.33333333333333,2022-02-10 15:01:19.816687,2022-02-10 17:01:01.576161,1,119.69599123333334,96.7741935483871
W22,55,mid2,Winter 2022,Winter 2022 Midterm 2,32,28,20.5,73.21428571428571,2022-03-17 14:00:43.233132,2022-03-17 15:50:26.043775,1,109.71351071666666,87.5
W22,56,mid1,Winter 2022,Winter 2022 Midterm 1,31,30,26.2,87.33333333333333,2022-02-10 15:04:07.318387,2022-02-10 16:24:50.228099,1,80.71516186666666,96.7741935483871
W22,56,mid2,Winter 2022,Winter 2022 Midterm 2,67,58,24.8,42.758620689655174,2022-03-16 19:50:12.713390,2022-03-16 21:23:24.445950,1,93.19554266666667,86.56716417910448
W22,57,mid2,Winter 2022,Winter 2022 Midterm 2,72,63,52.7,83.65079365079366,2022-03-17 06:03:04.094292,2022-03-17 15:21:21.796495,2,101.79415535000001,87.5
W22,58,mid1,Winter 2022,Winter 2022 Midterm 1,31,30,22.8,76.0,2022-02-10 15:01:03.234540,2022-02-10 15:50:27.308934,1,49.4012399,96.7741935483871
W22,58,mid2,Winter 2022,Winter 2022 Midterm 2,32,28,17.5,62.5,2022-03-17 14:01:25.921281,2022-03-17 15:09:57.684655,1,68.52938956666667,87.5
W22,59,mid1,Winter 2022,Winter 2022 Midterm 1,31,30,26.0,86.66666666666667,2022-02-10 15:01:35.634069,2022-02-10 16:15:14.394302,1,73.64600388333334,96.7741935483871
W22,59,mid2,Winter 2022,Winter 2022 Midterm 2,45,40,28.2,70.5,2022-03-17 09:24:45.602424,2022-03-17 15:21:42.234969,2,80.24755438333334,88.88888888888889
W22,60,mid1,Winter 2022,Winter 2022 Midterm 1,31,30,17.7,59.0,2022-02-10 15:01:13.973956,2022-02-10 16:09:54.590570,1,68.67694356666667,96.7741935483871
W22,60,mid2,Winter 2022,Winter 2022 Midterm 2,95,86,59.0,68.6046511627907,2022-03-17 01:52:38.845778,2022-03-17 15:12:34.445416,2,83.02467288333332,90.52631578947368
W22,61,mid1,Winter 2022,Winter 2022 Midterm 1,31,30,26.0,86.66666666666667,2022-02-10 15:01:05.004353,2022-02-10 16:09:39.456092,1,68.57419565000001,96.7741935483871
W22,61,mid2,Winter 2022,Winter 2022 Midterm 2,42,38,29.4,77.36842105263158,2022-03-17 01:12:32.807461,2022-03-17 15:17:48.959809,2,76.34384813333332,90.47619047619048
W22,62,mid1,Winter 2022,Winter 2022 Midterm 1,31,30,23.2,77.33333333333333,2022-02-10 15:01:43.643256,2022-02-10 16:22:01.350713,1,80.29512428333334,96.7741935483871
W22,62,mid2,Winter 2022,Winter 2022 Midterm 2,76,70,52.0,74.28571428571429,2022-03-17 09:10:47.233106,2022-03-17 15:21:51.041627,2,102.71028331666668,92.10526315789474
W22,63,mid1,Winter 2022,Winter 2022 Midterm 1,31,30,21.21818181818182,70.72727272727273,2022-02-10 15:01:41.046069,2022-02-10 16:21:57.919106,1,80.28121728333333,96.7741935483871
W22,63,mid2,Winter 2022,Winter 2022 Midterm 2,67,61,46.0,75.40983606557377,2022-03-17 05:06:10.055614,2022-03-17 15:20:34.058890,2,83.11580356666667,91.04477611940298
W22,64,mid1,Winter 2022,Winter 2022 Midterm 1,31,30,21.166666666666668,70.55555555555556,2022-02-10 15:02:23.952324,2022-02-10 16:20:46.383500,1,78.37385293333334,96.7741935483871
W22,64,mid2,Winter 2022,Winter 2022 Midterm 2,64,60,33.0,55.00000000000001,2022-03-17 03:24:00.566688,2022-03-17 15:18:00.483338,2,76.42280099999999,93.75
W22,65,mid1,Winter 2022,Winter 2022 Midterm 1,31,30,16.6,55.333333333333336,2022-02-10 15:01:29.654020,2022-02-10 16:21:44.710079,1,80.25093431666666,96.7741935483871
W22,66,mid1,Winter 2022,Winter 2022 Midterm 1,31,30,21.7,72.33333333333333,2022-02-10 15:01:15.334602,2022-02-10 16:55:49.007504,1,114.56121503333334,96.7741935483871
W22,66,mid2,Winter 2022,Winter 2022 Midterm 2,32,28,21.4,76.42857142857142,2022-03-17 14:01:03.712950,2022-03-17 15:51:40.112569,1,110.60666031666666,87.5
W22,67,mid1,Winter 2022,Winter 2022 Midterm 1,31,30,26.0,86.66666666666667,2022-02-10 15:01:54.012373,2022-02-10 16:00:42.455369,1,58.80738326666667,96.7741935483871
W22,67,mid2,Winter 2022,Winter 2022 Midterm 2,117,107,83.0,77.57009345794393,2022-03-14 15:57:25.838538,2022-03-17 15:03:08.084589,2,80.65286385,91.45299145299145
W22,68,mid1,Winter 2022,Winter 2022 Midterm 1,31,30,26.0,86.66666666666667,2022-02-10 15:01:22.180622,2022-02-10 15:51:44.481951,1,50.37168881666666,96.7741935483871
W22,68,mid2,Winter 2022,Winter 2022 Midterm 2,42,38,25.8,67.89473684210526,2022-03-17 03:17:26.720136,2022-03-17 15:06:46.290619,2,64.07053305000001,90.47619047619048
W22,69,mid1,Winter 2022,Winter 2022 Midterm 1,31,30,21.8,72.66666666666667,2022-02-10 15:02:03.997658,2022-02-10 15:55:53.733435,1,53.82892961666666,96.7741935483871
W22,69,mid2,Winter 2022,Winter 2022 Midterm 2,72,63,53.0,84.12698412698413,2022-03-17 01:50:57.156771,2022-03-17 15:18:39.915096,2,125.31951126666667,87.5
W22,70,mid1,Winter 2022,Winter 2022 Midterm 1,31,30,18.9,63.0,2022-02-10 14:57:14.690506,2022-02-10 15:42:47.218694,1,45.54213646666666,96.7741935483871
W22,71,mid1,Winter 2022,Winter 2022 Midterm 1,31,30,26.0,86.66666666666667,2022-02-10 15:01:32.842647,2022-02-10 16:01:58.530859,1,60.42813686666667,96.7741935483871
W22,71,mid2,Winter 2022,Winter 2022 Midterm 2,32,28,22.5,80.35714285714286,2022-03-17 14:01:28.656781,2022-03-17 15:05:28.534179,1,63.99795663333334,87.5
W22,72,mid1,Winter 2022,Winter 2022 Midterm 1,31,30,21.9,73.0,2022-02-10 15:01:27.325255,2022-02-10 16:20:17.824180,1,78.84164875,96.7741935483871
W22,72,mid2,Winter 2022,Winter 2022 Midterm 2,88,79,61.2,77.46835443037975,2022-03-15 01:05:47.857934,2022-03-17 15:09:28.151077,2,112.96406676666666,89.77272727272727
W22,73,mid1,Winter 2022,Winter 2022 Midterm 1,31,30,24.0,80.0,2022-02-10 15:03:22.094739,2022-02-10 15:53:15.700111,1,49.89342286666667,96.7741935483871
W22,73,mid2,Winter 2022,Winter 2022 Midterm 2,72,63,54.6,86.66666666666667,2022-03-16 19:40:25.251070,2022-03-17 14:47:02.032623,2,72.6211686,87.5
W22,74,mid1,Winter 2022,Winter 2022 Midterm 1,31,30,27.0,90.0,2022-02-10 15:01:53.447034,2022-02-10 16:03:46.877116,1,61.89050136666666,96.7741935483871
W22,74,mid2,Winter 2022,Winter 2022 Midterm 2,72,63,52.0,82.53968253968253,2022-03-17 03:07:59.804681,2022-03-17 15:23:20.421857,2,80.4093102,87.5
W22,75,mid1,Winter 2022,Winter 2022 Midterm 1,31,30,24.30909090909091,81.03030303030303,2022-02-10 14:59:40.366593,2022-02-10 16:18:55.311687,1,79.2490849,96.7741935483871
W22,75,mid2,Winter 2022,Winter 2022 Midterm 2,115,106,70.5,66.50943396226415,2022-03-16 01:43:29.671110,2022-03-17 15:08:31.756180,2,89.19607479999999,92.17391304347827
W22,76,mid1,Winter 2022,Winter 2022 Midterm 1,31,30,25.5,85.0,2022-02-10 15:01:02.523384,2022-02-10 16:15:03.921829,1,74.02330741666667,96.7741935483871
W22,76,mid2,Winter 2022,Winter 2022 Midterm 2,82,73,49.2,67.3972602739726,2022-03-17 03:28:06.361090,2022-03-17 15:20:30.198340,2,160.91249765000003,89.02439024390245
W22,77,mid1,Winter 2022,Winter 2022 Midterm 1,31,30,24.9,83.0,2022-02-10 15:02:43.496539,2022-02-10 15:59:24.173723,1,56.67795306666667,96.7741935483871
W22,77,mid2,Winter 2022,Winter 2022 Midterm 2,83,75,60.5,80.66666666666666,2022-03-14 16:20:51.633000,2022-03-17 14:58:35.854070,2,62.406744033333325,90.36144578313252
W22,78,mid1,Winter 2022,Winter 2022 Midterm 1,31,30,18.045454545454547,60.151515151515156,2022-02-10 15:01:52.301340,2022-02-10 16:17:35.774159,1,75.72454698333333,96.7741935483871
W22,78,mid2,Winter 2022,Winter 2022 Midterm 2,46,42,29.55,70.35714285714286,2022-03-17 01:41:15.221615,2022-03-17 15:19:02.280903,2,77.52201321666666,91.30434782608695
W22,79,mid1,Winter 2022,Winter 2022 Midterm 1,31,30,25.1,83.66666666666667,2022-02-10 15:01:35.863940,2022-02-10 16:11:26.121826,1,69.83763143333334,96.7741935483871
W22,79,mid2,Winter 2022,Winter 2022 Midterm 2,69,62,49.833333333333336,80.37634408602152,2022-03-17 03:54:37.366689,2022-03-17 14:57:30.087883,2,86.93849678333333,89.85507246376811
W22,80,mid1,Winter 2022,Winter 2022 Midterm 1,31,30,23.275,77.58333333333333,2022-02-10 14:58:40.035527,2022-02-10 15:41:47.599768,1,43.12607068333333,96.7741935483871
W22,80,mid2,Winter 2022,Winter 2022 Midterm 2,42,38,25.0,65.78947368421053,2022-03-17 13:18:21.291367,2022-03-17 15:08:08.659118,1,109.78946251666666,90.47619047619048
W22,81,mid1,Winter 2022,Winter 2022 Midterm 1,31,30,19.4,64.66666666666666,2022-02-10 15:07:11.684252,2022-02-10 16:26:55.420834,1,79.72894303333334,96.7741935483871
W22,81,mid2,Winter 2022,Winter 2022 Midterm 2,32,28,14.5,51.78571428571429,2022-03-17 14:21:59.551476,2022-03-17 15:42:09.030381,1,80.15798175,87.5
W22,82,mid1,Winter 2022,Winter 2022 Midterm 1,31,30,26.81818181818182,89.3939393939394,2022-02-10 15:01:33.746664,2022-02-10 16:10:58.761382,1,69.41691196666667,96.7741935483871
W22,82,mid2,Winter 2022,Winter 2022 Midterm 2,82,73,63.0,86.3013698630137,2022-03-17 01:25:17.111039,2022-03-17 15:05:33.109801,2,140.49744545,89.02439024390245
W22,83,mid1,Winter 2022,Winter 2022 Midterm 1,31,30,24.4,81.33333333333333,2022-02-10 15:01:06.865369,2022-02-10 16:20:31.447701,1,79.40970553333334,96.7741935483871
W22,83,mid2,Winter 2022,Winter 2022 Midterm 2,73,64,49.0,76.5625,2022-03-17 01:20:58.597739,2022-03-17 15:04:07.749676,2,128.0516438,87.67123287671232
W22,84,mid1,Winter 2022,Winter 2022 Midterm 1,31,30,21.9,73.0,2022-02-10 15:01:54.608772,2022-02-10 16:22:10.537777,1,80.26548341666667,96.7741935483871
W22,84,mid2,Winter 2022,Winter 2022 Midterm 2,72,63,42.7,67.77777777777779,2022-03-17 05:12:33.664205,2022-03-17 15:20:59.923379,2,157.06259958333334,87.5
W22,85,mid1,Winter 2022,Winter 2022 Midterm 1,31,30,26.0,86.66666666666667,2022-02-10 15:03:36.292087,2022-02-10 15:55:33.875974,1,51.95973145,96.7741935483871
W22,85,mid2,Winter 2022,Winter 2022 Midterm 2,72,63,59.0,93.65079365079364,2022-03-17 01:05:39.514820,2022-03-17 15:03:05.542434,2,93.0223239,87.5
W22,86,mid1,Winter 2022,Winter 2022 Midterm 1,31,30,26.0,86.66666666666667,2022-02-10 15:01:34.175984,2022-02-10 15:53:09.832832,1,51.5942808,96.7741935483871
W22,86,mid2,Winter 2022,Winter 2022 Midterm 2,32,28,21.5,76.78571428571429,2022-03-17 14:01:42.948255,2022-03-17 14:50:21.538629,1,48.643172899999996,87.5
W22,87,mid1,Winter 2022,Winter 2022 Midterm 1,31,30,26.0,86.66666666666667,2022-02-10 15:01:21.722724,2022-02-10 16:04:15.138068,1,62.89025573333333,96.7741935483871
W22,87,mid2,Winter 2022,Winter 2022 Midterm 2,51,47,37.0,78.72340425531915,2022-03-17 01:16:52.364616,2022-03-17 15:01:17.132296,1,824.4127946666666,92.15686274509804
W22,88,mid1,Winter 2022,Winter 2022 Midterm 1,31,30,18.3,61.0,2022-02-10 15:01:10.271751,2022-02-10 17:01:43.995831,1,120.562068,96.7741935483871
W22,88,mid2,Winter 2022,Winter 2022 Midterm 2,92,83,60.0,72.28915662650603,2022-03-15 22:29:14.002074,2022-03-17 16:08:27.703640,2,127.00055553333333,90.21739130434783
W22,89,mid1,Winter 2022,Winter 2022 Midterm 1,31,30,20.7,69.0,2022-02-10 15:01:11.901497,2022-02-10 16:21:12.435692,1,80.00890325,96.7741935483871
W22,89,mid2,Winter 2022,Winter 2022 Midterm 2,55,51,30.25,59.31372549019608,2022-03-17 02:15:58.588166,2022-03-17 15:18:37.926503,2,77.19352980000001,92.72727272727273
W22,90,mid1,Winter 2022,Winter 2022 Midterm 1,31,30,27.0,90.0,2022-02-10 15:01:32.822392,2022-02-10 15:30:11.866611,1,28.650736983333335,96.7741935483871
W22,90,mid2,Winter 2022,Winter 2022 Midterm 2,32,28,21.7,77.5,2022-03-16 23:52:18.184875,2022-03-17 14:43:39.886451,2,32.983415283333336,87.5
W22,92,mid1,Winter 2022,Winter 2022 Midterm 1,30,29,18.7,64.48275862068965,2022-02-10 15:03:40.864925,2022-02-10 16:23:56.333119,1,80.25780323333333,96.66666666666667
W22,92,mid2,Winter 2022,Winter 2022 Midterm 2,32,28,11.3,40.35714285714286,2022-03-17 14:01:43.332874,2022-03-17 15:21:57.760392,1,80.24045863333335,87.5
W22,93,mid1,Winter 2022,Winter 2022 Midterm 1,31,30,24.2,80.66666666666666,2022-02-10 15:01:21.490118,2022-02-10 16:21:34.529790,1,80.21732786666666,96.7741935483871
W22,93,mid2,Winter 2022,Winter 2022 Midterm 2,82,73,29.0,39.726027397260275,2022-03-17 13:25:51.693011,2022-03-17 15:26:19.671667,1,120.46631093333333,89.02439024390245
W22,95,mid1,Winter 2022,Winter 2022 Midterm 1,31,30,17.5,58.333333333333336,2022-02-10 15:01:04.089965,2022-02-10 16:18:50.443940,1,77.77256625,96.7741935483871
W22,95,mid2,Winter 2022,Winter 2022 Midterm 2,72,63,40.0,63.49206349206349,2022-03-17 04:12:20.114213,2022-03-17 15:09:02.335358,2,67.58768951666667,87.5
W22,96,mid1,Winter 2022,Winter 2022 Midterm 1,32,31,22.166666666666668,71.50537634408603,2022-02-10 15:07:56.035379,2022-02-10 16:26:44.289167,1,78.8042298,96.875
W22,96,mid2,Winter 2022,Winter 2022 Midterm 2,51,45,27.0,60.0,2022-03-16 22:53:33.290478,2022-03-17 15:25:05.723306,2,85.02661568333335,88.23529411764706
W22,97,mid1,Winter 2022,Winter 2022 Midterm 1,31,30,27.0,90.0,2022-02-10 15:04:28.542764,2022-02-10 16:38:45.829872,1,94.28811846666667,96.7741935483871
W22,97,mid2,Winter 2022,Winter 2022 Midterm 2,32,28,23.25,83.03571428571429,2022-03-17 14:07:03.389147,2022-03-17 15:32:44.525570,1,85.68560705,87.5
W22,98,mid1,Winter 2022,Winter 2022 Midterm 1,31,30,24.275,80.91666666666666,2022-02-10 15:01:21.131687,2022-02-10 16:21:40.369036,1,80.32062248333334,96.7741935483871
W22,98,mid2,Winter 2022,Winter 2022 Midterm 2,32,28,18.7,66.78571428571428,2022-03-17 14:05:39.697373,2022-03-17 15:25:55.365212,1,80.26113065,87.5
W22,99,mid1,Winter 2022,Winter 2022 Midterm 1,31,30,26.0,86.66666666666667,2022-02-10 15:01:07.694829,2022-02-10 15:58:35.468404,1,57.46289291666667,96.7741935483871
W22,99,mid2,Winter 2022,Winter 2022 Midterm 2,92,83,70.6,85.06024096385542,2022-03-16 15:28:32.326488,2022-03-17 15:20:15.797911,2,136.20040801666667,90.21739130434783
W22,100,mid1,Winter 2022,Winter 2022 Midterm 1,31,30,22.7,75.66666666666666,2022-02-10 15:26:38.083333,2022-02-10 16:24:29.278662,1,57.853255483333335,96.7741935483871
W22,100,mid2,Winter 2022,Winter 2022 Midterm 2,32,28,11.0,39.285714285714285,2022-03-17 14:01:26.145624,2022-03-17 14:24:06.286691,1,22.669017783333334,87.5
W22,101,mid1,Winter 2022,Winter 2022 Midterm 1,31,30,19.9,66.33333333333333,2022-02-10 15:01:53.658515,2022-02-10 16:12:21.972348,1,70.47189721666668,96.7741935483871
W22,101,mid2,Winter 2022,Winter 2022 Midterm 2,32,28,19.7,70.35714285714285,2022-03-17 14:01:29.112830,2022-03-17 15:19:55.065222,1,78.43253986666667,87.5
W22,103,mid1,Winter 2022,Winter 2022 Midterm 1,32,31,12.077272727272728,38.95894428152493,2022-02-10 15:01:42.933846,2022-02-10 16:10:12.320818,1,68.48978286666667,96.875
W22,103,mid2,Winter 2022,Winter 2022 Midterm 2,71,63,27.7,43.96825396825397,2022-03-17 02:14:50.266765,2022-03-17 15:04:57.368799,2,63.73857578333333,88.73239436619718
W22,104,mid1,Winter 2022,Winter 2022 Midterm 1,31,30,22.0,73.33333333333333,2022-02-10 15:05:43.325360,2022-02-10 16:26:01.970546,1,80.3107531,96.7741935483871
W22,104,mid2,Winter 2022,Winter 2022 Midterm 2,49,45,17.0,37.77777777777778,2022-03-16 22:10:44.256467,2022-03-17 15:22:28.904027,2,80.3001573,91.83673469387755
W22,105,mid1,Winter 2022,Winter 2022 Midterm 1,31,30,19.4,64.66666666666666,2022-02-10 15:01:30.210648,2022-02-10 16:21:37.719016,1,80.12513946666667,96.7741935483871
W22,105,mid2,Winter 2022,Winter 2022 Midterm 2,103,94,57.7,61.38297872340426,2022-03-16 22:33:21.325938,2022-03-17 15:21:30.947434,2,105.53330198333333,91.2621359223301
W22,106,mid1,Winter 2022,Winter 2022 Midterm 1,31,30,21.7,72.33333333333333,2022-02-10 15:01:11.568674,2022-02-10 16:21:23.192579,1,80.19373175000001,96.7741935483871
W22,106,mid2,Winter 2022,Winter 2022 Midterm 2,91,83,50.95,61.385542168674704,2022-03-17 02:09:11.602003,2022-03-17 15:12:37.316925,2,71.14969643333333,91.20879120879121
W22,107,mid1,Winter 2022,Winter 2022 Midterm 1,31,30,22.4,74.66666666666666,2022-02-10 15:01:28.147969,2022-02-10 16:21:07.204738,1,79.65094615,96.7741935483871
W22,107,mid2,Winter 2022,Winter 2022 Midterm 2,91,82,66.5,81.09756097560977,2022-03-17 00:24:26.712082,2022-03-17 15:16:27.728570,2,96.71980425,90.10989010989012
W22,108,mid1,Winter 2022,Winter 2022 Midterm 1,31,30,24.2,80.66666666666666,2022-02-10 15:01:02.255120,2022-02-10 16:21:16.036896,1,80.22969626666666,96.7741935483871
W22,108,mid2,Winter 2022,Winter 2022 Midterm 2,74,65,51.2,78.76923076923077,2022-03-17 00:49:22.279293,2022-03-17 15:09:13.216621,2,108.86009436666667,87.83783783783784
W22,109,mid1,Winter 2022,Winter 2022 Midterm 1,31,30,26.0,86.66666666666667,2022-02-10 15:01:33.131076,2022-02-10 16:12:44.270722,1,71.18566076666666,96.7741935483871
W22,109,mid2,Winter 2022,Winter 2022 Midterm 2,91,82,59.166666666666664,72.15447154471545,2022-03-15 22:30:04.317496,2022-03-17 15:13:16.576493,2,126.89472938333336,90.10989010989012
W22,111,mid1,Winter 2022,Winter 2022 Midterm 1,32,31,24.8,80.0,2022-02-12 21:35:04.546313,2022-02-12 22:53:04.930529,1,78.00640360000001,96.875
W22,111,mid2,Winter 2022,Winter 2022 Midterm 2,32,28,13.7,48.92857142857142,2022-03-17 14:01:31.200768,2022-03-17 15:19:05.070664,1,77.56449826666667,87.5
W22,112,mid1,Winter 2022,Winter 2022 Midterm 1,31,30,26.875,89.58333333333334,2022-02-10 15:01:20.723452,2022-02-10 15:58:04.052322,1,56.72214783333333,96.7741935483871
W22,112,mid2,Winter 2022,Winter 2022 Midterm 2,67,58,45.1,77.75862068965517,2022-03-17 03:22:23.616590,2022-03-17 15:05:52.973264,2,64.2213957,86.56716417910448
W22,113,mid1,Winter 2022,Winter 2022 Midterm 1,31,30,18.0,60.0,2022-02-10 15:00:07.424313,2022-02-10 16:02:44.997060,1,62.626212450000004,96.7741935483871
W22,113,mid2,Winter 2022,Winter 2022 Midterm 2,32,28,8.0,28.57142857142857,2022-03-17 14:01:30.151806,2022-03-17 14:59:08.083462,1,57.63219426666667,87.5
W22,115,mid1,Winter 2022,Winter 2022 Midterm 1,31,30,20.727272727272727,69.0909090909091,2022-02-10 15:06:45.288242,2022-02-10 15:43:39.699676,1,36.906857233333334,96.7741935483871
W22,116,mid1,Winter 2022,Winter 2022 Midterm 1,31,30,22.0,73.33333333333333,2022-02-10 15:01:48.932651,2022-02-10 16:13:56.229316,1,72.12161108333333,96.7741935483871
W22,119,mid1,Winter 2022,Winter 2022 Midterm 1,31,30,23.0,76.66666666666667,2022-02-10 15:01:42.837670,2022-02-10 16:08:55.548395,1,67.21184541666666,96.7741935483871
W22,119,mid2,Winter 2022,Winter 2022 Midterm 2,72,63,54.5,86.5079365079365,2022-03-17 01:27:07.296461,2022-03-17 15:22:58.785108,2,96.08653555000001,87.5
W22,120,mid1,Winter 2022,Winter 2022 Midterm 1,31,30,20.9,69.66666666666667,2022-02-10 15:02:01.201403,2022-02-10 16:22:17.372069,1,80.2695111,96.7741935483871
W22,120,mid2,Winter 2022,Winter 2022 Midterm 2,68,64,44.3,69.21875,2022-03-16 22:53:08.361398,2022-03-17 15:25:56.125516,2,80.34491346666667,94.11764705882354
W22,121,mid1,Winter 2022,Winter 2022 Midterm 1,32,31,26.0,83.87096774193549,2022-02-10 15:01:41.093494,2022-02-10 15:54:57.937690,1,53.2807366,96.875
W22,121,mid2,Winter 2022,Winter 2022 Midterm 2,52,48,30.7,63.95833333333333,2022-03-17 03:49:11.293388,2022-03-17 14:48:10.811184,2,38.84115383333334,92.3076923076923
W22,124,mid1,Winter 2022,Winter 2022 Midterm 1,31,30,23.0,76.66666666666667,2022-02-10 15:05:32.055297,2022-02-10 16:25:56.105107,1,80.40083016666668,96.7741935483871
W22,124,mid2,Winter 2022,Winter 2022 Midterm 2,36,32,20.55,64.21875,2022-03-17 12:56:08.763772,2022-03-17 15:27:32.691122,2,80.62856318333334,88.88888888888889
W22,125,mid1,Winter 2022,Winter 2022 Midterm 1,31,30,27.0,90.0,2022-02-10 15:01:07.137678,2022-02-10 15:59:49.322706,1,58.703083799999995,96.7741935483871
W22,125,mid2,Winter 2022,Winter 2022 Midterm 2,98,89,81.9,92.02247191011237,2022-03-14 20:29:41.432908,2022-03-17 14:55:13.620891,2,66.33491355,90.81632653061224
W22,126,mid1,Winter 2022,Winter 2022 Midterm 1,31,30,18.7,62.33333333333333,2022-02-10 15:01:05.988107,2022-02-10 16:20:40.263369,1,79.57125436666666,96.7741935483871
W22,126,mid2,Winter 2022,Winter 2022 Midterm 2,82,73,24.7,33.83561643835616,2022-03-17 13:10:06.598684,2022-03-17 15:21:22.684216,1,131.2680922,89.02439024390245
W22,127,mid1,Winter 2022,Winter 2022 Midterm 1,31,30,27.0,90.0,2022-02-10 15:01:09.196692,2022-02-10 16:21:20.006411,1,80.18016198333333,96.7741935483871
W22,127,mid2,Winter 2022,Winter 2022 Midterm 2,89,80,68.7,85.875,2022-03-17 00:16:45.006678,2022-03-17 15:18:27.086490,1,901.7013302,89.88764044943821
W22,129,mid1,Winter 2022,Winter 2022 Midterm 1,31,30,24.4,81.33333333333333,2022-02-10 15:01:36.981248,2022-02-10 16:52:28.070241,1,110.85148321666667,96.7741935483871
W22,129,mid2,Winter 2022,Winter 2022 Midterm 2,60,56,34.8,62.14285714285713,2022-03-17 04:31:20.592612,2022-03-17 15:57:07.695788,2,115.86065948333334,93.33333333333333
W22,130,mid1,Winter 2022,Winter 2022 Midterm 1,31,30,27.0,90.0,2022-02-10 15:01:08.489947,2022-02-10 15:43:29.461875,1,42.349532133333334,96.7741935483871
W22,130,mid2,Winter 2022,Winter 2022 Midterm 2,78,69,54.0,78.26086956521739,2022-03-17 02:19:13.771283,2022-03-17 14:46:48.794222,2,59.78767495,88.46153846153847
W22,132,mid1,Winter 2022,Winter 2022 Midterm 1,31,30,25.4,84.66666666666666,2022-02-10 15:00:02.401621,2022-02-10 16:05:29.906806,1,65.45841975,96.7741935483871
W22,132,mid2,Winter 2022,Winter 2022 Midterm 2,32,28,20.5,73.21428571428571,2022-03-17 13:58:36.778626,2022-03-17 15:13:33.230921,1,74.94087158333333,87.5
W22,134,mid1,Winter 2022,Winter 2022 Midterm 1,31,30,21.0,70.0,2022-02-10 15:06:09.535817,2022-02-10 17:06:41.666160,1,120.53550571666666,96.7741935483871
W22,134,mid2,Winter 2022,Winter 2022 Midterm 2,51,47,29.7,63.191489361702125,2022-03-16 23:52:01.756040,2022-03-17 15:40:51.923441,2,95.86733406666667,92.15686274509804
W22,136,mid1,Winter 2022,Winter 2022 Midterm 1,31,30,25.0,83.33333333333334,2022-02-10 15:01:54.670300,2022-02-10 16:03:42.285113,1,61.79358021666667,96.7741935483871
W22,136,mid2,Winter 2022,Winter 2022 Midterm 2,33,29,24.0,82.75862068965517,2022-03-17 14:02:11.281999,2022-03-17 15:12:44.972167,1,70.5615028,87.87878787878788
W22,137,mid1,Winter 2022,Winter 2022 Midterm 1,30,29,20.8,71.72413793103448,2022-02-10 15:10:50.333942,2022-02-10 16:30:59.532849,1,80.15331511666666,96.66666666666667
W22,138,mid1,Winter 2022,Winter 2022 Midterm 1,31,30,23.4,77.99999999999999,2022-02-10 14:59:48.451535,2022-02-10 16:04:25.385588,1,64.61556755,96.7741935483871
W22,138,mid2,Winter 2022,Winter 2022 Midterm 2,75,70,46.0,65.71428571428571,2022-03-17 05:39:04.588880,2022-03-17 15:01:16.550954,2,59.45253911666667,93.33333333333333
W22,139,mid1,Winter 2022,Winter 2022 Midterm 1,31,30,24.8,82.66666666666667,2022-02-10 14:59:19.178500,2022-02-10 15:43:03.715311,1,43.742280183333335,96.7741935483871
W22,139,mid2,Winter 2022,Winter 2022 Midterm 2,82,73,51.86666666666667,71.05022831050228,2022-03-17 12:50:19.042253,2022-03-17 14:48:55.978482,1,118.61560381666666,89.02439024390245
W22,141,mid1,Winter 2022,Winter 2022 Midterm 1,32,31,24.4,78.70967741935483,2022-02-10 15:05:47.655315,2022-02-10 16:08:57.826713,1,63.1695233,96.875
W22,141,mid2,Winter 2022,Winter 2022 Midterm 2,74,69,44.75,64.85507246376811,2022-03-17 03:52:05.175510,2022-03-17 15:18:04.145484,2,94.6398851,93.24324324324324
W22,144,mid1,Winter 2022,Winter 2022 Midterm 1,31,30,15.2,50.66666666666666,2022-02-10 15:03:13.667192,2022-02-10 16:15:18.744869,1,72.08462795,96.7741935483871
W22,144,mid2,Winter 2022,Winter 2022 Midterm 2,70,62,37.03333333333333,59.73118279569892,2022-03-17 00:30:31.801630,2022-03-17 15:14:20.596716,2,163.03091393333332,88.57142857142857
W22,145,mid1,Winter 2022,Winter 2022 Midterm 1,31,30,21.9,73.0,2022-02-10 15:03:43.844045,2022-02-10 16:03:47.313055,1,60.05781683333333,96.7741935483871
W22,145,mid2,Winter 2022,Winter 2022 Midterm 2,32,28,14.8,52.85714285714286,2022-03-17 14:01:29.186512,2022-03-17 15:14:30.413204,1,73.02044486666667,87.5
W23,1,mid1,Winter 2023,Winter 2023 Midterm 1,31,29,15.363636363636363,52.97805642633229,2023-02-09 15:01:29.555582,2023-02-09 16:19:36.430223,1,78.11457735,93.54838709677419
W23,1,mid2,Winter 2023,Winter 2023 Midterm 2,33,30,20.0,66.66666666666666,2023-03-19 14:55:02.223372,2023-03-19 16:15:31.328387,1,80.48508358333333,90.9090909090909
W23,2,mid1,Winter 2023,Winter 2023 Midterm 1,31,29,27.0,93.10344827586206,2023-02-09 15:01:11.367216,2023-02-09 16:01:49.088320,1,60.62868506666667,93.54838709677419
W23,2,mid2,Winter 2023,Winter 2023 Midterm 2,33,30,24.0,80.0,2023-03-16 14:00:01.619586,2023-03-16 15:05:53.626061,1,65.86677458333334,90.9090909090909
W23,3,mid1,Winter 2023,Winter 2023 Midterm 1,31,29,25.0,86.20689655172413,2023-02-09 15:01:09.467445,2023-02-09 15:49:22.439060,1,48.21619358333333,93.54838709677419
W23,3,mid2,Winter 2023,Winter 2023 Midterm 2,135,128,98.0,76.5625,2023-03-15 17:38:25.019084,2023-03-16 14:47:30.386496,2,46.886195433333334,94.81481481481481
W23,4,mid1,Winter 2023,Winter 2023 Midterm 1,31,29,24.0,82.75862068965517,2023-02-09 15:04:09.187039,2023-02-09 15:57:01.662335,1,52.87458826666667,93.54838709677419
W23,4,mid2,Winter 2023,Winter 2023 Midterm 2,42,39,28.75,73.71794871794873,2023-03-16 04:08:25.197056,2023-03-16 15:11:53.229022,2,64.79797416666666,92.85714285714286
W23,5,mid1,Winter 2023,Winter 2023 Midterm 1,31,29,24.0,82.75862068965517,2023-02-09 15:01:44.470256,2023-02-09 16:05:53.331011,1,64.14767925,93.54838709677419
W23,5,mid2,Winter 2023,Winter 2023 Midterm 2,33,30,22.75,75.83333333333333,2023-03-16 14:00:45.534225,2023-03-16 15:07:07.031440,1,66.35828691666667,90.9090909090909
W23,6,mid1,Winter 2023,Winter 2023 Midterm 1,31,29,16.818181818181817,57.9937304075235,2023-02-09 15:00:57.264992,2023-02-09 16:03:29.674701,1,62.54016181666667,93.54838709677419
W23,6,mid2,Winter 2023,Winter 2023 Midterm 2,33,30,11.5,38.333333333333336,2023-03-16 14:00:00.569168,2023-03-16 15:20:09.498536,1,80.1488228,90.9090909090909
W23,7,mid1,Winter 2023,Winter 2023 Midterm 1,31,29,24.7,85.17241379310344,2023-02-09 15:01:23.608885,2023-02-09 16:16:56.847520,1,75.55397724999999,93.54838709677419
W23,7,mid2,Winter 2023,Winter 2023 Midterm 2,33,30,18.95,63.16666666666666,2023-03-16 14:01:19.453485,2023-03-16 15:20:28.021614,1,79.14280215000001,90.9090909090909
W23,8,mid1,Winter 2023,Winter 2023 Midterm 1,31,29,20.293181818181818,69.97648902821317,2023-02-09 15:01:26.692935,2023-02-09 16:08:33.622477,1,67.11549236666666,93.54838709677419
W23,8,mid2,Winter 2023,Winter 2023 Midterm 2,33,30,19.0,63.33333333333333,2023-03-16 14:00:25.422534,2023-03-16 15:11:55.231242,1,71.49681179999999,90.9090909090909
W23,9,mid1,Winter 2023,Winter 2023 Midterm 1,31,29,25.0,86.20689655172413,2023-02-09 15:01:12.307084,2023-02-09 15:39:38.255066,1,38.43246636666667,93.54838709677419
W23,9,mid2,Winter 2023,Winter 2023 Midterm 2,33,30,20.0,66.66666666666666,2023-03-16 14:00:48.755712,2023-03-16 14:43:08.228091,1,42.32453965,90.9090909090909
W23,10,mid1,Winter 2023,Winter 2023 Midterm 1,31,29,21.7,74.82758620689654,2023-02-09 15:01:07.044635,2023-02-09 16:05:38.238054,1,64.51989031666668,93.54838709677419
W23,10,mid2,Winter 2023,Winter 2023 Midterm 2,33,30,18.0,60.0,2023-03-16 14:00:50.276192,2023-03-16 15:18:05.433673,1,77.25262468333334,90.9090909090909
W23,11,mid1,Winter 2023,Winter 2023 Midterm 1,31,29,23.0,79.3103448275862,2023-02-09 15:01:36.503549,2023-02-09 16:09:05.725835,1,67.4870381,93.54838709677419
W23,11,mid2,Winter 2023,Winter 2023 Midterm 2,33,30,17.7,59.0,2023-03-16 14:01:04.614379,2023-03-16 15:20:32.421117,1,79.46344563333334,90.9090909090909
W23,12,mid1,Winter 2023,Winter 2023 Midterm 1,31,29,15.920454545454545,54.89811912225705,2023-02-09 15:00:57.709333,2023-02-09 16:08:58.897946,1,68.01981021666667,93.54838709677419
W23,12,mid2,Winter 2023,Winter 2023 Midterm 2,70,64,42.0,65.625,2023-03-16 00:12:02.440778,2023-03-16 15:10:03.473875,2,157.54150813333334,91.42857142857143
W23,13,mid1,Winter 2023,Winter 2023 Midterm 1,31,29,27.0,93.10344827586206,2023-02-09 15:01:28.414538,2023-02-09 15:54:17.612421,1,52.81996471666666,93.54838709677419
W23,13,mid2,Winter 2023,Winter 2023 Midterm 2,33,30,24.0,80.0,2023-03-16 14:00:38.260098,2023-03-16 14:55:30.465408,1,54.870088499999994,90.9090909090909
W23,14,mid1,Winter 2023,Winter 2023 Midterm 1,31,29,25.0,86.20689655172413,2023-02-09 15:01:41.379372,2023-02-09 16:08:23.221943,1,66.69737618333333,93.54838709677419
W23,14,mid2,Winter 2023,Winter 2023 Midterm 2,99,93,74.75,80.3763440860215,2023-03-16 07:28:56.968288,2023-03-16 15:18:15.400994,1,469.3072117666667,93.93939393939394
W23,15,mid1,Winter 2023,Winter 2023 Midterm 1,31,29,22.875,78.87931034482759,2023-02-09 15:04:29.061514,2023-02-09 15:49:04.386598,1,44.5887514,93.54838709677419
W23,15,mid2,Winter 2023,Winter 2023 Midterm 2,33,30,19.75,65.83333333333333,2023-03-16 14:02:12.442583,2023-03-16 14:50:43.980554,1,48.52563285,90.9090909090909
W23,16,mid1,Winter 2023,Winter 2023 Midterm 1,31,29,26.0,89.65517241379311,2023-02-09 15:02:03.276604,2023-02-09 16:20:03.559644,1,78.00471733333333,93.54838709677419
W23,16,mid2,Winter 2023,Winter 2023 Midterm 2,33,30,21.75,72.5,2023-03-16 14:01:37.025108,2023-03-16 15:47:51.776819,1,106.24586185,90.9090909090909
W23,17,mid1,Winter 2023,Winter 2023 Midterm 1,31,29,17.7,61.03448275862069,2023-02-09 15:05:48.785083,2023-02-09 16:20:04.779987,1,74.26658173333334,93.54838709677419
W23,17,mid2,Winter 2023,Winter 2023 Midterm 2,33,30,18.0,60.0,2023-03-16 14:00:18.824251,2023-03-16 15:20:51.199390,1,80.53958564999999,90.9090909090909
W23,18,mid1,Winter 2023,Winter 2023 Midterm 1,31,29,27.0,93.10344827586206,2023-02-09 15:01:07.163503,2023-02-09 16:11:08.221340,1,70.01763061666666,93.54838709677419
W23,18,mid2,Winter 2023,Winter 2023 Midterm 2,33,30,20.4,68.0,2023-03-16 14:02:23.005228,2023-03-16 15:22:56.935841,1,80.56551021666668,90.9090909090909
W23,19,mid1,Winter 2023,Winter 2023 Midterm 1,31,29,23.036363636363635,79.43573667711598,2023-02-09 15:00:56.910177,2023-02-09 16:14:51.188307,1,73.9046355,93.54838709677419
W23,19,mid2,Winter 2023,Winter 2023 Midterm 2,33,30,22.75,75.83333333333333,2023-03-16 14:00:26.258669,2023-03-16 15:08:58.930665,1,68.54453326666666,90.9090909090909
W23,20,mid1,Winter 2023,Winter 2023 Midterm 1,31,29,21.0,72.41379310344827,2023-02-09 15:05:52.177853,2023-02-09 16:26:46.720340,1,80.90904144999999,93.54838709677419
W23,20,mid2,Winter 2023,Winter 2023 Midterm 2,33,30,23.0,76.66666666666667,2023-03-16 14:03:51.679148,2023-03-16 15:27:47.505048,1,83.93043166666666,90.9090909090909
W23,21,mid1,Winter 2023,Winter 2023 Midterm 1,31,29,24.81818181818182,85.57993730407524,2023-02-09 15:01:11.190465,2023-02-09 16:21:45.840159,1,80.57749489999999,93.54838709677419
W23,21,mid2,Winter 2023,Winter 2023 Midterm 2,33,30,17.7,59.0,2023-03-16 14:00:27.514740,2023-03-16 15:18:14.611154,1,77.78494023333333,90.9090909090909
W23,22,mid1,Winter 2023,Winter 2023 Midterm 1,31,29,21.81818181818182,75.23510971786834,2023-02-09 15:01:44.626390,2023-02-09 16:21:36.694764,1,79.86780623333334,93.54838709677419
W23,22,mid2,Winter 2023,Winter 2023 Midterm 2,33,30,19.6,65.33333333333334,2023-03-16 14:00:03.612695,2023-03-16 15:12:35.143311,1,72.52551026666667,90.9090909090909
W23,23,mid1,Winter 2023,Winter 2023 Midterm 1,31,29,27.0,93.10344827586206,2023-02-09 15:00:46.212274,2023-02-09 15:43:02.432771,1,42.27034161666666,93.54838709677419
W23,23,mid2,Winter 2023,Winter 2023 Midterm 2,33,30,20.75,69.16666666666667,2023-03-16 14:00:17.232665,2023-03-16 14:49:47.271555,1,49.500648166666664,90.9090909090909
W23,24,mid1,Winter 2023,Winter 2023 Midterm 1,31,29,25.0,86.20689655172413,2023-02-09 15:01:05.598863,2023-02-09 15:47:07.943182,1,46.03907198333333,93.54838709677419
W23,24,mid2,Winter 2023,Winter 2023 Midterm 2,33,30,24.0,80.0,2023-03-16 14:00:02.667032,2023-03-16 14:49:09.521411,1,49.114239649999995,90.9090909090909
W23,25,mid1,Winter 2023,Winter 2023 Midterm 1,31,29,26.0,89.65517241379311,2023-02-09 15:00:58.557447,2023-02-09 16:10:27.329563,1,69.47953526666667,93.54838709677419
W23,25,mid2,Winter 2023,Winter 2023 Midterm 2,33,30,24.0,80.0,2023-03-16 14:00:33.451469,2023-03-16 15:19:34.801584,1,79.02250191666667,90.9090909090909
W23,26,mid1,Winter 2023,Winter 2023 Midterm 1,31,29,24.0,82.75862068965517,2023-02-09 18:10:06.058853,2023-02-09 19:08:46.389453,1,58.672176666666665,93.54838709677419
W23,26,mid2,Winter 2023,Winter 2023 Midterm 2,41,36,25.75,71.52777777777779,2023-03-16 04:58:56.155418,2023-03-16 15:12:34.183429,1,613.6338001833334,87.8048780487805
W23,27,mid1,Winter 2023,Winter 2023 Midterm 1,31,29,20.727272727272727,71.47335423197492,2023-02-09 15:01:20.662216,2023-02-09 15:51:08.907817,1,49.80409335,93.54838709677419
W23,27,mid2,Winter 2023,Winter 2023 Midterm 2,70,64,39.25,61.328125,2023-03-16 12:31:36.503986,2023-03-16 14:46:40.911632,1,135.07346076666667,91.42857142857143
W23,28,mid1,Winter 2023,Winter 2023 Midterm 1,31,29,23.81818181818182,82.13166144200628,2023-02-09 15:00:59.525440,2023-02-09 16:19:02.071345,1,78.04243175,93.54838709677419
W23,28,mid2,Winter 2023,Winter 2023 Midterm 2,33,30,21.25,70.83333333333334,2023-03-16 14:00:31.447042,2023-03-16 15:20:57.020506,1,80.4262244,90.9090909090909
W23,29,mid1,Winter 2023,Winter 2023 Midterm 1,31,29,19.51818181818182,67.30407523510972,2023-02-09 15:01:34.611386,2023-02-09 16:21:09.802855,1,79.58652448333333,93.54838709677419
W23,29,mid2,Winter 2023,Winter 2023 Midterm 2,33,30,18.0,60.0,2023-03-16 14:01:36.339973,2023-03-16 15:21:56.817517,1,80.3412924,90.9090909090909
W23,30,mid1,Winter 2023,Winter 2023 Midterm 1,31,29,27.0,93.10344827586206,2023-02-09 15:01:23.293693,2023-02-09 15:47:41.433326,1,46.30232721666666,93.54838709677419
W23,30,mid2,Winter 2023,Winter 2023 Midterm 2,33,30,21.75,72.5,2023-03-16 14:00:37.843374,2023-03-16 15:07:26.332143,1,66.80814615,90.9090909090909
W23,31,mid1,Winter 2023,Winter 2023 Midterm 1,31,29,25.0,86.20689655172413,2023-02-09 15:01:33.925976,2023-02-09 15:46:55.311665,1,45.356428150000006,93.54838709677419
W23,31,mid2,Winter 2023,Winter 2023 Midterm 2,33,30,25.0,83.33333333333334,2023-03-16 14:00:03.906733,2023-03-16 14:58:27.777450,1,58.39784528333333,90.9090909090909
W23,32,mid1,Winter 2023,Winter 2023 Midterm 1,30,28,26.0,92.85714285714286,2023-02-09 15:04:16.903233,2023-02-09 16:21:28.730806,1,77.19712621666666,93.33333333333333
W23,32,mid2,Winter 2023,Winter 2023 Midterm 2,32,29,23.75,81.89655172413794,2023-03-16 14:03:41.465366,2023-03-16 15:24:06.600565,1,80.41891998333334,90.625
W23,33,mid1,Winter 2023,Winter 2023 Midterm 1,31,29,27.0,93.10344827586206,2023-02-09 15:01:03.530807,2023-02-09 16:07:59.439901,1,66.93181823333333,93.54838709677419
W23,33,mid2,Winter 2023,Winter 2023 Midterm 2,33,30,25.0,83.33333333333334,2023-03-14 18:02:19.967169,2023-03-14 19:09:35.581350,1,67.26023635,90.9090909090909
W23,34,mid1,Winter 2023,Winter 2023 Midterm 1,31,29,26.0,89.65517241379311,2023-02-09 15:01:04.545149,2023-02-09 16:09:01.890813,1,67.95576106666667,93.54838709677419
W23,34,mid2,Winter 2023,Winter 2023 Midterm 2,33,30,23.0,76.66666666666667,2023-03-16 14:00:36.788974,2023-03-16 14:58:04.304931,1,57.458599283333335,90.9090909090909
W23,35,mid1,Winter 2023,Winter 2023 Midterm 1,31,29,26.0,89.65517241379311,2023-02-09 15:01:52.247957,2023-02-09 16:22:44.830014,1,80.87636761666666,93.54838709677419
W23,35,mid2,Winter 2023,Winter 2023 Midterm 2,33,30,24.2,80.66666666666666,2023-03-16 14:00:34.840360,2023-03-16 15:21:15.627966,1,80.67979343333333,90.9090909090909
W23,37,mid1,Winter 2023,Winter 2023 Midterm 1,31,29,26.0,89.65517241379311,2023-02-09 15:01:00.254173,2023-02-09 15:50:56.348711,1,49.93490896666666,93.54838709677419
W23,37,mid2,Winter 2023,Winter 2023 Midterm 2,33,30,25.0,83.33333333333334,2023-03-16 14:00:02.399141,2023-03-16 14:49:49.024147,1,49.77708343333334,90.9090909090909
W23,38,mid1,Winter 2023,Winter 2023 Midterm 1,31,29,25.90909090909091,89.34169278996865,2023-02-09 15:01:02.513079,2023-02-09 16:04:40.930308,1,63.64028715,93.54838709677419
W23,38,mid2,Winter 2023,Winter 2023 Midterm 2,33,30,22.0,73.33333333333333,2023-03-16 14:00:36.571381,2023-03-16 15:05:24.339236,1,64.79613091666667,90.9090909090909
W23,39,mid1,Winter 2023,Winter 2023 Midterm 1,31,29,26.0,89.65517241379311,2023-02-09 15:00:40.951437,2023-02-09 16:19:49.648441,1,79.14495006666667,93.54838709677419
W23,39,mid2,Winter 2023,Winter 2023 Midterm 2,33,30,23.8,79.33333333333333,2023-03-16 14:00:03.336847,2023-03-16 15:20:10.544110,1,80.12012105000001,90.9090909090909
W23,40,mid1,Winter 2023,Winter 2023 Midterm 1,31,29,12.818181818181818,44.20062695924765,2023-02-09 15:00:35.187212,2023-02-09 15:56:50.953627,1,56.262773583333335,93.54838709677419
W23,40,mid2,Winter 2023,Winter 2023 Midterm 2,33,30,13.0,43.333333333333336,2023-03-16 14:00:34.546509,2023-03-16 14:59:33.535134,1,58.983143749999996,90.9090909090909
W23,41,mid1,Winter 2023,Winter 2023 Midterm 1,31,29,23.727272727272727,81.81818181818181,2023-02-09 15:00:43.510390,2023-02-09 15:46:40.720700,1,45.953505166666666,93.54838709677419
W23,41,mid2,Winter 2023,Winter 2023 Midterm 2,70,64,49.4,77.1875,2023-03-16 00:04:20.262870,2023-03-16 15:04:32.263562,2,108.16655625,91.42857142857143
W23,42,mid1,Winter 2023,Winter 2023 Midterm 1,31,29,21.454545454545453,73.98119122257053,2023-02-09 15:01:14.321791,2023-02-09 15:39:54.804511,1,38.674712,93.54838709677419
W23,42,mid2,Winter 2023,Winter 2023 Midterm 2,41,36,23.75,65.97222222222221,2023-03-16 13:39:27.602063,2023-03-16 15:06:52.470453,1,87.41447316666667,87.8048780487805
W23,43,mid1,Winter 2023,Winter 2023 Midterm 1,31,29,17.81818181818182,61.44200626959248,2023-02-09 15:00:38.710614,2023-02-09 16:14:31.015788,1,73.8717529,93.54838709677419
W23,43,mid2,Winter 2023,Winter 2023 Midterm 2,33,30,18.35,61.16666666666667,2023-03-16 14:00:29.859460,2023-03-16 15:14:43.446044,1,74.22644306666666,90.9090909090909
W23,44,mid1,Winter 2023,Winter 2023 Midterm 1,31,29,23.0,79.3103448275862,2023-02-09 15:01:25.025229,2023-02-09 16:16:00.100484,1,74.58458758333333,93.54838709677419
W23,44,mid2,Winter 2023,Winter 2023 Midterm 2,33,30,17.75,59.166666666666664,2023-03-16 14:01:16.655229,2023-03-16 15:21:52.229233,1,80.59290006666667,90.9090909090909
W23,45,mid1,Winter 2023,Winter 2023 Midterm 1,31,29,26.0,89.65517241379311,2023-02-09 15:00:53.009499,2023-02-09 15:35:24.728165,1,34.52864443333333,93.54838709677419
W23,45,mid2,Winter 2023,Winter 2023 Midterm 2,33,30,23.0,76.66666666666667,2023-03-16 14:00:52.895287,2023-03-16 14:36:26.718958,1,35.56372785,90.9090909090909
W23,46,mid1,Winter 2023,Winter 2023 Midterm 1,31,29,27.0,93.10344827586206,2023-02-09 15:00:56.723855,2023-02-09 15:42:24.917882,1,41.46990045,93.54838709677419
W23,46,mid2,Winter 2023,Winter 2023 Midterm 2,33,30,25.0,83.33333333333334,2023-03-16 14:00:25.064514,2023-03-16 14:48:55.899657,1,48.51391905,90.9090909090909
W23,47,mid1,Winter 2023,Winter 2023 Midterm 1,31,29,24.0,82.75862068965517,2023-02-09 17:02:03.389517,2023-02-09 17:53:19.086575,1,51.26161763333334,93.54838709677419
W23,47,mid2,Winter 2023,Winter 2023 Midterm 2,75,69,50.5,73.18840579710145,2023-03-15 21:09:41.050901,2023-03-16 18:30:36.272584,2,79.04089753333332,92.0
W23,49,mid1,Winter 2023,Winter 2023 Midterm 1,31,29,21.90909090909091,75.54858934169279,2023-02-09 15:00:54.063590,2023-02-09 16:01:09.651779,1,60.25980315,93.54838709677419
W23,49,mid2,Winter 2023,Winter 2023 Midterm 2,69,63,42.7,67.77777777777779,2023-03-16 12:17:51.592337,2023-03-16 15:14:44.203655,1,176.8768553,91.30434782608695
W23,50,mid1,Winter 2023,Winter 2023 Midterm 1,31,29,24.8,85.51724137931035,2023-02-09 15:00:58.723845,2023-02-09 16:15:31.018778,1,74.53824888333334,93.54838709677419
W23,50,mid2,Winter 2023,Winter 2023 Midterm 2,33,30,18.5,61.66666666666667,2023-03-16 14:00:23.742328,2023-03-16 15:20:24.400601,1,80.01097121666666,90.9090909090909
W23,51,mid1,Winter 2023,Winter 2023 Midterm 1,31,29,24.0,82.75862068965517,2023-02-09 15:01:18.870071,2023-02-09 16:03:59.118426,1,62.67080591666667,93.54838709677419
W23,51,mid2,Winter 2023,Winter 2023 Midterm 2,70,64,50.75,79.296875,2023-03-16 04:28:38.244400,2023-03-16 15:18:11.917367,2,93.52521548333333,91.42857142857143
W23,52,mid1,Winter 2023,Winter 2023 Midterm 1,31,29,25.0,86.20689655172413,2023-02-09 15:01:09.614724,2023-02-09 16:03:44.829587,1,62.58691438333334,93.54838709677419
W23,52,mid2,Winter 2023,Winter 2023 Midterm 2,33,30,25.0,83.33333333333334,2023-03-16 14:00:59.729887,2023-03-16 15:07:39.319830,1,66.65983238333334,90.9090909090909
W23,54,mid1,Winter 2023,Winter 2023 Midterm 1,31,29,27.0,93.10344827586206,2023-02-09 15:01:11.325659,2023-02-09 16:08:28.438783,1,67.28521873333334,93.54838709677419
W23,54,mid2,Winter 2023,Winter 2023 Midterm 2,33,30,25.0,83.33333333333334,2023-03-16 14:02:38.715831,2023-03-16 15:22:24.000185,1,79.75473923333334,90.9090909090909
W23,55,mid1,Winter 2023,Winter 2023 Midterm 1,31,29,21.81818181818182,75.23510971786834,2023-02-09 15:01:14.753060,2023-02-09 16:12:52.692739,1,71.63232798333334,93.54838709677419
W23,55,mid2,Winter 2023,Winter 2023 Midterm 2,33,30,18.0,60.0,2023-03-16 14:00:51.664205,2023-03-16 15:11:29.025432,1,70.62268711666667,90.9090909090909
W23,56,mid1,Winter 2023,Winter 2023 Midterm 1,31,29,17.9,61.72413793103447,2023-02-09 15:23:37.264847,2023-02-09 17:32:20.627791,1,128.72271573333333,93.54838709677419
W23,56,mid2,Winter 2023,Winter 2023 Midterm 2,33,30,15.0,50.0,2023-03-16 17:32:22.843706,2023-03-16 18:38:49.701453,1,66.44762911666666,90.9090909090909
W23,57,mid1,Winter 2023,Winter 2023 Midterm 1,31,29,26.0,89.65517241379311,2023-02-09 15:00:45.571155,2023-02-09 15:49:39.312983,1,48.895697133333336,93.54838709677419
W23,57,mid2,Winter 2023,Winter 2023 Midterm 2,62,59,43.56666666666667,73.84180790960453,2023-03-16 04:08:19.109638,2023-03-16 15:17:05.535131,2,76.50708920000001,95.16129032258064
W23,58,mid1,Winter 2023,Winter 2023 Midterm 1,31,29,24.345454545454544,83.94984326018809,2023-02-09 15:00:50.772433,2023-02-09 16:20:40.634922,1,79.83104148333334,93.54838709677419
W23,58,mid2,Winter 2023,Winter 2023 Midterm 2,61,58,25.1,43.27586206896552,2023-03-16 10:38:28.526163,2023-03-16 15:20:54.403736,2,80.33483078333333,95.08196721311475
W23,59,mid1,Winter 2023,Winter 2023 Midterm 1,31,29,26.0,89.65517241379311,2023-02-09 15:00:48.356615,2023-02-09 15:52:40.511316,1,51.86924501666667,93.54838709677419
W23,59,mid2,Winter 2023,Winter 2023 Midterm 2,33,30,21.75,72.5,2023-03-16 14:00:26.186326,2023-03-16 15:10:49.807071,1,70.39367908333334,90.9090909090909
W23,60,mid1,Winter 2023,Winter 2023 Midterm 1,31,29,23.0,79.3103448275862,2023-02-09 15:01:00.975636,2023-02-09 16:12:22.596121,1,71.36034141666667,93.54838709677419
W23,60,mid2,Winter 2023,Winter 2023 Midterm 2,33,30,23.0,76.66666666666667,2023-03-16 14:01:33.771890,2023-03-16 15:01:42.537775,1,60.14609808333333,90.9090909090909
W23,61,mid1,Winter 2023,Winter 2023 Midterm 1,31,29,22.90909090909091,78.99686520376176,2023-02-09 15:06:56.639126,2023-02-09 16:22:21.339761,1,75.41167725,93.54838709677419
W23,61,mid2,Winter 2023,Winter 2023 Midterm 2,51,46,30.25,65.76086956521739,2023-03-16 04:56:00.940280,2023-03-16 15:21:31.915120,2,158.73294845,90.19607843137256
W23,62,mid1,Winter 2023,Winter 2023 Midterm 1,31,29,21.90909090909091,75.54858934169279,2023-02-09 15:00:51.484765,2023-02-09 16:01:47.459120,1,60.93290591666666,93.54838709677419
W23,62,mid2,Winter 2023,Winter 2023 Midterm 2,40,37,21.516666666666666,58.15315315315315,2023-03-16 06:25:30.507183,2023-03-16 15:22:33.328275,2,81.56793585,92.5
W23,63,mid1,Winter 2023,Winter 2023 Midterm 1,31,29,15.181818181818182,52.35109717868338,2023-02-09 15:01:25.009268,2023-02-09 16:14:00.986782,1,72.59962523333334,93.54838709677419
W23,63,mid2,Winter 2023,Winter 2023 Midterm 2,49,46,27.0,58.69565217391305,2023-03-16 13:12:38.472980,2023-03-16 15:17:03.857493,1,124.42307521666666,93.87755102040816
W23,64,mid1,Winter 2023,Winter 2023 Midterm 1,31,29,15.0,51.724137931034484,2023-02-09 15:01:56.410720,2023-02-09 16:21:23.109818,1,79.44498496666667,93.54838709677419
W23,64,mid2,Winter 2023,Winter 2023 Midterm 2,33,30,15.1,50.33333333333333,2023-03-16 14:00:02.928078,2023-03-16 15:19:59.702736,1,79.9462443,90.9090909090909
W23,65,mid1,Winter 2023,Winter 2023 Midterm 1,31,29,23.645454545454545,81.53605015673982,2023-02-09 15:11:58.545317,2023-02-09 16:41:52.828603,1,89.90472143333334,93.54838709677419
W23,65,mid2,Winter 2023,Winter 2023 Midterm 2,33,30,17.5,58.333333333333336,2023-03-16 14:11:16.534794,2023-03-16 15:43:04.169665,1,91.79391451666667,90.9090909090909
W23,66,mid1,Winter 2023,Winter 2023 Midterm 1,31,29,24.0,82.75862068965517,2023-02-09 15:00:58.984626,2023-02-09 16:07:53.159231,1,66.90291008333334,93.54838709677419
W23,66,mid2,Winter 2023,Winter 2023 Midterm 2,33,30,23.55,78.5,2023-03-16 14:00:34.576024,2023-03-16 15:06:37.063311,1,66.04145478333334,90.9090909090909
W23,67,mid1,Winter 2023,Winter 2023 Midterm 1,31,29,23.10909090909091,79.68652037617555,2023-02-09 15:04:01.578075,2023-02-09 16:24:06.744780,1,80.08611175,93.54838709677419
W23,67,mid2,Winter 2023,Winter 2023 Midterm 2,33,30,21.0,70.0,2023-03-16 14:00:01.453020,2023-03-16 15:20:35.837877,1,80.57308095,90.9090909090909
W23,68,mid1,Winter 2023,Winter 2023 Midterm 1,31,29,24.0,82.75862068965517,2023-02-09 15:01:09.178428,2023-02-09 15:28:47.032947,1,27.63090865,93.54838709677419
W23,68,mid2,Winter 2023,Winter 2023 Midterm 2,33,30,21.35,71.16666666666667,2023-03-16 14:00:25.768835,2023-03-16 14:45:52.663246,1,45.44824018333334,90.9090909090909
W23,70,mid1,Winter 2023,Winter 2023 Midterm 1,31,29,16.2,55.86206896551724,2023-02-09 15:01:57.699829,2023-02-09 16:22:31.697085,1,80.56662093333333,93.54838709677419
W23,70,mid2,Winter 2023,Winter 2023 Midterm 2,33,30,16.0,53.333333333333336,2023-03-16 14:01:51.531293,2023-03-16 15:07:14.842055,1,65.3885127,90.9090909090909
W23,71,mid1,Winter 2023,Winter 2023 Midterm 1,31,29,27.0,93.10344827586206,2023-02-09 15:00:36.238086,2023-02-09 15:39:58.061899,1,39.36373021666667,93.54838709677419
W23,71,mid2,Winter 2023,Winter 2023 Midterm 2,39,36,25.0,69.44444444444444,2023-03-16 13:34:26.459069,2023-03-16 15:07:08.104957,1,92.69409813333333,92.3076923076923
W23,72,mid1,Winter 2023,Winter 2023 Midterm 1,32,30,25.95,86.5,2023-02-09 15:01:33.951777,2023-02-09 16:20:22.223817,1,78.804534,93.75
W23,72,mid2,Winter 2023,Winter 2023 Midterm 2,72,66,42.0,63.63636363636363,2023-03-16 06:58:01.605063,2023-03-16 15:22:18.236740,2,115.54629528333334,91.66666666666667
W23,73,mid1,Winter 2023,Winter 2023 Midterm 1,31,29,26.0,89.65517241379311,2023-02-09 15:04:20.759897,2023-02-09 16:14:33.838519,1,70.21797703333333,93.54838709677419
W23,73,mid2,Winter 2023,Winter 2023 Midterm 2,33,30,19.35,64.5,2023-03-16 14:04:48.222666,2023-03-16 15:25:18.888655,1,80.51109981666667,90.9090909090909
W23,75,mid1,Winter 2023,Winter 2023 Midterm 1,31,29,20.0,68.96551724137932,2023-02-09 15:01:32.702970,2023-02-09 16:22:05.019050,1,80.53860133333333,93.54838709677419
W23,75,mid2,Winter 2023,Winter 2023 Midterm 2,91,85,64.25,75.58823529411765,2023-03-15 19:59:52.191425,2023-03-16 15:21:24.376500,2,80.47550278333333,93.4065934065934
W23,76,mid1,Winter 2023,Winter 2023 Midterm 1,31,29,27.0,93.10344827586206,2023-02-09 15:01:15.490421,2023-02-09 15:39:54.230237,1,38.6456636,93.54838709677419
W23,76,mid2,Winter 2023,Winter 2023 Midterm 2,33,30,25.0,83.33333333333334,2023-03-16 14:01:39.643889,2023-03-16 14:57:58.081844,1,56.30729925,90.9090909090909
W23,77,mid1,Winter 2023,Winter 2023 Midterm 1,31,29,22.2,76.55172413793103,2023-02-09 15:03:47.669036,2023-02-09 17:02:05.229609,1,118.29267621666666,93.54838709677419
W23,77,mid2,Winter 2023,Winter 2023 Midterm 2,70,64,46.0,71.875,2023-03-15 19:40:58.643034,2023-03-16 16:12:35.484710,3,246.54050001666667,91.42857142857143
W23,78,mid1,Winter 2023,Winter 2023 Midterm 1,31,29,22.8,78.62068965517241,2023-02-09 15:00:37.610519,2023-02-09 16:20:42.885133,1,80.08791023333333,93.54838709677419
W23,78,mid2,Winter 2023,Winter 2023 Midterm 2,33,30,16.25,54.166666666666664,2023-03-16 14:00:13.390718,2023-03-16 15:20:18.728518,1,80.08896333333334,90.9090909090909
W23,79,mid1,Winter 2023,Winter 2023 Midterm 1,31,29,24.0,82.75862068965517,2023-02-09 15:01:26.576688,2023-02-09 16:10:58.358280,1,69.52969320000001,93.54838709677419
W23,79,mid2,Winter 2023,Winter 2023 Midterm 2,38,35,19.75,56.42857142857143,2023-03-16 03:56:15.237672,2023-03-16 15:20:17.155455,2,76.63384595000001,92.10526315789474
W23,80,mid1,Winter 2023,Winter 2023 Midterm 1,31,29,26.0,89.65517241379311,2023-02-09 15:01:12.473407,2023-02-09 16:04:32.351847,1,63.331307333333335,93.54838709677419
W23,80,mid2,Winter 2023,Winter 2023 Midterm 2,33,30,25.0,83.33333333333334,2023-03-16 14:02:35.390652,2023-03-16 15:22:16.843164,1,79.6908752,90.9090909090909
W23,81,mid2,Winter 2023,Winter 2023 Midterm 2,33,30,12.0,40.0,2023-03-16 14:00:28.587492,2023-03-16 14:58:45.686238,1,58.2849791,90.9090909090909
W23,82,mid1,Winter 2023,Winter 2023 Midterm 1,31,29,19.81818181818182,68.3385579937304,2023-02-09 15:01:20.602094,2023-02-09 16:00:55.803175,1,59.58668468333334,93.54838709677419
W23,82,mid2,Winter 2023,Winter 2023 Midterm 2,33,30,16.5,55.00000000000001,2023-03-16 14:01:27.675255,2023-03-16 15:19:15.891531,1,77.8036046,90.9090909090909
W23,83,mid1,Winter 2023,Winter 2023 Midterm 1,31,29,13.2,45.51724137931034,2023-02-09 15:04:06.568752,2023-02-09 16:24:41.595815,1,80.58378438333334,93.54838709677419
W23,83,mid2,Winter 2023,Winter 2023 Midterm 2,33,30,15.0,50.0,2023-03-16 14:02:13.963031,2023-03-16 15:22:48.633765,1,80.57784556666667,90.9090909090909
W23,84,mid1,Winter 2023,Winter 2023 Midterm 1,31,29,25.81818181818182,89.02821316614421,2023-02-09 15:02:02.296422,2023-02-09 15:50:44.178796,1,48.698039566666665,93.54838709677419
W23,84,mid2,Winter 2023,Winter 2023 Midterm 2,70,64,47.13333333333333,73.64583333333333,2023-03-15 21:41:55.083942,2023-03-16 14:54:05.300770,2,114.92002668333333,91.42857142857143
W23,85,mid1,Winter 2023,Winter 2023 Midterm 1,31,29,22.8,78.62068965517241,2023-02-09 15:00:40.388677,2023-02-09 16:17:28.911055,1,76.8087063,93.54838709677419
W23,85,mid2,Winter 2023,Winter 2023 Midterm 2,33,30,21.75,72.5,2023-03-16 14:00:47.437463,2023-03-16 15:11:43.742017,1,70.93840923333333,90.9090909090909
W23,86,mid1,Winter 2023,Winter 2023 Midterm 1,31,29,26.0,89.65517241379311,2023-02-09 15:01:07.731406,2023-02-09 15:41:33.845966,1,40.43524266666667,93.54838709677419
W23,86,mid2,Winter 2023,Winter 2023 Midterm 2,70,64,55.8,87.1875,2023-03-16 12:50:55.517624,2023-03-16 14:53:13.923629,1,122.30676675,91.42857142857143
W23,87,mid1,Winter 2023,Winter 2023 Midterm 1,31,29,11.181818181818182,38.557993730407524,2023-02-09 15:13:29.338766,2023-02-09 16:34:03.950188,1,80.57685703333333,93.54838709677419
W23,87,mid2,Winter 2023,Winter 2023 Midterm 2,33,30,16.0,53.333333333333336,2023-03-20 00:03:31.785459,2023-03-20 02:37:39.311282,1,154.12543038333334,90.9090909090909
W23,88,mid1,Winter 2023,Winter 2023 Midterm 1,31,29,26.90909090909091,92.78996865203763,2023-02-09 15:01:08.458363,2023-02-09 15:50:12.382478,1,49.065401916666666,93.54838709677419
W23,88,mid2,Winter 2023,Winter 2023 Midterm 2,33,30,24.0,80.0,2023-03-16 14:00:27.410818,2023-03-16 14:50:36.576814,1,50.1527666,90.9090909090909
W23,89,mid2,Winter 2023,Winter 2023 Midterm 2,33,30,23.65,78.83333333333333,2023-03-16 14:00:15.679153,2023-03-16 15:13:47.562683,1,73.53139216666666,90.9090909090909
W23,90,mid1,Winter 2023,Winter 2023 Midterm 1,31,29,23.0,79.3103448275862,2023-02-09 15:03:59.485282,2023-02-09 15:48:59.523007,1,45.000628750000004,93.54838709677419
W23,90,mid2,Winter 2023,Winter 2023 Midterm 2,33,30,21.5,71.66666666666667,2023-03-16 14:00:01.141486,2023-03-16 14:40:10.936074,1,40.16324313333334,90.9090909090909
W23,92,mid1,Winter 2023,Winter 2023 Midterm 1,31,29,25.0,86.20689655172413,2023-02-09 15:01:29.406909,2023-02-09 15:35:00.476441,1,33.51782553333333,93.54838709677419
W23,92,mid2,Winter 2023,Winter 2023 Midterm 2,33,30,23.0,76.66666666666667,2023-03-16 14:00:02.561180,2023-03-16 14:42:54.684903,1,42.868728716666666,90.9090909090909
W23,93,mid1,Winter 2023,Winter 2023 Midterm 1,31,29,14.09090909090909,48.589341692789965,2023-02-09 15:04:07.364636,2023-02-09 16:09:49.620931,1,65.70427158333334,93.54838709677419
W23,93,mid2,Winter 2023,Winter 2023 Midterm 2,41,35,14.0,40.0,2023-03-16 06:43:42.818378,2023-03-16 15:22:36.580243,2,75.86404214999999,85.36585365853658
W23,94,mid1,Winter 2023,Winter 2023 Midterm 1,31,29,22.727272727272727,78.36990595611285,2023-02-09 15:01:31.798842,2023-02-09 16:22:07.743933,1,80.59908485,93.54838709677419
W23,94,mid2,Winter 2023,Winter 2023 Midterm 2,33,30,21.5,71.66666666666667,2023-03-16 14:01:05.286929,2023-03-16 15:21:40.675891,1,80.58981603333334,90.9090909090909
W23,95,mid1,Winter 2023,Winter 2023 Midterm 1,31,29,23.0,79.3103448275862,2023-02-09 15:01:33.622056,2023-02-09 16:22:08.662610,1,80.58400923333333,93.54838709677419
W23,95,mid2,Winter 2023,Winter 2023 Midterm 2,33,30,15.2,50.66666666666666,2023-03-16 14:05:33.973199,2023-03-16 15:26:10.203515,1,80.6038386,90.9090909090909
W23,96,mid1,Winter 2023,Winter 2023 Midterm 1,31,29,25.727272727272727,88.71473354231975,2023-02-09 15:00:38.445447,2023-02-09 15:46:44.356061,1,46.09851023333333,93.54838709677419
W23,96,mid2,Winter 2023,Winter 2023 Midterm 2,38,35,19.0,54.285714285714285,2023-03-16 13:30:55.599230,2023-03-16 15:21:11.663325,1,110.26773491666667,92.10526315789474
W23,97,mid1,Winter 2023,Winter 2023 Midterm 1,31,29,21.954545454545453,75.70532915360502,2023-02-09 15:01:10.342581,2023-02-09 16:21:30.635216,1,80.33821058333334,93.54838709677419
W23,97,mid2,Winter 2023,Winter 2023 Midterm 2,33,30,18.0,60.0,2023-03-16 14:00:38.284725,2023-03-16 15:21:13.877170,1,80.59320741666667,90.9090909090909
W23,98,mid1,Winter 2023,Winter 2023 Midterm 1,31,29,15.745454545454546,54.294670846394986,2023-02-09 15:44:09.665320,2023-02-09 17:37:25.390774,1,113.2620909,93.54838709677419
W23,98,mid2,Winter 2023,Winter 2023 Midterm 2,33,30,16.0,53.333333333333336,2023-03-16 17:49:31.606655,2023-03-16 19:20:18.834215,1,90.787126,90.9090909090909
W23,99,mid1,Winter 2023,Winter 2023 Midterm 1,31,29,18.363636363636363,63.322884012539184,2023-02-09 15:00:38.071996,2023-02-09 16:00:26.835831,1,59.812730583333334,93.54838709677419
W23,100,mid1,Winter 2023,Winter 2023 Midterm 1,4,4,2.0,50.0,2023-02-14 21:38:51.417076,2023-02-14 21:49:56.033889,1,11.076946883333333,100.0
W23,100,mid2,Winter 2023,Winter 2023 Midterm 2,70,64,41.21666666666667,64.40104166666667,2023-03-15 23:29:23.925604,2023-03-16 14:59:03.869658,3,58.016652083333334,91.42857142857143
W23,101,mid1,Winter 2023,Winter 2023 Midterm 1,31,29,26.0,89.65517241379311,2023-02-09 15:01:36.658736,2023-02-09 15:52:21.311308,1,50.74420953333333,93.54838709677419
W23,101,mid2,Winter 2023,Winter 2023 Midterm 2,33,30,21.0,70.0,2023-03-16 14:00:47.460220,2023-03-16 14:55:51.747793,1,55.07145955,90.9090909090909
W23,102,mid1,Winter 2023,Winter 2023 Midterm 1,31,29,18.181818181818183,62.695924764890286,2023-02-09 15:01:06.330274,2023-02-09 16:13:35.347240,1,72.4836161,93.54838709677419
W23,102,mid2,Winter 2023,Winter 2023 Midterm 2,84,78,48.8,62.56410256410256,2023-03-15 18:10:54.292419,2023-03-16 15:09:14.865724,3,68.74945586666666,92.85714285714286
W23,103,mid1,Winter 2023,Winter 2023 Midterm 1,31,29,22.618181818181817,77.99373040752351,2023-02-09 15:01:00.486112,2023-02-09 15:51:15.813916,1,50.255463400000004,93.54838709677419
W23,103,mid2,Winter 2023,Winter 2023 Midterm 2,33,30,20.55,68.5,2023-03-16 14:01:06.910472,2023-03-16 14:37:38.404760,1,36.524904799999995,90.9090909090909
W23,104,mid1,Winter 2023,Winter 2023 Midterm 1,31,29,20.8,71.72413793103448,2023-02-09 15:01:08.215700,2023-02-09 15:49:12.548802,1,48.07221836666667,93.54838709677419
W23,104,mid2,Winter 2023,Winter 2023 Midterm 2,33,30,15.25,50.83333333333333,2023-03-16 14:00:30.125627,2023-03-16 15:03:49.392988,1,63.321122683333336,90.9090909090909
W23,105,mid1,Winter 2023,Winter 2023 Midterm 1,31,29,23.545454545454547,81.19122257053291,2023-02-09 15:01:58.359138,2023-02-09 15:56:35.035956,1,54.6112803,93.54838709677419
W23,105,mid2,Winter 2023,Winter 2023 Midterm 2,33,30,21.75,72.5,2023-03-16 14:45:53.298984,2023-03-16 15:39:59.539655,1,54.104011183333334,90.9090909090909
W23,106,mid1,Winter 2023,Winter 2023 Midterm 1,31,29,19.618181818181817,67.64890282131661,2023-02-09 15:00:45.123073,2023-02-09 16:21:20.214720,1,80.58486078333334,93.54838709677419
W23,106,mid2,Winter 2023,Winter 2023 Midterm 2,33,30,17.0,56.666666666666664,2023-03-16 14:00:32.913986,2023-03-16 15:20:20.328767,1,79.79024635,90.9090909090909
W23,107,mid1,Winter 2023,Winter 2023 Midterm 1,31,29,25.0,86.20689655172413,2023-02-09 15:00:53.687905,2023-02-09 15:34:35.821065,1,33.70221933333333,93.54838709677419
W23,107,mid2,Winter 2023,Winter 2023 Midterm 2,33,30,19.75,65.83333333333333,2023-03-16 14:00:46.620894,2023-03-16 14:43:41.694683,1,42.91789648333334,90.9090909090909
W23,108,mid1,Winter 2023,Winter 2023 Midterm 1,31,29,21.545454545454547,74.29467084639498,2023-02-09 15:18:10.460935,2023-02-09 16:02:46.148104,1,44.59478615,93.54838709677419
W23,108,mid2,Winter 2023,Winter 2023 Midterm 2,69,63,50.75,80.55555555555556,2023-03-16 01:05:11.372273,2023-03-16 15:09:12.947984,2,103.91946341666667,91.30434782608695
W23,109,mid1,Winter 2023,Winter 2023 Midterm 1,31,29,26.0,89.65517241379311,2023-02-09 15:00:38.368672,2023-02-09 16:20:53.028784,1,80.2443352,93.54838709677419
W23,109,mid2,Winter 2023,Winter 2023 Midterm 2,32,29,19.35,66.72413793103449,2023-03-16 14:00:34.546140,2023-03-16 15:20:32.728991,1,79.96971418333332,90.625
W23,110,mid1,Winter 2023,Winter 2023 Midterm 1,31,29,25.0,86.20689655172413,2023-02-09 15:01:24.184693,2023-02-09 16:00:21.256237,1,58.9511924,93.54838709677419
W23,110,mid2,Winter 2023,Winter 2023 Midterm 2,33,30,21.75,72.5,2023-03-16 14:02:24.550139,2023-03-16 15:18:35.552346,1,76.18337011666668,90.9090909090909
W23,111,mid1,Winter 2023,Winter 2023 Midterm 1,31,29,26.0,89.65517241379311,2023-02-09 15:01:47.670987,2023-02-09 15:48:58.797673,1,47.18544476666667,93.54838709677419
W23,111,mid2,Winter 2023,Winter 2023 Midterm 2,33,30,25.0,83.33333333333334,2023-03-16 14:00:42.551673,2023-03-16 15:04:37.574021,1,63.91703913333333,90.9090909090909
W23,112,mid1,Winter 2023,Winter 2023 Midterm 1,31,29,14.636363636363637,50.470219435736674,2023-02-09 15:00:52.427412,2023-02-09 16:20:59.753314,1,80.12209836666666,93.54838709677419
W23,112,mid2,Winter 2023,Winter 2023 Midterm 2,33,30,16.4,54.666666666666664,2023-03-16 14:01:47.089706,2023-03-16 15:21:20.804343,1,79.56191061666667,90.9090909090909
W23,113,mid1,Winter 2023,Winter 2023 Midterm 1,31,29,23.0,79.3103448275862,2023-02-09 15:01:17.042785,2023-02-09 15:30:49.765405,1,29.545377,93.54838709677419
W23,113,mid2,Winter 2023,Winter 2023 Midterm 2,33,30,20.0,66.66666666666666,2023-03-16 14:00:33.325312,2023-03-16 14:39:17.006239,1,38.72801545,90.9090909090909
W23,114,mid1,Winter 2023,Winter 2023 Midterm 1,31,29,22.445454545454545,77.39811912225704,2023-02-09 15:01:15.989825,2023-02-09 16:20:47.395523,1,79.52342829999999,93.54838709677419
W23,114,mid2,Winter 2023,Winter 2023 Midterm 2,33,30,21.75,72.5,2023-03-16 14:00:00.037191,2023-03-16 15:19:42.143515,1,79.70177206666668,90.9090909090909
W23,115,mid1,Winter 2023,Winter 2023 Midterm 1,30,28,14.818181818181818,52.922077922077925,2023-02-09 15:00:34.208063,2023-02-09 16:15:44.440596,1,75.17054221666668,93.33333333333333
W23,115,mid2,Winter 2023,Winter 2023 Midterm 2,33,30,11.0,36.666666666666664,2023-03-16 14:10:51.465094,2023-03-16 15:16:05.943791,1,65.24131161666666,90.9090909090909
W23,117,mid1,Winter 2023,Winter 2023 Midterm 1,31,29,8.272727272727273,28.526645768025084,2023-02-09 15:01:34.497492,2023-02-09 16:21:42.848624,1,80.13918553333333,93.54838709677419
W23,117,mid2,Winter 2023,Winter 2023 Midterm 2,33,30,16.0,53.333333333333336,2023-03-19 17:49:39.034644,2023-03-19 19:09:44.606620,1,80.09286626666668,90.9090909090909
W23,118,mid1,Winter 2023,Winter 2023 Midterm 1,31,29,25.81818181818182,89.02821316614421,2023-02-09 15:00:35.647509,2023-02-09 16:14:25.995871,1,73.83913936666666,93.54838709677419
W23,118,mid2,Winter 2023,Winter 2023 Midterm 2,33,30,22.0,73.33333333333333,2023-03-16 14:01:28.865284,2023-03-16 15:15:19.499711,1,73.84390711666667,90.9090909090909
W23,119,mid1,Winter 2023,Winter 2023 Midterm 1,30,28,20.4,72.85714285714285,2023-02-09 15:04:00.855510,2023-02-09 16:24:08.303063,1,80.12412588333333,93.33333333333333
W23,119,mid2,Winter 2023,Winter 2023 Midterm 2,33,30,22.25,74.16666666666667,2023-03-16 13:59:59.723511,2023-03-16 15:20:07.107807,1,80.1230716,90.9090909090909
W23,120,mid1,Winter 2023,Winter 2023 Midterm 1,31,29,22.51818181818182,77.64890282131663,2023-02-09 15:01:14.526441,2023-02-09 16:21:47.674639,1,80.55246996666666,93.54838709677419
W23,120,mid2,Winter 2023,Winter 2023 Midterm 2,78,71,58.75,82.74647887323944,2023-03-16 01:52:04.241635,2023-03-16 15:00:32.238403,2,151.81141146666667,91.02564102564102
W23,121,mid1,Winter 2023,Winter 2023 Midterm 1,31,29,22.0,75.86206896551724,2023-02-09 15:01:14.418967,2023-02-09 15:44:50.391037,1,43.5995345,93.54838709677419
W23,121,mid2,Winter 2023,Winter 2023 Midterm 2,33,30,19.75,65.83333333333333,2023-03-16 14:00:03.934115,2023-03-16 14:55:05.436427,1,55.02503853333334,90.9090909090909
W23,123,mid1,Winter 2023,Winter 2023 Midterm 1,31,29,22.90909090909091,78.99686520376176,2023-02-09 15:01:10.844002,2023-02-09 16:21:44.784069,1,80.56566778333334,93.54838709677419
W23,123,mid2,Winter 2023,Winter 2023 Midterm 2,36,33,22.0,66.66666666666666,2023-03-16 04:15:41.334801,2023-03-16 15:25:15.815467,2,80.61352468333332,91.66666666666667
W23,124,mid1,Winter 2023,Winter 2023 Midterm 1,31,29,24.0,82.75862068965517,2023-02-09 15:01:59.010795,2023-02-09 15:57:38.823768,1,55.66354955,93.54838709677419
W23,124,mid2,Winter 2023,Winter 2023 Midterm 2,33,30,22.75,75.83333333333333,2023-03-16 14:00:35.160728,2023-03-16 15:14:38.194200,1,74.05055786666667,90.9090909090909
W23,125,mid1,Winter 2023,Winter 2023 Midterm 1,31,29,25.8,88.96551724137932,2023-02-09 15:00:56.963588,2023-02-09 15:38:15.249877,1,37.30477148333333,93.54838709677419
W23,125,mid2,Winter 2023,Winter 2023 Midterm 2,33,30,20.0,66.66666666666666,2023-03-16 14:09:36.098354,2023-03-16 15:03:18.973750,1,53.71458993333333,90.9090909090909
W23,126,mid1,Winter 2023,Winter 2023 Midterm 1,31,29,26.0,89.65517241379311,2023-02-09 15:00:49.872536,2023-02-09 15:36:53.927654,1,36.067585300000005,93.54838709677419
W23,126,mid2,Winter 2023,Winter 2023 Midterm 2,33,30,22.0,73.33333333333333,2023-03-16 14:00:01.333688,2023-03-16 14:48:56.215297,1,48.91469348333333,90.9090909090909
W23,128,mid1,Winter 2023,Winter 2023 Midterm 1,31,29,26.81818181818182,92.47648902821317,2023-02-09 15:01:30.172375,2023-02-09 16:20:22.108752,1,78.86560628333334,93.54838709677419
W23,128,mid2,Winter 2023,Winter 2023 Midterm 2,33,30,22.5,75.0,2023-03-16 14:00:25.790219,2023-03-16 15:20:58.964824,1,80.55291008333333,90.9090909090909
W23,129,mid1,Winter 2023,Winter 2023 Midterm 1,31,29,26.0,89.65517241379311,2023-02-09 15:01:02.979581,2023-02-09 15:49:14.378598,1,48.18998361666667,93.54838709677419
W23,129,mid2,Winter 2023,Winter 2023 Midterm 2,33,30,21.75,72.5,2023-03-16 14:00:28.015524,2023-03-16 15:03:36.247832,1,63.13720513333333,90.9090909090909
W23,130,mid1,Winter 2023,Winter 2023 Midterm 1,31,29,21.0,72.41379310344827,2023-02-09 15:03:54.796483,2023-02-09 15:46:50.030391,1,42.920565133333334,93.54838709677419
W23,130,mid2,Winter 2023,Winter 2023 Midterm 2,33,30,22.0,73.33333333333333,2023-03-16 14:00:55.849725,2023-03-16 15:12:43.555328,1,71.79509338333334,90.9090909090909
W23,131,mid1,Winter 2023,Winter 2023 Midterm 1,31,29,23.0,79.3103448275862,2023-02-09 15:05:23.087192,2023-02-09 15:51:00.153050,1,45.6177643,93.54838709677419
W23,131,mid2,Winter 2023,Winter 2023 Midterm 2,33,30,20.0,66.66666666666666,2023-03-16 14:01:50.743406,2023-03-16 14:50:56.399493,1,49.09426811666666,90.9090909090909
W23,132,mid1,Winter 2023,Winter 2023 Midterm 1,31,29,22.454545454545453,77.4294670846395,2023-02-09 15:06:23.777995,2023-02-09 16:05:35.766766,1,59.199812849999994,93.54838709677419
W23,132,mid2,Winter 2023,Winter 2023 Midterm 2,33,30,21.0,70.0,2023-03-16 14:04:53.024872,2023-03-16 15:07:30.864538,1,62.6306611,90.9090909090909
W23,133,mid1,Winter 2023,Winter 2023 Midterm 1,31,29,26.81818181818182,92.47648902821317,2023-02-09 15:00:41.425594,2023-02-09 16:15:06.941026,1,74.4252572,93.54838709677419
W23,133,mid2,Winter 2023,Winter 2023 Midterm 2,74,71,56.25,79.22535211267606,2023-03-15 17:47:20.773803,2023-03-16 15:08:21.149838,3,66.92262613333334,95.94594594594595
W23,134,mid1,Winter 2023,Winter 2023 Midterm 1,31,29,26.0,89.65517241379311,2023-02-09 15:01:08.233665,2023-02-09 15:48:50.087574,1,47.697565149999996,93.54838709677419
W23,134,mid2,Winter 2023,Winter 2023 Midterm 2,33,30,24.0,80.0,2023-03-16 14:00:36.149250,2023-03-16 15:07:01.759975,1,66.42684541666667,90.9090909090909
W23,135,mid1,Winter 2023,Winter 2023 Midterm 1,31,29,23.545454545454547,81.19122257053291,2023-02-09 15:00:39.979234,2023-02-09 16:20:14.997208,1,79.58363290000001,93.54838709677419
W23,135,mid2,Winter 2023,Winter 2023 Midterm 2,33,30,21.75,72.5,2023-03-16 14:00:29.386741,2023-03-16 15:18:10.111124,1,77.67873971666667,90.9090909090909
W23,136,mid1,Winter 2023,Winter 2023 Midterm 1,31,29,25.80909090909091,88.99686520376176,2023-02-09 15:02:49.963141,2023-02-09 16:01:36.938266,1,58.78291875,93.54838709677419
W23,136,mid2,Winter 2023,Winter 2023 Midterm 2,33,30,23.0,76.66666666666667,2023-03-16 14:00:42.418345,2023-03-16 15:07:08.611300,1,66.43654925,90.9090909090909
W23,137,mid1,Winter 2023,Winter 2023 Midterm 1,31,29,26.875,92.67241379310344,2023-02-09 15:00:46.027822,2023-02-09 15:43:55.625972,1,43.15996916666666,93.54838709677419
W23,137,mid2,Winter 2023,Winter 2023 Midterm 2,33,30,22.0,73.33333333333333,2023-03-16 14:01:01.898148,2023-03-16 15:04:09.981479,1,63.13472218333333,90.9090909090909
W23,138,mid1,Winter 2023,Winter 2023 Midterm 1,31,29,24.0,82.75862068965517,2023-02-09 15:00:43.126098,2023-02-09 15:47:55.104314,1,47.19963693333333,93.54838709677419
W23,138,mid2,Winter 2023,Winter 2023 Midterm 2,33,30,21.95,73.16666666666667,2023-03-16 14:00:07.302240,2023-03-16 14:52:05.858294,1,51.975934233333334,90.9090909090909
W23,140,mid1,Winter 2023,Winter 2023 Midterm 1,31,29,16.375,56.46551724137932,2023-02-09 15:03:56.836604,2023-02-09 17:07:45.562735,1,123.81210218333334,93.54838709677419
W23,140,mid2,Winter 2023,Winter 2023 Midterm 2,113,104,72.65,69.85576923076924,2023-03-16 14:02:02.271199,2023-03-25 22:54:17.736449,2,193.9273414666667,92.03539823008849
W23,141,mid1,Winter 2023,Winter 2023 Midterm 1,31,29,21.81818181818182,75.23510971786834,2023-02-09 15:00:59.912108,2023-02-09 16:20:11.290989,1,79.18964801666667,93.54838709677419
W23,141,mid2,Winter 2023,Winter 2023 Midterm 2,33,30,20.0,66.66666666666666,2023-03-16 14:00:31.175612,2023-03-16 15:13:02.807765,1,72.52720255,90.9090909090909
W23,142,mid1,Winter 2023,Winter 2023 Midterm 1,31,29,24.0,82.75862068965517,2023-02-09 15:01:25.968814,2023-02-09 15:57:41.969896,1,56.266684700000006,93.54838709677419
W23,142,mid2,Winter 2023,Winter 2023 Midterm 2,33,30,22.0,73.33333333333333,2023-03-16 14:00:40.158121,2023-03-16 15:03:55.780351,1,63.2603705,90.9090909090909
W23,144,mid1,Winter 2023,Winter 2023 Midterm 1,31,29,21.875,75.43103448275862,2023-02-09 15:00:44.924875,2023-02-09 19:15:30.847293,2,110.19704145,93.54838709677419
W23,144,mid2,Winter 2023,Winter 2023 Midterm 2,38,35,19.45,55.57142857142857,2023-03-16 13:54:45.844468,2023-03-16 15:05:41.209363,1,70.92274825,92.10526315789474
W23,145,mid1,Winter 2023,Winter 2023 Midterm 1,31,29,18.0,62.06896551724138,2023-02-09 15:01:19.748891,2023-02-09 15:54:53.497318,1,53.56247378333333,93.54838709677419
W23,145,mid2,Winter 2023,Winter 2023 Midterm 2,33,30,10.75,35.833333333333336,2023-03-16 14:01:39.137353,2023-03-16 15:08:11.256307,1,66.5353159,90.9090909090909
W23,146,mid1,Winter 2023,Winter 2023 Midterm 1,31,29,25.0,86.20689655172413,2023-02-09 15:00:56.233313,2023-02-09 15:54:30.006277,1,53.56288273333333,93.54838709677419
W23,146,mid2,Winter 2023,Winter 2023 Midterm 2,33,30,21.75,72.5,2023-03-16 14:00:37.704628,2023-03-16 15:08:26.619506,1,67.81524796666666,90.9090909090909
W23,147,mid1,Winter 2023,Winter 2023 Midterm 1,31,29,22.9,78.9655172413793,2023-02-09 15:01:21.868977,2023-02-09 16:21:13.010402,1,79.85235708333333,93.54838709677419
W23,147,mid2,Winter 2023,Winter 2023 Midterm 2,33,30,19.75,65.83333333333333,2023-03-16 14:00:29.794986,2023-03-16 15:19:34.776658,1,79.08302786666667,90.9090909090909
W23,149,mid1,Winter 2023,Winter 2023 Midterm 1,31,29,24.81818181818182,85.57993730407524,2023-02-09 15:00:40.271725,2023-02-09 15:56:07.753052,1,55.45802211666667,93.54838709677419
W23,149,mid2,Winter 2023,Winter 2023 Midterm 2,33,30,22.75,75.83333333333333,2023-03-16 14:00:31.088464,2023-03-16 15:08:34.922011,1,68.06389245,90.9090909090909
W23,151,mid1,Winter 2023,Winter 2023 Midterm 1,31,29,24.8,85.51724137931035,2023-02-09 21:22:25.805166,2023-02-09 23:05:43.073513,1,103.28780578333334,93.54838709677419
W23,151,mid2,Winter 2023,Winter 2023 Midterm 2,33,30,23.0,76.66666666666667,2023-03-16 20:12:10.874362,2023-03-16 21:40:02.132664,1,87.85430503333333,90.9090909090909
W23,152,mid1,Winter 2023,Winter 2023 Midterm 1,31,29,26.0,89.65517241379311,2023-02-09 15:01:31.604026,2023-02-09 15:48:07.661669,1,46.60096071666667,93.54838709677419
W23,152,mid2,Winter 2023,Winter 2023 Midterm 2,34,31,25.75,83.06451612903226,2023-03-16 13:13:20.580916,2023-03-16 14:56:27.920972,1,103.12233426666667,91.17647058823529
W23,153,mid1,Winter 2023,Winter 2023 Midterm 1,31,29,26.0,89.65517241379311,2023-02-09 15:01:05.968860,2023-02-09 16:02:41.381355,1,61.59020825,93.54838709677419
W23,153,mid2,Winter 2023,Winter 2023 Midterm 2,33,30,23.75,79.16666666666666,2023-03-16 14:00:36.497325,2023-03-16 15:18:28.583765,1,77.86810733333333,90.9090909090909
W23,154,mid1,Winter 2023,Winter 2023 Midterm 1,31,29,24.9,85.86206896551724,2023-02-09 15:02:55.039055,2023-02-09 15:48:22.196437,1,45.45262303333333,93.54838709677419
W23,154,mid2,Winter 2023,Winter 2023 Midterm 2,33,30,23.0,76.66666666666667,2023-03-16 14:01:22.068950,2023-03-16 14:57:31.703534,1,56.1605764,90.9090909090909
W23,155,mid1,Winter 2023,Winter 2023 Midterm 1,31,29,22.186363636363637,76.50470219435736,2023-02-09 15:01:15.554281,2023-02-09 15:58:40.891150,1,57.42228115,93.54838709677419
W23,155,mid2,Winter 2023,Winter 2023 Midterm 2,33,30,17.0,56.666666666666664,2023-03-16 14:00:26.873856,2023-03-16 15:21:02.529090,1,80.5942539,90.9090909090909
W23,156,mid1,Winter 2023,Winter 2023 Midterm 1,31,29,25.71818181818182,88.68338557993731,2023-02-09 15:01:10.651336,2023-02-09 15:50:00.334604,1,48.82805446666667,93.54838709677419
W23,156,mid2,Winter 2023,Winter 2023 Midterm 2,79,73,63.0,86.3013698630137,2023-03-16 03:08:21.065387,2023-03-16 14:57:14.385335,1,708.8886657999999,92.40506329113924
W23,157,mid1,Winter 2023,Winter 2023 Midterm 1,31,29,27.0,93.10344827586206,2023-02-09 15:00:57.550897,2023-02-09 15:57:55.514102,1,56.96605341666667,93.54838709677419
W23,157,mid2,Winter 2023,Winter 2023 Midterm 2,33,30,21.75,72.5,2023-03-16 14:00:42.654953,2023-03-16 15:16:38.666256,1,75.93352171666668,90.9090909090909
W23,158,mid1,Winter 2023,Winter 2023 Midterm 1,31,29,24.0,82.75862068965517,2023-02-09 15:01:42.351536,2023-02-09 16:13:57.833753,1,72.25803694999999,93.54838709677419
W23,158,mid2,Winter 2023,Winter 2023 Midterm 2,33,30,22.75,75.83333333333333,2023-03-16 14:00:14.097387,2023-03-16 15:04:42.718143,1,64.4770126,90.9090909090909
W23,159,mid1,Winter 2023,Winter 2023 Midterm 1,31,29,22.81818181818182,78.68338557993731,2023-02-09 17:20:16.065315,2023-02-09 18:35:14.739981,1,74.9779111,93.54838709677419
W23,159,mid2,Winter 2023,Winter 2023 Midterm 2,33,30,22.0,73.33333333333333,2023-03-14 12:03:10.835769,2023-03-14 13:21:25.174924,1,78.23898591666666,90.9090909090909
W23,160,mid1,Winter 2023,Winter 2023 Midterm 1,31,29,26.90909090909091,92.78996865203763,2023-02-09 15:03:58.393940,2023-02-09 16:02:20.190025,1,58.36326808333333,93.54838709677419
W23,160,mid2,Winter 2023,Winter 2023 Midterm 2,51,47,34.0,72.3404255319149,2023-03-16 04:24:48.753973,2023-03-16 15:20:16.970750,2,79.87025805,92.15686274509804
W23,161,mid1,Winter 2023,Winter 2023 Midterm 1,31,29,22.81818181818182,78.68338557993731,2023-02-09 15:01:01.441634,2023-02-09 15:52:26.893640,1,51.4242001,93.54838709677419
W23,161,mid2,Winter 2023,Winter 2023 Midterm 2,46,42,28.0,66.66666666666666,2023-03-16 03:42:14.251295,2023-03-16 15:16:51.544451,2,76.39754183333334,91.30434782608695
W23,162,mid1,Winter 2023,Winter 2023 Midterm 1,31,29,25.0,86.20689655172413,2023-02-09 15:01:37.097755,2023-02-09 16:06:49.252450,1,65.20257825,93.54838709677419
W23,162,mid2,Winter 2023,Winter 2023 Midterm 2,33,30,25.0,83.33333333333334,2023-03-16 14:01:00.963565,2023-03-16 14:50:43.096064,1,49.70220831666666,90.9090909090909
W23,163,mid1,Winter 2023,Winter 2023 Midterm 1,31,29,17.01818181818182,58.68338557993731,2023-02-09 15:00:37.972462,2023-02-09 16:14:59.235289,1,74.35438045,93.54838709677419
W23,163,mid2,Winter 2023,Winter 2023 Midterm 2,33,30,16.0,53.333333333333336,2023-03-16 14:00:42.654270,2023-03-16 15:17:34.077038,1,76.85704613333334,90.9090909090909
W23,165,mid1,Winter 2023,Winter 2023 Midterm 1,31,29,19.0,65.51724137931035,2023-02-09 15:01:16.172977,2023-02-09 16:15:21.545677,1,74.089545,93.54838709677419
W23,165,mid2,Winter 2023,Winter 2023 Midterm 2,87,81,63.535714285714285,78.43915343915344,2023-03-16 05:50:48.302061,2023-03-16 15:12:18.059020,2,71.79728228333333,93.10344827586206
W23,166,mid1,Winter 2023,Winter 2023 Midterm 1,31,29,20.0,68.96551724137932,2023-02-09 15:00:52.332994,2023-02-09 15:44:23.852218,1,43.525320400000005,93.54838709677419
W23,166,mid2,Winter 2023,Winter 2023 Midterm 2,33,30,17.75,59.166666666666664,2023-03-16 14:00:07.580983,2023-03-16 15:19:09.761328,1,79.03633908333333,90.9090909090909
W23,167,mid1,Winter 2023,Winter 2023 Midterm 1,31,29,26.0,89.65517241379311,2023-02-09 15:04:21.811923,2023-02-09 16:17:36.580450,1,73.24614211666668,93.54838709677419
W23,167,mid2,Winter 2023,Winter 2023 Midterm 2,70,65,29.25,45.0,2023-03-16 04:23:07.200176,2023-03-16 15:24:50.098566,1,661.7149731666667,92.85714285714286
W23,168,mid1,Winter 2023,Winter 2023 Midterm 1,31,29,20.0,68.96551724137932,2023-02-09 15:00:52.749843,2023-02-09 15:58:19.369648,1,57.443663416666666,93.54838709677419
W23,168,mid2,Winter 2023,Winter 2023 Midterm 2,35,32,17.5,54.6875,2023-03-16 12:56:43.885672,2023-03-16 15:19:51.031990,2,79.05646991666667,91.42857142857143
W23,169,mid1,Winter 2023,Winter 2023 Midterm 1,31,29,24.7,85.17241379310344,2023-02-09 15:00:46.200025,2023-02-09 16:16:12.838259,1,75.44397056666666,93.54838709677419
W23,169,mid2,Winter 2023,Winter 2023 Midterm 2,86,80,64.75,80.9375,2023-03-16 01:18:19.542002,2023-03-16 15:20:10.953842,1,841.856864,93.02325581395348
W23,170,mid1,Winter 2023,Winter 2023 Midterm 1,31,29,23.51818181818182,81.09717868338558,2023-02-09 15:01:09.500631,2023-02-09 16:03:42.820725,1,62.555334900000005,93.54838709677419
W23,170,mid2,Winter 2023,Winter 2023 Midterm 2,40,37,20.6,55.675675675675684,2023-03-16 02:16:29.086882,2023-03-16 15:05:39.255228,3,65.20396186666667,92.5
W23,171,mid1,Winter 2023,Winter 2023 Midterm 1,31,29,26.0,89.65517241379311,2023-02-09 15:00:55.075812,2023-02-09 15:57:23.132753,1,56.46761568333333,93.54838709677419
W23,171,mid2,Winter 2023,Winter 2023 Midterm 2,33,30,22.0,73.33333333333333,2023-03-16 14:00:06.763545,2023-03-16 15:03:46.531188,1,63.66279405,90.9090909090909
W23,172,mid1,Winter 2023,Winter 2023 Midterm 1,31,29,27.0,93.10344827586206,2023-02-09 15:02:33.711722,2023-02-09 15:32:28.350877,1,29.910652583333334,93.54838709677419
W23,172,mid2,Winter 2023,Winter 2023 Midterm 2,70,64,55.0,85.9375,2023-03-16 02:59:23.438782,2023-03-16 14:46:09.013643,2,44.309903299999995,91.42857142857143
W23,173,mid1,Winter 2023,Winter 2023 Midterm 1,31,29,26.81818181818182,92.47648902821317,2023-02-09 15:01:24.336092,2023-02-09 15:56:57.505157,1,55.55281775,93.54838709677419
W23,173,mid2,Winter 2023,Winter 2023 Midterm 2,33,30,19.75,65.83333333333333,2023-03-16 14:00:18.832940,2023-03-16 15:06:10.251206,1,65.8569711,90.9090909090909
W23,174,mid1,Winter 2023,Winter 2023 Midterm 1,31,29,19.30909090909091,66.58307210031347,2023-02-09 15:00:58.179556,2023-02-09 15:49:43.940299,1,48.762679049999996,93.54838709677419
W23,174,mid2,Winter 2023,Winter 2023 Midterm 2,33,30,20.0,66.66666666666666,2023-03-16 14:00:00.360052,2023-03-16 14:54:57.865545,1,54.958424883333336,90.9090909090909
W23,175,mid1,Winter 2023,Winter 2023 Midterm 1,31,29,27.0,93.10344827586206,2023-02-09 15:01:13.425830,2023-02-09 15:42:23.243407,1,41.16362628333333,93.54838709677419
W23,175,mid2,Winter 2023,Winter 2023 Midterm 2,33,30,25.0,83.33333333333334,2023-03-16 14:01:34.853831,2023-03-16 14:40:47.015003,1,39.2026862,90.9090909090909
W23,176,mid1,Winter 2023,Winter 2023 Midterm 1,31,29,27.0,93.10344827586206,2023-02-09 15:00:57.627302,2023-02-09 16:01:04.007756,1,60.1063409,93.54838709677419
W23,176,mid2,Winter 2023,Winter 2023 Midterm 2,33,30,21.0,70.0,2023-03-16 14:00:06.842516,2023-03-16 15:07:21.639508,1,67.24661653333334,90.9090909090909
W23,177,mid1,Winter 2023,Winter 2023 Midterm 1,31,29,25.0,86.20689655172413,2023-02-09 15:01:05.510668,2023-02-09 16:21:07.467500,1,80.03261386666667,93.54838709677419
W23,177,mid2,Winter 2023,Winter 2023 Midterm 2,33,30,23.75,79.16666666666666,2023-03-16 14:01:31.885651,2023-03-16 15:22:00.975772,1,80.48483535,90.9090909090909
W23,178,mid1,Winter 2023,Winter 2023 Midterm 1,31,29,19.81818181818182,68.3385579937304,2023-02-09 15:01:42.218861,2023-02-09 16:21:50.387608,1,80.13614578333333,93.54838709677419
W23,178,mid2,Winter 2023,Winter 2023 Midterm 2,33,30,16.75,55.833333333333336,2023-03-16 14:01:35.240366,2023-03-16 15:12:33.654198,1,70.97356386666667,90.9090909090909
W23,179,mid1,Winter 2023,Winter 2023 Midterm 1,31,29,24.0,82.75862068965517,2023-02-09 15:00:34.982370,2023-02-09 15:37:59.322927,1,37.40567595,93.54838709677419
W23,179,mid2,Winter 2023,Winter 2023 Midterm 2,33,30,23.0,76.66666666666667,2023-03-16 14:00:03.103479,2023-03-16 14:43:40.743893,1,43.627340233333335,90.9090909090909
W23,180,mid1,Winter 2023,Winter 2023 Midterm 1,31,29,24.90909090909091,85.8934169278997,2023-02-09 15:01:22.529721,2023-02-09 15:52:13.945725,1,50.8569334,93.54838709677419
W23,181,mid1,Winter 2023,Winter 2023 Midterm 1,31,29,25.7,88.62068965517241,2023-02-09 15:01:26.567945,2023-02-09 16:13:37.383359,1,72.18025689999999,93.54838709677419
W23,182,mid1,Winter 2023,Winter 2023 Midterm 1,31,29,13.0,44.827586206896555,2023-02-09 20:13:08.660197,2023-02-09 22:14:05.192468,1,120.94220451666666,93.54838709677419
W23,182,mid2,Winter 2023,Winter 2023 Midterm 2,33,30,13.0,43.333333333333336,2023-03-16 20:10:00.749727,2023-03-16 22:02:07.112027,1,112.10603833333333,90.9090909090909
W23,184,mid1,Winter 2023,Winter 2023 Midterm 1,31,29,21.011363636363637,72.45297805642633,2023-02-09 15:01:35.348262,2023-02-09 16:22:11.697181,1,80.60581531666666,93.54838709677419
W23,184,mid2,Winter 2023,Winter 2023 Midterm 2,70,64,25.0,39.0625,2023-03-15 22:00:36.830800,2023-03-16 15:22:44.594758,3,81.47749873333333,91.42857142857143
W23,186,mid1,Winter 2023,Winter 2023 Midterm 1,31,29,26.0,89.65517241379311,2023-02-09 15:04:25.457507,2023-02-09 16:06:04.269373,1,61.646864433333334,93.54838709677419
W23,186,mid2,Winter 2023,Winter 2023 Midterm 2,33,30,23.0,76.66666666666667,2023-03-16 14:00:26.069034,2023-03-16 15:09:55.781325,1,69.49520485,90.9090909090909
W23,188,mid1,Winter 2023,Winter 2023 Midterm 1,31,29,22.875,78.87931034482759,2023-02-09 15:04:04.246273,2023-02-09 15:55:53.121960,1,51.814594783333334,93.54838709677419
W23,188,mid2,Winter 2023,Winter 2023 Midterm 2,33,30,18.0,60.0,2023-03-19 21:54:06.259732,2023-03-19 23:14:37.750610,1,80.52484796666666,90.9090909090909
W23,189,mid1,Winter 2023,Winter 2023 Midterm 1,31,29,20.636363636363637,71.15987460815047,2023-02-09 15:00:58.716954,2023-02-09 16:15:21.330834,1,74.376898,93.54838709677419
W23,189,mid2,Winter 2023,Winter 2023 Midterm 2,116,109,72.61547619047619,66.61970292704237,2023-03-15 18:06:04.600691,2023-03-16 15:19:25.375091,2,202.5007245,93.96551724137932
W23,190,mid1,Winter 2023,Winter 2023 Midterm 1,31,29,26.0,89.65517241379311,2023-02-09 15:01:19.267676,2023-02-09 15:58:41.256943,1,57.36648778333333,93.54838709677419
W23,190,mid2,Winter 2023,Winter 2023 Midterm 2,33,30,23.5,78.33333333333333,2023-03-16 14:00:36.589524,2023-03-16 15:08:13.886926,1,67.62162336666667,90.9090909090909
W23,192,mid1,Winter 2023,Winter 2023 Midterm 1,31,29,9.09090909090909,31.34796238244514,2023-02-09 15:01:26.568551,2023-02-09 16:18:51.831001,1,77.42104083333334,93.54838709677419
W23,192,mid2,Winter 2023,Winter 2023 Midterm 2,33,30,9.0,30.0,2023-03-16 14:00:16.086429,2023-03-16 15:18:39.162180,1,78.38459585000001,90.9090909090909
W23,193,mid1,Winter 2023,Winter 2023 Midterm 1,31,29,22.9,78.9655172413793,2023-02-09 15:01:30.735910,2023-02-09 15:38:39.266163,1,37.14217088333333,93.54838709677419
W23,193,mid2,Winter 2023,Winter 2023 Midterm 2,33,30,20.0,66.66666666666666,2023-03-16 14:01:01.843400,2023-03-16 14:42:56.652974,1,41.9134929,90.9090909090909
W23,194,mid1,Winter 2023,Winter 2023 Midterm 1,31,29,24.0,82.75862068965517,2023-02-09 15:01:17.472997,2023-02-09 16:16:45.019013,1,75.45910026666667,93.54838709677419
W23,194,mid2,Winter 2023,Winter 2023 Midterm 2,33,30,20.35,67.83333333333333,2023-03-16 14:00:24.367179,2023-03-16 15:14:24.111428,1,73.99573748333334,90.9090909090909
W23,195,mid1,Winter 2023,Winter 2023 Midterm 1,31,29,27.0,93.10344827586206,2023-02-09 15:01:26.105238,2023-02-09 15:57:27.006128,1,56.01501483333333,93.54838709677419
W23,195,mid2,Winter 2023,Winter 2023 Midterm 2,33,30,20.6,68.66666666666667,2023-03-16 14:01:54.261995,2023-03-16 15:20:43.276210,1,78.81690358333334,90.9090909090909
W23,196,mid2,Winter 2023,Winter 2023 Midterm 2,33,30,18.5,61.66666666666667,2023-03-16 13:59:50.263863,2023-03-16 14:37:58.662839,1,38.139982933333336,90.9090909090909
W23,197,mid1,Winter 2023,Winter 2023 Midterm 1,31,29,24.80909090909091,85.54858934169279,2023-02-09 15:00:51.207918,2023-02-09 15:55:25.188398,1,54.566341333333334,93.54838709677419
W23,197,mid2,Winter 2023,Winter 2023 Midterm 2,33,30,21.0,70.0,2023-03-16 14:00:40.585163,2023-03-16 15:04:59.008126,1,64.30704938333334,90.9090909090909
W23,198,mid1,Winter 2023,Winter 2023 Midterm 1,31,29,12.181818181818182,42.006269592476485,2023-02-09 15:01:23.054146,2023-02-09 16:21:08.863416,1,79.76348783333333,93.54838709677419
W23,198,mid2,Winter 2023,Winter 2023 Midterm 2,69,66,40.0,60.60606060606061,2023-03-16 00:15:12.844941,2023-03-16 15:18:05.698766,2,77.65055773333333,95.65217391304348
W23,199,mid1,Winter 2023,Winter 2023 Midterm 1,31,29,26.0,89.65517241379311,2023-02-09 15:01:28.608787,2023-02-09 16:17:43.773525,1,76.25274563333333,93.54838709677419
W23,199,mid2,Winter 2023,Winter 2023 Midterm 2,33,30,18.75,62.5,2023-03-16 14:01:13.427581,2023-03-16 15:12:39.025006,1,71.42662375,90.9090909090909
W23,200,mid1,Winter 2023,Winter 2023 Midterm 1,31,29,27.0,93.10344827586206,2023-02-09 15:01:10.195587,2023-02-09 16:20:25.699856,1,79.25840448333334,93.54838709677419
W23,201,mid1,Winter 2023,Winter 2023 Midterm 1,31,29,26.0,89.65517241379311,2023-02-09 15:01:19.896348,2023-02-09 15:54:57.029829,1,53.61889135,93.54838709677419
W23,201,mid2,Winter 2023,Winter 2023 Midterm 2,33,30,23.0,76.66666666666667,2023-03-16 14:00:43.341324,2023-03-16 15:09:05.150126,1,68.36348003333333,90.9090909090909
W23,202,mid1,Winter 2023,Winter 2023 Midterm 1,31,29,25.0,86.20689655172413,2023-02-09 15:01:31.323379,2023-02-09 15:56:58.296857,1,55.44955796666667,93.54838709677419
W23,202,mid2,Winter 2023,Winter 2023 Midterm 2,33,30,20.75,69.16666666666667,2023-03-16 14:01:20.155375,2023-03-16 15:19:10.591267,1,77.8405982,90.9090909090909
W23,205,mid1,Winter 2023,Winter 2023 Midterm 1,31,29,26.0,89.65517241379311,2023-02-09 15:01:33.904512,2023-02-09 16:17:47.597474,1,76.22821603333334,93.54838709677419
W23,205,mid2,Winter 2023,Winter 2023 Midterm 2,33,30,20.75,69.16666666666667,2023-03-16 14:00:48.639260,2023-03-16 15:16:46.059364,1,75.95700173333333,90.9090909090909
W23,208,mid1,Winter 2023,Winter 2023 Midterm 1,31,29,20.636363636363637,71.15987460815047,2023-02-09 15:01:33.411049,2023-02-09 16:15:59.113647,1,74.42837663333333,93.54838709677419
W23,208,mid2,Winter 2023,Winter 2023 Midterm 2,70,65,46.0,70.76923076923077,2023-03-16 07:17:38.735247,2023-03-16 15:18:14.594904,2,76.40889510000001,92.85714285714286
W23,209,mid1,Winter 2023,Winter 2023 Midterm 1,31,29,24.3,83.79310344827586,2023-02-09 18:16:52.245976,2023-02-09 20:01:26.528342,1,104.57137276666667,93.54838709677419
W23,209,mid2,Winter 2023,Winter 2023 Midterm 2,33,30,22.4,74.66666666666666,2023-03-16 15:36:56.289739,2023-03-16 17:37:12.085629,1,120.26326483333334,90.9090909090909
W23,210,mid1,Winter 2023,Winter 2023 Midterm 1,31,29,17.71818181818182,61.09717868338558,2023-02-11 22:32:52.775561,2023-02-11 23:53:29.873603,1,80.61830069999999,93.54838709677419
W23,210,mid2,Winter 2023,Winter 2023 Midterm 2,33,30,20.0,66.66666666666666,2023-03-16 14:00:31.741787,2023-03-16 15:20:59.740310,1,80.46664205,90.9090909090909
W23,211,mid1,Winter 2023,Winter 2023 Midterm 1,31,29,26.0,89.65517241379311,2023-02-09 15:01:22.489925,2023-02-09 15:55:24.296346,1,54.03010701666666,93.54838709677419
W23,211,mid2,Winter 2023,Winter 2023 Midterm 2,33,30,24.0,80.0,2023-03-16 14:01:48.981546,2023-03-16 15:16:27.158062,1,74.63627526666667,90.9090909090909
W23,213,mid1,Winter 2023,Winter 2023 Midterm 1,31,29,18.0,62.06896551724138,2023-02-13 21:10:19.293640,2023-02-13 22:30:39.222117,1,80.33214128333334,93.54838709677419
W23,213,mid2,Winter 2023,Winter 2023 Midterm 2,33,30,15.5,51.66666666666667,2023-03-16 14:00:49.141747,2023-03-16 15:23:25.002116,1,82.59767281666667,90.9090909090909
W24,1,mid1,Winter 2024,Winter 2024 Midterm 1,31,29,25.0,86.20689655172413,2024-02-15 15:00:56.514151,2024-02-15 15:52:46.505572,1,51.83319035,93.54838709677419
W24,1,mid2,Winter 2024,Winter 2024 Midterm 2,32,30,24.0,80.0,2024-03-14 14:00:21.669504,2024-03-14 14:58:36.562181,1,58.24821128333333,93.75
W24,2,mid1,Winter 2024,Winter 2024 Midterm 1,31,29,19.075,65.77586206896552,2024-02-15 15:01:10.090044,2024-02-15 16:19:03.500344,1,77.89017166666666,93.54838709677419
W24,2,mid2,Winter 2024,Winter 2024 Midterm 2,32,30,17.5,58.333333333333336,2024-03-14 14:00:34.245215,2024-03-14 15:20:58.757776,1,80.40854268333332,93.75
W24,3,mid1,Winter 2024,Winter 2024 Midterm 1,31,29,24.0,82.75862068965517,2024-02-15 15:04:37.123448,2024-02-15 15:54:25.041968,1,49.798642,93.54838709677419
W24,4,mid1,Winter 2024,Winter 2024 Midterm 1,31,29,20.2,69.6551724137931,2024-02-15 15:01:06.304074,2024-02-15 16:10:32.113041,1,69.43014945,93.54838709677419
W24,4,mid2,Winter 2024,Winter 2024 Midterm 2,32,30,21.0,70.0,2024-03-14 14:04:50.120718,2024-03-14 16:04:04.800245,1,119.24465878333334,93.75
W24,5,mid1,Winter 2024,Winter 2024 Midterm 1,31,29,22.50227272727273,77.59404388714735,2024-02-15 15:01:22.141385,2024-02-15 16:21:24.654475,1,80.04188483333334,93.54838709677419
W24,5,mid2,Winter 2024,Winter 2024 Midterm 2,32,30,19.6,65.33333333333334,2024-03-14 15:34:47.569119,2024-03-14 16:50:10.142697,1,75.37622630000001,93.75
W24,6,mid1,Winter 2024,Winter 2024 Midterm 1,31,29,12.7,43.79310344827586,2024-02-15 15:01:22.342471,2024-02-15 16:19:08.808381,1,77.77443183333334,93.54838709677419
W24,6,mid2,Winter 2024,Winter 2024 Midterm 2,32,30,17.0,56.666666666666664,2024-03-14 14:08:16.286819,2024-03-14 15:27:42.993579,1,79.44511266666667,93.75
W24,7,mid1,Winter 2024,Winter 2024 Midterm 1,31,29,22.0,75.86206896551724,2024-02-15 15:01:28.308276,2024-02-15 16:13:58.760264,1,72.50753313333333,93.54838709677419
W24,7,mid2,Winter 2024,Winter 2024 Midterm 2,32,30,20.9,69.66666666666667,2024-03-14 14:03:01.219259,2024-03-14 15:23:28.855772,1,80.46060855,93.75
W24,8,mid1,Winter 2024,Winter 2024 Midterm 1,31,29,23.7,81.72413793103448,2024-02-15 15:09:10.720370,2024-02-15 16:36:12.887861,1,87.03612485000001,93.54838709677419
W24,8,mid2,Winter 2024,Winter 2024 Midterm 2,32,30,23.0,76.66666666666667,2024-03-14 14:03:03.453559,2024-03-14 15:12:57.056084,1,69.89337541666667,93.75
W24,9,mid1,Winter 2024,Winter 2024 Midterm 1,31,29,25.0,86.20689655172413,2024-02-15 15:00:56.147771,2024-02-15 15:55:11.851526,1,54.26172925,93.54838709677419
W24,9,mid2,Winter 2024,Winter 2024 Midterm 2,32,30,22.9,76.33333333333333,2024-03-14 14:00:25.643326,2024-03-14 15:20:33.015168,1,80.12286403333333,93.75
W24,10,mid1,Winter 2024,Winter 2024 Midterm 1,31,29,20.602272727272727,71.0423197492163,2024-02-15 15:01:41.179996,2024-02-15 16:07:30.246964,1,65.8177828,93.54838709677419
W24,10,mid2,Winter 2024,Winter 2024 Midterm 2,32,30,23.9,79.66666666666666,2024-03-14 14:00:44.536097,2024-03-14 15:18:05.913890,1,77.35629655,93.75
W24,11,mid1,Winter 2024,Winter 2024 Midterm 1,31,29,20.0,68.96551724137932,2024-02-15 15:01:12.089300,2024-02-15 16:21:47.842639,1,80.59588898333332,93.54838709677419
W24,11,mid2,Winter 2024,Winter 2024 Midterm 2,32,30,14.0,46.666666666666664,2024-03-14 14:00:36.308463,2024-03-14 15:20:21.307522,1,79.74998431666667,93.75
W24,12,mid1,Winter 2024,Winter 2024 Midterm 1,31,29,15.275,52.672413793103445,2024-02-15 15:00:59.820777,2024-02-15 16:19:18.696721,1,78.31459906666667,93.54838709677419
W24,13,mid1,Winter 2024,Winter 2024 Midterm 1,31,29,25.0,86.20689655172413,2024-02-15 15:00:51.474182,2024-02-15 15:56:31.786867,1,55.67187808333333,93.54838709677419
W24,13,mid2,Winter 2024,Winter 2024 Midterm 2,32,30,19.3,64.33333333333333,2024-03-14 14:00:23.760634,2024-03-14 15:18:22.366244,1,77.97676016666666,93.75
W24,14,mid1,Winter 2024,Winter 2024 Midterm 1,31,29,16.0,55.172413793103445,2024-02-15 14:39:10.138366,2024-02-15 15:59:35.368153,1,80.42049645,93.54838709677419
W24,14,mid2,Winter 2024,Winter 2024 Midterm 2,32,30,10.1,33.666666666666664,2024-03-14 14:00:44.600200,2024-03-14 15:20:12.991291,1,79.47318485000001,93.75
W24,15,mid1,Winter 2024,Winter 2024 Midterm 1,31,29,25.0,86.20689655172413,2024-02-15 15:01:04.298930,2024-02-15 16:06:26.185285,1,65.36477258333333,93.54838709677419
W24,15,mid2,Winter 2024,Winter 2024 Midterm 2,32,30,21.5,71.66666666666667,2024-03-14 14:01:18.583561,2024-03-14 15:15:34.489843,1,74.2651047,93.75
W24,16,mid1,Winter 2024,Winter 2024 Midterm 1,31,29,9.7,33.44827586206897,2024-02-15 15:02:45.663859,2024-02-15 16:22:39.420612,1,79.89594588333333,93.54838709677419
W24,16,mid2,Winter 2024,Winter 2024 Midterm 2,32,30,11.5,38.333333333333336,2024-03-14 14:00:51.397924,2024-03-14 15:08:42.405500,1,67.85012626666666,93.75
W24,17,mid1,Winter 2024,Winter 2024 Midterm 1,31,29,20.0,68.96551724137932,2024-02-15 15:01:00.245530,2024-02-15 16:21:05.129240,1,80.08139516666667,93.54838709677419
W24,17,mid2,Winter 2024,Winter 2024 Midterm 2,32,30,17.2,57.333333333333336,2024-03-14 14:00:48.149483,2024-03-14 15:20:47.598676,1,79.99081988333334,93.75
W24,18,mid1,Winter 2024,Winter 2024 Midterm 1,31,29,13.4,46.20689655172414,2024-02-15 15:01:08.500701,2024-02-15 16:21:39.500497,1,80.51666326666667,93.54838709677419
W24,18,mid2,Winter 2024,Winter 2024 Midterm 2,32,30,16.6,55.333333333333336,2024-03-14 14:00:33.594608,2024-03-14 15:20:30.557622,1,79.94938356666667,93.75
W24,19,mid1,Winter 2024,Winter 2024 Midterm 1,31,29,24.7,85.17241379310344,2024-02-15 15:00:47.184768,2024-02-15 15:54:13.689353,1,53.441743083333336,93.54838709677419
W24,19,mid2,Winter 2024,Winter 2024 Midterm 2,32,30,22.9,76.33333333333333,2024-03-14 14:03:48.590307,2024-03-14 15:20:50.487439,1,77.03161886666666,93.75
W24,20,mid1,Winter 2024,Winter 2024 Midterm 1,31,29,23.6,81.37931034482759,2024-02-15 15:00:50.232049,2024-02-15 15:48:12.051577,1,47.3636588,93.54838709677419
W24,20,mid2,Winter 2024,Winter 2024 Midterm 2,32,30,21.0,70.0,2024-03-14 14:00:48.895720,2024-03-14 14:49:07.506371,1,48.31017751666666,93.75
W24,21,mid2,Winter 2024,Winter 2024 Midterm 2,32,30,20.8,69.33333333333334,2024-03-14 14:03:00.683423,2024-03-14 16:03:21.996648,1,120.35522041666667,93.75
W24,22,mid1,Winter 2024,Winter 2024 Midterm 1,31,29,16.8,57.931034482758626,2024-02-15 15:00:52.521107,2024-02-15 16:21:10.346544,1,80.29709061666668,93.54838709677419
W24,22,mid2,Winter 2024,Winter 2024 Midterm 2,32,30,17.6,58.666666666666664,2024-03-14 14:00:36.239058,2024-03-14 15:20:46.563576,1,80.1720753,93.75
W24,23,mid1,Winter 2024,Winter 2024 Midterm 1,31,29,20.0,68.96551724137932,2024-02-18 02:40:17.735482,2024-02-18 04:00:32.109869,1,80.23957311666666,93.54838709677419
W24,23,mid2,Winter 2024,Winter 2024 Midterm 2,29,28,9.0,32.142857142857146,2024-03-14 14:00:57.541090,2024-03-14 15:21:06.992018,1,80.15751546666667,96.55172413793103
W24,24,mid1,Winter 2024,Winter 2024 Midterm 1,30,28,6.0,21.428571428571427,2024-02-15 15:01:06.938846,2024-02-15 16:21:16.235221,1,80.15493958333333,93.33333333333333
W24,24,mid2,Winter 2024,Winter 2024 Midterm 2,32,30,6.0,20.0,2024-03-14 14:01:03.746319,2024-03-14 14:59:16.337279,1,58.20984933333333,93.75
W24,25,mid1,Winter 2024,Winter 2024 Midterm 1,31,29,17.8,61.37931034482759,2024-02-15 15:00:54.416022,2024-02-15 16:21:03.655227,1,80.15398675,93.54838709677419
W24,25,mid2,Winter 2024,Winter 2024 Midterm 2,32,30,17.5,58.333333333333336,2024-03-14 14:00:41.838385,2024-03-14 15:20:24.758585,1,79.71533666666666,93.75
W24,26,mid1,Winter 2024,Winter 2024 Midterm 1,31,29,24.1,83.10344827586206,2024-02-15 15:01:04.644275,2024-02-15 16:21:22.829128,1,80.30308088333332,93.54838709677419
W24,26,mid2,Winter 2024,Winter 2024 Midterm 2,32,30,23.3,77.66666666666667,2024-03-14 14:01:01.411822,2024-03-14 15:20:49.505800,1,79.8015663,93.75
W24,27,mid1,Winter 2024,Winter 2024 Midterm 1,31,29,26.0,89.65517241379311,2024-02-15 15:00:57.790875,2024-02-15 16:02:40.724792,1,61.71556528333333,93.54838709677419
W24,27,mid2,Winter 2024,Winter 2024 Midterm 2,32,30,21.0,70.0,2024-03-14 14:00:58.218146,2024-03-14 15:08:54.687693,1,67.94115911666667,93.75
W24,29,mid1,Winter 2024,Winter 2024 Midterm 1,31,29,23.0,79.3103448275862,2024-02-15 15:01:08.256446,2024-02-15 16:15:56.740683,1,74.80807061666665,93.54838709677419
W24,29,mid2,Winter 2024,Winter 2024 Midterm 2,32,30,19.5,65.0,2024-03-14 14:00:39.882175,2024-03-14 15:18:59.247489,1,78.32275523333333,93.75
W24,30,mid1,Winter 2024,Winter 2024 Midterm 1,31,29,16.7,57.586206896551715,2024-02-15 15:01:19.721195,2024-02-15 16:12:35.866886,1,71.26909485,93.54838709677419
W24,30,mid2,Winter 2024,Winter 2024 Midterm 2,32,30,18.5,61.66666666666667,2024-03-14 14:01:01.392523,2024-03-14 15:16:42.452708,1,75.68433641666667,93.75
W24,31,mid1,Winter 2024,Winter 2024 Midterm 1,31,29,16.0,55.172413793103445,2024-02-15 15:01:38.192953,2024-02-15 16:14:14.069741,1,72.59794646666666,93.54838709677419
W24,31,mid2,Winter 2024,Winter 2024 Midterm 2,32,30,16.0,53.333333333333336,2024-03-14 14:06:07.896208,2024-03-14 15:41:03.409485,1,94.92522128333333,93.75
W24,32,mid1,Winter 2024,Winter 2024 Midterm 1,31,29,20.4,70.34482758620689,2024-02-15 15:03:51.438915,2024-02-15 16:21:40.487387,1,77.81747453333334,93.54838709677419
W24,32,mid2,Winter 2024,Winter 2024 Midterm 2,32,30,14.9,49.66666666666667,2024-03-14 14:00:22.189762,2024-03-14 15:19:39.547173,1,79.28929018333334,93.75
W24,34,mid1,Winter 2024,Winter 2024 Midterm 1,31,29,22.0,75.86206896551724,2024-02-15 15:07:58.415363,2024-02-15 16:30:19.207810,1,82.34654078333332,93.54838709677419
W24,34,mid2,Winter 2024,Winter 2024 Midterm 2,32,30,22.0,73.33333333333333,2024-03-14 14:10:46.560120,2024-03-14 14:58:43.526663,1,47.949442383333334,93.75
W24,35,mid1,Winter 2024,Winter 2024 Midterm 1,31,29,25.0,86.20689655172413,2024-02-15 15:01:09.828796,2024-02-15 15:54:55.619075,1,53.763171316666664,93.54838709677419
W24,35,mid2,Winter 2024,Winter 2024 Midterm 2,32,30,20.0,66.66666666666666,2024-03-14 14:00:58.219799,2024-03-14 15:16:57.316849,1,75.98495083333334,93.75
W24,36,mid1,Winter 2024,Winter 2024 Midterm 1,31,29,21.0,72.41379310344827,2024-02-15 15:01:07.158488,2024-02-15 16:21:23.802917,1,80.27740715,93.54838709677419
W24,36,mid2,Winter 2024,Winter 2024 Midterm 2,32,30,16.2,53.99999999999999,2024-03-14 14:01:09.792410,2024-03-14 15:21:19.253799,1,80.15768981666666,93.75
W24,38,mid1,Winter 2024,Winter 2024 Midterm 1,31,29,7.0,24.137931034482758,2024-02-15 15:18:25.037155,2024-02-15 16:17:27.210014,1,59.036214316666666,93.54838709677419
W24,38,mid2,Winter 2024,Winter 2024 Midterm 2,32,30,6.0,20.0,2024-03-14 14:30:59.005798,2024-03-14 15:21:35.977120,1,50.616188699999995,93.75
W24,39,mid1,Winter 2024,Winter 2024 Midterm 1,31,29,20.7,71.37931034482759,2024-02-15 15:00:53.537537,2024-02-15 16:21:00.007610,1,80.10783455,93.54838709677419
W24,39,mid2,Winter 2024,Winter 2024 Midterm 2,32,30,19.5,65.0,2024-03-14 14:00:33.676231,2024-03-14 15:17:21.426701,1,76.79584116666666,93.75
W24,40,mid1,Winter 2024,Winter 2024 Midterm 1,31,29,23.7,81.72413793103448,2024-02-15 15:01:02.142337,2024-02-15 15:47:05.414183,1,46.054530766666666,93.54838709677419
W24,40,mid2,Winter 2024,Winter 2024 Midterm 2,32,30,20.9,69.66666666666667,2024-03-14 14:00:58.031713,2024-03-14 15:01:17.900374,1,60.33114435,93.75
W24,41,mid1,Winter 2024,Winter 2024 Midterm 1,31,29,14.2,48.96551724137931,2024-02-15 15:00:58.008967,2024-02-15 16:21:15.678756,1,80.29449648333333,93.54838709677419
W24,41,mid2,Winter 2024,Winter 2024 Midterm 2,32,30,8.0,26.666666666666668,2024-03-14 14:00:44.951380,2024-03-14 15:20:31.030407,1,79.76798378333334,93.75
W24,42,mid1,Winter 2024,Winter 2024 Midterm 1,31,29,21.7,74.82758620689654,2024-02-15 15:00:56.339762,2024-02-15 16:21:12.710410,1,80.27284413333334,93.54838709677419
W24,42,mid2,Winter 2024,Winter 2024 Midterm 2,32,30,18.8,62.66666666666667,2024-03-14 14:01:01.023498,2024-03-14 15:21:32.711796,1,80.5281383,93.75
W24,43,mid1,Winter 2024,Winter 2024 Midterm 1,31,29,19.2,66.20689655172414,2024-02-15 15:01:41.544682,2024-02-15 16:21:50.492142,1,80.14912433333333,93.54838709677419
W24,43,mid2,Winter 2024,Winter 2024 Midterm 2,31,29,15.6,53.79310344827586,2024-03-14 14:01:14.279040,2024-03-14 15:21:23.930942,1,80.16086503333332,93.54838709677419
W24,44,mid1,Winter 2024,Winter 2024 Midterm 1,31,29,20.575,70.94827586206897,2024-02-15 15:01:39.426757,2024-02-15 16:22:20.769865,1,80.6890518,93.54838709677419
W24,44,mid2,Winter 2024,Winter 2024 Midterm 2,32,30,20.7,69.0,2024-03-14 14:00:24.874574,2024-03-14 15:13:42.115841,1,73.28735445000001,93.75
W24,45,mid1,Winter 2024,Winter 2024 Midterm 1,31,29,23.9,82.41379310344827,2024-02-15 15:01:04.916883,2024-02-15 16:03:57.323377,1,62.87344156666666,93.54838709677419
W24,45,mid2,Winter 2024,Winter 2024 Midterm 2,32,30,18.5,61.66666666666667,2024-03-14 14:00:42.981150,2024-03-14 14:55:53.057217,1,55.16793445,93.75
W24,46,mid1,Winter 2024,Winter 2024 Midterm 1,31,29,20.7,71.37931034482759,2024-02-15 15:00:56.125506,2024-02-15 15:46:07.233128,1,45.18512703333333,93.54838709677419
W24,46,mid2,Winter 2024,Winter 2024 Midterm 2,32,30,19.0,63.33333333333333,2024-03-14 14:09:44.940168,2024-03-14 14:58:12.299305,1,48.455985616666666,93.75
W24,47,mid1,Winter 2024,Winter 2024 Midterm 1,31,29,23.2,80.0,2024-02-15 15:00:51.328274,2024-02-15 16:17:11.401347,1,76.33455121666665,93.54838709677419
W24,47,mid2,Winter 2024,Winter 2024 Midterm 2,32,30,19.7,65.66666666666666,2024-03-14 14:00:23.180480,2024-03-14 15:19:36.369271,1,79.21981318333333,93.75
W24,48,mid1,Winter 2024,Winter 2024 Midterm 1,31,29,15.8,54.48275862068965,2024-02-15 15:00:56.973493,2024-02-15 16:21:08.353598,1,80.18966841666666,93.54838709677419
W24,48,mid2,Winter 2024,Winter 2024 Midterm 2,32,30,17.7,59.0,2024-03-14 14:00:44.118119,2024-03-14 15:20:40.275005,1,79.93594809999999,93.75
W24,49,mid1,Winter 2024,Winter 2024 Midterm 1,31,29,11.7,40.3448275862069,2024-02-15 15:02:29.430169,2024-02-15 16:22:51.078007,1,80.3607973,93.54838709677419
W24,49,mid2,Winter 2024,Winter 2024 Midterm 2,32,30,9.1,30.333333333333336,2024-03-14 14:01:02.423405,2024-03-14 15:21:12.030531,1,80.16011876666667,93.75
W24,50,mid1,Winter 2024,Winter 2024 Midterm 1,31,29,20.0,68.96551724137932,2024-02-15 15:00:53.740764,2024-02-15 16:21:10.441290,1,80.27834209999999,93.54838709677419
W24,50,mid2,Winter 2024,Winter 2024 Midterm 2,32,30,17.5,58.333333333333336,2024-03-14 14:21:07.207389,2024-03-14 15:34:18.106439,1,73.18165083333334,93.75
W24,51,mid1,Winter 2024,Winter 2024 Midterm 1,31,29,10.2,35.172413793103445,2024-02-15 15:01:00.105371,2024-02-15 16:21:20.694868,1,80.34315828333334,93.54838709677419
W24,51,mid2,Winter 2024,Winter 2024 Midterm 2,32,30,13.5,45.0,2024-03-14 14:00:25.705535,2024-03-14 15:20:04.658011,1,79.64920793333334,93.75
W24,52,mid1,Winter 2024,Winter 2024 Midterm 1,31,29,14.8,51.03448275862069,2024-02-15 15:01:17.441939,2024-02-15 16:21:38.858266,1,80.35693878333333,93.54838709677419
W24,52,mid2,Winter 2024,Winter 2024 Midterm 2,32,30,15.7,52.33333333333333,2024-03-14 14:01:17.268872,2024-03-14 15:21:30.901944,1,80.22721786666666,93.75
W24,53,mid1,Winter 2024,Winter 2024 Midterm 1,31,29,14.0,48.275862068965516,2024-02-15 15:01:30.333997,2024-02-15 16:21:42.904340,1,80.20950571666667,93.54838709677419
W24,53,mid2,Winter 2024,Winter 2024 Midterm 2,32,30,14.6,48.666666666666664,2024-03-14 14:00:33.608554,2024-03-14 15:20:41.818607,1,80.13683421666666,93.75
W24,54,mid1,Winter 2024,Winter 2024 Midterm 1,31,29,16.4,56.551724137931025,2024-02-15 15:00:56.527953,2024-02-15 16:19:34.626060,1,78.63496845,93.54838709677419
W24,54,mid2,Winter 2024,Winter 2024 Midterm 2,32,30,18.5,61.66666666666667,2024-03-14 14:03:02.123622,2024-03-14 15:22:43.180934,1,79.68428853333333,93.75
W24,55,mid1,Winter 2024,Winter 2024 Midterm 1,31,29,20.7,71.37931034482759,2024-02-15 15:00:54.777461,2024-02-15 16:06:53.426816,1,65.97748925,93.54838709677419
W24,55,mid2,Winter 2024,Winter 2024 Midterm 2,32,30,20.0,66.66666666666666,2024-03-14 14:00:32.138666,2024-03-14 15:17:07.374376,1,76.58726183333333,93.75
W24,56,mid1,Winter 2024,Winter 2024 Midterm 1,31,29,16.927272727272726,58.369905956112845,2024-02-15 15:00:58.557693,2024-02-15 16:21:16.656713,1,80.30165033333333,93.54838709677419
W24,56,mid2,Winter 2024,Winter 2024 Midterm 2,32,30,17.7,59.0,2024-03-14 14:00:39.100818,2024-03-14 15:18:23.126237,1,77.73375698333332,93.75
W24,57,mid1,Winter 2024,Winter 2024 Midterm 1,31,29,25.0,86.20689655172413,2024-02-15 15:00:48.015303,2024-02-15 15:30:26.838608,1,29.64705508333333,93.54838709677419
W24,57,mid2,Winter 2024,Winter 2024 Midterm 2,32,30,21.8,72.66666666666667,2024-03-14 14:00:56.779453,2024-03-14 14:48:29.087837,1,47.53847306666667,93.75
W24,58,mid1,Winter 2024,Winter 2024 Midterm 1,31,29,24.0,82.75862068965517,2024-02-15 15:04:54.600327,2024-02-15 16:03:04.772456,1,58.169535483333334,93.54838709677419
W24,58,mid2,Winter 2024,Winter 2024 Midterm 2,32,30,16.9,56.33333333333332,2024-03-14 14:00:34.211285,2024-03-14 15:06:41.302608,1,66.11818871666667,93.75
W24,59,mid1,Winter 2024,Winter 2024 Midterm 1,31,29,23.0,79.3103448275862,2024-02-15 15:00:52.877224,2024-02-15 16:01:45.337798,1,60.8743429,93.54838709677419
W24,59,mid2,Winter 2024,Winter 2024 Midterm 2,32,30,21.0,70.0,2024-03-14 14:00:49.383465,2024-03-14 15:10:12.295460,1,69.38186658333333,93.75
W24,60,mid1,Winter 2024,Winter 2024 Midterm 1,31,29,25.0,86.20689655172413,2024-02-15 15:01:40.608405,2024-02-15 15:54:13.886112,1,52.55462845,93.54838709677419
W24,60,mid2,Winter 2024,Winter 2024 Midterm 2,32,30,22.0,73.33333333333333,2024-03-14 14:00:33.908296,2024-03-14 15:10:33.023846,1,69.98525916666668,93.75
W24,61,mid1,Winter 2024,Winter 2024 Midterm 1,31,29,16.7,57.586206896551715,2024-02-15 15:01:04.298032,2024-02-15 16:21:22.779537,1,80.30802508333333,93.54838709677419
W24,61,mid2,Winter 2024,Winter 2024 Midterm 2,32,30,17.0,56.666666666666664,2024-03-14 14:00:42.782956,2024-03-14 15:20:51.285891,1,80.14171558333334,93.75
W24,62,mid1,Winter 2024,Winter 2024 Midterm 1,31,29,19.175,66.12068965517241,2024-02-15 15:04:21.898768,2024-02-15 16:22:40.202966,1,78.30506996666666,93.54838709677419
W24,62,mid2,Winter 2024,Winter 2024 Midterm 2,32,30,13.0,43.333333333333336,2024-03-14 14:00:31.569777,2024-03-14 15:20:51.793522,1,80.33706241666667,93.75
W24,63,mid1,Winter 2024,Winter 2024 Midterm 1,31,29,19.7,67.93103448275862,2024-02-15 15:01:08.698914,2024-02-15 16:18:27.148819,1,77.30749841666668,93.54838709677419
W24,63,mid2,Winter 2024,Winter 2024 Midterm 2,32,30,16.6,55.333333333333336,2024-03-14 14:01:00.664706,2024-03-14 15:16:30.377917,1,75.49522018333333,93.75
W24,65,mid1,Winter 2024,Winter 2024 Midterm 1,31,29,24.0,82.75862068965517,2024-02-15 15:00:59.124169,2024-02-15 16:03:54.180869,1,62.917611666666666,93.54838709677419
W24,65,mid2,Winter 2024,Winter 2024 Midterm 2,32,30,18.9,63.0,2024-03-14 14:00:39.942507,2024-03-14 15:12:08.062066,1,71.46865931666666,93.75
W24,66,mid1,Winter 2024,Winter 2024 Midterm 1,31,29,11.7,40.3448275862069,2024-02-15 15:00:58.844937,2024-02-15 15:57:45.252571,1,56.77346056666667,93.54838709677419
W24,66,mid2,Winter 2024,Winter 2024 Midterm 2,32,30,16.5,55.00000000000001,2024-03-14 14:00:48.480748,2024-03-14 14:54:39.059768,1,53.84298366666667,93.75
W24,67,mid1,Winter 2024,Winter 2024 Midterm 1,31,29,14.166666666666666,48.85057471264368,2024-02-15 15:00:58.050368,2024-02-15 16:12:51.023883,1,71.88289191666667,93.54838709677419
W24,67,mid2,Winter 2024,Winter 2024 Midterm 2,32,30,12.0,40.0,2024-03-14 14:00:37.051866,2024-03-14 15:18:10.459335,1,77.55679115,93.75
W24,68,mid1,Winter 2024,Winter 2024 Midterm 1,31,29,25.0,86.20689655172413,2024-02-15 15:02:12.849034,2024-02-15 16:06:19.782471,1,64.11555728333333,93.54838709677419
W24,68,mid2,Winter 2024,Winter 2024 Midterm 2,32,30,22.8,76.0,2024-03-14 14:00:38.056632,2024-03-14 15:05:01.051145,1,64.38324188333334,93.75
W24,69,mid1,Winter 2024,Winter 2024 Midterm 1,31,29,12.0,41.37931034482759,2024-02-15 15:01:01.377388,2024-02-15 16:21:22.376358,1,80.34998283333333,93.54838709677419
W24,69,mid2,Winter 2024,Winter 2024 Midterm 2,32,30,9.0,30.0,2024-03-14 14:00:50.325537,2024-03-14 15:20:10.899153,1,79.3428936,93.75
W24,70,mid1,Winter 2024,Winter 2024 Midterm 1,31,29,25.0,86.20689655172413,2024-02-15 15:00:57.756165,2024-02-15 15:53:28.226229,1,52.5078344,93.54838709677419
W24,70,mid2,Winter 2024,Winter 2024 Midterm 2,32,30,20.8,69.33333333333334,2024-03-14 14:00:38.823932,2024-03-14 15:04:23.872969,1,63.75081728333334,93.75
W24,71,mid1,Winter 2024,Winter 2024 Midterm 1,31,29,22.0,75.86206896551724,2024-02-15 15:00:50.210296,2024-02-15 16:23:59.595704,1,83.15642346666667,93.54838709677419
W24,71,mid2,Winter 2024,Winter 2024 Midterm 2,32,30,21.0,70.0,2024-03-14 14:00:43.654165,2024-03-14 15:20:16.687726,1,79.55055935,93.75
W24,72,mid1,Winter 2024,Winter 2024 Midterm 1,31,29,12.4,42.758620689655174,2024-02-15 15:01:08.172481,2024-02-15 16:21:27.584190,1,80.32352848333333,93.54838709677419
W24,72,mid2,Winter 2024,Winter 2024 Midterm 2,32,30,15.2,50.66666666666666,2024-03-14 14:01:14.763949,2024-03-14 15:21:24.853937,1,80.16816646666666,93.75
W24,73,mid1,Winter 2024,Winter 2024 Midterm 1,31,29,9.5,32.758620689655174,2024-02-15 15:01:16.792837,2024-02-15 16:21:30.051608,1,80.22097951666666,93.54838709677419
W24,73,mid2,Winter 2024,Winter 2024 Midterm 2,32,30,17.6,58.666666666666664,2024-03-14 14:00:58.992057,2024-03-14 15:21:13.423345,1,80.24052146666666,93.75
W24,74,mid1,Winter 2024,Winter 2024 Midterm 1,31,29,6.7,23.10344827586207,2024-02-15 15:10:34.466739,2024-02-15 16:25:52.839097,1,75.30620596666667,93.54838709677419
W24,74,mid2,Winter 2024,Winter 2024 Midterm 2,32,30,16.1,53.66666666666667,2024-03-15 18:03:34.331878,2024-03-15 19:23:25.230506,1,79.84831046666666,93.75
W24,75,mid1,Winter 2024,Winter 2024 Midterm 1,31,29,24.0,82.75862068965517,2024-02-15 15:06:00.862572,2024-02-15 15:55:04.526580,1,49.061066800000006,93.54838709677419
W24,75,mid2,Winter 2024,Winter 2024 Midterm 2,32,30,22.0,73.33333333333333,2024-03-14 14:05:17.432308,2024-03-14 14:54:04.959137,1,48.792113816666664,93.75
W24,76,mid1,Winter 2024,Winter 2024 Midterm 1,31,29,15.8,54.48275862068965,2024-02-15 15:01:18.450700,2024-02-15 16:07:25.873897,1,66.12371995,93.54838709677419
W24,76,mid2,Winter 2024,Winter 2024 Midterm 2,32,30,16.0,53.333333333333336,2024-03-14 14:01:00.692803,2024-03-14 15:06:02.829164,1,65.03560601666666,93.75
W24,77,mid1,Winter 2024,Winter 2024 Midterm 1,31,29,24.81818181818182,85.57993730407524,2024-02-15 15:01:17.109594,2024-02-15 16:14:07.501062,1,72.83985779999999,93.54838709677419
W24,77,mid2,Winter 2024,Winter 2024 Midterm 2,32,30,21.3,71.00000000000001,2024-03-14 14:00:43.633927,2024-03-14 15:20:53.368103,1,80.16223626666667,93.75
W24,78,mid1,Winter 2024,Winter 2024 Midterm 1,31,29,15.3,52.758620689655174,2024-02-15 15:02:10.007601,2024-02-15 16:18:02.544800,1,75.87561998333334,93.54838709677419
W24,78,mid2,Winter 2024,Winter 2024 Midterm 2,32,30,17.0,56.666666666666664,2024-03-14 14:00:46.006299,2024-03-14 15:07:49.812938,1,67.06344398333333,93.75
W24,79,mid1,Winter 2024,Winter 2024 Midterm 1,31,29,18.875,65.08620689655173,2024-02-15 15:01:05.108729,2024-02-15 15:59:52.893199,1,58.79640783333333,93.54838709677419
W24,79,mid2,Winter 2024,Winter 2024 Midterm 2,32,30,20.9,69.66666666666667,2024-03-14 14:01:01.264904,2024-03-14 15:19:00.468241,1,77.98672228333334,93.75
W24,80,mid1,Winter 2024,Winter 2024 Midterm 1,31,29,24.0,82.75862068965517,2024-02-15 15:01:12.718027,2024-02-15 16:06:38.474260,1,65.42927055,93.54838709677419
W24,80,mid2,Winter 2024,Winter 2024 Midterm 2,33,31,15.6,50.32258064516129,2024-03-14 14:00:30.121306,2024-03-14 15:14:00.731768,1,73.51017436666666,93.93939393939394
W24,81,mid1,Winter 2024,Winter 2024 Midterm 1,31,29,17.375,59.91379310344828,2024-02-15 15:00:56.489004,2024-02-15 16:21:04.100717,1,80.12686188333333,93.54838709677419
W24,81,mid2,Winter 2024,Winter 2024 Midterm 2,32,30,14.5,48.333333333333336,2024-03-14 14:00:44.917477,2024-03-14 15:21:03.487880,1,80.30950671666666,93.75
W24,82,mid1,Winter 2024,Winter 2024 Midterm 1,31,29,17.727272727272727,61.12852664576802,2024-02-15 15:01:07.023806,2024-02-15 16:21:24.362535,1,80.28897881666667,93.54838709677419
W24,82,mid2,Winter 2024,Winter 2024 Midterm 2,32,30,16.5,55.00000000000001,2024-03-14 14:01:00.867651,2024-03-14 15:21:19.802394,1,80.31557905,93.75
W24,83,mid1,Winter 2024,Winter 2024 Midterm 1,31,29,16.7,57.586206896551715,2024-02-15 15:01:11.318165,2024-02-15 16:21:51.466178,1,80.66913355,93.54838709677419
W24,83,mid2,Winter 2024,Winter 2024 Midterm 2,32,30,13.5,45.0,2024-03-14 14:05:16.055288,2024-03-14 15:24:55.711249,1,79.66093268333334,93.75
W24,84,mid1,Winter 2024,Winter 2024 Midterm 1,31,29,17.2,59.310344827586206,2024-02-15 15:00:57.671577,2024-02-15 16:21:30.784637,1,80.55188433333333,93.54838709677419
W24,84,mid2,Winter 2024,Winter 2024 Midterm 2,32,30,20.5,68.33333333333333,2024-03-14 14:00:39.618579,2024-03-14 15:21:09.386609,1,80.49613383333333,93.75
W24,85,mid1,Winter 2024,Winter 2024 Midterm 1,31,29,14.7,50.689655172413794,2024-02-15 15:01:12.703747,2024-02-15 16:20:57.757204,1,79.75089095,93.54838709677419
W24,85,mid2,Winter 2024,Winter 2024 Midterm 2,32,30,18.4,61.33333333333333,2024-03-14 14:00:38.085596,2024-03-14 15:08:26.854691,1,67.81281825,93.75
W24,86,mid1,Winter 2024,Winter 2024 Midterm 1,31,29,20.493181818181817,70.66614420062696,2024-02-15 14:58:17.308935,2024-02-15 16:59:21.952032,1,121.07738495,93.54838709677419
W24,86,mid2,Winter 2024,Winter 2024 Midterm 2,32,30,22.0,73.33333333333333,2024-03-14 14:04:29.696216,2024-03-14 15:14:40.839879,1,70.18572771666666,93.75
W24,87,mid1,Winter 2024,Winter 2024 Midterm 1,31,29,22.8,78.62068965517241,2024-02-15 15:01:21.837330,2024-02-15 16:21:30.785410,1,80.14913466666667,93.54838709677419
W24,87,mid2,Winter 2024,Winter 2024 Midterm 2,32,30,18.0,60.0,2024-03-14 14:25:06.287842,2024-03-14 15:20:33.107520,1,55.44699463333333,93.75
W24,88,mid1,Winter 2024,Winter 2024 Midterm 1,31,29,25.5,87.93103448275862,2024-02-15 15:01:21.682927,2024-02-15 16:21:40.210696,1,80.30879615,93.54838709677419
W24,88,mid2,Winter 2024,Winter 2024 Midterm 2,32,30,24.0,80.0,2024-03-14 14:00:51.156871,2024-03-14 15:21:02.416840,1,80.18766615,93.75
W24,89,mid1,Winter 2024,Winter 2024 Midterm 1,31,29,18.1,62.41379310344828,2024-02-15 15:01:03.142745,2024-02-15 16:21:14.114281,1,80.18285893333334,93.54838709677419
W24,89,mid2,Winter 2024,Winter 2024 Midterm 2,32,30,18.8,62.66666666666667,2024-03-14 14:00:27.988867,2024-03-14 15:20:13.307674,1,79.75531344999999,93.75
W24,90,mid1,Winter 2024,Winter 2024 Midterm 1,31,29,24.0,82.75862068965517,2024-02-15 15:00:54.508457,2024-02-15 16:14:10.357604,1,73.26415245,93.54838709677419
W24,90,mid2,Winter 2024,Winter 2024 Midterm 2,32,30,22.7,75.66666666666666,2024-03-14 14:01:00.231798,2024-03-14 15:20:45.532759,1,79.75501601666666,93.75
W24,91,mid1,Winter 2024,Winter 2024 Midterm 1,31,29,11.5,39.6551724137931,2024-02-15 15:00:59.176612,2024-02-15 16:20:37.186804,1,79.63350319999999,93.54838709677419
W24,91,mid2,Winter 2024,Winter 2024 Midterm 2,32,30,16.5,55.00000000000001,2024-03-14 14:00:40.261674,2024-03-14 15:20:48.260566,1,80.13331486666667,93.75
W24,92,mid1,Winter 2024,Winter 2024 Midterm 1,31,29,25.0,86.20689655172413,2024-02-15 15:03:42.562384,2024-02-15 16:03:09.196916,1,59.44390886666667,93.54838709677419
W24,92,mid2,Winter 2024,Winter 2024 Midterm 2,32,30,23.0,76.66666666666667,2024-03-17 03:52:45.113971,2024-03-17 04:26:23.614768,1,33.64167995,93.75
W24,93,mid1,Winter 2024,Winter 2024 Midterm 1,31,29,21.0,72.41379310344827,2024-02-15 15:05:37.713463,2024-02-15 16:22:59.536172,1,77.36371181666667,93.54838709677419
W24,93,mid2,Winter 2024,Winter 2024 Midterm 2,32,30,20.9,69.66666666666667,2024-03-14 17:09:26.591505,2024-03-14 18:17:20.498403,1,67.8984483,93.75
W24,94,mid1,Winter 2024,Winter 2024 Midterm 1,31,29,25.0,86.20689655172413,2024-02-15 15:00:54.205517,2024-02-15 15:43:14.547393,1,42.339031266666666,93.54838709677419
W24,94,mid2,Winter 2024,Winter 2024 Midterm 2,32,30,19.6,65.33333333333334,2024-03-14 14:07:17.080617,2024-03-14 15:24:15.763296,1,76.97804464999999,93.75
W24,95,mid1,Winter 2024,Winter 2024 Midterm 1,31,29,25.0,86.20689655172413,2024-02-15 15:01:15.399031,2024-02-15 15:46:38.243468,1,45.38074061666667,93.54838709677419
W24,95,mid2,Winter 2024,Winter 2024 Midterm 2,32,30,21.0,70.0,2024-03-14 14:00:42.635950,2024-03-14 14:46:45.830000,1,46.05323416666667,93.75
W24,96,mid1,Winter 2024,Winter 2024 Midterm 1,31,29,17.4,60.0,2024-02-15 15:01:04.635403,2024-02-15 16:22:54.707440,1,81.83453395,93.54838709677419
W24,96,mid2,Winter 2024,Winter 2024 Midterm 2,32,30,16.5,55.00000000000001,2024-03-14 14:00:51.869324,2024-03-14 15:21:00.879727,1,80.15017338333334,93.75
W24,97,mid1,Winter 2024,Winter 2024 Midterm 1,31,29,25.0,86.20689655172413,2024-02-15 15:01:56.161468,2024-02-15 15:31:49.296846,1,29.885589633333332,93.54838709677419
W24,97,mid2,Winter 2024,Winter 2024 Midterm 2,32,30,21.9,73.0,2024-03-14 14:00:55.676643,2024-03-14 14:54:46.384021,1,53.845122966666665,93.75
W24,98,mid1,Winter 2024,Winter 2024 Midterm 1,31,29,20.0,68.96551724137932,2024-02-15 14:57:24.813050,2024-02-15 16:28:55.364314,1,91.50918773333333,93.54838709677419
W24,98,mid2,Winter 2024,Winter 2024 Midterm 2,32,30,17.0,56.666666666666664,2024-03-14 14:02:38.545832,2024-03-14 15:23:05.257772,1,80.445199,93.75
W24,99,mid1,Winter 2024,Winter 2024 Midterm 1,31,29,20.4,70.34482758620689,2024-02-15 15:00:59.629398,2024-02-15 16:16:38.914734,1,75.6547556,93.54838709677419
W24,99,mid2,Winter 2024,Winter 2024 Midterm 2,32,30,16.9,56.33333333333332,2024-03-14 14:02:18.279815,2024-03-14 15:02:44.084490,1,60.43007791666666,93.75
W24,100,mid1,Winter 2024,Winter 2024 Midterm 1,31,29,16.5,56.896551724137936,2024-02-15 15:01:21.081380,2024-02-15 16:21:26.364875,1,80.08805824999999,93.54838709677419
W24,100,mid2,Winter 2024,Winter 2024 Midterm 2,32,30,18.0,60.0,2024-03-14 14:00:56.532693,2024-03-14 15:21:08.956741,1,80.20706746666666,93.75
W24,101,mid1,Winter 2024,Winter 2024 Midterm 1,31,29,12.7,43.79310344827586,2024-02-15 15:01:22.124965,2024-02-15 16:21:17.332831,1,79.92013109999999,93.54838709677419
W24,101,mid2,Winter 2024,Winter 2024 Midterm 2,32,30,19.9,66.33333333333333,2024-03-14 14:07:30.979820,2024-03-14 15:27:50.657977,1,80.32796928333333,93.75
W24,103,mid1,Winter 2024,Winter 2024 Midterm 1,31,29,21.0,72.41379310344827,2024-02-15 15:00:54.417688,2024-02-15 16:09:57.928129,1,69.05850735,93.54838709677419
W24,103,mid2,Winter 2024,Winter 2024 Midterm 2,32,30,23.8,79.33333333333333,2024-03-14 14:00:36.055799,2024-03-14 15:02:23.803671,1,61.79579786666667,93.75
W24,105,mid1,Winter 2024,Winter 2024 Midterm 1,31,29,11.0,37.93103448275862,2024-02-15 15:01:30.593343,2024-02-15 16:17:21.521392,1,75.84880081666667,93.54838709677419
W24,105,mid2,Winter 2024,Winter 2024 Midterm 2,32,30,14.0,46.666666666666664,2024-03-14 14:00:45.291859,2024-03-14 15:15:14.743764,1,74.49086508333333,93.75
W24,106,mid1,Winter 2024,Winter 2024 Midterm 1,31,29,25.81818181818182,89.02821316614421,2024-02-15 15:00:51.455004,2024-02-15 16:06:21.329469,1,65.49790775,93.54838709677419
W24,106,mid2,Winter 2024,Winter 2024 Midterm 2,32,30,22.7,75.66666666666666,2024-03-14 14:00:20.775163,2024-03-14 15:20:30.915628,1,80.16900775,93.75
W24,107,mid1,Winter 2024,Winter 2024 Midterm 1,31,29,13.5,46.55172413793103,2024-02-15 15:00:57.289545,2024-02-15 16:21:05.269224,1,80.13299465,93.54838709677419
W24,107,mid2,Winter 2024,Winter 2024 Midterm 2,32,30,15.5,51.66666666666667,2024-03-14 14:00:55.428066,2024-03-14 15:17:45.788828,1,76.83934603333334,93.75
W24,108,mid1,Winter 2024,Winter 2024 Midterm 1,31,29,13.6,46.89655172413793,2024-02-15 15:10:56.922656,2024-02-15 16:29:40.232511,1,78.72183091666668,93.54838709677419
W24,108,mid2,Winter 2024,Winter 2024 Midterm 2,32,30,14.0,46.666666666666664,2024-03-15 20:59:29.997863,2024-03-15 22:16:08.847594,1,76.64749551666667,93.75
W24,109,mid1,Winter 2024,Winter 2024 Midterm 1,31,29,15.954545454545455,55.01567398119123,2024-02-15 15:00:59.365001,2024-02-15 16:21:03.900967,1,80.07559943333334,93.54838709677419
W24,109,mid2,Winter 2024,Winter 2024 Midterm 2,32,30,18.0,60.0,2024-03-14 14:00:47.519624,2024-03-14 15:17:32.436127,1,76.74860838333333,93.75
W24,111,mid1,Winter 2024,Winter 2024 Midterm 1,31,29,16.072727272727274,55.42319749216301,2024-02-15 15:01:24.773185,2024-02-15 16:09:27.668199,1,68.04825023333333,93.54838709677419
W24,111,mid2,Winter 2024,Winter 2024 Midterm 2,32,30,18.0,60.0,2024-03-14 14:01:02.331535,2024-03-14 15:03:21.768113,1,62.323942966666664,93.75
W24,112,mid1,Winter 2024,Winter 2024 Midterm 1,31,29,24.2,83.44827586206897,2024-02-15 15:01:15.629785,2024-02-15 16:19:52.949895,1,78.62200183333333,93.54838709677419
W24,112,mid2,Winter 2024,Winter 2024 Midterm 2,32,30,18.6,62.0,2024-03-14 14:00:59.688960,2024-03-14 15:14:37.160738,1,73.62452963333334,93.75
W24,113,mid1,Winter 2024,Winter 2024 Midterm 1,31,29,19.0,65.51724137931035,2024-02-15 15:01:36.212978,2024-02-15 16:15:15.087713,1,73.64791225,93.54838709677419
W24,113,mid2,Winter 2024,Winter 2024 Midterm 2,32,30,20.1,67.0,2024-03-14 14:11:07.780971,2024-03-14 15:14:05.038512,1,62.954292349999996,93.75
W24,114,mid1,Winter 2024,Winter 2024 Midterm 1,31,29,26.0,89.65517241379311,2024-02-15 15:01:09.267570,2024-02-15 16:02:29.548926,1,61.3380226,93.54838709677419
W24,114,mid2,Winter 2024,Winter 2024 Midterm 2,32,30,24.0,80.0,2024-03-14 14:00:30.827795,2024-03-14 15:21:27.633877,1,80.94676803333333,93.75
W24,115,mid1,Winter 2024,Winter 2024 Midterm 1,31,29,24.0,82.75862068965517,2024-02-15 15:00:53.687370,2024-02-15 16:02:22.798120,1,61.48517916666666,93.54838709677419
W24,115,mid2,Winter 2024,Winter 2024 Midterm 2,32,30,19.9,66.33333333333333,2024-03-14 14:00:37.808668,2024-03-14 15:02:25.826557,1,61.80029815,93.75
W24,116,mid1,Winter 2024,Winter 2024 Midterm 1,31,29,19.5,67.24137931034483,2024-02-15 14:56:54.128716,2024-02-15 16:52:44.806756,1,115.844634,93.54838709677419
W24,116,mid2,Winter 2024,Winter 2024 Midterm 2,32,30,17.7,59.0,2024-03-14 14:02:08.349610,2024-03-14 15:59:28.389816,1,117.33400343333332,93.75
W24,117,mid1,Winter 2024,Winter 2024 Midterm 1,31,29,23.2,80.0,2024-02-15 15:01:20.198163,2024-02-15 16:21:28.859568,1,80.14435675,93.54838709677419
W24,117,mid2,Winter 2024,Winter 2024 Midterm 2,32,30,20.7,69.0,2024-03-14 14:00:55.088248,2024-03-14 15:15:54.677523,1,74.99315458333334,93.75
W24,118,mid1,Winter 2024,Winter 2024 Midterm 1,31,29,20.90909090909091,72.10031347962382,2024-02-15 14:12:43.267865,2024-02-15 15:31:49.546297,1,79.10464053333334,93.54838709677419
W24,118,mid2,Winter 2024,Winter 2024 Midterm 2,32,30,23.0,76.66666666666667,2024-03-14 13:29:19.578757,2024-03-14 14:40:43.150793,1,71.39286726666666,93.75
W24,119,mid1,Winter 2024,Winter 2024 Midterm 1,31,29,17.175,59.224137931034484,2024-02-15 15:00:55.118166,2024-02-15 16:05:08.911015,1,64.22988081666666,93.54838709677419
W24,119,mid2,Winter 2024,Winter 2024 Midterm 2,32,30,9.5,31.666666666666664,2024-03-14 14:00:36.701708,2024-03-14 15:00:19.337625,1,59.710598616666665,93.75
W24,120,mid1,Winter 2024,Winter 2024 Midterm 1,31,29,13.118181818181819,45.23510971786834,2024-02-15 15:01:06.923134,2024-02-15 16:21:17.875107,1,80.18253288333334,93.54838709677419
W24,120,mid2,Winter 2024,Winter 2024 Midterm 2,32,30,10.0,33.33333333333333,2024-03-14 14:01:07.943996,2024-03-14 15:13:04.881868,1,71.94896453333334,93.75
W24,121,mid1,Winter 2024,Winter 2024 Midterm 1,31,29,20.136363636363637,69.43573667711598,2024-02-15 15:01:05.924425,2024-02-15 16:21:28.011858,1,80.36812388333333,93.54838709677419
W24,121,mid2,Winter 2024,Winter 2024 Midterm 2,32,30,20.3,67.66666666666666,2024-03-14 14:00:38.833643,2024-03-14 15:20:35.573762,1,79.94566865,93.75
W24,122,mid1,Winter 2024,Winter 2024 Midterm 1,31,29,17.25,59.48275862068966,2024-02-15 15:01:07.195509,2024-02-15 16:20:54.451808,1,79.78760498333332,93.54838709677419
W24,122,mid2,Winter 2024,Winter 2024 Midterm 2,32,30,19.6,65.33333333333334,2024-03-14 14:00:28.686894,2024-03-14 15:17:26.937825,1,76.97084885,93.75
W24,123,mid1,Winter 2024,Winter 2024 Midterm 1,30,28,15.10909090909091,53.961038961038966,2024-02-15 15:01:12.200251,2024-02-15 16:21:30.197267,1,80.29995026666667,93.33333333333333
W24,123,mid2,Winter 2024,Winter 2024 Midterm 2,30,30,13.8,46.0,2024-03-14 14:01:02.903852,2024-03-14 15:21:11.495076,1,80.14318706666667,100.0
W24,124,mid1,Winter 2024,Winter 2024 Midterm 1,31,29,26.0,89.65517241379311,2024-02-15 15:01:05.435350,2024-02-15 16:21:17.312835,1,80.19795808333333,93.54838709677419
W24,124,mid2,Winter 2024,Winter 2024 Midterm 2,32,30,19.6,65.33333333333334,2024-03-14 14:00:49.201105,2024-03-14 15:21:10.274233,1,80.3512188,93.75
W24,125,mid1,Winter 2024,Winter 2024 Midterm 1,31,29,20.5,70.6896551724138,2024-02-15 15:01:10.273759,2024-02-15 16:21:28.860256,1,80.30977495,93.54838709677419
W24,125,mid2,Winter 2024,Winter 2024 Midterm 2,32,30,15.2,50.66666666666666,2024-03-14 14:01:01.124086,2024-03-14 15:21:10.240493,1,80.15194011666668,93.75
W24,126,mid1,Winter 2024,Winter 2024 Midterm 1,31,29,12.2,42.068965517241374,2024-02-15 15:01:07.437071,2024-02-15 16:19:21.878710,1,78.24069398333333,93.54838709677419
W24,126,mid2,Winter 2024,Winter 2024 Midterm 2,32,30,12.6,42.0,2024-03-14 14:00:50.504271,2024-03-14 15:20:04.026714,1,79.22537405,93.75
W24,127,mid1,Winter 2024,Winter 2024 Midterm 1,31,29,22.5,77.58620689655173,2024-02-15 15:01:26.018615,2024-02-15 16:21:22.557146,1,79.94230885,93.54838709677419
W24,127,mid2,Winter 2024,Winter 2024 Midterm 2,32,30,21.9,73.0,2024-03-14 14:00:55.420236,2024-03-14 15:11:17.108401,1,70.36146941666667,93.75
W24,128,mid2,Winter 2024,Winter 2024 Midterm 2,32,30,11.5,38.333333333333336,2024-03-14 14:02:22.283956,2024-03-14 15:46:30.191290,1,104.1317889,93.75
W24,129,mid1,Winter 2024,Winter 2024 Midterm 1,31,29,20.7,71.37931034482759,2024-02-15 15:01:10.484488,2024-02-15 16:13:49.000441,1,72.64193255,93.54838709677419
W24,129,mid2,Winter 2024,Winter 2024 Midterm 2,32,30,18.6,62.0,2024-03-14 14:01:59.180753,2024-03-14 15:22:38.755415,1,80.6595777,93.75
W24,130,mid1,Winter 2024,Winter 2024 Midterm 1,31,29,23.0,79.3103448275862,2024-02-15 15:00:53.351731,2024-02-15 16:06:01.291753,1,65.1323337,93.54838709677419
W24,130,mid2,Winter 2024,Winter 2024 Midterm 2,32,30,18.4,61.33333333333333,2024-03-14 14:00:50.815878,2024-03-14 15:17:22.894354,1,76.53464126666667,93.75
W24,131,mid1,Winter 2024,Winter 2024 Midterm 1,31,29,16.7,57.586206896551715,2024-02-17 01:47:04.786772,2024-02-17 03:07:13.594641,1,80.14679781666668,93.54838709677419
W24,131,mid2,Winter 2024,Winter 2024 Midterm 2,32,30,9.0,30.0,2024-03-14 14:01:47.584497,2024-03-14 14:49:37.237223,1,47.82754543333333,93.75
W24,132,mid1,Winter 2024,Winter 2024 Midterm 1,31,29,18.0,62.06896551724138,2024-02-15 15:01:01.272519,2024-02-17 17:48:22.874116,2,79.39015746666666,93.54838709677419
W24,132,mid2,Winter 2024,Winter 2024 Midterm 2,32,30,13.0,43.333333333333336,2024-03-14 18:16:20.290106,2024-03-14 19:14:53.112076,1,58.54703283333333,93.75
W24,134,mid1,Winter 2024,Winter 2024 Midterm 1,31,29,23.7,81.72413793103448,2024-02-15 15:00:49.365074,2024-02-15 15:45:34.538499,1,44.752890416666666,93.54838709677419
W24,134,mid2,Winter 2024,Winter 2024 Midterm 2,32,30,20.9,69.66666666666667,2024-03-14 14:00:24.452924,2024-03-14 15:05:59.731130,1,65.58797009999999,93.75
W24,135,mid1,Winter 2024,Winter 2024 Midterm 1,31,29,22.0,75.86206896551724,2024-02-15 15:00:56.579771,2024-02-15 15:48:53.585781,1,47.950100166666665,93.54838709677419
W24,135,mid2,Winter 2024,Winter 2024 Midterm 2,32,30,21.7,72.33333333333333,2024-03-14 14:00:23.447684,2024-03-14 14:56:48.375473,1,56.41546315,93.75
W24,137,mid1,Winter 2024,Winter 2024 Midterm 1,31,29,12.0,41.37931034482759,2024-02-15 15:01:14.982197,2024-02-15 16:19:38.295242,1,78.38855075,93.54838709677419
W24,137,mid2,Winter 2024,Winter 2024 Midterm 2,32,30,13.1,43.666666666666664,2024-03-14 14:00:54.408753,2024-03-14 15:19:04.091753,1,78.16138333333333,93.75
W24,138,mid1,Winter 2024,Winter 2024 Midterm 1,31,29,22.81818181818182,78.68338557993731,2024-02-15 15:01:07.302294,2024-02-15 15:45:23.598355,1,44.271601016666665,93.54838709677419
W24,138,mid2,Winter 2024,Winter 2024 Midterm 2,32,30,22.5,75.0,2024-03-14 14:03:59.267486,2024-03-14 15:03:56.492368,1,59.95374803333333,93.75
W24,139,mid1,Winter 2024,Winter 2024 Midterm 1,31,29,24.0,82.75862068965517,2024-02-15 15:01:00.239628,2024-02-15 16:31:20.768015,1,90.34213978333334,93.54838709677419
W24,139,mid2,Winter 2024,Winter 2024 Midterm 2,32,30,22.6,75.33333333333334,2024-03-14 14:01:15.943412,2024-03-14 15:21:56.835207,1,80.68152991666666,93.75
W24,140,mid1,Winter 2024,Winter 2024 Midterm 1,31,29,18.81818181818182,64.89028213166145,2024-02-15 15:01:02.100151,2024-02-15 16:39:28.496220,1,98.43993448333335,93.54838709677419
W24,140,mid2,Winter 2024,Winter 2024 Midterm 2,32,30,18.5,61.66666666666667,2024-03-14 14:03:12.637297,2024-03-14 15:22:53.563257,1,79.68209933333333,93.75
W24,141,mid1,Winter 2024,Winter 2024 Midterm 1,31,29,20.0,68.96551724137932,2024-02-15 15:04:51.956675,2024-02-15 16:24:55.778319,1,80.06369406666666,93.54838709677419
W24,141,mid2,Winter 2024,Winter 2024 Midterm 2,32,30,19.0,63.33333333333333,2024-03-14 14:09:58.359681,2024-03-14 15:29:40.107600,1,79.69579865,93.75
W24,142,mid1,Winter 2024,Winter 2024 Midterm 1,31,29,23.7,81.72413793103448,2024-02-15 15:03:06.131226,2024-02-15 16:23:49.713898,1,80.72637786666665,93.54838709677419
W24,142,mid2,Winter 2024,Winter 2024 Midterm 2,32,30,19.5,65.0,2024-03-14 14:00:38.170265,2024-03-14 15:12:26.956244,1,71.81309965,93.75
W24,143,mid1,Winter 2024,Winter 2024 Midterm 1,31,29,12.5,43.103448275862064,2024-02-15 15:01:07.116770,2024-02-15 16:21:47.523384,1,80.67344356666668,93.54838709677419
W24,143,mid2,Winter 2024,Winter 2024 Midterm 2,32,30,12.0,40.0,2024-03-14 14:00:36.487977,2024-03-14 15:19:18.419516,1,78.69885898333334,93.75
W24,144,mid1,Winter 2024,Winter 2024 Midterm 1,31,29,26.0,89.65517241379311,2024-02-15 15:01:08.512659,2024-02-15 16:17:07.014115,1,75.97502426666667,93.54838709677419
W24,144,mid2,Winter 2024,Winter 2024 Midterm 2,32,30,23.9,79.66666666666666,2024-03-14 14:01:21.239710,2024-03-14 15:19:13.379542,1,77.8689972,93.75
W24,145,mid1,Winter 2024,Winter 2024 Midterm 1,30,28,16.5,58.92857142857143,2024-02-15 15:02:37.986129,2024-02-15 16:22:53.148872,1,80.25271238333333,93.33333333333333
W24,145,mid2,Winter 2024,Winter 2024 Midterm 2,32,30,21.0,70.0,2024-03-14 14:05:59.073372,2024-03-14 16:06:22.884401,1,120.39685048333334,93.75
W24,146,mid1,Winter 2024,Winter 2024 Midterm 1,31,29,13.2,45.51724137931034,2024-02-15 15:03:06.392312,2024-02-15 16:48:02.542956,1,104.93584406666668,93.54838709677419
W24,146,mid2,Winter 2024,Winter 2024 Midterm 2,32,30,13.0,43.333333333333336,2024-03-14 14:02:47.877017,2024-03-14 15:32:12.717037,1,89.41400033333333,93.75
W24,147,mid1,Winter 2024,Winter 2024 Midterm 1,31,29,18.9,65.17241379310344,2024-02-15 15:02:58.250042,2024-02-15 16:22:08.274471,1,79.16707381666667,93.54838709677419
W24,147,mid2,Winter 2024,Winter 2024 Midterm 2,32,30,14.7,49.0,2024-03-14 14:08:19.146573,2024-03-14 15:27:25.677713,1,79.10885233333333,93.75
W24,148,mid1,Winter 2024,Winter 2024 Midterm 1,31,29,18.7,64.48275862068965,2024-02-15 15:01:03.801773,2024-02-15 16:21:10.751741,1,80.11583279999999,93.54838709677419
W24,148,mid2,Winter 2024,Winter 2024 Midterm 2,32,30,18.7,62.33333333333333,2024-03-15 16:31:07.140754,2024-03-15 17:51:15.015968,1,80.13125356666666,93.75
W24,149,mid1,Winter 2024,Winter 2024 Midterm 1,30,28,5.7,20.357142857142858,2024-02-15 15:06:43.514236,2024-02-15 16:26:51.471948,1,80.13262853333335,93.33333333333333
W24,149,mid2,Winter 2024,Winter 2024 Midterm 2,32,30,9.0,30.0,2024-03-14 14:01:06.697225,2024-03-14 15:08:05.652049,1,66.9825804,93.75
W24,150,mid1,Winter 2024,Winter 2024 Midterm 1,31,29,17.0,58.620689655172406,2024-02-15 15:00:59.388323,2024-02-15 15:52:06.344251,1,51.11593213333333,93.54838709677419
W24,150,mid2,Winter 2024,Winter 2024 Midterm 2,32,30,18.9,63.0,2024-03-14 14:00:43.474934,2024-03-14 15:05:54.657574,1,65.18637733333334,93.75
W24,151,mid1,Winter 2024,Winter 2024 Midterm 1,31,29,16.236363636363635,55.987460815047015,2024-02-15 15:01:12.286872,2024-02-15 16:21:21.085955,1,80.14665138333334,93.54838709677419
W24,151,mid2,Winter 2024,Winter 2024 Midterm 2,32,30,12.5,41.66666666666667,2024-03-14 14:00:51.913386,2024-03-14 15:21:01.517487,1,80.16006835,93.75
W24,152,mid1,Winter 2024,Winter 2024 Midterm 1,31,29,19.7,67.93103448275862,2024-02-15 15:01:43.566063,2024-02-15 16:21:33.684530,1,79.83530778333333,93.54838709677419
W24,152,mid2,Winter 2024,Winter 2024 Midterm 2,32,30,19.3,64.33333333333333,2024-03-14 14:04:14.145063,2024-03-14 15:24:01.254170,1,79.78515178333333,93.75
W24,153,mid1,Winter 2024,Winter 2024 Midterm 1,31,29,24.7,85.17241379310344,2024-02-15 15:01:43.975381,2024-02-15 16:07:28.923380,1,65.74913331666667,93.54838709677419
W24,153,mid2,Winter 2024,Winter 2024 Midterm 2,32,30,17.6,58.666666666666664,2024-03-14 14:00:57.965409,2024-03-14 15:20:52.940303,1,79.91624823333333,93.75
W24,155,mid1,Winter 2024,Winter 2024 Midterm 1,31,29,13.7,47.241379310344826,2024-02-15 15:01:09.060701,2024-02-15 16:15:14.745901,1,74.09475333333333,93.54838709677419
W24,155,mid2,Winter 2024,Winter 2024 Midterm 2,32,30,15.0,50.0,2024-03-14 14:01:13.323691,2024-03-14 15:01:26.621095,1,60.2216234,93.75
W24,156,mid1,Winter 2024,Winter 2024 Midterm 1,31,29,22.0,75.86206896551724,2024-02-15 15:01:11.603015,2024-02-15 16:21:18.349745,1,80.11244549999999,93.54838709677419
W24,156,mid2,Winter 2024,Winter 2024 Midterm 2,32,30,17.8,59.333333333333336,2024-03-14 14:00:49.821027,2024-03-14 15:20:11.620423,1,79.36332326666667,93.75
W24,157,mid1,Winter 2024,Winter 2024 Midterm 1,31,29,21.0,72.41379310344827,2024-02-15 15:01:05.580191,2024-02-15 15:42:24.102377,1,41.3087031,93.54838709677419
W24,157,mid2,Winter 2024,Winter 2024 Midterm 2,32,30,23.0,76.66666666666667,2024-03-14 14:00:28.501864,2024-03-14 15:03:49.298658,1,63.34661323333333,93.75
W24,158,mid1,Winter 2024,Winter 2024 Midterm 1,31,29,18.875,65.08620689655173,2024-02-15 15:01:12.177541,2024-02-15 16:20:39.595088,1,79.45695911666667,93.54838709677419
W24,158,mid2,Winter 2024,Winter 2024 Midterm 2,32,30,17.1,57.00000000000001,2024-03-14 14:00:47.701398,2024-03-14 15:21:59.036424,1,81.1889171,93.75
W24,159,mid1,Winter 2024,Winter 2024 Midterm 1,31,29,24.0,82.75862068965517,2024-02-15 15:00:55.833187,2024-02-15 15:45:06.789329,1,44.182602366666664,93.54838709677419
W24,159,mid2,Winter 2024,Winter 2024 Midterm 2,32,30,22.0,73.33333333333333,2024-03-14 14:00:27.183809,2024-03-14 14:48:07.322222,1,47.668973550000004,93.75
W24,160,mid1,Winter 2024,Winter 2024 Midterm 1,31,29,25.0,86.20689655172413,2024-02-15 15:01:45.325395,2024-02-15 15:47:55.780877,1,46.17425803333333,93.54838709677419
W24,160,mid2,Winter 2024,Winter 2024 Midterm 2,32,30,20.9,69.66666666666667,2024-03-14 14:03:09.216153,2024-03-14 14:56:50.283725,1,53.68445953333333,93.75
W24,161,mid2,Winter 2024,Winter 2024 Midterm 2,32,30,14.5,48.333333333333336,2024-03-14 14:00:54.785330,2024-03-14 15:18:08.439020,1,77.22756150000001,93.75
W24,162,mid1,Winter 2024,Winter 2024 Midterm 1,31,29,24.6,84.82758620689656,2024-02-15 15:01:13.630651,2024-02-15 16:02:17.192363,1,61.05936186666667,93.54838709677419
W24,162,mid2,Winter 2024,Winter 2024 Midterm 2,32,30,22.9,76.33333333333333,2024-03-14 14:00:59.514375,2024-03-14 15:14:07.579858,1,73.13442471666667,93.75
W24,163,mid1,Winter 2024,Winter 2024 Midterm 1,31,29,18.375,63.36206896551724,2024-02-15 15:01:02.261997,2024-02-15 16:19:44.362993,1,78.70168326666666,93.54838709677419
W24,163,mid2,Winter 2024,Winter 2024 Midterm 2,32,30,14.7,49.0,2024-03-14 14:00:36.667663,2024-03-14 15:15:54.792120,1,75.30207428333333,93.75
W24,164,mid1,Winter 2024,Winter 2024 Midterm 1,31,29,18.4,63.44827586206896,2024-02-15 15:01:15.031459,2024-02-15 16:21:30.657114,1,80.26042758333332,93.54838709677419
W24,164,mid2,Winter 2024,Winter 2024 Midterm 2,32,30,16.6,55.333333333333336,2024-03-14 14:01:42.543334,2024-03-14 15:21:52.336319,1,80.16321641666667,93.75
W24,165,mid1,Winter 2024,Winter 2024 Midterm 1,31,29,24.0,82.75862068965517,2024-02-15 15:01:11.579792,2024-02-15 16:15:26.487539,1,74.24846245,93.54838709677419
W24,165,mid2,Winter 2024,Winter 2024 Midterm 2,32,30,20.0,66.66666666666666,2024-03-19 11:11:43.906743,2024-03-19 12:30:02.811625,1,78.31508136666666,93.75
W24,166,mid1,Winter 2024,Winter 2024 Midterm 1,28,26,13.0,50.0,2024-02-15 15:01:17.780863,2024-02-15 16:22:02.736889,1,80.7492671,92.85714285714286
W24,166,mid2,Winter 2024,Winter 2024 Midterm 2,32,30,15.0,50.0,2024-03-14 14:03:41.991817,2024-03-14 15:24:17.262070,1,80.58783754999999,93.75
W24,167,mid1,Winter 2024,Winter 2024 Midterm 1,31,29,24.7,85.17241379310344,2024-02-15 15:00:57.063691,2024-02-15 16:07:24.221961,1,66.45263783333333,93.54838709677419
W24,167,mid2,Winter 2024,Winter 2024 Midterm 2,32,30,22.9,76.33333333333333,2024-03-14 14:00:28.092806,2024-03-14 15:05:36.173642,1,65.1346806,93.75
W24,168,mid1,Winter 2024,Winter 2024 Midterm 1,31,29,25.0,86.20689655172413,2024-02-15 15:01:15.034364,2024-02-15 15:51:27.265195,1,50.20384718333333,93.54838709677419
W24,169,mid1,Winter 2024,Winter 2024 Midterm 1,31,29,15.5,53.44827586206896,2024-02-15 15:02:44.661272,2024-02-15 16:19:19.807653,1,76.58577301666666,93.54838709677419
W24,169,mid2,Winter 2024,Winter 2024 Midterm 2,32,30,14.25,47.5,2024-03-14 14:01:00.090140,2024-03-14 15:18:10.516544,1,77.1737734,93.75
W24,171,mid2,Winter 2024,Winter 2024 Midterm 2,32,30,10.6,35.333333333333336,2024-03-14 14:00:48.650799,2024-03-14 15:21:18.784070,1,80.50222118333333,93.75
W24,172,mid1,Winter 2024,Winter 2024 Midterm 1,31,29,18.1,62.41379310344828,2024-02-15 15:01:44.339136,2024-02-15 16:21:37.309159,1,79.88283371666667,93.54838709677419
W24,172,mid2,Winter 2024,Winter 2024 Midterm 2,32,30,20.4,68.0,2024-03-14 18:09:59.346366,2024-03-14 19:26:54.714175,1,76.92279681666668,93.75
W24,173,mid1,Winter 2024,Winter 2024 Midterm 1,31,29,25.0,86.20689655172413,2024-02-15 15:00:57.371606,2024-02-15 16:21:37.622851,1,80.67085408333334,93.54838709677419
W24,173,mid2,Winter 2024,Winter 2024 Midterm 2,32,30,25.0,83.33333333333334,2024-03-14 14:00:51.801719,2024-03-14 15:21:29.215957,1,80.62357063333334,93.75
W24,174,mid1,Winter 2024,Winter 2024 Midterm 1,31,29,20.2,69.6551724137931,2024-02-15 15:01:28.892785,2024-02-15 16:20:48.818545,1,79.332096,93.54838709677419
W24,174,mid2,Winter 2024,Winter 2024 Midterm 2,32,30,16.5,55.00000000000001,2024-03-14 14:00:45.338076,2024-03-14 15:18:35.036801,1,77.82831208333333,93.75
W24,176,mid1,Winter 2024,Winter 2024 Midterm 1,31,29,20.2,69.6551724137931,2024-02-15 15:01:06.668272,2024-02-15 16:26:14.597021,1,85.13214581666666,93.54838709677419
W24,176,mid2,Winter 2024,Winter 2024 Midterm 2,32,30,14.666666666666666,48.888888888888886,2024-03-14 14:00:36.469735,2024-03-14 15:07:27.660421,1,66.8531781,93.75
W24,177,mid1,Winter 2024,Winter 2024 Midterm 1,31,29,13.2,45.51724137931034,2024-02-15 15:01:09.090240,2024-02-15 16:18:51.000206,1,77.69849943333334,93.54838709677419
W24,177,mid2,Winter 2024,Winter 2024 Midterm 2,32,30,14.1,47.0,2024-03-14 14:00:36.802861,2024-03-14 15:16:09.395445,1,75.54320973333333,93.75
W24,178,mid1,Winter 2024,Winter 2024 Midterm 1,31,29,23.9,82.41379310344827,2024-02-15 15:00:54.372258,2024-02-15 16:18:07.979904,1,77.2267941,93.54838709677419
W24,178,mid2,Winter 2024,Winter 2024 Midterm 2,32,30,18.6,62.0,2024-03-14 14:00:45.047478,2024-03-14 14:56:00.756893,1,55.26182358333333,93.75
W24,179,mid1,Winter 2024,Winter 2024 Midterm 1,31,29,13.3,45.862068965517246,2024-02-15 15:01:39.302140,2024-02-15 16:21:57.864253,1,80.30936855,93.54838709677419
W24,179,mid2,Winter 2024,Winter 2024 Midterm 2,32,30,11.7,38.99999999999999,2024-03-14 14:00:36.125260,2024-03-14 15:20:45.149935,1,80.15041124999999,93.75
W24,180,mid1,Winter 2024,Winter 2024 Midterm 1,31,29,22.5,77.58620689655173,2024-02-15 15:01:03.824390,2024-02-15 16:21:11.612913,1,80.12980871666667,93.54838709677419
W24,180,mid2,Winter 2024,Winter 2024 Midterm 2,32,30,20.2,67.33333333333333,2024-03-14 14:01:19.440062,2024-03-14 15:21:27.835133,1,80.13991785,93.75
W24,181,mid1,Winter 2024,Winter 2024 Midterm 1,31,29,23.7,81.72413793103448,2024-02-15 15:01:02.859108,2024-02-15 16:05:09.012852,1,64.1025624,93.54838709677419
W24,181,mid2,Winter 2024,Winter 2024 Midterm 2,32,30,19.9,66.33333333333333,2024-03-14 14:00:37.029574,2024-03-14 15:20:53.476051,1,80.27410795,93.75
W24,182,mid1,Winter 2024,Winter 2024 Midterm 1,31,29,22.0,75.86206896551724,2024-02-15 15:01:28.332075,2024-02-15 16:21:49.025151,1,80.34488459999999,93.54838709677419
W24,182,mid2,Winter 2024,Winter 2024 Midterm 2,32,30,20.5,68.33333333333333,2024-03-14 14:00:52.409212,2024-03-14 15:21:11.420065,1,80.31684754999999,93.75
W24,183,mid1,Winter 2024,Winter 2024 Midterm 1,31,29,15.0,51.724137931034484,2024-02-15 15:00:57.851755,2024-02-15 16:21:49.985842,1,80.86890145000001,93.54838709677419
W24,183,mid2,Winter 2024,Winter 2024 Midterm 2,32,30,14.5,48.333333333333336,2024-03-14 14:01:07.682445,2024-03-14 15:21:04.576877,1,79.94824053333333,93.75
W24,184,mid1,Winter 2024,Winter 2024 Midterm 1,31,29,16.48181818181818,56.83385579937303,2024-02-15 15:00:55.298581,2024-02-15 16:21:14.272278,1,80.31622828333334,93.54838709677419
W24,184,mid2,Winter 2024,Winter 2024 Midterm 2,32,30,16.0,53.333333333333336,2024-03-14 14:00:48.063466,2024-03-14 15:20:13.792873,1,79.42882345,93.75
W24,185,mid1,Winter 2024,Winter 2024 Midterm 1,30,28,18.7,66.78571428571428,2024-02-15 15:01:30.943896,2024-02-15 16:21:49.243733,1,80.30499728333332,93.33333333333333
W24,185,mid2,Winter 2024,Winter 2024 Midterm 2,32,30,19.5,65.0,2024-03-18 00:32:14.239555,2024-03-18 01:52:23.988549,1,80.16248323333333,93.75
W24,186,mid1,Winter 2024,Winter 2024 Midterm 1,31,29,21.0,72.41379310344827,2024-02-15 15:01:10.524138,2024-02-15 16:21:29.041855,1,80.30862861666667,93.54838709677419
W24,186,mid2,Winter 2024,Winter 2024 Midterm 2,32,30,15.1,50.33333333333333,2024-03-14 14:01:19.152243,2024-03-14 15:22:17.793452,1,80.97735348333335,93.75
W24,187,mid1,Winter 2024,Winter 2024 Midterm 1,31,29,19.58409090909091,67.53134796238245,2024-02-15 15:05:59.802532,2024-02-15 16:21:59.822538,1,76.00033343333332,93.54838709677419
W24,187,mid2,Winter 2024,Winter 2024 Midterm 2,32,30,17.5,58.333333333333336,2024-03-14 14:00:46.637288,2024-03-14 15:15:34.102657,1,74.79108948333332,93.75
W24,188,mid1,Winter 2024,Winter 2024 Midterm 1,31,29,20.0,68.96551724137932,2024-02-15 15:01:00.376894,2024-02-15 16:02:23.917181,1,61.392338116666664,93.54838709677419
W24,188,mid2,Winter 2024,Winter 2024 Midterm 2,32,30,16.0,53.333333333333336,2024-03-14 14:00:43.976133,2024-03-14 15:21:04.916356,1,80.34900371666666,93.75
W24,189,mid1,Winter 2024,Winter 2024 Midterm 1,31,29,23.9,82.41379310344827,2024-02-15 15:01:03.009081,2024-02-15 15:38:14.536469,1,37.19212313333333,93.54838709677419
W24,189,mid2,Winter 2024,Winter 2024 Midterm 2,32,30,19.0,63.33333333333333,2024-03-14 14:01:16.045026,2024-03-14 15:21:31.016868,1,80.2495307,93.75
W24,190,mid1,Winter 2024,Winter 2024 Midterm 1,31,29,23.0,79.3103448275862,2024-02-15 23:32:18.515596,2024-02-16 00:52:30.616497,1,80.20168168333333,93.54838709677419
W24,190,mid2,Winter 2024,Winter 2024 Midterm 2,32,30,22.0,73.33333333333333,2024-03-14 14:08:14.155255,2024-03-14 15:04:38.427590,1,56.40453891666667,93.75
W24,191,mid1,Winter 2024,Winter 2024 Midterm 1,31,29,22.0,75.86206896551724,2024-02-15 15:03:27.971472,2024-02-15 15:31:37.755651,1,28.16306965,93.54838709677419
W24,191,mid2,Winter 2024,Winter 2024 Midterm 2,32,30,23.0,76.66666666666667,2024-03-14 14:01:17.668373,2024-03-14 14:46:58.314047,1,45.6774279,93.75
W24,192,mid1,Winter 2024,Winter 2024 Midterm 1,31,29,22.9,78.9655172413793,2024-02-15 15:00:59.673415,2024-02-15 16:20:41.491543,1,79.6969688,93.54838709677419
W24,192,mid2,Winter 2024,Winter 2024 Midterm 2,32,30,20.9,69.66666666666667,2024-03-14 14:00:28.328704,2024-03-14 15:05:18.380161,1,64.83419095,93.75
W24,193,mid1,Winter 2024,Winter 2024 Midterm 1,31,29,19.575,67.5,2024-02-15 15:01:08.140379,2024-02-15 16:21:27.895338,1,80.32924931666666,93.54838709677419
W24,193,mid2,Winter 2024,Winter 2024 Midterm 2,32,30,13.7,45.666666666666664,2024-03-14 14:00:38.146013,2024-03-14 15:10:45.863233,1,70.12862033333334,93.75
W24,194,mid1,Winter 2024,Winter 2024 Midterm 1,31,29,23.8,82.06896551724138,2024-02-15 15:00:53.685612,2024-02-15 16:06:22.533633,1,65.48080035,93.54838709677419
W24,194,mid2,Winter 2024,Winter 2024 Midterm 2,32,30,18.5,61.66666666666667,2024-03-14 14:01:06.674907,2024-03-14 15:21:16.443262,1,80.16280591666667,93.75
W24,195,mid1,Winter 2024,Winter 2024 Midterm 1,31,29,19.6,67.58620689655173,2024-02-15 15:01:41.417949,2024-02-15 16:21:57.226064,1,80.26346858333334,93.54838709677419
W24,195,mid2,Winter 2024,Winter 2024 Midterm 2,32,30,22.0,73.33333333333333,2024-03-14 14:04:52.957355,2024-03-14 16:29:18.226381,1,144.42115043333334,93.75
W24,196,mid1,Winter 2024,Winter 2024 Midterm 1,31,29,19.9,68.62068965517241,2024-02-15 15:00:57.988237,2024-02-15 16:25:12.014623,1,84.2337731,93.54838709677419
W24,197,mid1,Winter 2024,Winter 2024 Midterm 1,31,29,24.0,82.75862068965517,2024-02-15 16:22:55.468217,2024-02-15 23:33:07.000576,2,15.829566300000002,93.54838709677419
W24,197,mid2,Winter 2024,Winter 2024 Midterm 2,32,30,21.7,72.33333333333333,2024-03-14 23:50:22.541845,2024-03-15 00:29:24.429131,1,39.03145476666667,93.75
W24,198,mid1,Winter 2024,Winter 2024 Midterm 1,31,29,23.0,79.3103448275862,2024-02-15 15:02:20.549409,2024-02-15 16:18:47.290595,1,76.44568643333334,93.54838709677419
W24,198,mid2,Winter 2024,Winter 2024 Midterm 2,32,30,23.0,76.66666666666667,2024-03-14 14:04:12.928349,2024-03-14 15:24:19.482253,1,80.10923173333335,93.75
W24,199,mid1,Winter 2024,Winter 2024 Midterm 1,32,30,24.0,80.0,2024-02-15 15:05:15.912781,2024-02-15 16:24:44.862599,1,79.48249696666667,93.75
W24,199,mid2,Winter 2024,Winter 2024 Midterm 2,32,30,18.5,61.66666666666667,2024-03-14 14:01:26.113345,2024-03-14 15:21:46.080219,1,80.33278123333334,93.75
