semester_raw,midterm,problem_name,item_family,score_source,key_confidence,n_events
F24,mid1,fileWriteCA,clickable,clickable_no_response,,1
F24,mid2,fileWriteCA,clickable,clickable_no_response,,2
F24,mid1,var-expressions-mc-click,clickable,clickable_no_response,,1
F24,mid1,var-keywords-ca-error,clickable,clickable_no_response,,1
F24,mid2,xml_book_end_tags_clicka,clickable,clickable_no_response,,1
F24,mid2,xml_food_tag_text_clicka,clickable,clickable_no_response,,1
F24,mid2,xml_person_attributes_clicka,clickable,clickable_no_response,,1
F24,mid2,xml_person_self_closing_tags_clicka,clickable,clickable_no_response,,1
F25,mid2,fileWriteCA,clickable,clickable_no_response,,1
F25,mid1,fileWriteCA,clickable,clickable_no_response,,1
F25,mid2,fileWriteCA,clickable,clickable_no_response,,2
F25,mid1,fileWriteCA,clickable,clickable_no_response,,1
F25,mid1,fileWriteCA,clickable,clickable_no_response,,1
F25,mid2,fileWriteCA,clickable,clickable_no_response,,2
F25,mid1,fileWriteCA,clickable,clickable_no_response,,1
F25,mid2,html_a_tag_attribute_names,clickable,clickable_no_response,,1
F25,mid2,html_a_tag_attribute_names,clickable,clickable_no_response,,2
F25,mid2,html_end_tags_clicka,clickable,clickable_no_response,,1
F25,mid2,html_start_tags_clicka,clickable,clickable_no_response,,1
F25,mid1,var-expressions-mc-click,clickable,clickable_no_response,,3
F25,mid1,var-expressions-mc-click,clickable,clickable_no_response,,1
F25,mid1,var-keywords-ca-error,clickable,clickable_no_response,,2
F25,mid1,var-variables-ca-string,clickable,clickable_no_response,,1
F25,mid1,var-variables-ca-string,clickable,clickable_no_response,,3
F25,mid2,var-variables-ca-string,clickable,clickable_no_response,,2
F23,mid1,csv_file_dnd_string_and_conversion_functions_dnd,dragndrop,dragndrop_low_confidence_key,0.5,1
F23,mid2,html_basic_tag_def_dnd,dragndrop,dragndrop_low_confidence_key,0.5,1
F23,mid2,html_list_tag_def_dnd,dragndrop,dragndrop_low_confidence_key,0.6,1
F23,mid1,pillars_of_oop_dnd,dragndrop,dragndrop_low_confidence_key,0.5,1
F23,mid1,question10_2_2,dragndrop,dragndrop_low_confidence_key,0.5,1
F23,mid2,regex_match_adv_symbols,dragndrop,dragndrop_low_confidence_key,0.5,1
F24,mid1,class_diagram_parts_dnd,dragndrop,dragndrop_low_confidence_key,0.5,1
F24,mid1,class_diagram_parts_dnd,dragndrop,dragndrop_low_confidence_key,0.5,1
F24,mid2,class_diagram_parts_dnd,dragndrop,dragndrop_low_confidence_key,0.5,2
F24,mid1,cond-dnd-glossary3,dragndrop,dragndrop_low_confidence_key,0.5,1
F24,mid1,cond-dnd-glossary3,dragndrop,dragndrop_low_confidence_key,0.5,1
F24,mid1,funct_dict_symbol_dnd,dragndrop,dragndrop_low_confidence_key,0.5714285714285714,1
F24,mid1,funct_dict_symbol_dnd,dragndrop,dragndrop_low_confidence_key,0.5714285714285714,1
F24,mid1,funct_dict_symbol_dnd,dragndrop,dragndrop_low_confidence_key,0.5714285714285714,1
F24,mid2,funct_dict_symbol_dnd,dragndrop,dragndrop_low_confidence_key,0.5714285714285714,1
F24,mid2,html_basic_tag_def_dnd,dragndrop,dragndrop_low_confidence_key,0.5,1
F24,mid2,html_list_tag_def_dnd,dragndrop,dragndrop_low_confidence_key,0.6,1
F24,mid2,html_other_tags_def_dnd,dragndrop,dragndrop_low_confidence_key,0.625,1
F24,mid2,html_other_tags_def_dnd,dragndrop,dragndrop_low_confidence_key,0.625,2
F24,mid2,html_span_div_css,dragndrop,dragndrop_low_confidence_key,0.5,1
F24,mid2,html_span_div_css,dragndrop,dragndrop_low_confidence_key,0.5,2
F24,mid2,html_table_tag_def_dnd,dragndrop,dragndrop_low_confidence_key,0.625,2
F24,mid1,inhert_vocab_dnd,dragndrop,dragndrop_low_confidence_key,0.4444444444444444,1
F24,mid1,inhert_vocab_dnd,dragndrop,dragndrop_low_confidence_key,0.4444444444444444,1
F24,mid1,inhert_vocab_dnd,dragndrop,dragndrop_low_confidence_key,0.4444444444444444,1
F24,mid1,inhert_vocab_dnd,dragndrop,dragndrop_low_confidence_key,0.4444444444444444,1
F24,mid2,inhert_vocab_dnd,dragndrop,dragndrop_low_confidence_key,0.4444444444444444,1
F24,mid1,iteration_glossary_one,dragndrop,dragndrop_low_confidence_key,0.5,1
F24,mid1,pillars_of_oop_dnd,dragndrop,dragndrop_low_confidence_key,0.5,2
F24,mid1,pillars_of_oop_dnd,dragndrop,dragndrop_low_confidence_key,0.5,1
F24,mid1,pillars_of_oop_dnd,dragndrop,dragndrop_low_confidence_key,0.5,1
F24,mid1,pillars_of_oop_dnd,dragndrop,dragndrop_low_confidence_key,0.5,1
F24,mid1,pillars_of_oop_dnd,dragndrop,dragndrop_low_confidence_key,0.5,1
F24,mid2,pillars_of_oop_dnd,dragndrop,dragndrop_low_confidence_key,0.5,1
F24,mid1,pillars_of_oop_dnd,dragndrop,dragndrop_low_confidence_key,0.5,1
F24,mid1,pillars_of_oop_dnd,dragndrop,dragndrop_low_confidence_key,0.5,1
F24,mid1,pillars_of_oop_dnd,dragndrop,dragndrop_low_confidence_key,0.5,3
F24,mid2,pillars_of_oop_dnd,dragndrop,dragndrop_low_confidence_key,0.5,2
F24,mid1,pillars_of_oop_dnd,dragndrop,dragndrop_low_confidence_key,0.5,1
F24,mid1,question10_2_2,dragndrop,dragndrop_low_confidence_key,0.5,1
F24,mid2,re-combo-dnd,dragndrop,dragndrop_low_confidence_key,0.5,1
F24,mid1,ut_method_def_dnd,dragndrop,dragndrop_low_confidence_key,0.5789473684210527,2
F24,mid1,ut_method_def_dnd,dragndrop,dragndrop_low_confidence_key,0.5789473684210527,1
F24,mid2,ut_method_def_dnd,dragndrop,dragndrop_low_confidence_key,0.5789473684210527,1
F24,mid1,ut_method_def_dnd,dragndrop,dragndrop_low_confidence_key,0.5789473684210527,1
F24,mid2,ut_method_def_dnd,dragndrop,dragndrop_low_confidence_key,0.5789473684210527,1
F24,mid1,ut_method_def_dnd,dragndrop,dragndrop_low_confidence_key,0.5789473684210527,1
F24,mid2,ut_method_def_dnd,dragndrop,dragndrop_low_confidence_key,0.5789473684210527,1
F24,mid2,ut_method_def_dnd,dragndrop,dragndrop_low_confidence_key,0.5789473684210527,1
F24,mid1,var-value-dnd-type,dragndrop,dragndrop_low_confidence_key,0.5,1
F25,mid2,class_diagram_parts_dnd,dragndrop,dragndrop_low_confidence_key,0.5,3
F25,mid1,class_diagram_parts_dnd,dragndrop,dragndrop_low_confidence_key,0.5,1
F25,mid2,class_diagram_parts_dnd,dragndrop,dragndrop_low_confidence_key,0.5,2
F25,mid2,csv_file_dnd_string_and_conversion_functions_dnd,dragndrop,dragndrop_low_confidence_key,0.5,1
F25,mid2,csv_file_dnd_string_and_conversion_functions_dnd,dragndrop,dragndrop_low_confidence_key,0.5,1
F25,mid2,funct_dict_symbol_dnd,dragndrop,dragndrop_low_confidence_key,0.5714285714285714,3
F25,mid1,funct_dict_symbol_dnd,dragndrop,dragndrop_low_confidence_key,0.5714285714285714,2
F25,mid1,funct_dict_symbol_dnd,dragndrop,dragndrop_low_confidence_key,0.5714285714285714,1
F25,mid2,html_basic_tag_def_dnd,dragndrop,dragndrop_low_confidence_key,0.5,2
F25,mid2,html_basic_tag_def_dnd,dragndrop,dragndrop_low_confidence_key,0.5,2
F25,mid2,html_list_tag_def_dnd,dragndrop,dragndrop_low_confidence_key,0.6,1
F25,mid2,html_list_tag_def_dnd,dragndrop,dragndrop_low_confidence_key,0.6,2
F25,mid2,html_list_tag_def_dnd,dragndrop,dragndrop_low_confidence_key,0.6,1
F25,mid2,html_other_tags_def_dnd,dragndrop,dragndrop_low_confidence_key,0.625,1
F25,mid2,html_other_tags_def_dnd,dragndrop,dragndrop_low_confidence_key,0.625,1
F25,mid2,html_other_tags_def_dnd,dragndrop,dragndrop_low_confidence_key,0.625,1
F25,mid2,html_other_tags_def_dnd,dragndrop,dragndrop_low_confidence_key,0.625,2
F25,mid2,html_other_tags_def_dnd,dragndrop,dragndrop_low_confidence_key,0.625,1
F25,mid2,html_other_tags_def_dnd,dragndrop,dragndrop_low_confidence_key,0.625,1
F25,mid2,html_span_div_css,dragndrop,dragndrop_low_confidence_key,0.5,1
F25,mid2,html_span_div_css,dragndrop,dragndrop_low_confidence_key,0.5,2
F25,mid2,html_span_div_css,dragndrop,dragndrop_low_confidence_key,0.5,1
F25,mid2,html_span_div_css,dragndrop,dragndrop_low_confidence_key,0.5,1
F25,mid2,html_span_div_css,dragndrop,dragndrop_low_confidence_key,0.5,1
F25,mid2,html_table_tag_def_dnd,dragndrop,dragndrop_low_confidence_key,0.625,1
F25,mid2,html_table_tag_def_dnd,dragndrop,dragndrop_low_confidence_key,0.625,1
F25,mid2,html_table_tag_def_dnd,dragndrop,dragndrop_low_confidence_key,0.625,1
F25,mid2,html_table_tag_def_dnd,dragndrop,dragndrop_low_confidence_key,0.625,1
F25,mid2,html_table_tag_def_dnd,dragndrop,dragndrop_low_confidence_key,0.625,3
F25,mid2,html_table_tag_def_dnd,dragndrop,dragndrop_low_confidence_key,0.625,1
F25,mid2,inhert_vocab_dnd,dragndrop,dragndrop_low_confidence_key,0.4444444444444444,3
F25,mid1,inhert_vocab_dnd,dragndrop,dragndrop_low_confidence_key,0.4444444444444444,1
F25,mid2,inhert_vocab_dnd,dragndrop,dragndrop_low_confidence_key,0.4444444444444444,1
F25,mid2,inhert_vocab_dnd,dragndrop,dragndrop_low_confidence_key,0.4444444444444444,1
F25,mid1,inhert_vocab_dnd,dragndrop,dragndrop_low_confidence_key,0.4444444444444444,1
F25,mid1,iteration_glossary_one,dragndrop,dragndrop_low_confidence_key,0.5,1
F25,mid1,pillars_of_oop_dnd,dragndrop,dragndrop_low_confidence_key,0.5,2
F25,mid1,pillars_of_oop_dnd,dragndrop,dragndrop_low_confidence_key,0.5,1
F25,mid2,pillars_of_oop_dnd,dragndrop,dragndrop_low_confidence_key,0.5,10
F25,mid1,pillars_of_oop_dnd,dragndrop,dragndrop_low_confidence_key,0.5,1
F25,mid2,pillars_of_oop_dnd,dragndrop,dragndrop_low_confidence_key,0.5,1
F25,mid1,pillars_of_oop_dnd,dragndrop,dragndrop_low_confidence_key,0.5,2
F25,mid1,pillars_of_oop_dnd,dragndrop,dragndrop_low_confidence_key,0.5,2
F25,mid1,pillars_of_oop_dnd,dragndrop,dragndrop_low_confidence_key,0.5,1
F25,mid1,pillars_of_oop_dnd,dragndrop,dragndrop_low_confidence_key,0.5,1
F25,mid1,question10_2_2,dragndrop,dragndrop_low_confidence_key,0.5,2
F25,mid1,question10_2_2,dragndrop,dragndrop_low_confidence_key,0.5,1
F25,mid2,re-combo-dnd,dragndrop,dragndrop_low_confidence_key,0.5,2
F25,mid2,re-combo-dnd,dragndrop,dragndrop_low_confidence_key,0.5,1
F25,mid2,re-summary-dnd1,dragndrop,dragndrop_low_confidence_key,0.5,2
F25,mid2,re-summary-dnd2,dragndrop,dragndrop_low_confidence_key,0.5,4
F25,mid2,re-summary-dnd3,dragndrop,dragndrop_low_confidence_key,0.5,3
F25,mid2,regex_char_classes_dnd,dragndrop,dragndrop_low_confidence_key,0.5,1
F25,mid2,regex_match_adv_symbols,dragndrop,dragndrop_low_confidence_key,0.5,1
F25,mid2,ut_method_def_dnd,dragndrop,dragndrop_low_confidence_key,0.5789473684210527,2
F25,mid1,ut_method_def_dnd,dragndrop,dragndrop_low_confidence_key,0.5789473684210527,2
F25,mid1,ut_method_def_dnd,dragndrop,dragndrop_low_confidence_key,0.5789473684210527,2
F25,mid1,ut_method_def_dnd,dragndrop,dragndrop_low_confidence_key,0.5789473684210527,1
F25,mid1,ut_method_def_dnd,dragndrop,dragndrop_low_confidence_key,0.5789473684210527,1
F25,mid2,ut_method_def_dnd,dragndrop,dragndrop_low_confidence_key,0.5789473684210527,2
F25,mid2,ut_method_def_dnd,dragndrop,dragndrop_low_confidence_key,0.5789473684210527,1
F25,mid1,ut_method_def_dnd,dragndrop,dragndrop_low_confidence_key,0.5789473684210527,16
F25,mid2,ut_method_def_dnd,dragndrop,dragndrop_low_confidence_key,0.5789473684210527,1
F25,mid1,ut_method_def_dnd,dragndrop,dragndrop_low_confidence_key,0.5789473684210527,1
F25,mid2,ut_method_def_dnd,dragndrop,dragndrop_low_confidence_key,0.5789473684210527,1
F25,mid2,ut_method_def_dnd,dragndrop,dragndrop_low_confidence_key,0.5789473684210527,1
F25,mid1,var-value-dnd-type,dragndrop,dragndrop_low_confidence_key,0.5,1
W22,mid2,csv_file_dnd_string_and_conversion_functions_dnd,dragndrop,dragndrop_low_confidence_key,0.5,1
W22,mid2,re-summary-dnd1,dragndrop,dragndrop_low_confidence_key,0.5,1
W22,mid2,re-summary-dnd2,dragndrop,dragndrop_low_confidence_key,0.5,1
W22,mid2,re-summary-dnd3,dragndrop,dragndrop_low_confidence_key,0.5,1
W22,mid2,regex_char_classes_dnd,dragndrop,dragndrop_low_confidence_key,0.5,1
W23,mid2,html_span_div_css,dragndrop,dragndrop_low_confidence_key,0.5,2
W23,mid2,html_table_tag_def_dnd,dragndrop,dragndrop_low_confidence_key,0.625,1
W23,mid2,re-combo-dnd,dragndrop,dragndrop_low_confidence_key,0.5,1
F21,mid2,beautifulsoup_fill,fillb,fillb_low_confidence_key,0.61,3
F21,mid2,beautifulsoup_fill,fillb,fillb_low_confidence_key,0.61,2
F21,mid2,beautifulsoup_fill,fillb,fillb_low_confidence_key,0.61,2
F21,mid2,beautifulsoup_fill,fillb,fillb_low_confidence_key,0.61,5
F21,mid2,beautifulsoup_fill,fillb,fillb_low_confidence_key,0.61,2
F21,mid2,beautifulsoup_fill,fillb,fillb_low_confidence_key,0.61,27
F21,mid2,beautifulsoup_fill,fillb,fillb_low_confidence_key,0.61,5
F21,mid2,beautifulsoup_fill,fillb,fillb_low_confidence_key,0.61,1
F21,mid2,beautifulsoup_fill,fillb,fillb_low_confidence_key,0.61,1
F21,mid2,beautifulsoup_fill,fillb,fillb_low_confidence_key,0.61,3
F21,mid2,beautifulsoup_fill,fillb,fillb_low_confidence_key,0.61,5
F21,mid2,beautifulsoup_fill,fillb,fillb_low_confidence_key,0.61,52
F21,mid2,beautifulsoup_fill,fillb,fillb_low_confidence_key,0.61,5
F21,mid2,beautifulsoup_fill,fillb,fillb_low_confidence_key,0.61,4
F21,mid2,beautifulsoup_fill,fillb,fillb_low_confidence_key,0.61,3
F21,mid2,beautifulsoup_fill,fillb,fillb_low_confidence_key,0.61,15
F21,mid2,beautifulsoup_fill,fillb,fillb_low_confidence_key,0.61,2
F21,mid2,beautifulsoup_fill,fillb,fillb_low_confidence_key,0.61,3
F21,mid2,beautifulsoup_fill,fillb,fillb_low_confidence_key,0.61,3
F21,mid2,beautifulsoup_fill,fillb,fillb_low_confidence_key,0.61,14
F21,mid2,beautifulsoup_fill,fillb,fillb_low_confidence_key,0.61,7
F21,mid2,beautifulsoup_fill,fillb,fillb_low_confidence_key,0.61,3
F21,mid2,beautifulsoup_fill,fillb,fillb_low_confidence_key,0.61,2
F21,mid2,beautifulsoup_fill,fillb,fillb_low_confidence_key,0.61,7
F21,mid2,beautifulsoup_fill,fillb,fillb_low_confidence_key,0.61,3
F21,mid2,beautifulsoup_fill,fillb,fillb_low_confidence_key,0.61,4
F21,mid2,beautifulsoup_fill,fillb,fillb_low_confidence_key,0.61,4
F21,mid2,beautifulsoup_fill,fillb,fillb_low_confidence_key,0.61,14
F21,mid2,beautifulsoup_fill,fillb,fillb_low_confidence_key,0.61,2
F21,mid2,beautifulsoup_fill,fillb,fillb_low_confidence_key,0.61,3
F21,mid2,beautifulsoup_fill,fillb,fillb_low_confidence_key,0.61,8
F21,mid2,beautifulsoup_fill,fillb,fillb_low_confidence_key,0.61,4
F21,mid2,beautifulsoup_fill,fillb,fillb_low_confidence_key,0.61,2
F21,mid2,beautifulsoup_fill,fillb,fillb_low_confidence_key,0.61,4
F21,mid2,beautifulsoup_fill,fillb,fillb_low_confidence_key,0.61,2
F21,mid2,beautifulsoup_fill,fillb,fillb_low_confidence_key,0.61,3
F21,mid2,beautifulsoup_fill,fillb,fillb_low_confidence_key,0.61,3
F21,mid2,beautifulsoup_fill,fillb,fillb_low_confidence_key,0.61,4
F21,mid2,beautifulsoup_fill,fillb,fillb_low_confidence_key,0.61,2
F21,mid2,beautifulsoup_fill,fillb,fillb_low_confidence_key,0.61,1
F21,mid2,beautifulsoup_fill,fillb,fillb_low_confidence_key,0.61,4
F21,mid2,beautifulsoup_fill,fillb,fillb_low_confidence_key,0.61,2
F21,mid2,beautifulsoup_fill,fillb,fillb_low_confidence_key,0.61,4
F21,mid2,beautifulsoup_fill,fillb,fillb_low_confidence_key,0.61,2
F21,mid2,beautifulsoup_fill,fillb,fillb_low_confidence_key,0.61,2
F21,mid2,beautifulsoup_fill,fillb,fillb_low_confidence_key,0.61,2
F21,mid2,beautifulsoup_fill,fillb,fillb_low_confidence_key,0.61,3
F21,mid2,beautifulsoup_fill,fillb,fillb_low_confidence_key,0.61,1
F21,mid2,beautifulsoup_fill,fillb,fillb_low_confidence_key,0.61,4
F21,mid2,beautifulsoup_fill,fillb,fillb_low_confidence_key,0.61,3
F21,mid2,beautifulsoup_fill,fillb,fillb_low_confidence_key,0.61,3
F21,mid2,beautifulsoup_fill,fillb,fillb_low_confidence_key,0.61,3
F21,mid2,beautifulsoup_fill,fillb,fillb_low_confidence_key,0.61,1
F21,mid2,beautifulsoup_fill,fillb,fillb_low_confidence_key,0.61,10
F21,mid2,beautifulsoup_fill,fillb,fillb_low_confidence_key,0.61,4
F21,mid2,beautifulsoup_fill,fillb,fillb_low_confidence_key,0.61,5
F21,mid2,beautifulsoup_fill,fillb,fillb_low_confidence_key,0.61,6
F21,mid2,beautifulsoup_fill,fillb,fillb_low_confidence_key,0.61,2
F21,mid2,beautifulsoup_fill,fillb,fillb_low_confidence_key,0.61,2
F21,mid2,beautifulsoup_fill,fillb,fillb_low_confidence_key,0.61,2
F21,mid2,beautifulsoup_fill,fillb,fillb_low_confidence_key,0.61,6
F21,mid2,beautifulsoup_fill,fillb,fillb_low_confidence_key,0.61,4
F21,mid2,beautifulsoup_fill,fillb,fillb_low_confidence_key,0.61,3
F21,mid2,beautifulsoup_fill,fillb,fillb_low_confidence_key,0.61,1
F21,mid2,beautifulsoup_fill,fillb,fillb_low_confidence_key,0.61,5
F21,mid2,beautifulsoup_fill,fillb,fillb_low_confidence_key,0.61,2
F21,mid2,beautifulsoup_fill,fillb,fillb_low_confidence_key,0.61,2
F21,mid2,beautifulsoup_fill,fillb,fillb_low_confidence_key,0.61,4
F21,mid2,beautifulsoup_fill,fillb,fillb_low_confidence_key,0.61,1
F21,mid2,beautifulsoup_fill,fillb,fillb_low_confidence_key,0.61,3
F21,mid2,beautifulsoup_fill,fillb,fillb_low_confidence_key,0.61,6
F21,mid2,beautifulsoup_fill,fillb,fillb_low_confidence_key,0.61,1
F21,mid2,beautifulsoup_fill,fillb,fillb_low_confidence_key,0.61,3
F21,mid2,beautifulsoup_fill,fillb,fillb_low_confidence_key,0.61,6
F21,mid2,beautifulsoup_fill,fillb,fillb_low_confidence_key,0.61,4
F21,mid2,beautifulsoup_fill,fillb,fillb_low_confidence_key,0.61,1
F21,mid2,beautifulsoup_fill,fillb,fillb_low_confidence_key,0.61,1
F21,mid2,beautifulsoup_fill,fillb,fillb_low_confidence_key,0.61,4
F21,mid2,beautifulsoup_fill,fillb,fillb_low_confidence_key,0.61,8
F21,mid2,beautifulsoup_fill,fillb,fillb_low_confidence_key,0.61,4
F21,mid2,beautifulsoup_fill,fillb,fillb_low_confidence_key,0.61,1
F21,mid2,beautifulsoup_fill,fillb,fillb_low_confidence_key,0.61,3
F21,mid2,beautifulsoup_fill,fillb,fillb_low_confidence_key,0.61,3
F21,mid2,beautifulsoup_fill,fillb,fillb_low_confidence_key,0.61,4
F21,mid2,beautifulsoup_fill,fillb,fillb_low_confidence_key,0.61,2
F21,mid2,beautifulsoup_fill,fillb,fillb_low_confidence_key,0.61,3
F21,mid2,beautifulsoup_fill,fillb,fillb_low_confidence_key,0.61,2
F21,mid2,beautifulsoup_fill,fillb,fillb_low_confidence_key,0.61,2
F21,mid2,beautifulsoup_fill,fillb,fillb_low_confidence_key,0.61,7
F21,mid2,beautifulsoup_fill,fillb,fillb_low_confidence_key,0.61,3
F21,mid2,beautifulsoup_fill,fillb,fillb_low_confidence_key,0.61,3
F21,mid2,beautifulsoup_fill,fillb,fillb_low_confidence_key,0.61,2
F21,mid2,beautifulsoup_fill,fillb,fillb_low_confidence_key,0.61,4
F21,mid2,beautifulsoup_fill,fillb,fillb_low_confidence_key,0.61,4
F21,mid2,beautifulsoup_fill,fillb,fillb_low_confidence_key,0.61,2
F21,mid2,beautifulsoup_fill,fillb,fillb_low_confidence_key,0.61,4
F21,mid2,beautifulsoup_fill,fillb,fillb_low_confidence_key,0.61,8
F21,mid2,beautifulsoup_fill,fillb,fillb_low_confidence_key,0.61,5
F21,mid2,beautifulsoup_fill,fillb,fillb_low_confidence_key,0.61,6
F21,mid2,beautifulsoup_fill,fillb,fillb_low_confidence_key,0.61,3
F21,mid2,beautifulsoup_fill,fillb,fillb_low_confidence_key,0.61,4
F21,mid2,beautifulsoup_fill,fillb,fillb_low_confidence_key,0.61,4
F21,mid1,file_remove_newline,fillb,fillb_low_confidence_key,0.4,5
F21,mid2,mid_2_html_attr_fill,fillb,fillb_low_confidence_key,0.5555555555555556,2
F21,mid2,mid_2_html_attr_fill,fillb,fillb_low_confidence_key,0.5555555555555556,1
F21,mid2,mid_2_html_attr_fill,fillb,fillb_low_confidence_key,0.5555555555555556,8
F21,mid2,mid_2_html_attr_fill,fillb,fillb_low_confidence_key,0.5555555555555556,14
F21,mid2,mid_2_html_attr_fill,fillb,fillb_low_confidence_key,0.5555555555555556,8
F21,mid2,mid_2_html_attr_fill,fillb,fillb_low_confidence_key,0.5555555555555556,18
F21,mid2,mid_2_html_attr_fill,fillb,fillb_low_confidence_key,0.5555555555555556,3
F21,mid2,mid_2_html_attr_fill,fillb,fillb_low_confidence_key,0.5555555555555556,1
F21,mid2,mid_2_html_attr_fill,fillb,fillb_low_confidence_key,0.5555555555555556,5
F21,mid2,mid_2_html_attr_fill,fillb,fillb_low_confidence_key,0.5555555555555556,4
F21,mid2,mid_2_html_attr_fill,fillb,fillb_low_confidence_key,0.5555555555555556,4
F21,mid2,mid_2_html_attr_fill,fillb,fillb_low_confidence_key,0.5555555555555556,53
F21,mid2,mid_2_html_attr_fill,fillb,fillb_low_confidence_key,0.5555555555555556,4
F21,mid2,mid_2_html_attr_fill,fillb,fillb_low_confidence_key,0.5555555555555556,4
F21,mid2,mid_2_html_attr_fill,fillb,fillb_low_confidence_key,0.5555555555555556,8
F21,mid2,mid_2_html_attr_fill,fillb,fillb_low_confidence_key,0.5555555555555556,14
F21,mid2,mid_2_html_attr_fill,fillb,fillb_low_confidence_key,0.5555555555555556,3
F21,mid2,mid_2_html_attr_fill,fillb,fillb_low_confidence_key,0.5555555555555556,1
F21,mid2,mid_2_html_attr_fill,fillb,fillb_low_confidence_key,0.5555555555555556,4
F21,mid2,mid_2_html_attr_fill,fillb,fillb_low_confidence_key,0.5555555555555556,11
F21,mid2,mid_2_html_attr_fill,fillb,fillb_low_confidence_key,0.5555555555555556,6
F21,mid2,mid_2_html_attr_fill,fillb,fillb_low_confidence_key,0.5555555555555556,2
F21,mid2,mid_2_html_attr_fill,fillb,fillb_low_confidence_key,0.5555555555555556,4
F21,mid2,mid_2_html_attr_fill,fillb,fillb_low_confidence_key,0.5555555555555556,4
F21,mid2,mid_2_html_attr_fill,fillb,fillb_low_confidence_key,0.5555555555555556,3
F21,mid2,mid_2_html_attr_fill,fillb,fillb_low_confidence_key,0.5555555555555556,2
F21,mid2,mid_2_html_attr_fill,fillb,fillb_low_confidence_key,0.5555555555555556,1
F21,mid2,mid_2_html_attr_fill,fillb,fillb_low_confidence_key,0.5555555555555556,11
F21,mid2,mid_2_html_attr_fill,fillb,fillb_low_confidence_key,0.5555555555555556,2
F21,mid2,mid_2_html_attr_fill,fillb,fillb_low_confidence_key,0.5555555555555556,5
F21,mid2,mid_2_html_attr_fill,fillb,fillb_low_confidence_key,0.5555555555555556,3
F21,mid2,mid_2_html_attr_fill,fillb,fillb_low_confidence_key,0.5555555555555556,2
F21,mid2,mid_2_html_attr_fill,fillb,fillb_low_confidence_key,0.5555555555555556,11
F21,mid2,mid_2_html_attr_fill,fillb,fillb_low_confidence_key,0.5555555555555556,8
F21,mid2,mid_2_html_attr_fill,fillb,fillb_low_confidence_key,0.5555555555555556,2
F21,mid2,mid_2_html_attr_fill,fillb,fillb_low_confidence_key,0.5555555555555556,3
F21,mid2,mid_2_html_attr_fill,fillb,fillb_low_confidence_key,0.5555555555555556,3
F21,mid2,mid_2_html_attr_fill,fillb,fillb_low_confidence_key,0.5555555555555556,3
F21,mid2,mid_2_html_attr_fill,fillb,fillb_low_confidence_key,0.5555555555555556,2
F21,mid2,mid_2_html_attr_fill,fillb,fillb_low_confidence_key,0.5555555555555556,1
F21,mid2,mid_2_html_attr_fill,fillb,fillb_low_confidence_key,0.5555555555555556,2
F21,mid2,mid_2_html_attr_fill,fillb,fillb_low_confidence_key,0.5555555555555556,3
F21,mid2,mid_2_html_attr_fill,fillb,fillb_low_confidence_key,0.5555555555555556,2
F21,mid2,mid_2_html_attr_fill,fillb,fillb_low_confidence_key,0.5555555555555556,2
F21,mid2,mid_2_html_attr_fill,fillb,fillb_low_confidence_key,0.5555555555555556,2
F21,mid2,mid_2_html_attr_fill,fillb,fillb_low_confidence_key,0.5555555555555556,5
F21,mid2,mid_2_html_attr_fill,fillb,fillb_low_confidence_key,0.5555555555555556,1
F21,mid2,mid_2_html_attr_fill,fillb,fillb_low_confidence_key,0.5555555555555556,1
F21,mid2,mid_2_html_attr_fill,fillb,fillb_low_confidence_key,0.5555555555555556,2
F21,mid2,mid_2_html_attr_fill,fillb,fillb_low_confidence_key,0.5555555555555556,3
F21,mid2,mid_2_html_attr_fill,fillb,fillb_low_confidence_key,0.5555555555555556,3
F21,mid2,mid_2_html_attr_fill,fillb,fillb_low_confidence_key,0.5555555555555556,3
F21,mid2,mid_2_html_attr_fill,fillb,fillb_low_confidence_key,0.5555555555555556,1
F21,mid2,mid_2_html_attr_fill,fillb,fillb_low_confidence_key,0.5555555555555556,9
F21,mid2,mid_2_html_attr_fill,fillb,fillb_low_confidence_key,0.5555555555555556,4
F21,mid2,mid_2_html_attr_fill,fillb,fillb_low_confidence_key,0.5555555555555556,1
F21,mid2,mid_2_html_attr_fill,fillb,fillb_low_confidence_key,0.5555555555555556,3
F21,mid2,mid_2_html_attr_fill,fillb,fillb_low_confidence_key,0.5555555555555556,5
F21,mid2,mid_2_html_attr_fill,fillb,fillb_low_confidence_key,0.5555555555555556,2
F21,mid2,mid_2_html_attr_fill,fillb,fillb_low_confidence_key,0.5555555555555556,1
F21,mid2,mid_2_html_attr_fill,fillb,fillb_low_confidence_key,0.5555555555555556,4
F21,mid2,mid_2_html_attr_fill,fillb,fillb_low_confidence_key,0.5555555555555556,3
F21,mid2,mid_2_html_attr_fill,fillb,fillb_low_confidence_key,0.5555555555555556,17
F21,mid2,mid_2_html_attr_fill,fillb,fillb_low_confidence_key,0.5555555555555556,1
F21,mid2,mid_2_html_attr_fill,fillb,fillb_low_confidence_key,0.5555555555555556,8
F21,mid2,mid_2_html_attr_fill,fillb,fillb_low_confidence_key,0.5555555555555556,3
F21,mid2,mid_2_html_attr_fill,fillb,fillb_low_confidence_key,0.5555555555555556,1
F21,mid2,mid_2_html_attr_fill,fillb,fillb_low_confidence_key,0.5555555555555556,5
F21,mid2,mid_2_html_attr_fill,fillb,fillb_low_confidence_key,0.5555555555555556,1
F21,mid2,mid_2_html_attr_fill,fillb,fillb_low_confidence_key,0.5555555555555556,2
F21,mid2,mid_2_html_attr_fill,fillb,fillb_low_confidence_key,0.5555555555555556,2
F21,mid2,mid_2_html_attr_fill,fillb,fillb_low_confidence_key,0.5555555555555556,1
F21,mid2,mid_2_html_attr_fill,fillb,fillb_low_confidence_key,0.5555555555555556,5
F21,mid2,mid_2_html_attr_fill,fillb,fillb_low_confidence_key,0.5555555555555556,7
F21,mid2,mid_2_html_attr_fill,fillb,fillb_low_confidence_key,0.5555555555555556,3
F21,mid2,mid_2_html_attr_fill,fillb,fillb_low_confidence_key,0.5555555555555556,1
F21,mid2,mid_2_html_attr_fill,fillb,fillb_low_confidence_key,0.5555555555555556,1
F21,mid2,mid_2_html_attr_fill,fillb,fillb_low_confidence_key,0.5555555555555556,5
F21,mid2,mid_2_html_attr_fill,fillb,fillb_low_confidence_key,0.5555555555555556,10
F21,mid2,mid_2_html_attr_fill,fillb,fillb_low_confidence_key,0.5555555555555556,3
F21,mid2,mid_2_html_attr_fill,fillb,fillb_low_confidence_key,0.5555555555555556,1
F21,mid2,mid_2_html_attr_fill,fillb,fillb_low_confidence_key,0.5555555555555556,2
F21,mid2,mid_2_html_attr_fill,fillb,fillb_low_confidence_key,0.5555555555555556,2
F21,mid2,mid_2_html_attr_fill,fillb,fillb_low_confidence_key,0.5555555555555556,7
F21,mid2,mid_2_html_attr_fill,fillb,fillb_low_confidence_key,0.5555555555555556,1
F21,mid2,mid_2_html_attr_fill,fillb,fillb_low_confidence_key,0.5555555555555556,2
F21,mid2,mid_2_html_attr_fill,fillb,fillb_low_confidence_key,0.5555555555555556,2
F21,mid2,mid_2_html_attr_fill,fillb,fillb_low_confidence_key,0.5555555555555556,2
F21,mid2,mid_2_html_attr_fill,fillb,fillb_low_confidence_key,0.5555555555555556,4
F21,mid2,mid_2_html_attr_fill,fillb,fillb_low_confidence_key,0.5555555555555556,2
F21,mid2,mid_2_html_attr_fill,fillb,fillb_low_confidence_key,0.5555555555555556,3
F21,mid2,mid_2_html_attr_fill,fillb,fillb_low_confidence_key,0.5555555555555556,3
F21,mid2,mid_2_html_attr_fill,fillb,fillb_low_confidence_key,0.5555555555555556,3
F21,mid2,mid_2_html_attr_fill,fillb,fillb_low_confidence_key,0.5555555555555556,5
F21,mid2,mid_2_html_attr_fill,fillb,fillb_low_confidence_key,0.5555555555555556,3
F21,mid2,mid_2_html_attr_fill,fillb,fillb_low_confidence_key,0.5555555555555556,3
F21,mid2,mid_2_html_attr_fill,fillb,fillb_low_confidence_key,0.5555555555555556,4
F21,mid2,mid_2_html_attr_fill,fillb,fillb_low_confidence_key,0.5555555555555556,3
F21,mid2,mid_2_html_attr_fill,fillb,fillb_low_confidence_key,0.5555555555555556,2
F21,mid2,mid_2_html_attr_fill,fillb,fillb_low_confidence_key,0.5555555555555556,3
F21,mid2,mid_2_html_attr_fill,fillb,fillb_low_confidence_key,0.5555555555555556,3
F21,mid2,mid_2_html_attr_fill,fillb,fillb_low_confidence_key,0.5555555555555556,2
F21,mid2,midterm_2_practice_findall_no_cg_fib,fillb,fillb_low_confidence_key,0.5923076923076923,2
F21,mid2,midterm_2_practice_findall_no_cg_fib,fillb,fillb_low_confidence_key,0.5923076923076923,1
F21,mid2,midterm_2_practice_findall_no_cg_fib,fillb,fillb_low_confidence_key,0.5923076923076923,4
F21,mid2,midterm_2_practice_findall_no_cg_fib,fillb,fillb_low_confidence_key,0.5923076923076923,14
F21,mid2,midterm_2_practice_findall_no_cg_fib,fillb,fillb_low_confidence_key,0.5923076923076923,5
F21,mid2,midterm_2_practice_findall_no_cg_fib,fillb,fillb_low_confidence_key,0.5923076923076923,14
F21,mid2,midterm_2_practice_findall_no_cg_fib,fillb,fillb_low_confidence_key,0.5923076923076923,3
F21,mid2,midterm_2_practice_findall_no_cg_fib,fillb,fillb_low_confidence_key,0.5923076923076923,2
F21,mid2,midterm_2_practice_findall_no_cg_fib,fillb,fillb_low_confidence_key,0.5923076923076923,2
F21,mid2,midterm_2_practice_findall_no_cg_fib,fillb,fillb_low_confidence_key,0.5923076923076923,6
F21,mid2,midterm_2_practice_findall_no_cg_fib,fillb,fillb_low_confidence_key,0.5923076923076923,5
F21,mid2,midterm_2_practice_findall_no_cg_fib,fillb,fillb_low_confidence_key,0.5923076923076923,33
F21,mid2,midterm_2_practice_findall_no_cg_fib,fillb,fillb_low_confidence_key,0.5923076923076923,4
F21,mid2,midterm_2_practice_findall_no_cg_fib,fillb,fillb_low_confidence_key,0.5923076923076923,4
F21,mid2,midterm_2_practice_findall_no_cg_fib,fillb,fillb_low_confidence_key,0.5923076923076923,13
F21,mid2,midterm_2_practice_findall_no_cg_fib,fillb,fillb_low_confidence_key,0.5923076923076923,11
F21,mid2,midterm_2_practice_findall_no_cg_fib,fillb,fillb_low_confidence_key,0.5923076923076923,1
F21,mid2,midterm_2_practice_findall_no_cg_fib,fillb,fillb_low_confidence_key,0.5923076923076923,3
F21,mid2,midterm_2_practice_findall_no_cg_fib,fillb,fillb_low_confidence_key,0.5923076923076923,2
F21,mid2,midterm_2_practice_findall_no_cg_fib,fillb,fillb_low_confidence_key,0.5923076923076923,13
F21,mid2,midterm_2_practice_findall_no_cg_fib,fillb,fillb_low_confidence_key,0.5923076923076923,2
F21,mid2,midterm_2_practice_findall_no_cg_fib,fillb,fillb_low_confidence_key,0.5923076923076923,3
F21,mid2,midterm_2_practice_findall_no_cg_fib,fillb,fillb_low_confidence_key,0.5923076923076923,3
F21,mid2,midterm_2_practice_findall_no_cg_fib,fillb,fillb_low_confidence_key,0.5923076923076923,3
F21,mid2,midterm_2_practice_findall_no_cg_fib,fillb,fillb_low_confidence_key,0.5923076923076923,4
F21,mid2,midterm_2_practice_findall_no_cg_fib,fillb,fillb_low_confidence_key,0.5923076923076923,2
F21,mid2,midterm_2_practice_findall_no_cg_fib,fillb,fillb_low_confidence_key,0.5923076923076923,1
F21,mid2,midterm_2_practice_findall_no_cg_fib,fillb,fillb_low_confidence_key,0.5923076923076923,7
F21,mid2,midterm_2_practice_findall_no_cg_fib,fillb,fillb_low_confidence_key,0.5923076923076923,2
F21,mid2,midterm_2_practice_findall_no_cg_fib,fillb,fillb_low_confidence_key,0.5923076923076923,6
F21,mid2,midterm_2_practice_findall_no_cg_fib,fillb,fillb_low_confidence_key,0.5923076923076923,3
F21,mid2,midterm_2_practice_findall_no_cg_fib,fillb,fillb_low_confidence_key,0.5923076923076923,5
F21,mid2,midterm_2_practice_findall_no_cg_fib,fillb,fillb_low_confidence_key,0.5923076923076923,5
F21,mid2,midterm_2_practice_findall_no_cg_fib,fillb,fillb_low_confidence_key,0.5923076923076923,5
F21,mid2,midterm_2_practice_findall_no_cg_fib,fillb,fillb_low_confidence_key,0.5923076923076923,2
F21,mid2,midterm_2_practice_findall_no_cg_fib,fillb,fillb_low_confidence_key,0.5923076923076923,3
F21,mid2,midterm_2_practice_findall_no_cg_fib,fillb,fillb_low_confidence_key,0.5923076923076923,5
F21,mid2,midterm_2_practice_findall_no_cg_fib,fillb,fillb_low_confidence_key,0.5923076923076923,2
F21,mid2,midterm_2_practice_findall_no_cg_fib,fillb,fillb_low_confidence_key,0.5923076923076923,5
F21,mid2,midterm_2_practice_findall_no_cg_fib,fillb,fillb_low_confidence_key,0.5923076923076923,1
F21,mid2,midterm_2_practice_findall_no_cg_fib,fillb,fillb_low_confidence_key,0.5923076923076923,2
F21,mid2,midterm_2_practice_findall_no_cg_fib,fillb,fillb_low_confidence_key,0.5923076923076923,2
F21,mid2,midterm_2_practice_findall_no_cg_fib,fillb,fillb_low_confidence_key,0.5923076923076923,2
F21,mid2,midterm_2_practice_findall_no_cg_fib,fillb,fillb_low_confidence_key,0.5923076923076923,4
F21,mid2,midterm_2_practice_findall_no_cg_fib,fillb,fillb_low_confidence_key,0.5923076923076923,1
F21,mid2,midterm_2_practice_findall_no_cg_fib,fillb,fillb_low_confidence_key,0.5923076923076923,4
F21,mid2,midterm_2_practice_findall_no_cg_fib,fillb,fillb_low_confidence_key,0.5923076923076923,3
F21,mid2,midterm_2_practice_findall_no_cg_fib,fillb,fillb_low_confidence_key,0.5923076923076923,1
F21,mid2,midterm_2_practice_findall_no_cg_fib,fillb,fillb_low_confidence_key,0.5923076923076923,2
F21,mid2,midterm_2_practice_findall_no_cg_fib,fillb,fillb_low_confidence_key,0.5923076923076923,2
F21,mid2,midterm_2_practice_findall_no_cg_fib,fillb,fillb_low_confidence_key,0.5923076923076923,3
F21,mid2,midterm_2_practice_findall_no_cg_fib,fillb,fillb_low_confidence_key,0.5923076923076923,2
F21,mid2,midterm_2_practice_findall_no_cg_fib,fillb,fillb_low_confidence_key,0.5923076923076923,1
F21,mid2,midterm_2_practice_findall_no_cg_fib,fillb,fillb_low_confidence_key,0.5923076923076923,16
F21,mid2,midterm_2_practice_findall_no_cg_fib,fillb,fillb_low_confidence_key,0.5923076923076923,6
F21,mid2,midterm_2_practice_findall_no_cg_fib,fillb,fillb_low_confidence_key,0.5923076923076923,5
F21,mid2,midterm_2_practice_findall_no_cg_fib,fillb,fillb_low_confidence_key,0.5923076923076923,4
F21,mid2,midterm_2_practice_findall_no_cg_fib,fillb,fillb_low_confidence_key,0.5923076923076923,2
F21,mid2,midterm_2_practice_findall_no_cg_fib,fillb,fillb_low_confidence_key,0.5923076923076923,4
F21,mid2,midterm_2_practice_findall_no_cg_fib,fillb,fillb_low_confidence_key,0.5923076923076923,3
F21,mid2,midterm_2_practice_findall_no_cg_fib,fillb,fillb_low_confidence_key,0.5923076923076923,14
F21,mid2,midterm_2_practice_findall_no_cg_fib,fillb,fillb_low_confidence_key,0.5923076923076923,3
F21,mid2,midterm_2_practice_findall_no_cg_fib,fillb,fillb_low_confidence_key,0.5923076923076923,11
F21,mid2,midterm_2_practice_findall_no_cg_fib,fillb,fillb_low_confidence_key,0.5923076923076923,4
F21,mid2,midterm_2_practice_findall_no_cg_fib,fillb,fillb_low_confidence_key,0.5923076923076923,5
F21,mid2,midterm_2_practice_findall_no_cg_fib,fillb,fillb_low_confidence_key,0.5923076923076923,5
F21,mid2,midterm_2_practice_findall_no_cg_fib,fillb,fillb_low_confidence_key,0.5923076923076923,4
F21,mid2,midterm_2_practice_findall_no_cg_fib,fillb,fillb_low_confidence_key,0.5923076923076923,4
F21,mid2,midterm_2_practice_findall_no_cg_fib,fillb,fillb_low_confidence_key,0.5923076923076923,1
F21,mid2,midterm_2_practice_findall_no_cg_fib,fillb,fillb_low_confidence_key,0.5923076923076923,2
F21,mid2,midterm_2_practice_findall_no_cg_fib,fillb,fillb_low_confidence_key,0.5923076923076923,5
F21,mid2,midterm_2_practice_findall_no_cg_fib,fillb,fillb_low_confidence_key,0.5923076923076923,4
F21,mid2,midterm_2_practice_findall_no_cg_fib,fillb,fillb_low_confidence_key,0.5923076923076923,2
F21,mid2,midterm_2_practice_findall_no_cg_fib,fillb,fillb_low_confidence_key,0.5923076923076923,6
F21,mid2,midterm_2_practice_findall_no_cg_fib,fillb,fillb_low_confidence_key,0.5923076923076923,4
F21,mid2,midterm_2_practice_findall_no_cg_fib,fillb,fillb_low_confidence_key,0.5923076923076923,1
F21,mid2,midterm_2_practice_findall_no_cg_fib,fillb,fillb_low_confidence_key,0.5923076923076923,1
F21,mid2,midterm_2_practice_findall_no_cg_fib,fillb,fillb_low_confidence_key,0.5923076923076923,3
F21,mid2,midterm_2_practice_findall_no_cg_fib,fillb,fillb_low_confidence_key,0.5923076923076923,9
F21,mid2,midterm_2_practice_findall_no_cg_fib,fillb,fillb_low_confidence_key,0.5923076923076923,4
F21,mid2,midterm_2_practice_findall_no_cg_fib,fillb,fillb_low_confidence_key,0.5923076923076923,3
F21,mid2,midterm_2_practice_findall_no_cg_fib,fillb,fillb_low_confidence_key,0.5923076923076923,2
F21,mid2,midterm_2_practice_findall_no_cg_fib,fillb,fillb_low_confidence_key,0.5923076923076923,2
F21,mid2,midterm_2_practice_findall_no_cg_fib,fillb,fillb_low_confidence_key,0.5923076923076923,4
F21,mid2,midterm_2_practice_findall_no_cg_fib,fillb,fillb_low_confidence_key,0.5923076923076923,2
F21,mid2,midterm_2_practice_findall_no_cg_fib,fillb,fillb_low_confidence_key,0.5923076923076923,2
F21,mid2,midterm_2_practice_findall_no_cg_fib,fillb,fillb_low_confidence_key,0.5923076923076923,2
F21,mid2,midterm_2_practice_findall_no_cg_fib,fillb,fillb_low_confidence_key,0.5923076923076923,3
F21,mid2,midterm_2_practice_findall_no_cg_fib,fillb,fillb_low_confidence_key,0.5923076923076923,5
F21,mid2,midterm_2_practice_findall_no_cg_fib,fillb,fillb_low_confidence_key,0.5923076923076923,4
F21,mid2,midterm_2_practice_findall_no_cg_fib,fillb,fillb_low_confidence_key,0.5923076923076923,2
F21,mid2,midterm_2_practice_findall_no_cg_fib,fillb,fillb_low_confidence_key,0.5923076923076923,2
F21,mid2,midterm_2_practice_findall_no_cg_fib,fillb,fillb_low_confidence_key,0.5923076923076923,2
F21,mid2,midterm_2_practice_findall_no_cg_fib,fillb,fillb_low_confidence_key,0.5923076923076923,18
F21,mid2,midterm_2_practice_findall_no_cg_fib,fillb,fillb_low_confidence_key,0.5923076923076923,7
F21,mid2,midterm_2_practice_findall_no_cg_fib,fillb,fillb_low_confidence_key,0.5923076923076923,2
F21,mid2,midterm_2_practice_findall_no_cg_fib,fillb,fillb_low_confidence_key,0.5923076923076923,5
F21,mid2,midterm_2_practice_findall_no_cg_fib,fillb,fillb_low_confidence_key,0.5923076923076923,2
F21,mid2,midterm_2_practice_findall_no_cg_fib,fillb,fillb_low_confidence_key,0.5923076923076923,11
F21,mid2,midterm_2_practice_findall_no_cg_fib,fillb,fillb_low_confidence_key,0.5923076923076923,2
F21,mid2,midterm_2_practice_findall_no_cg_fib,fillb,fillb_low_confidence_key,0.5923076923076923,5
F21,mid2,midterm_2_practice_findall_no_cg_fib,fillb,fillb_low_confidence_key,0.5923076923076923,2
F21,mid2,midterm_2_reg_ex_fill_v2,fillb,fillb_low_confidence_key,0.5098039215686274,3
F21,mid2,midterm_2_reg_ex_fill_v2,fillb,fillb_low_confidence_key,0.5098039215686274,1
F21,mid2,midterm_2_reg_ex_fill_v2,fillb,fillb_low_confidence_key,0.5098039215686274,5
F21,mid2,midterm_2_reg_ex_fill_v2,fillb,fillb_low_confidence_key,0.5098039215686274,8
F21,mid2,midterm_2_reg_ex_fill_v2,fillb,fillb_low_confidence_key,0.5098039215686274,18
F21,mid2,midterm_2_reg_ex_fill_v2,fillb,fillb_low_confidence_key,0.5098039215686274,23
F21,mid2,midterm_2_reg_ex_fill_v2,fillb,fillb_low_confidence_key,0.5098039215686274,3
F21,mid2,midterm_2_reg_ex_fill_v2,fillb,fillb_low_confidence_key,0.5098039215686274,1
F21,mid2,midterm_2_reg_ex_fill_v2,fillb,fillb_low_confidence_key,0.5098039215686274,2
F21,mid2,midterm_2_reg_ex_fill_v2,fillb,fillb_low_confidence_key,0.5098039215686274,5
F21,mid2,midterm_2_reg_ex_fill_v2,fillb,fillb_low_confidence_key,0.5098039215686274,4
F21,mid2,midterm_2_reg_ex_fill_v2,fillb,fillb_low_confidence_key,0.5098039215686274,36
F21,mid2,midterm_2_reg_ex_fill_v2,fillb,fillb_low_confidence_key,0.5098039215686274,3
F21,mid2,midterm_2_reg_ex_fill_v2,fillb,fillb_low_confidence_key,0.5098039215686274,10
F21,mid2,midterm_2_reg_ex_fill_v2,fillb,fillb_low_confidence_key,0.5098039215686274,8
F21,mid2,midterm_2_reg_ex_fill_v2,fillb,fillb_low_confidence_key,0.5098039215686274,11
F21,mid2,midterm_2_reg_ex_fill_v2,fillb,fillb_low_confidence_key,0.5098039215686274,1
F21,mid2,midterm_2_reg_ex_fill_v2,fillb,fillb_low_confidence_key,0.5098039215686274,2
F21,mid2,midterm_2_reg_ex_fill_v2,fillb,fillb_low_confidence_key,0.5098039215686274,2
F21,mid2,midterm_2_reg_ex_fill_v2,fillb,fillb_low_confidence_key,0.5098039215686274,13
F21,mid2,midterm_2_reg_ex_fill_v2,fillb,fillb_low_confidence_key,0.5098039215686274,12
F21,mid2,midterm_2_reg_ex_fill_v2,fillb,fillb_low_confidence_key,0.5098039215686274,3
F21,mid2,midterm_2_reg_ex_fill_v2,fillb,fillb_low_confidence_key,0.5098039215686274,4
F21,mid2,midterm_2_reg_ex_fill_v2,fillb,fillb_low_confidence_key,0.5098039215686274,6
F21,mid2,midterm_2_reg_ex_fill_v2,fillb,fillb_low_confidence_key,0.5098039215686274,2
F21,mid2,midterm_2_reg_ex_fill_v2,fillb,fillb_low_confidence_key,0.5098039215686274,3
F21,mid2,midterm_2_reg_ex_fill_v2,fillb,fillb_low_confidence_key,0.5098039215686274,1
F21,mid2,midterm_2_reg_ex_fill_v2,fillb,fillb_low_confidence_key,0.5098039215686274,13
F21,mid2,midterm_2_reg_ex_fill_v2,fillb,fillb_low_confidence_key,0.5098039215686274,2
F21,mid2,midterm_2_reg_ex_fill_v2,fillb,fillb_low_confidence_key,0.5098039215686274,6
F21,mid2,midterm_2_reg_ex_fill_v2,fillb,fillb_low_confidence_key,0.5098039215686274,6
F21,mid2,midterm_2_reg_ex_fill_v2,fillb,fillb_low_confidence_key,0.5098039215686274,2
F21,mid2,midterm_2_reg_ex_fill_v2,fillb,fillb_low_confidence_key,0.5098039215686274,16
F21,mid2,midterm_2_reg_ex_fill_v2,fillb,fillb_low_confidence_key,0.5098039215686274,21
F21,mid2,midterm_2_reg_ex_fill_v2,fillb,fillb_low_confidence_key,0.5098039215686274,2
F21,mid2,midterm_2_reg_ex_fill_v2,fillb,fillb_low_confidence_key,0.5098039215686274,3
F21,mid2,midterm_2_reg_ex_fill_v2,fillb,fillb_low_confidence_key,0.5098039215686274,3
F21,mid2,midterm_2_reg_ex_fill_v2,fillb,fillb_low_confidence_key,0.5098039215686274,12
F21,mid2,midterm_2_reg_ex_fill_v2,fillb,fillb_low_confidence_key,0.5098039215686274,2
F21,mid2,midterm_2_reg_ex_fill_v2,fillb,fillb_low_confidence_key,0.5098039215686274,1
F21,mid2,midterm_2_reg_ex_fill_v2,fillb,fillb_low_confidence_key,0.5098039215686274,2
F21,mid2,midterm_2_reg_ex_fill_v2,fillb,fillb_low_confidence_key,0.5098039215686274,2
F21,mid2,midterm_2_reg_ex_fill_v2,fillb,fillb_low_confidence_key,0.5098039215686274,2
F21,mid2,midterm_2_reg_ex_fill_v2,fillb,fillb_low_confidence_key,0.5098039215686274,4
F21,mid2,midterm_2_reg_ex_fill_v2,fillb,fillb_low_confidence_key,0.5098039215686274,3
F21,mid2,midterm_2_reg_ex_fill_v2,fillb,fillb_low_confidence_key,0.5098039215686274,1
F21,mid2,midterm_2_reg_ex_fill_v2,fillb,fillb_low_confidence_key,0.5098039215686274,4
F21,mid2,midterm_2_reg_ex_fill_v2,fillb,fillb_low_confidence_key,0.5098039215686274,1
F21,mid2,midterm_2_reg_ex_fill_v2,fillb,fillb_low_confidence_key,0.5098039215686274,1
F21,mid2,midterm_2_reg_ex_fill_v2,fillb,fillb_low_confidence_key,0.5098039215686274,1
F21,mid2,midterm_2_reg_ex_fill_v2,fillb,fillb_low_confidence_key,0.5098039215686274,3
F21,mid2,midterm_2_reg_ex_fill_v2,fillb,fillb_low_confidence_key,0.5098039215686274,5
F21,mid2,midterm_2_reg_ex_fill_v2,fillb,fillb_low_confidence_key,0.5098039215686274,6
F21,mid2,midterm_2_reg_ex_fill_v2,fillb,fillb_low_confidence_key,0.5098039215686274,9
F21,mid2,midterm_2_reg_ex_fill_v2,fillb,fillb_low_confidence_key,0.5098039215686274,6
F21,mid2,midterm_2_reg_ex_fill_v2,fillb,fillb_low_confidence_key,0.5098039215686274,1
F21,mid2,midterm_2_reg_ex_fill_v2,fillb,fillb_low_confidence_key,0.5098039215686274,3
F21,mid2,midterm_2_reg_ex_fill_v2,fillb,fillb_low_confidence_key,0.5098039215686274,2
F21,mid2,midterm_2_reg_ex_fill_v2,fillb,fillb_low_confidence_key,0.5098039215686274,11
F21,mid2,midterm_2_reg_ex_fill_v2,fillb,fillb_low_confidence_key,0.5098039215686274,5
F21,mid2,midterm_2_reg_ex_fill_v2,fillb,fillb_low_confidence_key,0.5098039215686274,5
F21,mid2,midterm_2_reg_ex_fill_v2,fillb,fillb_low_confidence_key,0.5098039215686274,5
F21,mid2,midterm_2_reg_ex_fill_v2,fillb,fillb_low_confidence_key,0.5098039215686274,16
F21,mid2,midterm_2_reg_ex_fill_v2,fillb,fillb_low_confidence_key,0.5098039215686274,1
F21,mid2,midterm_2_reg_ex_fill_v2,fillb,fillb_low_confidence_key,0.5098039215686274,15
F21,mid2,midterm_2_reg_ex_fill_v2,fillb,fillb_low_confidence_key,0.5098039215686274,5
F21,mid2,midterm_2_reg_ex_fill_v2,fillb,fillb_low_confidence_key,0.5098039215686274,9
F21,mid2,midterm_2_reg_ex_fill_v2,fillb,fillb_low_confidence_key,0.5098039215686274,2
F21,mid2,midterm_2_reg_ex_fill_v2,fillb,fillb_low_confidence_key,0.5098039215686274,2
F21,mid2,midterm_2_reg_ex_fill_v2,fillb,fillb_low_confidence_key,0.5098039215686274,2
F21,mid2,midterm_2_reg_ex_fill_v2,fillb,fillb_low_confidence_key,0.5098039215686274,2
F21,mid2,midterm_2_reg_ex_fill_v2,fillb,fillb_low_confidence_key,0.5098039215686274,6
F21,mid2,midterm_2_reg_ex_fill_v2,fillb,fillb_low_confidence_key,0.5098039215686274,3
F21,mid2,midterm_2_reg_ex_fill_v2,fillb,fillb_low_confidence_key,0.5098039215686274,10
F21,mid2,midterm_2_reg_ex_fill_v2,fillb,fillb_low_confidence_key,0.5098039215686274,1
F21,mid2,midterm_2_reg_ex_fill_v2,fillb,fillb_low_confidence_key,0.5098039215686274,1
F21,mid2,midterm_2_reg_ex_fill_v2,fillb,fillb_low_confidence_key,0.5098039215686274,1
F21,mid2,midterm_2_reg_ex_fill_v2,fillb,fillb_low_confidence_key,0.5098039215686274,8
F21,mid2,midterm_2_reg_ex_fill_v2,fillb,fillb_low_confidence_key,0.5098039215686274,10
F21,mid2,midterm_2_reg_ex_fill_v2,fillb,fillb_low_confidence_key,0.5098039215686274,3
F21,mid2,midterm_2_reg_ex_fill_v2,fillb,fillb_low_confidence_key,0.5098039215686274,1
F21,mid2,midterm_2_reg_ex_fill_v2,fillb,fillb_low_confidence_key,0.5098039215686274,9
F21,mid2,midterm_2_reg_ex_fill_v2,fillb,fillb_low_confidence_key,0.5098039215686274,2
F21,mid2,midterm_2_reg_ex_fill_v2,fillb,fillb_low_confidence_key,0.5098039215686274,3
F21,mid2,midterm_2_reg_ex_fill_v2,fillb,fillb_low_confidence_key,0.5098039215686274,1
F21,mid2,midterm_2_reg_ex_fill_v2,fillb,fillb_low_confidence_key,0.5098039215686274,6
F21,mid2,midterm_2_reg_ex_fill_v2,fillb,fillb_low_confidence_key,0.5098039215686274,2
F21,mid2,midterm_2_reg_ex_fill_v2,fillb,fillb_low_confidence_key,0.5098039215686274,5
F21,mid2,midterm_2_reg_ex_fill_v2,fillb,fillb_low_confidence_key,0.5098039215686274,4
F21,mid2,midterm_2_reg_ex_fill_v2,fillb,fillb_low_confidence_key,0.5098039215686274,2
F21,mid2,midterm_2_reg_ex_fill_v2,fillb,fillb_low_confidence_key,0.5098039215686274,5
F21,mid2,midterm_2_reg_ex_fill_v2,fillb,fillb_low_confidence_key,0.5098039215686274,3
F21,mid2,midterm_2_reg_ex_fill_v2,fillb,fillb_low_confidence_key,0.5098039215686274,2
F21,mid2,midterm_2_reg_ex_fill_v2,fillb,fillb_low_confidence_key,0.5098039215686274,6
F21,mid2,midterm_2_reg_ex_fill_v2,fillb,fillb_low_confidence_key,0.5098039215686274,3
F21,mid2,midterm_2_reg_ex_fill_v2,fillb,fillb_low_confidence_key,0.5098039215686274,9
F21,mid2,midterm_2_reg_ex_fill_v2,fillb,fillb_low_confidence_key,0.5098039215686274,8
F21,mid2,midterm_2_reg_ex_fill_v2,fillb,fillb_low_confidence_key,0.5098039215686274,2
F21,mid2,midterm_2_reg_ex_fill_v2,fillb,fillb_low_confidence_key,0.5098039215686274,6
F21,mid2,midterm_2_reg_ex_fill_v2,fillb,fillb_low_confidence_key,0.5098039215686274,3
F21,mid2,midterm_2_reg_ex_fill_v2,fillb,fillb_low_confidence_key,0.5098039215686274,5
F21,mid2,midterm_2_reg_ex_fill_v2,fillb,fillb_low_confidence_key,0.5098039215686274,1
F21,mid1,q_midf21_several_ifs_fitb,fillb,fillb_low_confidence_key,0.6442307692307693,7
F21,mid1,q_midf21_several_ifs_fitb,fillb,fillb_low_confidence_key,0.6442307692307693,5
F21,mid1,q_midf21_several_ifs_fitb,fillb,fillb_low_confidence_key,0.6442307692307693,2
F21,mid1,q_midf21_several_ifs_fitb,fillb,fillb_low_confidence_key,0.6442307692307693,40
F21,mid1,q_midf21_several_ifs_fitb,fillb,fillb_low_confidence_key,0.6442307692307693,6
F21,mid1,q_midf21_several_ifs_fitb,fillb,fillb_low_confidence_key,0.6442307692307693,5
F21,mid1,q_midf21_several_ifs_fitb,fillb,fillb_low_confidence_key,0.6442307692307693,5
F21,mid1,q_midf21_several_ifs_fitb,fillb,fillb_low_confidence_key,0.6442307692307693,1
F21,mid1,q_midf21_several_ifs_fitb,fillb,fillb_low_confidence_key,0.6442307692307693,5
F21,mid1,q_midf21_several_ifs_fitb,fillb,fillb_low_confidence_key,0.6442307692307693,2
F21,mid1,q_midf21_several_ifs_fitb,fillb,fillb_low_confidence_key,0.6442307692307693,8
F21,mid1,q_midf21_several_ifs_fitb,fillb,fillb_low_confidence_key,0.6442307692307693,6
F21,mid1,q_midf21_several_ifs_fitb,fillb,fillb_low_confidence_key,0.6442307692307693,3
F21,mid1,q_midf21_several_ifs_fitb,fillb,fillb_low_confidence_key,0.6442307692307693,6
F21,mid1,q_midf21_several_ifs_fitb,fillb,fillb_low_confidence_key,0.6442307692307693,1
F21,mid1,q_midf21_several_ifs_fitb,fillb,fillb_low_confidence_key,0.6442307692307693,4
F21,mid1,q_midf21_several_ifs_fitb,fillb,fillb_low_confidence_key,0.6442307692307693,7
F21,mid1,q_midf21_several_ifs_fitb,fillb,fillb_low_confidence_key,0.6442307692307693,8
F21,mid1,q_midf21_several_ifs_fitb,fillb,fillb_low_confidence_key,0.6442307692307693,2
F21,mid1,q_midf21_several_ifs_fitb,fillb,fillb_low_confidence_key,0.6442307692307693,5
F21,mid1,q_midf21_several_ifs_fitb,fillb,fillb_low_confidence_key,0.6442307692307693,35
F21,mid1,q_midf21_several_ifs_fitb,fillb,fillb_low_confidence_key,0.6442307692307693,5
F21,mid1,q_midf21_several_ifs_fitb,fillb,fillb_low_confidence_key,0.6442307692307693,8
F21,mid1,q_midf21_several_ifs_fitb,fillb,fillb_low_confidence_key,0.6442307692307693,35
F21,mid1,q_midf21_several_ifs_fitb,fillb,fillb_low_confidence_key,0.6442307692307693,1
F21,mid1,q_midf21_several_ifs_fitb,fillb,fillb_low_confidence_key,0.6442307692307693,13
F21,mid1,q_midf21_several_ifs_fitb,fillb,fillb_low_confidence_key,0.6442307692307693,4
F21,mid1,q_midf21_several_ifs_fitb,fillb,fillb_low_confidence_key,0.6442307692307693,12
F21,mid1,q_midf21_several_ifs_fitb,fillb,fillb_low_confidence_key,0.6442307692307693,3
F21,mid1,q_midf21_several_ifs_fitb,fillb,fillb_low_confidence_key,0.6442307692307693,5
F21,mid1,q_midf21_several_ifs_fitb,fillb,fillb_low_confidence_key,0.6442307692307693,2
F21,mid1,q_midf21_several_ifs_fitb,fillb,fillb_low_confidence_key,0.6442307692307693,3
F21,mid1,q_midf21_several_ifs_fitb,fillb,fillb_low_confidence_key,0.6442307692307693,15
F21,mid1,q_midf21_several_ifs_fitb,fillb,fillb_low_confidence_key,0.6442307692307693,5
F21,mid1,q_midf21_several_ifs_fitb,fillb,fillb_low_confidence_key,0.6442307692307693,2
F21,mid1,q_midf21_several_ifs_fitb,fillb,fillb_low_confidence_key,0.6442307692307693,3
F21,mid1,q_midf21_several_ifs_fitb,fillb,fillb_low_confidence_key,0.6442307692307693,4
F21,mid1,q_midf21_several_ifs_fitb,fillb,fillb_low_confidence_key,0.6442307692307693,2
F21,mid1,q_midf21_several_ifs_fitb,fillb,fillb_low_confidence_key,0.6442307692307693,5
F21,mid1,q_midf21_several_ifs_fitb,fillb,fillb_low_confidence_key,0.6442307692307693,24
F21,mid1,q_midf21_several_ifs_fitb,fillb,fillb_low_confidence_key,0.6442307692307693,9
F21,mid1,q_midf21_several_ifs_fitb,fillb,fillb_low_confidence_key,0.6442307692307693,11
F21,mid1,q_midf21_several_ifs_fitb,fillb,fillb_low_confidence_key,0.6442307692307693,2
F21,mid1,q_midf21_several_ifs_fitb,fillb,fillb_low_confidence_key,0.6442307692307693,2
F21,mid1,q_midf21_several_ifs_fitb,fillb,fillb_low_confidence_key,0.6442307692307693,3
F21,mid1,q_midf21_several_ifs_fitb,fillb,fillb_low_confidence_key,0.6442307692307693,6
F21,mid1,q_midf21_several_ifs_fitb,fillb,fillb_low_confidence_key,0.6442307692307693,9
F21,mid1,q_midf21_several_ifs_fitb,fillb,fillb_low_confidence_key,0.6442307692307693,1
F21,mid1,q_midf21_several_ifs_fitb,fillb,fillb_low_confidence_key,0.6442307692307693,5
F21,mid1,q_midf21_several_ifs_fitb,fillb,fillb_low_confidence_key,0.6442307692307693,5
F21,mid1,q_midf21_several_ifs_fitb,fillb,fillb_low_confidence_key,0.6442307692307693,11
F21,mid1,q_midf21_several_ifs_fitb,fillb,fillb_low_confidence_key,0.6442307692307693,2
F21,mid1,q_midf21_several_ifs_fitb,fillb,fillb_low_confidence_key,0.6442307692307693,2
F21,mid1,q_midf21_several_ifs_fitb,fillb,fillb_low_confidence_key,0.6442307692307693,5
F21,mid1,q_midf21_several_ifs_fitb,fillb,fillb_low_confidence_key,0.6442307692307693,16
F21,mid1,q_midf21_several_ifs_fitb,fillb,fillb_low_confidence_key,0.6442307692307693,9
F21,mid1,q_midf21_several_ifs_fitb,fillb,fillb_low_confidence_key,0.6442307692307693,2
F21,mid1,q_midf21_several_ifs_fitb,fillb,fillb_low_confidence_key,0.6442307692307693,4
F21,mid1,q_midf21_several_ifs_fitb,fillb,fillb_low_confidence_key,0.6442307692307693,7
F21,mid1,q_midf21_several_ifs_fitb,fillb,fillb_low_confidence_key,0.6442307692307693,5
F21,mid1,q_midf21_several_ifs_fitb,fillb,fillb_low_confidence_key,0.6442307692307693,6
F21,mid1,q_midf21_several_ifs_fitb,fillb,fillb_low_confidence_key,0.6442307692307693,10
F21,mid1,q_midf21_several_ifs_fitb,fillb,fillb_low_confidence_key,0.6442307692307693,7
F21,mid1,q_midf21_several_ifs_fitb,fillb,fillb_low_confidence_key,0.6442307692307693,1
F21,mid1,q_midf21_several_ifs_fitb,fillb,fillb_low_confidence_key,0.6442307692307693,1
F21,mid1,q_midf21_several_ifs_fitb,fillb,fillb_low_confidence_key,0.6442307692307693,7
F21,mid1,q_midf21_several_ifs_fitb,fillb,fillb_low_confidence_key,0.6442307692307693,2
F21,mid1,q_midf21_several_ifs_fitb,fillb,fillb_low_confidence_key,0.6442307692307693,5
F21,mid1,q_midf21_several_ifs_fitb,fillb,fillb_low_confidence_key,0.6442307692307693,1
F21,mid1,q_midf21_several_ifs_fitb,fillb,fillb_low_confidence_key,0.6442307692307693,8
F21,mid1,q_midf21_several_ifs_fitb,fillb,fillb_low_confidence_key,0.6442307692307693,4
F21,mid1,q_midf21_several_ifs_fitb,fillb,fillb_low_confidence_key,0.6442307692307693,1
F21,mid1,q_midf21_several_ifs_fitb,fillb,fillb_low_confidence_key,0.6442307692307693,7
F21,mid1,q_midf21_several_ifs_fitb,fillb,fillb_low_confidence_key,0.6442307692307693,4
F21,mid1,q_midf21_several_ifs_fitb,fillb,fillb_low_confidence_key,0.6442307692307693,4
F21,mid1,q_midf21_several_ifs_fitb,fillb,fillb_low_confidence_key,0.6442307692307693,1
F21,mid1,q_midf21_several_ifs_fitb,fillb,fillb_low_confidence_key,0.6442307692307693,5
F21,mid1,q_midf21_several_ifs_fitb,fillb,fillb_low_confidence_key,0.6442307692307693,2
F21,mid1,q_midf21_several_ifs_fitb,fillb,fillb_low_confidence_key,0.6442307692307693,10
F21,mid1,q_midf21_several_ifs_fitb,fillb,fillb_low_confidence_key,0.6442307692307693,3
F21,mid1,q_midf21_several_ifs_fitb,fillb,fillb_low_confidence_key,0.6442307692307693,5
F21,mid1,q_midf21_several_ifs_fitb,fillb,fillb_low_confidence_key,0.6442307692307693,2
F21,mid1,q_midf21_several_ifs_fitb,fillb,fillb_low_confidence_key,0.6442307692307693,5
F21,mid1,q_midf21_several_ifs_fitb,fillb,fillb_low_confidence_key,0.6442307692307693,8
F21,mid1,q_midf21_several_ifs_fitb,fillb,fillb_low_confidence_key,0.6442307692307693,1
F21,mid1,q_midf21_several_ifs_fitb,fillb,fillb_low_confidence_key,0.6442307692307693,3
F21,mid1,q_midf21_several_ifs_fitb,fillb,fillb_low_confidence_key,0.6442307692307693,2
F21,mid1,q_midf21_several_ifs_fitb,fillb,fillb_low_confidence_key,0.6442307692307693,2
F21,mid1,q_midf21_several_ifs_fitb,fillb,fillb_low_confidence_key,0.6442307692307693,1
F21,mid1,q_midf21_several_ifs_fitb,fillb,fillb_low_confidence_key,0.6442307692307693,2
F21,mid1,q_midf21_several_ifs_fitb,fillb,fillb_low_confidence_key,0.6442307692307693,7
F21,mid1,q_midf21_several_ifs_fitb,fillb,fillb_low_confidence_key,0.6442307692307693,5
F21,mid1,q_midf21_several_ifs_fitb,fillb,fillb_low_confidence_key,0.6442307692307693,5
F21,mid1,q_midf21_several_ifs_fitb,fillb,fillb_low_confidence_key,0.6442307692307693,1
F21,mid1,q_midf21_several_ifs_fitb,fillb,fillb_low_confidence_key,0.6442307692307693,9
F21,mid1,q_midf21_several_ifs_fitb,fillb,fillb_low_confidence_key,0.6442307692307693,4
F21,mid1,q_midf21_several_ifs_fitb,fillb,fillb_low_confidence_key,0.6442307692307693,2
F21,mid1,q_midf21_several_ifs_fitb,fillb,fillb_low_confidence_key,0.6442307692307693,3
F21,mid1,q_midf21_several_ifs_fitb,fillb,fillb_low_confidence_key,0.6442307692307693,5
F21,mid1,q_midf21_several_ifs_fitb,fillb,fillb_low_confidence_key,0.6442307692307693,21
F21,mid1,q_midf21_several_ifs_fitb,fillb,fillb_low_confidence_key,0.6442307692307693,18
F21,mid1,q_midf21_several_ifs_fitb,fillb,fillb_low_confidence_key,0.6442307692307693,9
F21,mid1,q_midf21_several_ifs_fitb,fillb,fillb_low_confidence_key,0.6442307692307693,1
F22,mid2,beautifulsoup_fill,fillb,fillb_low_confidence_key,0.61,1
F22,mid2,beautifulsoup_fill,fillb,fillb_low_confidence_key,0.61,1
F22,mid2,beautifulsoup_fill,fillb,fillb_low_confidence_key,0.61,3
F22,mid2,beautifulsoup_fill,fillb,fillb_low_confidence_key,0.61,3
F22,mid2,beautifulsoup_fill,fillb,fillb_low_confidence_key,0.61,4
F22,mid2,beautifulsoup_fill,fillb,fillb_low_confidence_key,0.61,5
F22,mid2,beautifulsoup_fill,fillb,fillb_low_confidence_key,0.61,2
F22,mid2,beautifulsoup_fill,fillb,fillb_low_confidence_key,0.61,3
F22,mid2,beautifulsoup_fill,fillb,fillb_low_confidence_key,0.61,2
F22,mid2,beautifulsoup_fill,fillb,fillb_low_confidence_key,0.61,1
F22,mid2,beautifulsoup_fill,fillb,fillb_low_confidence_key,0.61,3
F22,mid2,beautifulsoup_fill,fillb,fillb_low_confidence_key,0.61,2
F22,mid2,beautifulsoup_fill,fillb,fillb_low_confidence_key,0.61,3
F22,mid2,beautifulsoup_fill,fillb,fillb_low_confidence_key,0.61,6
F22,mid2,beautifulsoup_fill,fillb,fillb_low_confidence_key,0.61,2
F22,mid2,beautifulsoup_fill,fillb,fillb_low_confidence_key,0.61,3
F22,mid2,beautifulsoup_fill,fillb,fillb_low_confidence_key,0.61,1
F22,mid2,beautifulsoup_fill,fillb,fillb_low_confidence_key,0.61,4
F22,mid2,beautifulsoup_fill,fillb,fillb_low_confidence_key,0.61,5
F22,mid2,beautifulsoup_fill,fillb,fillb_low_confidence_key,0.61,1
F22,mid2,beautifulsoup_fill,fillb,fillb_low_confidence_key,0.61,3
F22,mid2,beautifulsoup_fill,fillb,fillb_low_confidence_key,0.61,2
F22,mid2,beautifulsoup_fill,fillb,fillb_low_confidence_key,0.61,1
F22,mid2,beautifulsoup_fill,fillb,fillb_low_confidence_key,0.61,5
F22,mid2,beautifulsoup_fill,fillb,fillb_low_confidence_key,0.61,11
F22,mid2,beautifulsoup_fill,fillb,fillb_low_confidence_key,0.61,2
F22,mid2,beautifulsoup_fill,fillb,fillb_low_confidence_key,0.61,1
F22,mid2,beautifulsoup_fill,fillb,fillb_low_confidence_key,0.61,2
F22,mid2,beautifulsoup_fill,fillb,fillb_low_confidence_key,0.61,2
F22,mid2,beautifulsoup_fill,fillb,fillb_low_confidence_key,0.61,1
F22,mid2,beautifulsoup_fill,fillb,fillb_low_confidence_key,0.61,5
F22,mid2,beautifulsoup_fill,fillb,fillb_low_confidence_key,0.61,4
F22,mid2,beautifulsoup_fill,fillb,fillb_low_confidence_key,0.61,1
F22,mid2,beautifulsoup_fill,fillb,fillb_low_confidence_key,0.61,3
F22,mid2,beautifulsoup_fill,fillb,fillb_low_confidence_key,0.61,1
F22,mid2,beautifulsoup_fill,fillb,fillb_low_confidence_key,0.61,2
F22,mid2,beautifulsoup_fill,fillb,fillb_low_confidence_key,0.61,3
F22,mid2,beautifulsoup_fill,fillb,fillb_low_confidence_key,0.61,4
F22,mid2,beautifulsoup_fill,fillb,fillb_low_confidence_key,0.61,1
F22,mid2,beautifulsoup_fill,fillb,fillb_low_confidence_key,0.61,3
F22,mid2,beautifulsoup_fill,fillb,fillb_low_confidence_key,0.61,2
F22,mid2,beautifulsoup_fill,fillb,fillb_low_confidence_key,0.61,1
F22,mid2,beautifulsoup_fill,fillb,fillb_low_confidence_key,0.61,5
F22,mid2,beautifulsoup_fill,fillb,fillb_low_confidence_key,0.61,6
F22,mid2,beautifulsoup_fill,fillb,fillb_low_confidence_key,0.61,1
F22,mid2,beautifulsoup_fill,fillb,fillb_low_confidence_key,0.61,2
F22,mid2,beautifulsoup_fill,fillb,fillb_low_confidence_key,0.61,3
F22,mid2,beautifulsoup_fill,fillb,fillb_low_confidence_key,0.61,3
F22,mid2,beautifulsoup_fill,fillb,fillb_low_confidence_key,0.61,4
F22,mid2,beautifulsoup_fill,fillb,fillb_low_confidence_key,0.61,3
F22,mid2,beautifulsoup_fill,fillb,fillb_low_confidence_key,0.61,6
F22,mid2,beautifulsoup_fill,fillb,fillb_low_confidence_key,0.61,2
F22,mid2,beautifulsoup_fill,fillb,fillb_low_confidence_key,0.61,5
F22,mid2,beautifulsoup_fill,fillb,fillb_low_confidence_key,0.61,6
F22,mid2,beautifulsoup_fill,fillb,fillb_low_confidence_key,0.61,1
F22,mid2,beautifulsoup_fill,fillb,fillb_low_confidence_key,0.61,3
F22,mid2,beautifulsoup_fill,fillb,fillb_low_confidence_key,0.61,6
F22,mid2,beautifulsoup_fill,fillb,fillb_low_confidence_key,0.61,2
F22,mid2,beautifulsoup_fill,fillb,fillb_low_confidence_key,0.61,2
F22,mid2,beautifulsoup_fill,fillb,fillb_low_confidence_key,0.61,3
F22,mid2,beautifulsoup_fill,fillb,fillb_low_confidence_key,0.61,1
F22,mid2,beautifulsoup_fill,fillb,fillb_low_confidence_key,0.61,1
F22,mid2,beautifulsoup_fill,fillb,fillb_low_confidence_key,0.61,3
F22,mid2,beautifulsoup_fill,fillb,fillb_low_confidence_key,0.61,1
F22,mid2,beautifulsoup_fill,fillb,fillb_low_confidence_key,0.61,3
F22,mid2,beautifulsoup_fill,fillb,fillb_low_confidence_key,0.61,2
F22,mid2,beautifulsoup_fill,fillb,fillb_low_confidence_key,0.61,3
F22,mid2,beautifulsoup_fill,fillb,fillb_low_confidence_key,0.61,2
F22,mid2,beautifulsoup_fill,fillb,fillb_low_confidence_key,0.61,2
F22,mid2,beautifulsoup_fill,fillb,fillb_low_confidence_key,0.61,2
F22,mid2,beautifulsoup_fill,fillb,fillb_low_confidence_key,0.61,4
F22,mid2,beautifulsoup_fill,fillb,fillb_low_confidence_key,0.61,6
F22,mid2,beautifulsoup_fill,fillb,fillb_low_confidence_key,0.61,5
F22,mid2,beautifulsoup_fill,fillb,fillb_low_confidence_key,0.61,1
F22,mid2,beautifulsoup_fill,fillb,fillb_low_confidence_key,0.61,4
F22,mid2,beautifulsoup_fill,fillb,fillb_low_confidence_key,0.61,1
F22,mid2,beautifulsoup_fill,fillb,fillb_low_confidence_key,0.61,2
F22,mid2,beautifulsoup_fill,fillb,fillb_low_confidence_key,0.61,2
F22,mid2,beautifulsoup_fill,fillb,fillb_low_confidence_key,0.61,2
F22,mid2,beautifulsoup_fill,fillb,fillb_low_confidence_key,0.61,2
F22,mid2,beautifulsoup_fill,fillb,fillb_low_confidence_key,0.61,2
F22,mid2,beautifulsoup_fill,fillb,fillb_low_confidence_key,0.61,1
F22,mid2,beautifulsoup_fill,fillb,fillb_low_confidence_key,0.61,2
F22,mid2,beautifulsoup_fill,fillb,fillb_low_confidence_key,0.61,6
F22,mid2,beautifulsoup_fill,fillb,fillb_low_confidence_key,0.61,2
F22,mid2,beautifulsoup_fill,fillb,fillb_low_confidence_key,0.61,2
F22,mid2,beautifulsoup_fill,fillb,fillb_low_confidence_key,0.61,4
F22,mid2,beautifulsoup_fill,fillb,fillb_low_confidence_key,0.61,8
F22,mid2,beautifulsoup_fill,fillb,fillb_low_confidence_key,0.61,2
F22,mid2,beautifulsoup_fill,fillb,fillb_low_confidence_key,0.61,2
F22,mid2,beautifulsoup_fill,fillb,fillb_low_confidence_key,0.61,2
F22,mid2,beautifulsoup_fill,fillb,fillb_low_confidence_key,0.61,8
F22,mid2,beautifulsoup_fill,fillb,fillb_low_confidence_key,0.61,3
F22,mid2,beautifulsoup_fill,fillb,fillb_low_confidence_key,0.61,1
F22,mid2,beautifulsoup_fill,fillb,fillb_low_confidence_key,0.61,12
F22,mid2,beautifulsoup_fill,fillb,fillb_low_confidence_key,0.61,2
F22,mid2,beautifulsoup_fill,fillb,fillb_low_confidence_key,0.61,1
F22,mid2,beautifulsoup_fill,fillb,fillb_low_confidence_key,0.61,3
F22,mid2,beautifulsoup_fill,fillb,fillb_low_confidence_key,0.61,2
F22,mid2,beautifulsoup_fill,fillb,fillb_low_confidence_key,0.61,2
F22,mid2,beautifulsoup_fill,fillb,fillb_low_confidence_key,0.61,1
F22,mid2,beautifulsoup_fill,fillb,fillb_low_confidence_key,0.61,1
F22,mid2,beautifulsoup_fill,fillb,fillb_low_confidence_key,0.61,3
F22,mid2,beautifulsoup_fill,fillb,fillb_low_confidence_key,0.61,5
F22,mid2,beautifulsoup_fill,fillb,fillb_low_confidence_key,0.61,9
F22,mid2,beautifulsoup_fill,fillb,fillb_low_confidence_key,0.61,1
F22,mid2,beautifulsoup_fill,fillb,fillb_low_confidence_key,0.61,1
F22,mid2,beautifulsoup_fill,fillb,fillb_low_confidence_key,0.61,5
F22,mid2,beautifulsoup_fill,fillb,fillb_low_confidence_key,0.61,2
F22,mid2,beautifulsoup_fill,fillb,fillb_low_confidence_key,0.61,4
F22,mid2,beautifulsoup_fill,fillb,fillb_low_confidence_key,0.61,2
F22,mid2,beautifulsoup_fill,fillb,fillb_low_confidence_key,0.61,4
F22,mid2,beautifulsoup_fill,fillb,fillb_low_confidence_key,0.61,6
F22,mid2,beautifulsoup_fill,fillb,fillb_low_confidence_key,0.61,1
F22,mid2,beautifulsoup_fill,fillb,fillb_low_confidence_key,0.61,2
F22,mid2,beautifulsoup_fill,fillb,fillb_low_confidence_key,0.61,3
F22,mid2,beautifulsoup_fill,fillb,fillb_low_confidence_key,0.61,2
F22,mid2,beautifulsoup_fill,fillb,fillb_low_confidence_key,0.61,2
F22,mid2,beautifulsoup_fill,fillb,fillb_low_confidence_key,0.61,1
F22,mid2,beautifulsoup_fill,fillb,fillb_low_confidence_key,0.61,6
F22,mid2,beautifulsoup_fill,fillb,fillb_low_confidence_key,0.61,2
F22,mid2,beautifulsoup_fill,fillb,fillb_low_confidence_key,0.61,4
F22,mid2,beautifulsoup_fill,fillb,fillb_low_confidence_key,0.61,4
F22,mid2,beautifulsoup_fill,fillb,fillb_low_confidence_key,0.61,3
F22,mid2,beautifulsoup_fill,fillb,fillb_low_confidence_key,0.61,2
F22,mid2,beautifulsoup_fill,fillb,fillb_low_confidence_key,0.61,1
F22,mid2,beautifulsoup_fill,fillb,fillb_low_confidence_key,0.61,3
F22,mid2,beautifulsoup_fill,fillb,fillb_low_confidence_key,0.61,1
F22,mid2,beautifulsoup_fill,fillb,fillb_low_confidence_key,0.61,2
F22,mid2,beautifulsoup_fill,fillb,fillb_low_confidence_key,0.61,2
F22,mid2,beautifulsoup_fill,fillb,fillb_low_confidence_key,0.61,9
F22,mid2,beautifulsoup_fill,fillb,fillb_low_confidence_key,0.61,2
F22,mid2,beautifulsoup_fill,fillb,fillb_low_confidence_key,0.61,4
F22,mid2,beautifulsoup_fill,fillb,fillb_low_confidence_key,0.61,4
F22,mid2,beautifulsoup_fill,fillb,fillb_low_confidence_key,0.61,1
F22,mid2,beautifulsoup_fill,fillb,fillb_low_confidence_key,0.61,2
F22,mid2,beautifulsoup_fill,fillb,fillb_low_confidence_key,0.61,2
F22,mid2,beautifulsoup_fill,fillb,fillb_low_confidence_key,0.61,2
F22,mid2,beautifulsoup_fill,fillb,fillb_low_confidence_key,0.61,2
F22,mid2,beautifulsoup_fill,fillb,fillb_low_confidence_key,0.61,4
F22,mid2,beautifulsoup_fill,fillb,fillb_low_confidence_key,0.61,5
F22,mid2,beautifulsoup_fill,fillb,fillb_low_confidence_key,0.61,4
F22,mid2,beautifulsoup_fill,fillb,fillb_low_confidence_key,0.61,7
F22,mid2,beautifulsoup_fill,fillb,fillb_low_confidence_key,0.61,4
F22,mid2,beautifulsoup_fill,fillb,fillb_low_confidence_key,0.61,1
F22,mid2,file_remove_newline,fillb,fillb_low_confidence_key,0.4,2
F22,mid2,mid2_w22_find_all_wb_fitb,fillb,fillb_low_confidence_key,0.3,1
F22,mid2,mid2_w22_find_all_wb_fitb,fillb,fillb_low_confidence_key,0.3,1
F22,mid2,mid2_w22_find_all_wb_fitb,fillb,fillb_low_confidence_key,0.3,5
F22,mid2,mid2_w22_find_all_wb_fitb,fillb,fillb_low_confidence_key,0.3,10
F22,mid2,mid2_w22_find_all_wb_fitb,fillb,fillb_low_confidence_key,0.3,4
F22,mid2,mid2_w22_find_all_wb_fitb,fillb,fillb_low_confidence_key,0.3,8
F22,mid2,mid2_w22_find_all_wb_fitb,fillb,fillb_low_confidence_key,0.3,2
F22,mid2,mid2_w22_find_all_wb_fitb,fillb,fillb_low_confidence_key,0.3,3
F22,mid2,mid2_w22_find_all_wb_fitb,fillb,fillb_low_confidence_key,0.3,4
F22,mid2,mid2_w22_find_all_wb_fitb,fillb,fillb_low_confidence_key,0.3,6
F22,mid2,mid2_w22_find_all_wb_fitb,fillb,fillb_low_confidence_key,0.3,4
F22,mid2,mid2_w22_find_all_wb_fitb,fillb,fillb_low_confidence_key,0.3,3
F22,mid2,mid2_w22_find_all_wb_fitb,fillb,fillb_low_confidence_key,0.3,1
F22,mid2,mid2_w22_find_all_wb_fitb,fillb,fillb_low_confidence_key,0.3,10
F22,mid2,mid2_w22_find_all_wb_fitb,fillb,fillb_low_confidence_key,0.3,2
F22,mid2,mid2_w22_find_all_wb_fitb,fillb,fillb_low_confidence_key,0.3,4
F22,mid2,mid2_w22_find_all_wb_fitb,fillb,fillb_low_confidence_key,0.3,1
F22,mid2,mid2_w22_find_all_wb_fitb,fillb,fillb_low_confidence_key,0.3,2
F22,mid2,mid2_w22_find_all_wb_fitb,fillb,fillb_low_confidence_key,0.3,2
F22,mid2,mid2_w22_find_all_wb_fitb,fillb,fillb_low_confidence_key,0.3,1
F22,mid2,mid2_w22_find_all_wb_fitb,fillb,fillb_low_confidence_key,0.3,4
F22,mid2,mid2_w22_find_all_wb_fitb,fillb,fillb_low_confidence_key,0.3,2
F22,mid2,mid2_w22_find_all_wb_fitb,fillb,fillb_low_confidence_key,0.3,3
F22,mid2,mid2_w22_find_all_wb_fitb,fillb,fillb_low_confidence_key,0.3,14
F22,mid2,mid2_w22_find_all_wb_fitb,fillb,fillb_low_confidence_key,0.3,5
F22,mid2,mid2_w22_find_all_wb_fitb,fillb,fillb_low_confidence_key,0.3,2
F22,mid2,mid2_w22_find_all_wb_fitb,fillb,fillb_low_confidence_key,0.3,1
F22,mid2,mid2_w22_find_all_wb_fitb,fillb,fillb_low_confidence_key,0.3,2
F22,mid2,mid2_w22_find_all_wb_fitb,fillb,fillb_low_confidence_key,0.3,2
F22,mid2,mid2_w22_find_all_wb_fitb,fillb,fillb_low_confidence_key,0.3,1
F22,mid2,mid2_w22_find_all_wb_fitb,fillb,fillb_low_confidence_key,0.3,4
F22,mid2,mid2_w22_find_all_wb_fitb,fillb,fillb_low_confidence_key,0.3,4
F22,mid2,mid2_w22_find_all_wb_fitb,fillb,fillb_low_confidence_key,0.3,3
F22,mid2,mid2_w22_find_all_wb_fitb,fillb,fillb_low_confidence_key,0.3,5
F22,mid2,mid2_w22_find_all_wb_fitb,fillb,fillb_low_confidence_key,0.3,1
F22,mid2,mid2_w22_find_all_wb_fitb,fillb,fillb_low_confidence_key,0.3,2
F22,mid2,mid2_w22_find_all_wb_fitb,fillb,fillb_low_confidence_key,0.3,3
F22,mid2,mid2_w22_find_all_wb_fitb,fillb,fillb_low_confidence_key,0.3,1
F22,mid2,mid2_w22_find_all_wb_fitb,fillb,fillb_low_confidence_key,0.3,1
F22,mid2,mid2_w22_find_all_wb_fitb,fillb,fillb_low_confidence_key,0.3,4
F22,mid2,mid2_w22_find_all_wb_fitb,fillb,fillb_low_confidence_key,0.3,4
F22,mid2,mid2_w22_find_all_wb_fitb,fillb,fillb_low_confidence_key,0.3,2
F22,mid2,mid2_w22_find_all_wb_fitb,fillb,fillb_low_confidence_key,0.3,9
F22,mid2,mid2_w22_find_all_wb_fitb,fillb,fillb_low_confidence_key,0.3,4
F22,mid2,mid2_w22_find_all_wb_fitb,fillb,fillb_low_confidence_key,0.3,2
F22,mid2,mid2_w22_find_all_wb_fitb,fillb,fillb_low_confidence_key,0.3,1
F22,mid2,mid2_w22_find_all_wb_fitb,fillb,fillb_low_confidence_key,0.3,1
F22,mid2,mid2_w22_find_all_wb_fitb,fillb,fillb_low_confidence_key,0.3,8
F22,mid2,mid2_w22_find_all_wb_fitb,fillb,fillb_low_confidence_key,0.3,4
F22,mid2,mid2_w22_find_all_wb_fitb,fillb,fillb_low_confidence_key,0.3,1
F22,mid2,mid2_w22_find_all_wb_fitb,fillb,fillb_low_confidence_key,0.3,3
F22,mid2,mid2_w22_find_all_wb_fitb,fillb,fillb_low_confidence_key,0.3,3
F22,mid2,mid2_w22_find_all_wb_fitb,fillb,fillb_low_confidence_key,0.3,5
F22,mid2,mid2_w22_find_all_wb_fitb,fillb,fillb_low_confidence_key,0.3,4
F22,mid2,mid2_w22_find_all_wb_fitb,fillb,fillb_low_confidence_key,0.3,3
F22,mid2,mid2_w22_find_all_wb_fitb,fillb,fillb_low_confidence_key,0.3,5
F22,mid2,mid2_w22_find_all_wb_fitb,fillb,fillb_low_confidence_key,0.3,7
F22,mid2,mid2_w22_find_all_wb_fitb,fillb,fillb_low_confidence_key,0.3,3
F22,mid2,mid2_w22_find_all_wb_fitb,fillb,fillb_low_confidence_key,0.3,2
F22,mid2,mid2_w22_find_all_wb_fitb,fillb,fillb_low_confidence_key,0.3,2
F22,mid2,mid2_w22_find_all_wb_fitb,fillb,fillb_low_confidence_key,0.3,2
F22,mid2,mid2_w22_find_all_wb_fitb,fillb,fillb_low_confidence_key,0.3,2
F22,mid2,mid2_w22_find_all_wb_fitb,fillb,fillb_low_confidence_key,0.3,2
F22,mid2,mid2_w22_find_all_wb_fitb,fillb,fillb_low_confidence_key,0.3,6
F22,mid2,mid2_w22_find_all_wb_fitb,fillb,fillb_low_confidence_key,0.3,2
F22,mid2,mid2_w22_find_all_wb_fitb,fillb,fillb_low_confidence_key,0.3,3
F22,mid2,mid2_w22_find_all_wb_fitb,fillb,fillb_low_confidence_key,0.3,5
F22,mid2,mid2_w22_find_all_wb_fitb,fillb,fillb_low_confidence_key,0.3,3
F22,mid2,mid2_w22_find_all_wb_fitb,fillb,fillb_low_confidence_key,0.3,6
F22,mid2,mid2_w22_find_all_wb_fitb,fillb,fillb_low_confidence_key,0.3,1
F22,mid2,mid2_w22_find_all_wb_fitb,fillb,fillb_low_confidence_key,0.3,5
F22,mid2,mid2_w22_find_all_wb_fitb,fillb,fillb_low_confidence_key,0.3,8
F22,mid2,mid2_w22_find_all_wb_fitb,fillb,fillb_low_confidence_key,0.3,3
F22,mid2,mid2_w22_find_all_wb_fitb,fillb,fillb_low_confidence_key,0.3,1
F22,mid2,mid2_w22_find_all_wb_fitb,fillb,fillb_low_confidence_key,0.3,3
F22,mid2,mid2_w22_find_all_wb_fitb,fillb,fillb_low_confidence_key,0.3,1
F22,mid2,mid2_w22_find_all_wb_fitb,fillb,fillb_low_confidence_key,0.3,2
F22,mid2,mid2_w22_find_all_wb_fitb,fillb,fillb_low_confidence_key,0.3,3
F22,mid2,mid2_w22_find_all_wb_fitb,fillb,fillb_low_confidence_key,0.3,2
F22,mid2,mid2_w22_find_all_wb_fitb,fillb,fillb_low_confidence_key,0.3,6
F22,mid2,mid2_w22_find_all_wb_fitb,fillb,fillb_low_confidence_key,0.3,9
F22,mid2,mid2_w22_find_all_wb_fitb,fillb,fillb_low_confidence_key,0.3,1
F22,mid2,mid2_w22_find_all_wb_fitb,fillb,fillb_low_confidence_key,0.3,1
F22,mid2,mid2_w22_find_all_wb_fitb,fillb,fillb_low_confidence_key,0.3,9
F22,mid2,mid2_w22_find_all_wb_fitb,fillb,fillb_low_confidence_key,0.3,4
F22,mid2,mid2_w22_find_all_wb_fitb,fillb,fillb_low_confidence_key,0.3,2
F22,mid2,mid2_w22_find_all_wb_fitb,fillb,fillb_low_confidence_key,0.3,4
F22,mid2,mid2_w22_find_all_wb_fitb,fillb,fillb_low_confidence_key,0.3,3
F22,mid2,mid2_w22_find_all_wb_fitb,fillb,fillb_low_confidence_key,0.3,4
F22,mid2,mid2_w22_find_all_wb_fitb,fillb,fillb_low_confidence_key,0.3,2
F22,mid2,mid2_w22_find_all_wb_fitb,fillb,fillb_low_confidence_key,0.3,2
F22,mid2,mid2_w22_find_all_wb_fitb,fillb,fillb_low_confidence_key,0.3,7
F22,mid2,mid2_w22_find_all_wb_fitb,fillb,fillb_low_confidence_key,0.3,4
F22,mid2,mid2_w22_find_all_wb_fitb,fillb,fillb_low_confidence_key,0.3,1
F22,mid2,mid2_w22_find_all_wb_fitb,fillb,fillb_low_confidence_key,0.3,12
F22,mid2,mid2_w22_find_all_wb_fitb,fillb,fillb_low_confidence_key,0.3,2
F22,mid2,mid2_w22_find_all_wb_fitb,fillb,fillb_low_confidence_key,0.3,2
F22,mid2,mid2_w22_find_all_wb_fitb,fillb,fillb_low_confidence_key,0.3,2
F22,mid2,mid2_w22_find_all_wb_fitb,fillb,fillb_low_confidence_key,0.3,2
F22,mid2,mid2_w22_find_all_wb_fitb,fillb,fillb_low_confidence_key,0.3,5
F22,mid2,mid2_w22_find_all_wb_fitb,fillb,fillb_low_confidence_key,0.3,7
F22,mid2,mid2_w22_find_all_wb_fitb,fillb,fillb_low_confidence_key,0.3,1
F22,mid2,mid2_w22_find_all_wb_fitb,fillb,fillb_low_confidence_key,0.3,2
F22,mid2,mid2_w22_find_all_wb_fitb,fillb,fillb_low_confidence_key,0.3,7
F22,mid2,mid2_w22_find_all_wb_fitb,fillb,fillb_low_confidence_key,0.3,2
F22,mid2,mid2_w22_find_all_wb_fitb,fillb,fillb_low_confidence_key,0.3,1
F22,mid2,mid2_w22_find_all_wb_fitb,fillb,fillb_low_confidence_key,0.3,4
F22,mid2,mid2_w22_find_all_wb_fitb,fillb,fillb_low_confidence_key,0.3,4
F22,mid2,mid2_w22_find_all_wb_fitb,fillb,fillb_low_confidence_key,0.3,2
F22,mid2,mid2_w22_find_all_wb_fitb,fillb,fillb_low_confidence_key,0.3,5
F22,mid2,mid2_w22_find_all_wb_fitb,fillb,fillb_low_confidence_key,0.3,2
F22,mid2,mid2_w22_find_all_wb_fitb,fillb,fillb_low_confidence_key,0.3,2
F22,mid2,mid2_w22_find_all_wb_fitb,fillb,fillb_low_confidence_key,0.3,3
F22,mid2,mid2_w22_find_all_wb_fitb,fillb,fillb_low_confidence_key,0.3,3
F22,mid2,mid2_w22_find_all_wb_fitb,fillb,fillb_low_confidence_key,0.3,3
F22,mid2,mid2_w22_find_all_wb_fitb,fillb,fillb_low_confidence_key,0.3,3
F22,mid2,mid2_w22_find_all_wb_fitb,fillb,fillb_low_confidence_key,0.3,3
F22,mid2,mid2_w22_find_all_wb_fitb,fillb,fillb_low_confidence_key,0.3,1
F22,mid2,mid2_w22_find_all_wb_fitb,fillb,fillb_low_confidence_key,0.3,2
F22,mid2,mid2_w22_find_all_wb_fitb,fillb,fillb_low_confidence_key,0.3,4
F22,mid2,mid2_w22_find_all_wb_fitb,fillb,fillb_low_confidence_key,0.3,2
F22,mid2,mid2_w22_find_all_wb_fitb,fillb,fillb_low_confidence_key,0.3,3
F22,mid2,mid2_w22_find_all_wb_fitb,fillb,fillb_low_confidence_key,0.3,5
F22,mid2,mid2_w22_find_all_wb_fitb,fillb,fillb_low_confidence_key,0.3,2
F22,mid2,mid2_w22_find_all_wb_fitb,fillb,fillb_low_confidence_key,0.3,10
F22,mid2,mid2_w22_find_all_wb_fitb,fillb,fillb_low_confidence_key,0.3,1
F22,mid2,mid2_w22_find_all_wb_fitb,fillb,fillb_low_confidence_key,0.3,2
F22,mid2,mid2_w22_find_all_wb_fitb,fillb,fillb_low_confidence_key,0.3,1
F22,mid2,mid2_w22_find_all_wb_fitb,fillb,fillb_low_confidence_key,0.3,2
F22,mid2,mid2_w22_find_all_wb_fitb,fillb,fillb_low_confidence_key,0.3,2
F22,mid2,mid2_w22_find_all_wb_fitb,fillb,fillb_low_confidence_key,0.3,3
F22,mid2,mid2_w22_find_all_wb_fitb,fillb,fillb_low_confidence_key,0.3,2
F22,mid2,mid2_w22_find_all_wb_fitb,fillb,fillb_low_confidence_key,0.3,2
F22,mid2,mid2_w22_find_all_wb_fitb,fillb,fillb_low_confidence_key,0.3,1
F22,mid2,mid2_w22_find_all_wb_fitb,fillb,fillb_low_confidence_key,0.3,1
F22,mid2,mid2_w22_find_all_wb_fitb,fillb,fillb_low_confidence_key,0.3,3
F22,mid2,mid2_w22_find_all_wb_fitb,fillb,fillb_low_confidence_key,0.3,2
F22,mid2,mid2_w22_find_all_wb_fitb,fillb,fillb_low_confidence_key,0.3,2
F22,mid2,mid2_w22_find_all_wb_fitb,fillb,fillb_low_confidence_key,0.3,4
F22,mid2,mid2_w22_find_all_wb_fitb,fillb,fillb_low_confidence_key,0.3,4
F22,mid2,mid2_w22_find_all_wb_fitb,fillb,fillb_low_confidence_key,0.3,7
F22,mid2,mid2_w22_find_all_wb_fitb,fillb,fillb_low_confidence_key,0.3,6
F22,mid2,mid2_w22_find_all_wb_fitb,fillb,fillb_low_confidence_key,0.3,3
F22,mid2,mid2_w22_find_all_wb_fitb,fillb,fillb_low_confidence_key,0.3,3
F22,mid2,mid2_w22_find_all_wb_fitb,fillb,fillb_low_confidence_key,0.3,1
F22,mid2,mid_2_html_attr_fill,fillb,fillb_low_confidence_key,0.5555555555555556,1
F22,mid2,mid_2_html_attr_fill,fillb,fillb_low_confidence_key,0.5555555555555556,1
F22,mid2,mid_2_html_attr_fill,fillb,fillb_low_confidence_key,0.5555555555555556,2
F22,mid2,mid_2_html_attr_fill,fillb,fillb_low_confidence_key,0.5555555555555556,2
F22,mid2,mid_2_html_attr_fill,fillb,fillb_low_confidence_key,0.5555555555555556,3
F22,mid2,mid_2_html_attr_fill,fillb,fillb_low_confidence_key,0.5555555555555556,3
F22,mid2,mid_2_html_attr_fill,fillb,fillb_low_confidence_key,0.5555555555555556,7
F22,mid2,mid_2_html_attr_fill,fillb,fillb_low_confidence_key,0.5555555555555556,3
F22,mid2,mid_2_html_attr_fill,fillb,fillb_low_confidence_key,0.5555555555555556,4
F22,mid2,mid_2_html_attr_fill,fillb,fillb_low_confidence_key,0.5555555555555556,2
F22,mid2,mid_2_html_attr_fill,fillb,fillb_low_confidence_key,0.5555555555555556,3
F22,mid2,mid_2_html_attr_fill,fillb,fillb_low_confidence_key,0.5555555555555556,2
F22,mid2,mid_2_html_attr_fill,fillb,fillb_low_confidence_key,0.5555555555555556,1
F22,mid2,mid_2_html_attr_fill,fillb,fillb_low_confidence_key,0.5555555555555556,6
F22,mid2,mid_2_html_attr_fill,fillb,fillb_low_confidence_key,0.5555555555555556,2
F22,mid2,mid_2_html_attr_fill,fillb,fillb_low_confidence_key,0.5555555555555556,2
F22,mid2,mid_2_html_attr_fill,fillb,fillb_low_confidence_key,0.5555555555555556,1
F22,mid2,mid_2_html_attr_fill,fillb,fillb_low_confidence_key,0.5555555555555556,2
F22,mid2,mid_2_html_attr_fill,fillb,fillb_low_confidence_key,0.5555555555555556,4
F22,mid2,mid_2_html_attr_fill,fillb,fillb_low_confidence_key,0.5555555555555556,3
F22,mid2,mid_2_html_attr_fill,fillb,fillb_low_confidence_key,0.5555555555555556,2
F22,mid2,mid_2_html_attr_fill,fillb,fillb_low_confidence_key,0.5555555555555556,2
F22,mid2,mid_2_html_attr_fill,fillb,fillb_low_confidence_key,0.5555555555555556,2
F22,mid2,mid_2_html_attr_fill,fillb,fillb_low_confidence_key,0.5555555555555556,10
F22,mid2,mid_2_html_attr_fill,fillb,fillb_low_confidence_key,0.5555555555555556,4
F22,mid2,mid_2_html_attr_fill,fillb,fillb_low_confidence_key,0.5555555555555556,2
F22,mid2,mid_2_html_attr_fill,fillb,fillb_low_confidence_key,0.5555555555555556,1
F22,mid2,mid_2_html_attr_fill,fillb,fillb_low_confidence_key,0.5555555555555556,2
F22,mid2,mid_2_html_attr_fill,fillb,fillb_low_confidence_key,0.5555555555555556,2
F22,mid2,mid_2_html_attr_fill,fillb,fillb_low_confidence_key,0.5555555555555556,1
F22,mid2,mid_2_html_attr_fill,fillb,fillb_low_confidence_key,0.5555555555555556,2
F22,mid2,mid_2_html_attr_fill,fillb,fillb_low_confidence_key,0.5555555555555556,6
F22,mid2,mid_2_html_attr_fill,fillb,fillb_low_confidence_key,0.5555555555555556,1
F22,mid2,mid_2_html_attr_fill,fillb,fillb_low_confidence_key,0.5555555555555556,3
F22,mid2,mid_2_html_attr_fill,fillb,fillb_low_confidence_key,0.5555555555555556,1
F22,mid2,mid_2_html_attr_fill,fillb,fillb_low_confidence_key,0.5555555555555556,3
F22,mid2,mid_2_html_attr_fill,fillb,fillb_low_confidence_key,0.5555555555555556,3
F22,mid2,mid_2_html_attr_fill,fillb,fillb_low_confidence_key,0.5555555555555556,2
F22,mid2,mid_2_html_attr_fill,fillb,fillb_low_confidence_key,0.5555555555555556,3
F22,mid2,mid_2_html_attr_fill,fillb,fillb_low_confidence_key,0.5555555555555556,3
F22,mid2,mid_2_html_attr_fill,fillb,fillb_low_confidence_key,0.5555555555555556,3
F22,mid2,mid_2_html_attr_fill,fillb,fillb_low_confidence_key,0.5555555555555556,4
F22,mid2,mid_2_html_attr_fill,fillb,fillb_low_confidence_key,0.5555555555555556,6
F22,mid2,mid_2_html_attr_fill,fillb,fillb_low_confidence_key,0.5555555555555556,5
F22,mid2,mid_2_html_attr_fill,fillb,fillb_low_confidence_key,0.5555555555555556,1
F22,mid2,mid_2_html_attr_fill,fillb,fillb_low_confidence_key,0.5555555555555556,2
F22,mid2,mid_2_html_attr_fill,fillb,fillb_low_confidence_key,0.5555555555555556,4
F22,mid2,mid_2_html_attr_fill,fillb,fillb_low_confidence_key,0.5555555555555556,2
F22,mid2,mid_2_html_attr_fill,fillb,fillb_low_confidence_key,0.5555555555555556,3
F22,mid2,mid_2_html_attr_fill,fillb,fillb_low_confidence_key,0.5555555555555556,2
F22,mid2,mid_2_html_attr_fill,fillb,fillb_low_confidence_key,0.5555555555555556,1
F22,mid2,mid_2_html_attr_fill,fillb,fillb_low_confidence_key,0.5555555555555556,2
F22,mid2,mid_2_html_attr_fill,fillb,fillb_low_confidence_key,0.5555555555555556,4
F22,mid2,mid_2_html_attr_fill,fillb,fillb_low_confidence_key,0.5555555555555556,1
F22,mid2,mid_2_html_attr_fill,fillb,fillb_low_confidence_key,0.5555555555555556,1
F22,mid2,mid_2_html_attr_fill,fillb,fillb_low_confidence_key,0.5555555555555556,3
F22,mid2,mid_2_html_attr_fill,fillb,fillb_low_confidence_key,0.5555555555555556,2
F22,mid2,mid_2_html_attr_fill,fillb,fillb_low_confidence_key,0.5555555555555556,2
F22,mid2,mid_2_html_attr_fill,fillb,fillb_low_confidence_key,0.5555555555555556,2
F22,mid2,mid_2_html_attr_fill,fillb,fillb_low_confidence_key,0.5555555555555556,1
F22,mid2,mid_2_html_attr_fill,fillb,fillb_low_confidence_key,0.5555555555555556,3
F22,mid2,mid_2_html_attr_fill,fillb,fillb_low_confidence_key,0.5555555555555556,2
F22,mid2,mid_2_html_attr_fill,fillb,fillb_low_confidence_key,0.5555555555555556,1
F22,mid2,mid_2_html_attr_fill,fillb,fillb_low_confidence_key,0.5555555555555556,2
F22,mid2,mid_2_html_attr_fill,fillb,fillb_low_confidence_key,0.5555555555555556,2
F22,mid2,mid_2_html_attr_fill,fillb,fillb_low_confidence_key,0.5555555555555556,1
F22,mid2,mid_2_html_attr_fill,fillb,fillb_low_confidence_key,0.5555555555555556,2
F22,mid2,mid_2_html_attr_fill,fillb,fillb_low_confidence_key,0.5555555555555556,2
F22,mid2,mid_2_html_attr_fill,fillb,fillb_low_confidence_key,0.5555555555555556,4
F22,mid2,mid_2_html_attr_fill,fillb,fillb_low_confidence_key,0.5555555555555556,4
F22,mid2,mid_2_html_attr_fill,fillb,fillb_low_confidence_key,0.5555555555555556,5
F22,mid2,mid_2_html_attr_fill,fillb,fillb_low_confidence_key,0.5555555555555556,3
F22,mid2,mid_2_html_attr_fill,fillb,fillb_low_confidence_key,0.5555555555555556,1
F22,mid2,mid_2_html_attr_fill,fillb,fillb_low_confidence_key,0.5555555555555556,2
F22,mid2,mid_2_html_attr_fill,fillb,fillb_low_confidence_key,0.5555555555555556,1
F22,mid2,mid_2_html_attr_fill,fillb,fillb_low_confidence_key,0.5555555555555556,8
F22,mid2,mid_2_html_attr_fill,fillb,fillb_low_confidence_key,0.5555555555555556,2
F22,mid2,mid_2_html_attr_fill,fillb,fillb_low_confidence_key,0.5555555555555556,2
F22,mid2,mid_2_html_attr_fill,fillb,fillb_low_confidence_key,0.5555555555555556,5
F22,mid2,mid_2_html_attr_fill,fillb,fillb_low_confidence_key,0.5555555555555556,3
F22,mid2,mid_2_html_attr_fill,fillb,fillb_low_confidence_key,0.5555555555555556,3
F22,mid2,mid_2_html_attr_fill,fillb,fillb_low_confidence_key,0.5555555555555556,1
F22,mid2,mid_2_html_attr_fill,fillb,fillb_low_confidence_key,0.5555555555555556,6
F22,mid2,mid_2_html_attr_fill,fillb,fillb_low_confidence_key,0.5555555555555556,3
F22,mid2,mid_2_html_attr_fill,fillb,fillb_low_confidence_key,0.5555555555555556,2
F22,mid2,mid_2_html_attr_fill,fillb,fillb_low_confidence_key,0.5555555555555556,6
F22,mid2,mid_2_html_attr_fill,fillb,fillb_low_confidence_key,0.5555555555555556,10
F22,mid2,mid_2_html_attr_fill,fillb,fillb_low_confidence_key,0.5555555555555556,2
F22,mid2,mid_2_html_attr_fill,fillb,fillb_low_confidence_key,0.5555555555555556,2
F22,mid2,mid_2_html_attr_fill,fillb,fillb_low_confidence_key,0.5555555555555556,2
F22,mid2,mid_2_html_attr_fill,fillb,fillb_low_confidence_key,0.5555555555555556,4
F22,mid2,mid_2_html_attr_fill,fillb,fillb_low_confidence_key,0.5555555555555556,2
F22,mid2,mid_2_html_attr_fill,fillb,fillb_low_confidence_key,0.5555555555555556,1
F22,mid2,mid_2_html_attr_fill,fillb,fillb_low_confidence_key,0.5555555555555556,11
F22,mid2,mid_2_html_attr_fill,fillb,fillb_low_confidence_key,0.5555555555555556,2
F22,mid2,mid_2_html_attr_fill,fillb,fillb_low_confidence_key,0.5555555555555556,1
F22,mid2,mid_2_html_attr_fill,fillb,fillb_low_confidence_key,0.5555555555555556,2
F22,mid2,mid_2_html_attr_fill,fillb,fillb_low_confidence_key,0.5555555555555556,2
F22,mid2,mid_2_html_attr_fill,fillb,fillb_low_confidence_key,0.5555555555555556,3
F22,mid2,mid_2_html_attr_fill,fillb,fillb_low_confidence_key,0.5555555555555556,1
F22,mid2,mid_2_html_attr_fill,fillb,fillb_low_confidence_key,0.5555555555555556,1
F22,mid2,mid_2_html_attr_fill,fillb,fillb_low_confidence_key,0.5555555555555556,3
F22,mid2,mid_2_html_attr_fill,fillb,fillb_low_confidence_key,0.5555555555555556,4
F22,mid2,mid_2_html_attr_fill,fillb,fillb_low_confidence_key,0.5555555555555556,4
F22,mid2,mid_2_html_attr_fill,fillb,fillb_low_confidence_key,0.5555555555555556,1
F22,mid2,mid_2_html_attr_fill,fillb,fillb_low_confidence_key,0.5555555555555556,1
F22,mid2,mid_2_html_attr_fill,fillb,fillb_low_confidence_key,0.5555555555555556,2
F22,mid2,mid_2_html_attr_fill,fillb,fillb_low_confidence_key,0.5555555555555556,4
F22,mid2,mid_2_html_attr_fill,fillb,fillb_low_confidence_key,0.5555555555555556,10
F22,mid2,mid_2_html_attr_fill,fillb,fillb_low_confidence_key,0.5555555555555556,2
F22,mid2,mid_2_html_attr_fill,fillb,fillb_low_confidence_key,0.5555555555555556,1
F22,mid2,mid_2_html_attr_fill,fillb,fillb_low_confidence_key,0.5555555555555556,7
F22,mid2,mid_2_html_attr_fill,fillb,fillb_low_confidence_key,0.5555555555555556,5
F22,mid2,mid_2_html_attr_fill,fillb,fillb_low_confidence_key,0.5555555555555556,2
F22,mid2,mid_2_html_attr_fill,fillb,fillb_low_confidence_key,0.5555555555555556,2
F22,mid2,mid_2_html_attr_fill,fillb,fillb_low_confidence_key,0.5555555555555556,2
F22,mid2,mid_2_html_attr_fill,fillb,fillb_low_confidence_key,0.5555555555555556,3
F22,mid2,mid_2_html_attr_fill,fillb,fillb_low_confidence_key,0.5555555555555556,1
F22,mid2,mid_2_html_attr_fill,fillb,fillb_low_confidence_key,0.5555555555555556,5
F22,mid2,mid_2_html_attr_fill,fillb,fillb_low_confidence_key,0.5555555555555556,3
F22,mid2,mid_2_html_attr_fill,fillb,fillb_low_confidence_key,0.5555555555555556,3
F22,mid2,mid_2_html_attr_fill,fillb,fillb_low_confidence_key,0.5555555555555556,3
F22,mid2,mid_2_html_attr_fill,fillb,fillb_low_confidence_key,0.5555555555555556,3
F22,mid2,mid_2_html_attr_fill,fillb,fillb_low_confidence_key,0.5555555555555556,4
F22,mid2,mid_2_html_attr_fill,fillb,fillb_low_confidence_key,0.5555555555555556,1
F22,mid2,mid_2_html_attr_fill,fillb,fillb_low_confidence_key,0.5555555555555556,2
F22,mid2,mid_2_html_attr_fill,fillb,fillb_low_confidence_key,0.5555555555555556,2
F22,mid2,mid_2_html_attr_fill,fillb,fillb_low_confidence_key,0.5555555555555556,2
F22,mid2,mid_2_html_attr_fill,fillb,fillb_low_confidence_key,0.5555555555555556,2
F22,mid2,mid_2_html_attr_fill,fillb,fillb_low_confidence_key,0.5555555555555556,2
F22,mid2,mid_2_html_attr_fill,fillb,fillb_low_confidence_key,0.5555555555555556,2
F22,mid2,mid_2_html_attr_fill,fillb,fillb_low_confidence_key,0.5555555555555556,2
F22,mid2,mid_2_html_attr_fill,fillb,fillb_low_confidence_key,0.5555555555555556,1
F22,mid2,mid_2_html_attr_fill,fillb,fillb_low_confidence_key,0.5555555555555556,1
F22,mid2,mid_2_html_attr_fill,fillb,fillb_low_confidence_key,0.5555555555555556,2
F22,mid2,mid_2_html_attr_fill,fillb,fillb_low_confidence_key,0.5555555555555556,3
F22,mid2,mid_2_html_attr_fill,fillb,fillb_low_confidence_key,0.5555555555555556,4
F22,mid2,mid_2_html_attr_fill,fillb,fillb_low_confidence_key,0.5555555555555556,3
F22,mid2,mid_2_html_attr_fill,fillb,fillb_low_confidence_key,0.5555555555555556,3
F22,mid2,mid_2_html_attr_fill,fillb,fillb_low_confidence_key,0.5555555555555556,3
F22,mid2,mid_2_html_attr_fill,fillb,fillb_low_confidence_key,0.5555555555555556,5
F22,mid2,mid_2_html_attr_fill,fillb,fillb_low_confidence_key,0.5555555555555556,2
F22,mid2,mid_2_html_attr_fill,fillb,fillb_low_confidence_key,0.5555555555555556,4
F22,mid2,mid_2_html_attr_fill,fillb,fillb_low_confidence_key,0.5555555555555556,1
F22,mid2,midterm_2_practice_q31_soup_fitb,fillb,fillb_low_confidence_key,0.5116279069767442,1
F22,mid2,midterm_2_practice_q31_soup_fitb,fillb,fillb_low_confidence_key,0.5116279069767442,2
F22,mid1,q_midf21_several_ifs_fitb,fillb,fillb_low_confidence_key,0.6442307692307693,1
F22,mid1,q_midf21_several_ifs_fitb,fillb,fillb_low_confidence_key,0.6442307692307693,1
F22,mid1,q_midf21_several_ifs_fitb,fillb,fillb_low_confidence_key,0.6442307692307693,3
F22,mid1,q_midf21_several_ifs_fitb,fillb,fillb_low_confidence_key,0.6442307692307693,3
F22,mid1,q_midf21_several_ifs_fitb,fillb,fillb_low_confidence_key,0.6442307692307693,6
F22,mid1,q_midf21_several_ifs_fitb,fillb,fillb_low_confidence_key,0.6442307692307693,6
F22,mid1,q_midf21_several_ifs_fitb,fillb,fillb_low_confidence_key,0.6442307692307693,2
F22,mid1,q_midf21_several_ifs_fitb,fillb,fillb_low_confidence_key,0.6442307692307693,2
F22,mid1,q_midf21_several_ifs_fitb,fillb,fillb_low_confidence_key,0.6442307692307693,3
F22,mid1,q_midf21_several_ifs_fitb,fillb,fillb_low_confidence_key,0.6442307692307693,5
F22,mid1,q_midf21_several_ifs_fitb,fillb,fillb_low_confidence_key,0.6442307692307693,3
F22,mid1,q_midf21_several_ifs_fitb,fillb,fillb_low_confidence_key,0.6442307692307693,2
F22,mid1,q_midf21_several_ifs_fitb,fillb,fillb_low_confidence_key,0.6442307692307693,1
F22,mid1,q_midf21_several_ifs_fitb,fillb,fillb_low_confidence_key,0.6442307692307693,2
F22,mid1,q_midf21_several_ifs_fitb,fillb,fillb_low_confidence_key,0.6442307692307693,2
F22,mid1,q_midf21_several_ifs_fitb,fillb,fillb_low_confidence_key,0.6442307692307693,5
F22,mid1,q_midf21_several_ifs_fitb,fillb,fillb_low_confidence_key,0.6442307692307693,1
F22,mid1,q_midf21_several_ifs_fitb,fillb,fillb_low_confidence_key,0.6442307692307693,4
F22,mid1,q_midf21_several_ifs_fitb,fillb,fillb_low_confidence_key,0.6442307692307693,7
F22,mid1,q_midf21_several_ifs_fitb,fillb,fillb_low_confidence_key,0.6442307692307693,2
F22,mid1,q_midf21_several_ifs_fitb,fillb,fillb_low_confidence_key,0.6442307692307693,4
F22,mid1,q_midf21_several_ifs_fitb,fillb,fillb_low_confidence_key,0.6442307692307693,3
F22,mid1,q_midf21_several_ifs_fitb,fillb,fillb_low_confidence_key,0.6442307692307693,5
F22,mid1,q_midf21_several_ifs_fitb,fillb,fillb_low_confidence_key,0.6442307692307693,7
F22,mid1,q_midf21_several_ifs_fitb,fillb,fillb_low_confidence_key,0.6442307692307693,7
F22,mid1,q_midf21_several_ifs_fitb,fillb,fillb_low_confidence_key,0.6442307692307693,1
F22,mid1,q_midf21_several_ifs_fitb,fillb,fillb_low_confidence_key,0.6442307692307693,3
F22,mid1,q_midf21_several_ifs_fitb,fillb,fillb_low_confidence_key,0.6442307692307693,1
F22,mid1,q_midf21_several_ifs_fitb,fillb,fillb_low_confidence_key,0.6442307692307693,4
F22,mid1,q_midf21_several_ifs_fitb,fillb,fillb_low_confidence_key,0.6442307692307693,2
F22,mid1,q_midf21_several_ifs_fitb,fillb,fillb_low_confidence_key,0.6442307692307693,5
F22,mid1,q_midf21_several_ifs_fitb,fillb,fillb_low_confidence_key,0.6442307692307693,2
F22,mid1,q_midf21_several_ifs_fitb,fillb,fillb_low_confidence_key,0.6442307692307693,6
F22,mid1,q_midf21_several_ifs_fitb,fillb,fillb_low_confidence_key,0.6442307692307693,3
F22,mid1,q_midf21_several_ifs_fitb,fillb,fillb_low_confidence_key,0.6442307692307693,7
F22,mid1,q_midf21_several_ifs_fitb,fillb,fillb_low_confidence_key,0.6442307692307693,2
F22,mid1,q_midf21_several_ifs_fitb,fillb,fillb_low_confidence_key,0.6442307692307693,4
F22,mid1,q_midf21_several_ifs_fitb,fillb,fillb_low_confidence_key,0.6442307692307693,1
F22,mid1,q_midf21_several_ifs_fitb,fillb,fillb_low_confidence_key,0.6442307692307693,2
F22,mid1,q_midf21_several_ifs_fitb,fillb,fillb_low_confidence_key,0.6442307692307693,3
F22,mid1,q_midf21_several_ifs_fitb,fillb,fillb_low_confidence_key,0.6442307692307693,3
F22,mid1,q_midf21_several_ifs_fitb,fillb,fillb_low_confidence_key,0.6442307692307693,1
F22,mid1,q_midf21_several_ifs_fitb,fillb,fillb_low_confidence_key,0.6442307692307693,4
F22,mid1,q_midf21_several_ifs_fitb,fillb,fillb_low_confidence_key,0.6442307692307693,2
F22,mid1,q_midf21_several_ifs_fitb,fillb,fillb_low_confidence_key,0.6442307692307693,1
F22,mid1,q_midf21_several_ifs_fitb,fillb,fillb_low_confidence_key,0.6442307692307693,7
F22,mid1,q_midf21_several_ifs_fitb,fillb,fillb_low_confidence_key,0.6442307692307693,5
F22,mid1,q_midf21_several_ifs_fitb,fillb,fillb_low_confidence_key,0.6442307692307693,2
F22,mid1,q_midf21_several_ifs_fitb,fillb,fillb_low_confidence_key,0.6442307692307693,6
F22,mid1,q_midf21_several_ifs_fitb,fillb,fillb_low_confidence_key,0.6442307692307693,4
F22,mid1,q_midf21_several_ifs_fitb,fillb,fillb_low_confidence_key,0.6442307692307693,1
F22,mid1,q_midf21_several_ifs_fitb,fillb,fillb_low_confidence_key,0.6442307692307693,3
F22,mid1,q_midf21_several_ifs_fitb,fillb,fillb_low_confidence_key,0.6442307692307693,2
F22,mid1,q_midf21_several_ifs_fitb,fillb,fillb_low_confidence_key,0.6442307692307693,3
F22,mid1,q_midf21_several_ifs_fitb,fillb,fillb_low_confidence_key,0.6442307692307693,2
F22,mid1,q_midf21_several_ifs_fitb,fillb,fillb_low_confidence_key,0.6442307692307693,1
F22,mid1,q_midf21_several_ifs_fitb,fillb,fillb_low_confidence_key,0.6442307692307693,7
F22,mid1,q_midf21_several_ifs_fitb,fillb,fillb_low_confidence_key,0.6442307692307693,1
F22,mid1,q_midf21_several_ifs_fitb,fillb,fillb_low_confidence_key,0.6442307692307693,2
F22,mid1,q_midf21_several_ifs_fitb,fillb,fillb_low_confidence_key,0.6442307692307693,4
F22,mid1,q_midf21_several_ifs_fitb,fillb,fillb_low_confidence_key,0.6442307692307693,1
F22,mid1,q_midf21_several_ifs_fitb,fillb,fillb_low_confidence_key,0.6442307692307693,1
F22,mid1,q_midf21_several_ifs_fitb,fillb,fillb_low_confidence_key,0.6442307692307693,7
F22,mid1,q_midf21_several_ifs_fitb,fillb,fillb_low_confidence_key,0.6442307692307693,1
F22,mid1,q_midf21_several_ifs_fitb,fillb,fillb_low_confidence_key,0.6442307692307693,2
F22,mid1,q_midf21_several_ifs_fitb,fillb,fillb_low_confidence_key,0.6442307692307693,5
F22,mid1,q_midf21_several_ifs_fitb,fillb,fillb_low_confidence_key,0.6442307692307693,3
F22,mid1,q_midf21_several_ifs_fitb,fillb,fillb_low_confidence_key,0.6442307692307693,1
F22,mid1,q_midf21_several_ifs_fitb,fillb,fillb_low_confidence_key,0.6442307692307693,2
F22,mid1,q_midf21_several_ifs_fitb,fillb,fillb_low_confidence_key,0.6442307692307693,1
F22,mid1,q_midf21_several_ifs_fitb,fillb,fillb_low_confidence_key,0.6442307692307693,5
F22,mid1,q_midf21_several_ifs_fitb,fillb,fillb_low_confidence_key,0.6442307692307693,5
F22,mid1,q_midf21_several_ifs_fitb,fillb,fillb_low_confidence_key,0.6442307692307693,2
F22,mid1,q_midf21_several_ifs_fitb,fillb,fillb_low_confidence_key,0.6442307692307693,5
F22,mid1,q_midf21_several_ifs_fitb,fillb,fillb_low_confidence_key,0.6442307692307693,2
F22,mid1,q_midf21_several_ifs_fitb,fillb,fillb_low_confidence_key,0.6442307692307693,1
F22,mid1,q_midf21_several_ifs_fitb,fillb,fillb_low_confidence_key,0.6442307692307693,4
F22,mid1,q_midf21_several_ifs_fitb,fillb,fillb_low_confidence_key,0.6442307692307693,9
F22,mid1,q_midf21_several_ifs_fitb,fillb,fillb_low_confidence_key,0.6442307692307693,2
F22,mid1,q_midf21_several_ifs_fitb,fillb,fillb_low_confidence_key,0.6442307692307693,2
F22,mid1,q_midf21_several_ifs_fitb,fillb,fillb_low_confidence_key,0.6442307692307693,2
F22,mid1,q_midf21_several_ifs_fitb,fillb,fillb_low_confidence_key,0.6442307692307693,19
F22,mid1,q_midf21_several_ifs_fitb,fillb,fillb_low_confidence_key,0.6442307692307693,2
F22,mid1,q_midf21_several_ifs_fitb,fillb,fillb_low_confidence_key,0.6442307692307693,2
F22,mid1,q_midf21_several_ifs_fitb,fillb,fillb_low_confidence_key,0.6442307692307693,2
F22,mid1,q_midf21_several_ifs_fitb,fillb,fillb_low_confidence_key,0.6442307692307693,2
F22,mid1,q_midf21_several_ifs_fitb,fillb,fillb_low_confidence_key,0.6442307692307693,13
F22,mid1,q_midf21_several_ifs_fitb,fillb,fillb_low_confidence_key,0.6442307692307693,2
F22,mid1,q_midf21_several_ifs_fitb,fillb,fillb_low_confidence_key,0.6442307692307693,3
F22,mid1,q_midf21_several_ifs_fitb,fillb,fillb_low_confidence_key,0.6442307692307693,2
F22,mid1,q_midf21_several_ifs_fitb,fillb,fillb_low_confidence_key,0.6442307692307693,5
F22,mid1,q_midf21_several_ifs_fitb,fillb,fillb_low_confidence_key,0.6442307692307693,3
F22,mid1,q_midf21_several_ifs_fitb,fillb,fillb_low_confidence_key,0.6442307692307693,1
F22,mid1,q_midf21_several_ifs_fitb,fillb,fillb_low_confidence_key,0.6442307692307693,1
F22,mid1,q_midf21_several_ifs_fitb,fillb,fillb_low_confidence_key,0.6442307692307693,2
F22,mid1,q_midf21_several_ifs_fitb,fillb,fillb_low_confidence_key,0.6442307692307693,3
F22,mid1,q_midf21_several_ifs_fitb,fillb,fillb_low_confidence_key,0.6442307692307693,2
F22,mid1,q_midf21_several_ifs_fitb,fillb,fillb_low_confidence_key,0.6442307692307693,3
F22,mid1,q_midf21_several_ifs_fitb,fillb,fillb_low_confidence_key,0.6442307692307693,1
F22,mid1,q_midf21_several_ifs_fitb,fillb,fillb_low_confidence_key,0.6442307692307693,1
F22,mid1,q_midf21_several_ifs_fitb,fillb,fillb_low_confidence_key,0.6442307692307693,7
F22,mid1,q_midf21_several_ifs_fitb,fillb,fillb_low_confidence_key,0.6442307692307693,1
F22,mid1,q_midf21_several_ifs_fitb,fillb,fillb_low_confidence_key,0.6442307692307693,3
F22,mid1,q_midf21_several_ifs_fitb,fillb,fillb_low_confidence_key,0.6442307692307693,2
F22,mid1,q_midf21_several_ifs_fitb,fillb,fillb_low_confidence_key,0.6442307692307693,4
F22,mid1,q_midf21_several_ifs_fitb,fillb,fillb_low_confidence_key,0.6442307692307693,4
F22,mid1,q_midf21_several_ifs_fitb,fillb,fillb_low_confidence_key,0.6442307692307693,1
F22,mid1,q_midf21_several_ifs_fitb,fillb,fillb_low_confidence_key,0.6442307692307693,11
F22,mid1,q_midf21_several_ifs_fitb,fillb,fillb_low_confidence_key,0.6442307692307693,5
F22,mid1,q_midf21_several_ifs_fitb,fillb,fillb_low_confidence_key,0.6442307692307693,1
F22,mid1,q_midf21_several_ifs_fitb,fillb,fillb_low_confidence_key,0.6442307692307693,2
F22,mid1,q_midf21_several_ifs_fitb,fillb,fillb_low_confidence_key,0.6442307692307693,2
F22,mid1,q_midf21_several_ifs_fitb,fillb,fillb_low_confidence_key,0.6442307692307693,3
F22,mid1,q_midf21_several_ifs_fitb,fillb,fillb_low_confidence_key,0.6442307692307693,10
F22,mid1,q_midf21_several_ifs_fitb,fillb,fillb_low_confidence_key,0.6442307692307693,4
F22,mid1,q_midf21_several_ifs_fitb,fillb,fillb_low_confidence_key,0.6442307692307693,3
F22,mid1,q_midf21_several_ifs_fitb,fillb,fillb_low_confidence_key,0.6442307692307693,2
F22,mid1,q_midf21_several_ifs_fitb,fillb,fillb_low_confidence_key,0.6442307692307693,1
F22,mid1,q_midf21_several_ifs_fitb,fillb,fillb_low_confidence_key,0.6442307692307693,2
F22,mid1,q_midf21_several_ifs_fitb,fillb,fillb_low_confidence_key,0.6442307692307693,3
F22,mid1,q_midf21_several_ifs_fitb,fillb,fillb_low_confidence_key,0.6442307692307693,1
F22,mid1,q_midf21_several_ifs_fitb,fillb,fillb_low_confidence_key,0.6442307692307693,3
F22,mid1,q_midf21_several_ifs_fitb,fillb,fillb_low_confidence_key,0.6442307692307693,1
F22,mid1,q_midf21_several_ifs_fitb,fillb,fillb_low_confidence_key,0.6442307692307693,1
F22,mid1,q_midf21_several_ifs_fitb,fillb,fillb_low_confidence_key,0.6442307692307693,1
F22,mid1,q_midf21_several_ifs_fitb,fillb,fillb_low_confidence_key,0.6442307692307693,1
F22,mid1,q_midf21_several_ifs_fitb,fillb,fillb_low_confidence_key,0.6442307692307693,5
F22,mid1,q_midf21_several_ifs_fitb,fillb,fillb_low_confidence_key,0.6442307692307693,3
F22,mid1,q_midf21_several_ifs_fitb,fillb,fillb_low_confidence_key,0.6442307692307693,3
F22,mid1,q_midf21_several_ifs_fitb,fillb,fillb_low_confidence_key,0.6442307692307693,1
F22,mid1,q_midf21_several_ifs_fitb,fillb,fillb_low_confidence_key,0.6442307692307693,2
F22,mid1,q_midf21_several_ifs_fitb,fillb,fillb_low_confidence_key,0.6442307692307693,4
F22,mid1,q_midf21_several_ifs_fitb,fillb,fillb_low_confidence_key,0.6442307692307693,4
F22,mid1,q_midf21_several_ifs_fitb,fillb,fillb_low_confidence_key,0.6442307692307693,2
F22,mid1,q_midf21_several_ifs_fitb,fillb,fillb_low_confidence_key,0.6442307692307693,1
F22,mid1,q_midf21_several_ifs_fitb,fillb,fillb_low_confidence_key,0.6442307692307693,1
F22,mid1,q_midf21_several_ifs_fitb,fillb,fillb_low_confidence_key,0.6442307692307693,1
F22,mid1,q_midf21_several_ifs_fitb,fillb,fillb_low_confidence_key,0.6442307692307693,4
F22,mid1,q_midf21_several_ifs_fitb,fillb,fillb_low_confidence_key,0.6442307692307693,3
F22,mid1,q_midf21_several_ifs_fitb,fillb,fillb_low_confidence_key,0.6442307692307693,3
F22,mid1,q_midf21_several_ifs_fitb,fillb,fillb_low_confidence_key,0.6442307692307693,2
F22,mid1,q_midf21_several_ifs_fitb,fillb,fillb_low_confidence_key,0.6442307692307693,3
F22,mid1,q_midf21_several_ifs_fitb,fillb,fillb_low_confidence_key,0.6442307692307693,3
F22,mid1,q_midf21_several_ifs_fitb,fillb,fillb_low_confidence_key,0.6442307692307693,4
F22,mid1,q_midf21_several_ifs_fitb,fillb,fillb_low_confidence_key,0.6442307692307693,1
F23,mid2,beautifulsoup_fill,fillb,fillb_low_confidence_key,0.61,11
F23,mid2,beautifulsoup_fill,fillb,fillb_low_confidence_key,0.61,2
F23,mid2,beautifulsoup_fill,fillb,fillb_low_confidence_key,0.61,5
F23,mid2,beautifulsoup_fill,fillb,fillb_low_confidence_key,0.61,6
F23,mid2,beautifulsoup_fill,fillb,fillb_low_confidence_key,0.61,6
F23,mid2,beautifulsoup_fill,fillb,fillb_low_confidence_key,0.61,4
F23,mid2,beautifulsoup_fill,fillb,fillb_low_confidence_key,0.61,4
F23,mid2,beautifulsoup_fill,fillb,fillb_low_confidence_key,0.61,3
F23,mid2,beautifulsoup_fill,fillb,fillb_low_confidence_key,0.61,2
F23,mid2,beautifulsoup_fill,fillb,fillb_low_confidence_key,0.61,3
F23,mid2,beautifulsoup_fill,fillb,fillb_low_confidence_key,0.61,1
F23,mid2,beautifulsoup_fill,fillb,fillb_low_confidence_key,0.61,6
F23,mid2,beautifulsoup_fill,fillb,fillb_low_confidence_key,0.61,2
F23,mid2,beautifulsoup_fill,fillb,fillb_low_confidence_key,0.61,2
F23,mid2,beautifulsoup_fill,fillb,fillb_low_confidence_key,0.61,4
F23,mid2,beautifulsoup_fill,fillb,fillb_low_confidence_key,0.61,9
F23,mid2,beautifulsoup_fill,fillb,fillb_low_confidence_key,0.61,3
F23,mid2,beautifulsoup_fill,fillb,fillb_low_confidence_key,0.61,10
F23,mid2,beautifulsoup_fill,fillb,fillb_low_confidence_key,0.61,4
F23,mid2,beautifulsoup_fill,fillb,fillb_low_confidence_key,0.61,11
F23,mid2,beautifulsoup_fill,fillb,fillb_low_confidence_key,0.61,2
F23,mid2,beautifulsoup_fill,fillb,fillb_low_confidence_key,0.61,5
F23,mid2,beautifulsoup_fill,fillb,fillb_low_confidence_key,0.61,1
F23,mid2,beautifulsoup_fill,fillb,fillb_low_confidence_key,0.61,16
F23,mid2,beautifulsoup_fill,fillb,fillb_low_confidence_key,0.61,7
F23,mid2,beautifulsoup_fill,fillb,fillb_low_confidence_key,0.61,2
F23,mid2,beautifulsoup_fill,fillb,fillb_low_confidence_key,0.61,2
F23,mid2,beautifulsoup_fill,fillb,fillb_low_confidence_key,0.61,6
F23,mid2,beautifulsoup_fill,fillb,fillb_low_confidence_key,0.61,2
F23,mid2,beautifulsoup_fill,fillb,fillb_low_confidence_key,0.61,8
F23,mid2,beautifulsoup_fill,fillb,fillb_low_confidence_key,0.61,10
F23,mid2,beautifulsoup_fill,fillb,fillb_low_confidence_key,0.61,9
F23,mid2,beautifulsoup_fill,fillb,fillb_low_confidence_key,0.61,4
F23,mid2,beautifulsoup_fill,fillb,fillb_low_confidence_key,0.61,2
F23,mid2,beautifulsoup_fill,fillb,fillb_low_confidence_key,0.61,5
F23,mid2,beautifulsoup_fill,fillb,fillb_low_confidence_key,0.61,6
F23,mid2,beautifulsoup_fill,fillb,fillb_low_confidence_key,0.61,3
F23,mid2,beautifulsoup_fill,fillb,fillb_low_confidence_key,0.61,2
F23,mid2,beautifulsoup_fill,fillb,fillb_low_confidence_key,0.61,9
F23,mid2,beautifulsoup_fill,fillb,fillb_low_confidence_key,0.61,2
F23,mid2,beautifulsoup_fill,fillb,fillb_low_confidence_key,0.61,3
F23,mid2,beautifulsoup_fill,fillb,fillb_low_confidence_key,0.61,5
F23,mid2,beautifulsoup_fill,fillb,fillb_low_confidence_key,0.61,2
F23,mid2,beautifulsoup_fill,fillb,fillb_low_confidence_key,0.61,5
F23,mid2,beautifulsoup_fill,fillb,fillb_low_confidence_key,0.61,1
F23,mid2,beautifulsoup_fill,fillb,fillb_low_confidence_key,0.61,5
F23,mid2,beautifulsoup_fill,fillb,fillb_low_confidence_key,0.61,8
F23,mid2,beautifulsoup_fill,fillb,fillb_low_confidence_key,0.61,2
F23,mid2,beautifulsoup_fill,fillb,fillb_low_confidence_key,0.61,18
F23,mid2,beautifulsoup_fill,fillb,fillb_low_confidence_key,0.61,5
F23,mid2,beautifulsoup_fill,fillb,fillb_low_confidence_key,0.61,3
F23,mid2,beautifulsoup_fill,fillb,fillb_low_confidence_key,0.61,6
F23,mid2,beautifulsoup_fill,fillb,fillb_low_confidence_key,0.61,4
F23,mid2,beautifulsoup_fill,fillb,fillb_low_confidence_key,0.61,5
F23,mid2,beautifulsoup_fill,fillb,fillb_low_confidence_key,0.61,4
F23,mid2,beautifulsoup_fill,fillb,fillb_low_confidence_key,0.61,6
F23,mid2,beautifulsoup_fill,fillb,fillb_low_confidence_key,0.61,7
F23,mid2,beautifulsoup_fill,fillb,fillb_low_confidence_key,0.61,8
F23,mid2,beautifulsoup_fill,fillb,fillb_low_confidence_key,0.61,2
F23,mid2,beautifulsoup_fill,fillb,fillb_low_confidence_key,0.61,5
F23,mid2,beautifulsoup_fill,fillb,fillb_low_confidence_key,0.61,3
F23,mid2,beautifulsoup_fill,fillb,fillb_low_confidence_key,0.61,5
F23,mid2,beautifulsoup_fill,fillb,fillb_low_confidence_key,0.61,4
F23,mid2,beautifulsoup_fill,fillb,fillb_low_confidence_key,0.61,4
F23,mid2,beautifulsoup_fill,fillb,fillb_low_confidence_key,0.61,10
F23,mid2,beautifulsoup_fill,fillb,fillb_low_confidence_key,0.61,5
F23,mid2,beautifulsoup_fill,fillb,fillb_low_confidence_key,0.61,5
F23,mid2,beautifulsoup_fill,fillb,fillb_low_confidence_key,0.61,2
F23,mid2,beautifulsoup_fill,fillb,fillb_low_confidence_key,0.61,1
F23,mid2,beautifulsoup_fill,fillb,fillb_low_confidence_key,0.61,8
F23,mid2,beautifulsoup_fill,fillb,fillb_low_confidence_key,0.61,2
F23,mid2,beautifulsoup_fill,fillb,fillb_low_confidence_key,0.61,3
F23,mid2,beautifulsoup_fill,fillb,fillb_low_confidence_key,0.61,5
F23,mid2,beautifulsoup_fill,fillb,fillb_low_confidence_key,0.61,1
F23,mid2,beautifulsoup_fill,fillb,fillb_low_confidence_key,0.61,7
F23,mid2,beautifulsoup_fill,fillb,fillb_low_confidence_key,0.61,3
F23,mid2,beautifulsoup_fill,fillb,fillb_low_confidence_key,0.61,1
F23,mid2,beautifulsoup_fill,fillb,fillb_low_confidence_key,0.61,2
F23,mid2,beautifulsoup_fill,fillb,fillb_low_confidence_key,0.61,7
F23,mid2,beautifulsoup_fill,fillb,fillb_low_confidence_key,0.61,3
F23,mid2,beautifulsoup_fill,fillb,fillb_low_confidence_key,0.61,1
F23,mid2,beautifulsoup_fill,fillb,fillb_low_confidence_key,0.61,2
F23,mid2,beautifulsoup_fill,fillb,fillb_low_confidence_key,0.61,3
F23,mid2,beautifulsoup_fill,fillb,fillb_low_confidence_key,0.61,13
F23,mid2,beautifulsoup_fill,fillb,fillb_low_confidence_key,0.61,7
F23,mid2,beautifulsoup_fill,fillb,fillb_low_confidence_key,0.61,3
F23,mid2,beautifulsoup_fill,fillb,fillb_low_confidence_key,0.61,4
F23,mid2,beautifulsoup_fill,fillb,fillb_low_confidence_key,0.61,1
F23,mid2,beautifulsoup_fill,fillb,fillb_low_confidence_key,0.61,2
F23,mid2,beautifulsoup_fill,fillb,fillb_low_confidence_key,0.61,3
F23,mid2,beautifulsoup_fill,fillb,fillb_low_confidence_key,0.61,2
F23,mid2,beautifulsoup_fill,fillb,fillb_low_confidence_key,0.61,4
F23,mid2,beautifulsoup_fill,fillb,fillb_low_confidence_key,0.61,2
F23,mid2,beautifulsoup_fill,fillb,fillb_low_confidence_key,0.61,2
F23,mid2,beautifulsoup_fill,fillb,fillb_low_confidence_key,0.61,2
F23,mid2,beautifulsoup_fill,fillb,fillb_low_confidence_key,0.61,3
F23,mid2,beautifulsoup_fill,fillb,fillb_low_confidence_key,0.61,2
F23,mid2,beautifulsoup_fill,fillb,fillb_low_confidence_key,0.61,2
F23,mid2,beautifulsoup_fill,fillb,fillb_low_confidence_key,0.61,3
F23,mid2,beautifulsoup_fill,fillb,fillb_low_confidence_key,0.61,2
F23,mid2,beautifulsoup_fill,fillb,fillb_low_confidence_key,0.61,2
F23,mid2,beautifulsoup_fill,fillb,fillb_low_confidence_key,0.61,6
F23,mid2,beautifulsoup_fill,fillb,fillb_low_confidence_key,0.61,6
F23,mid2,beautifulsoup_fill,fillb,fillb_low_confidence_key,0.61,3
F23,mid2,beautifulsoup_fill,fillb,fillb_low_confidence_key,0.61,5
F23,mid2,beautifulsoup_fill,fillb,fillb_low_confidence_key,0.61,2
F23,mid2,beautifulsoup_fill,fillb,fillb_low_confidence_key,0.61,6
F23,mid2,beautifulsoup_fill,fillb,fillb_low_confidence_key,0.61,2
F23,mid2,beautifulsoup_fill,fillb,fillb_low_confidence_key,0.61,2
F23,mid2,beautifulsoup_fill,fillb,fillb_low_confidence_key,0.61,2
F23,mid2,beautifulsoup_fill,fillb,fillb_low_confidence_key,0.61,2
F23,mid2,beautifulsoup_fill,fillb,fillb_low_confidence_key,0.61,4
F23,mid2,beautifulsoup_fill,fillb,fillb_low_confidence_key,0.61,1
F23,mid2,beautifulsoup_fill,fillb,fillb_low_confidence_key,0.61,9
F23,mid2,beautifulsoup_fill,fillb,fillb_low_confidence_key,0.61,1
F23,mid2,beautifulsoup_fill,fillb,fillb_low_confidence_key,0.61,1
F23,mid2,beautifulsoup_fill,fillb,fillb_low_confidence_key,0.61,2
F23,mid2,beautifulsoup_fill,fillb,fillb_low_confidence_key,0.61,3
F23,mid2,beautifulsoup_fill,fillb,fillb_low_confidence_key,0.61,2
F23,mid2,beautifulsoup_fill,fillb,fillb_low_confidence_key,0.61,2
F23,mid2,beautifulsoup_fill,fillb,fillb_low_confidence_key,0.61,2
F23,mid2,beautifulsoup_fill,fillb,fillb_low_confidence_key,0.61,2
F23,mid2,beautifulsoup_fill,fillb,fillb_low_confidence_key,0.61,3
F23,mid2,beautifulsoup_fill,fillb,fillb_low_confidence_key,0.61,3
F23,mid2,beautifulsoup_fill,fillb,fillb_low_confidence_key,0.61,1
F23,mid2,beautifulsoup_fill,fillb,fillb_low_confidence_key,0.61,3
F23,mid2,beautifulsoup_fill,fillb,fillb_low_confidence_key,0.61,1
F23,mid2,beautifulsoup_fill,fillb,fillb_low_confidence_key,0.61,2
F23,mid2,beautifulsoup_fill,fillb,fillb_low_confidence_key,0.61,1
F23,mid2,beautifulsoup_fill,fillb,fillb_low_confidence_key,0.61,1
F23,mid2,beautifulsoup_fill,fillb,fillb_low_confidence_key,0.61,2
F23,mid2,beautifulsoup_fill,fillb,fillb_low_confidence_key,0.61,4
F23,mid2,beautifulsoup_fill,fillb,fillb_low_confidence_key,0.61,5
F23,mid2,beautifulsoup_fill,fillb,fillb_low_confidence_key,0.61,2
F23,mid2,beautifulsoup_fill,fillb,fillb_low_confidence_key,0.61,1
F23,mid2,beautifulsoup_fill,fillb,fillb_low_confidence_key,0.61,4
F23,mid2,beautifulsoup_fill,fillb,fillb_low_confidence_key,0.61,1
F23,mid2,beautifulsoup_fill,fillb,fillb_low_confidence_key,0.61,2
F23,mid2,beautifulsoup_fill,fillb,fillb_low_confidence_key,0.61,1
F23,mid2,beautifulsoup_fill,fillb,fillb_low_confidence_key,0.61,4
F23,mid2,beautifulsoup_fill,fillb,fillb_low_confidence_key,0.61,7
F23,mid2,beautifulsoup_fill,fillb,fillb_low_confidence_key,0.61,1
F23,mid2,beautifulsoup_fill,fillb,fillb_low_confidence_key,0.61,1
F23,mid2,beautifulsoup_fill,fillb,fillb_low_confidence_key,0.61,2
F23,mid2,beautifulsoup_fill,fillb,fillb_low_confidence_key,0.61,3
F23,mid2,beautifulsoup_fill,fillb,fillb_low_confidence_key,0.61,3
F23,mid2,file-open-fitb-object,fillb,fillb_low_confidence_key,0.5,1
F23,mid2,listPars_fill1,fillb,fillb_low_confidence_key,0.6,1
F23,mid2,mid2_find_carrot_fib,fillb,fillb_low_confidence_key,0.25773195876288657,5
F23,mid2,mid2_find_carrot_fib,fillb,fillb_low_confidence_key,0.25773195876288657,2
F23,mid2,mid2_find_carrot_fib,fillb,fillb_low_confidence_key,0.25773195876288657,3
F23,mid2,mid2_find_carrot_fib,fillb,fillb_low_confidence_key,0.25773195876288657,20
F23,mid2,mid2_find_carrot_fib,fillb,fillb_low_confidence_key,0.25773195876288657,3
F23,mid2,mid2_find_carrot_fib,fillb,fillb_low_confidence_key,0.25773195876288657,3
F23,mid2,mid2_find_carrot_fib,fillb,fillb_low_confidence_key,0.25773195876288657,4
F23,mid2,mid2_find_carrot_fib,fillb,fillb_low_confidence_key,0.25773195876288657,4
F23,mid2,mid2_find_carrot_fib,fillb,fillb_low_confidence_key,0.25773195876288657,2
F23,mid2,mid2_find_carrot_fib,fillb,fillb_low_confidence_key,0.25773195876288657,9
F23,mid2,mid2_find_carrot_fib,fillb,fillb_low_confidence_key,0.25773195876288657,1
F23,mid2,mid2_find_carrot_fib,fillb,fillb_low_confidence_key,0.25773195876288657,4
F23,mid2,mid2_find_carrot_fib,fillb,fillb_low_confidence_key,0.25773195876288657,2
F23,mid2,mid2_find_carrot_fib,fillb,fillb_low_confidence_key,0.25773195876288657,2
F23,mid2,mid2_find_carrot_fib,fillb,fillb_low_confidence_key,0.25773195876288657,4
F23,mid2,mid2_find_carrot_fib,fillb,fillb_low_confidence_key,0.25773195876288657,7
F23,mid2,mid2_find_carrot_fib,fillb,fillb_low_confidence_key,0.25773195876288657,10
F23,mid2,mid2_find_carrot_fib,fillb,fillb_low_confidence_key,0.25773195876288657,12
F23,mid2,mid2_find_carrot_fib,fillb,fillb_low_confidence_key,0.25773195876288657,4
F23,mid2,mid2_find_carrot_fib,fillb,fillb_low_confidence_key,0.25773195876288657,11
F23,mid2,mid2_find_carrot_fib,fillb,fillb_low_confidence_key,0.25773195876288657,2
F23,mid2,mid2_find_carrot_fib,fillb,fillb_low_confidence_key,0.25773195876288657,2
F23,mid2,mid2_find_carrot_fib,fillb,fillb_low_confidence_key,0.25773195876288657,4
F23,mid2,mid2_find_carrot_fib,fillb,fillb_low_confidence_key,0.25773195876288657,16
F23,mid2,mid2_find_carrot_fib,fillb,fillb_low_confidence_key,0.25773195876288657,13
F23,mid2,mid2_find_carrot_fib,fillb,fillb_low_confidence_key,0.25773195876288657,7
F23,mid2,mid2_find_carrot_fib,fillb,fillb_low_confidence_key,0.25773195876288657,6
F23,mid2,mid2_find_carrot_fib,fillb,fillb_low_confidence_key,0.25773195876288657,4
F23,mid2,mid2_find_carrot_fib,fillb,fillb_low_confidence_key,0.25773195876288657,2
F23,mid2,mid2_find_carrot_fib,fillb,fillb_low_confidence_key,0.25773195876288657,6
F23,mid2,mid2_find_carrot_fib,fillb,fillb_low_confidence_key,0.25773195876288657,12
F23,mid2,mid2_find_carrot_fib,fillb,fillb_low_confidence_key,0.25773195876288657,7
F23,mid2,mid2_find_carrot_fib,fillb,fillb_low_confidence_key,0.25773195876288657,5
F23,mid2,mid2_find_carrot_fib,fillb,fillb_low_confidence_key,0.25773195876288657,6
F23,mid2,mid2_find_carrot_fib,fillb,fillb_low_confidence_key,0.25773195876288657,5
F23,mid2,mid2_find_carrot_fib,fillb,fillb_low_confidence_key,0.25773195876288657,8
F23,mid2,mid2_find_carrot_fib,fillb,fillb_low_confidence_key,0.25773195876288657,4
F23,mid2,mid2_find_carrot_fib,fillb,fillb_low_confidence_key,0.25773195876288657,6
F23,mid2,mid2_find_carrot_fib,fillb,fillb_low_confidence_key,0.25773195876288657,7
F23,mid2,mid2_find_carrot_fib,fillb,fillb_low_confidence_key,0.25773195876288657,2
F23,mid2,mid2_find_carrot_fib,fillb,fillb_low_confidence_key,0.25773195876288657,4
F23,mid2,mid2_find_carrot_fib,fillb,fillb_low_confidence_key,0.25773195876288657,3
F23,mid2,mid2_find_carrot_fib,fillb,fillb_low_confidence_key,0.25773195876288657,2
F23,mid2,mid2_find_carrot_fib,fillb,fillb_low_confidence_key,0.25773195876288657,7
F23,mid2,mid2_find_carrot_fib,fillb,fillb_low_confidence_key,0.25773195876288657,1
F23,mid2,mid2_find_carrot_fib,fillb,fillb_low_confidence_key,0.25773195876288657,3
F23,mid2,mid2_find_carrot_fib,fillb,fillb_low_confidence_key,0.25773195876288657,7
F23,mid2,mid2_find_carrot_fib,fillb,fillb_low_confidence_key,0.25773195876288657,3
F23,mid2,mid2_find_carrot_fib,fillb,fillb_low_confidence_key,0.25773195876288657,11
F23,mid2,mid2_find_carrot_fib,fillb,fillb_low_confidence_key,0.25773195876288657,7
F23,mid2,mid2_find_carrot_fib,fillb,fillb_low_confidence_key,0.25773195876288657,3
F23,mid2,mid2_find_carrot_fib,fillb,fillb_low_confidence_key,0.25773195876288657,6
F23,mid2,mid2_find_carrot_fib,fillb,fillb_low_confidence_key,0.25773195876288657,14
F23,mid2,mid2_find_carrot_fib,fillb,fillb_low_confidence_key,0.25773195876288657,5
F23,mid2,mid2_find_carrot_fib,fillb,fillb_low_confidence_key,0.25773195876288657,5
F23,mid2,mid2_find_carrot_fib,fillb,fillb_low_confidence_key,0.25773195876288657,6
F23,mid2,mid2_find_carrot_fib,fillb,fillb_low_confidence_key,0.25773195876288657,15
F23,mid2,mid2_find_carrot_fib,fillb,fillb_low_confidence_key,0.25773195876288657,10
F23,mid2,mid2_find_carrot_fib,fillb,fillb_low_confidence_key,0.25773195876288657,3
F23,mid2,mid2_find_carrot_fib,fillb,fillb_low_confidence_key,0.25773195876288657,5
F23,mid2,mid2_find_carrot_fib,fillb,fillb_low_confidence_key,0.25773195876288657,3
F23,mid2,mid2_find_carrot_fib,fillb,fillb_low_confidence_key,0.25773195876288657,7
F23,mid2,mid2_find_carrot_fib,fillb,fillb_low_confidence_key,0.25773195876288657,5
F23,mid2,mid2_find_carrot_fib,fillb,fillb_low_confidence_key,0.25773195876288657,3
F23,mid2,mid2_find_carrot_fib,fillb,fillb_low_confidence_key,0.25773195876288657,10
F23,mid2,mid2_find_carrot_fib,fillb,fillb_low_confidence_key,0.25773195876288657,11
F23,mid2,mid2_find_carrot_fib,fillb,fillb_low_confidence_key,0.25773195876288657,5
F23,mid2,mid2_find_carrot_fib,fillb,fillb_low_confidence_key,0.25773195876288657,5
F23,mid2,mid2_find_carrot_fib,fillb,fillb_low_confidence_key,0.25773195876288657,1
F23,mid2,mid2_find_carrot_fib,fillb,fillb_low_confidence_key,0.25773195876288657,6
F23,mid2,mid2_find_carrot_fib,fillb,fillb_low_confidence_key,0.25773195876288657,3
F23,mid2,mid2_find_carrot_fib,fillb,fillb_low_confidence_key,0.25773195876288657,3
F23,mid2,mid2_find_carrot_fib,fillb,fillb_low_confidence_key,0.25773195876288657,4
F23,mid2,mid2_find_carrot_fib,fillb,fillb_low_confidence_key,0.25773195876288657,1
F23,mid2,mid2_find_carrot_fib,fillb,fillb_low_confidence_key,0.25773195876288657,12
F23,mid2,mid2_find_carrot_fib,fillb,fillb_low_confidence_key,0.25773195876288657,1
F23,mid2,mid2_find_carrot_fib,fillb,fillb_low_confidence_key,0.25773195876288657,3
F23,mid2,mid2_find_carrot_fib,fillb,fillb_low_confidence_key,0.25773195876288657,2
F23,mid2,mid2_find_carrot_fib,fillb,fillb_low_confidence_key,0.25773195876288657,2
F23,mid2,mid2_find_carrot_fib,fillb,fillb_low_confidence_key,0.25773195876288657,2
F23,mid2,mid2_find_carrot_fib,fillb,fillb_low_confidence_key,0.25773195876288657,2
F23,mid2,mid2_find_carrot_fib,fillb,fillb_low_confidence_key,0.25773195876288657,1
F23,mid2,mid2_find_carrot_fib,fillb,fillb_low_confidence_key,0.25773195876288657,7
F23,mid2,mid2_find_carrot_fib,fillb,fillb_low_confidence_key,0.25773195876288657,6
F23,mid2,mid2_find_carrot_fib,fillb,fillb_low_confidence_key,0.25773195876288657,3
F23,mid2,mid2_find_carrot_fib,fillb,fillb_low_confidence_key,0.25773195876288657,6
F23,mid2,mid2_find_carrot_fib,fillb,fillb_low_confidence_key,0.25773195876288657,1
F23,mid2,mid2_find_carrot_fib,fillb,fillb_low_confidence_key,0.25773195876288657,2
F23,mid2,mid2_find_carrot_fib,fillb,fillb_low_confidence_key,0.25773195876288657,5
F23,mid2,mid2_find_carrot_fib,fillb,fillb_low_confidence_key,0.25773195876288657,2
F23,mid2,mid2_find_carrot_fib,fillb,fillb_low_confidence_key,0.25773195876288657,2
F23,mid2,mid2_find_carrot_fib,fillb,fillb_low_confidence_key,0.25773195876288657,2
F23,mid2,mid2_find_carrot_fib,fillb,fillb_low_confidence_key,0.25773195876288657,2
F23,mid2,mid2_find_carrot_fib,fillb,fillb_low_confidence_key,0.25773195876288657,12
F23,mid2,mid2_find_carrot_fib,fillb,fillb_low_confidence_key,0.25773195876288657,3
F23,mid2,mid2_find_carrot_fib,fillb,fillb_low_confidence_key,0.25773195876288657,2
F23,mid2,mid2_find_carrot_fib,fillb,fillb_low_confidence_key,0.25773195876288657,2
F23,mid2,mid2_find_carrot_fib,fillb,fillb_low_confidence_key,0.25773195876288657,4
F23,mid2,mid2_find_carrot_fib,fillb,fillb_low_confidence_key,0.25773195876288657,5
F23,mid2,mid2_find_carrot_fib,fillb,fillb_low_confidence_key,0.25773195876288657,2
F23,mid2,mid2_find_carrot_fib,fillb,fillb_low_confidence_key,0.25773195876288657,3
F23,mid2,mid2_find_carrot_fib,fillb,fillb_low_confidence_key,0.25773195876288657,4
F23,mid2,mid2_find_carrot_fib,fillb,fillb_low_confidence_key,0.25773195876288657,3
F23,mid2,mid2_find_carrot_fib,fillb,fillb_low_confidence_key,0.25773195876288657,5
F23,mid2,mid2_find_carrot_fib,fillb,fillb_low_confidence_key,0.25773195876288657,1
F23,mid2,mid2_find_carrot_fib,fillb,fillb_low_confidence_key,0.25773195876288657,4
F23,mid2,mid2_find_carrot_fib,fillb,fillb_low_confidence_key,0.25773195876288657,1
F23,mid2,mid2_find_carrot_fib,fillb,fillb_low_confidence_key,0.25773195876288657,2
F23,mid2,mid2_find_carrot_fib,fillb,fillb_low_confidence_key,0.25773195876288657,4
F23,mid2,mid2_find_carrot_fib,fillb,fillb_low_confidence_key,0.25773195876288657,4
F23,mid2,mid2_find_carrot_fib,fillb,fillb_low_confidence_key,0.25773195876288657,5
F23,mid2,mid2_find_carrot_fib,fillb,fillb_low_confidence_key,0.25773195876288657,1
F23,mid2,mid2_find_carrot_fib,fillb,fillb_low_confidence_key,0.25773195876288657,5
F23,mid2,mid2_find_carrot_fib,fillb,fillb_low_confidence_key,0.25773195876288657,1
F23,mid2,mid2_find_carrot_fib,fillb,fillb_low_confidence_key,0.25773195876288657,3
F23,mid2,mid2_find_carrot_fib,fillb,fillb_low_confidence_key,0.25773195876288657,2
F23,mid2,mid2_find_carrot_fib,fillb,fillb_low_confidence_key,0.25773195876288657,4
F23,mid2,mid2_find_carrot_fib,fillb,fillb_low_confidence_key,0.25773195876288657,2
F23,mid2,mid2_find_carrot_fib,fillb,fillb_low_confidence_key,0.25773195876288657,2
F23,mid2,mid2_find_carrot_fib,fillb,fillb_low_confidence_key,0.25773195876288657,2
F23,mid2,mid2_find_carrot_fib,fillb,fillb_low_confidence_key,0.25773195876288657,2
F23,mid2,mid2_find_carrot_fib,fillb,fillb_low_confidence_key,0.25773195876288657,2
F23,mid2,mid2_find_carrot_fib,fillb,fillb_low_confidence_key,0.25773195876288657,8
F23,mid2,mid2_find_carrot_fib,fillb,fillb_low_confidence_key,0.25773195876288657,1
F23,mid2,mid2_find_carrot_fib,fillb,fillb_low_confidence_key,0.25773195876288657,3
F23,mid2,mid2_find_carrot_fib,fillb,fillb_low_confidence_key,0.25773195876288657,1
F23,mid2,mid2_find_carrot_fib,fillb,fillb_low_confidence_key,0.25773195876288657,1
F23,mid2,mid2_find_carrot_fib,fillb,fillb_low_confidence_key,0.25773195876288657,2
F23,mid2,mid2_find_carrot_fib,fillb,fillb_low_confidence_key,0.25773195876288657,1
F23,mid2,mid2_find_carrot_fib,fillb,fillb_low_confidence_key,0.25773195876288657,3
F23,mid2,mid2_find_carrot_fib,fillb,fillb_low_confidence_key,0.25773195876288657,7
F23,mid2,mid2_find_carrot_fib,fillb,fillb_low_confidence_key,0.25773195876288657,2
F23,mid2,mid2_find_carrot_fib,fillb,fillb_low_confidence_key,0.25773195876288657,2
F23,mid2,mid2_find_carrot_fib,fillb,fillb_low_confidence_key,0.25773195876288657,1
F23,mid2,mid2_find_carrot_fib,fillb,fillb_low_confidence_key,0.25773195876288657,4
F23,mid2,mid2_find_carrot_fib,fillb,fillb_low_confidence_key,0.25773195876288657,1
F23,mid2,mid2_find_carrot_fib,fillb,fillb_low_confidence_key,0.25773195876288657,3
F23,mid2,mid2_find_carrot_fib,fillb,fillb_low_confidence_key,0.25773195876288657,1
F23,mid2,mid2_find_carrot_fib,fillb,fillb_low_confidence_key,0.25773195876288657,5
F23,mid2,mid2_find_carrot_fib,fillb,fillb_low_confidence_key,0.25773195876288657,5
F23,mid2,mid2_find_carrot_fib,fillb,fillb_low_confidence_key,0.25773195876288657,1
F23,mid2,mid2_find_carrot_fib,fillb,fillb_low_confidence_key,0.25773195876288657,1
F23,mid2,mid2_find_carrot_fib,fillb,fillb_low_confidence_key,0.25773195876288657,3
F23,mid2,mid2_find_carrot_fib,fillb,fillb_low_confidence_key,0.25773195876288657,6
F23,mid2,mid2_find_carrot_fib,fillb,fillb_low_confidence_key,0.25773195876288657,8
F23,mid2,mid2_w22_find_all_wb_fitb,fillb,fillb_low_confidence_key,0.3,5
F23,mid2,mid_2_html_attr_fill,fillb,fillb_low_confidence_key,0.5555555555555556,6
F23,mid2,mid_2_html_attr_fill,fillb,fillb_low_confidence_key,0.5555555555555556,1
F23,mid2,mid_2_html_attr_fill,fillb,fillb_low_confidence_key,0.5555555555555556,9
F23,mid2,mid_2_html_attr_fill,fillb,fillb_low_confidence_key,0.5555555555555556,10
F23,mid2,mid_2_html_attr_fill,fillb,fillb_low_confidence_key,0.5555555555555556,3
F23,mid2,mid_2_html_attr_fill,fillb,fillb_low_confidence_key,0.5555555555555556,3
F23,mid2,mid_2_html_attr_fill,fillb,fillb_low_confidence_key,0.5555555555555556,4
F23,mid2,mid_2_html_attr_fill,fillb,fillb_low_confidence_key,0.5555555555555556,4
F23,mid2,mid_2_html_attr_fill,fillb,fillb_low_confidence_key,0.5555555555555556,2
F23,mid2,mid_2_html_attr_fill,fillb,fillb_low_confidence_key,0.5555555555555556,5
F23,mid2,mid_2_html_attr_fill,fillb,fillb_low_confidence_key,0.5555555555555556,3
F23,mid2,mid_2_html_attr_fill,fillb,fillb_low_confidence_key,0.5555555555555556,2
F23,mid2,mid_2_html_attr_fill,fillb,fillb_low_confidence_key,0.5555555555555556,2
F23,mid2,mid_2_html_attr_fill,fillb,fillb_low_confidence_key,0.5555555555555556,2
F23,mid2,mid_2_html_attr_fill,fillb,fillb_low_confidence_key,0.5555555555555556,4
F23,mid2,mid_2_html_attr_fill,fillb,fillb_low_confidence_key,0.5555555555555556,1
F23,mid2,mid_2_html_attr_fill,fillb,fillb_low_confidence_key,0.5555555555555556,6
F23,mid2,mid_2_html_attr_fill,fillb,fillb_low_confidence_key,0.5555555555555556,10
F23,mid2,mid_2_html_attr_fill,fillb,fillb_low_confidence_key,0.5555555555555556,6
F23,mid2,mid_2_html_attr_fill,fillb,fillb_low_confidence_key,0.5555555555555556,6
F23,mid2,mid_2_html_attr_fill,fillb,fillb_low_confidence_key,0.5555555555555556,2
F23,mid2,mid_2_html_attr_fill,fillb,fillb_low_confidence_key,0.5555555555555556,3
F23,mid2,mid_2_html_attr_fill,fillb,fillb_low_confidence_key,0.5555555555555556,1
F23,mid2,mid_2_html_attr_fill,fillb,fillb_low_confidence_key,0.5555555555555556,10
F23,mid2,mid_2_html_attr_fill,fillb,fillb_low_confidence_key,0.5555555555555556,3
F23,mid2,mid_2_html_attr_fill,fillb,fillb_low_confidence_key,0.5555555555555556,7
F23,mid2,mid_2_html_attr_fill,fillb,fillb_low_confidence_key,0.5555555555555556,4
F23,mid2,mid_2_html_attr_fill,fillb,fillb_low_confidence_key,0.5555555555555556,3
F23,mid2,mid_2_html_attr_fill,fillb,fillb_low_confidence_key,0.5555555555555556,3
F23,mid2,mid_2_html_attr_fill,fillb,fillb_low_confidence_key,0.5555555555555556,8
F23,mid2,mid_2_html_attr_fill,fillb,fillb_low_confidence_key,0.5555555555555556,17
F23,mid2,mid_2_html_attr_fill,fillb,fillb_low_confidence_key,0.5555555555555556,6
F23,mid2,mid_2_html_attr_fill,fillb,fillb_low_confidence_key,0.5555555555555556,9
F23,mid2,mid_2_html_attr_fill,fillb,fillb_low_confidence_key,0.5555555555555556,3
F23,mid2,mid_2_html_attr_fill,fillb,fillb_low_confidence_key,0.5555555555555556,4
F23,mid2,mid_2_html_attr_fill,fillb,fillb_low_confidence_key,0.5555555555555556,4
F23,mid2,mid_2_html_attr_fill,fillb,fillb_low_confidence_key,0.5555555555555556,2
F23,mid2,mid_2_html_attr_fill,fillb,fillb_low_confidence_key,0.5555555555555556,5
F23,mid2,mid_2_html_attr_fill,fillb,fillb_low_confidence_key,0.5555555555555556,7
F23,mid2,mid_2_html_attr_fill,fillb,fillb_low_confidence_key,0.5555555555555556,1
F23,mid2,mid_2_html_attr_fill,fillb,fillb_low_confidence_key,0.5555555555555556,3
F23,mid2,mid_2_html_attr_fill,fillb,fillb_low_confidence_key,0.5555555555555556,2
F23,mid2,mid_2_html_attr_fill,fillb,fillb_low_confidence_key,0.5555555555555556,1
F23,mid2,mid_2_html_attr_fill,fillb,fillb_low_confidence_key,0.5555555555555556,6
F23,mid2,mid_2_html_attr_fill,fillb,fillb_low_confidence_key,0.5555555555555556,1
F23,mid2,mid_2_html_attr_fill,fillb,fillb_low_confidence_key,0.5555555555555556,4
F23,mid2,mid_2_html_attr_fill,fillb,fillb_low_confidence_key,0.5555555555555556,3
F23,mid2,mid_2_html_attr_fill,fillb,fillb_low_confidence_key,0.5555555555555556,2
F23,mid2,mid_2_html_attr_fill,fillb,fillb_low_confidence_key,0.5555555555555556,9
F23,mid2,mid_2_html_attr_fill,fillb,fillb_low_confidence_key,0.5555555555555556,7
F23,mid2,mid_2_html_attr_fill,fillb,fillb_low_confidence_key,0.5555555555555556,3
F23,mid2,mid_2_html_attr_fill,fillb,fillb_low_confidence_key,0.5555555555555556,6
F23,mid2,mid_2_html_attr_fill,fillb,fillb_low_confidence_key,0.5555555555555556,21
F23,mid2,mid_2_html_attr_fill,fillb,fillb_low_confidence_key,0.5555555555555556,5
F23,mid2,mid_2_html_attr_fill,fillb,fillb_low_confidence_key,0.5555555555555556,5
F23,mid2,mid_2_html_attr_fill,fillb,fillb_low_confidence_key,0.5555555555555556,6
F23,mid2,mid_2_html_attr_fill,fillb,fillb_low_confidence_key,0.5555555555555556,11
F23,mid2,mid_2_html_attr_fill,fillb,fillb_low_confidence_key,0.5555555555555556,6
F23,mid2,mid_2_html_attr_fill,fillb,fillb_low_confidence_key,0.5555555555555556,1
F23,mid2,mid_2_html_attr_fill,fillb,fillb_low_confidence_key,0.5555555555555556,6
F23,mid2,mid_2_html_attr_fill,fillb,fillb_low_confidence_key,0.5555555555555556,2
F23,mid2,mid_2_html_attr_fill,fillb,fillb_low_confidence_key,0.5555555555555556,3
F23,mid2,mid_2_html_attr_fill,fillb,fillb_low_confidence_key,0.5555555555555556,5
F23,mid2,mid_2_html_attr_fill,fillb,fillb_low_confidence_key,0.5555555555555556,3
F23,mid2,mid_2_html_attr_fill,fillb,fillb_low_confidence_key,0.5555555555555556,6
F23,mid2,mid_2_html_attr_fill,fillb,fillb_low_confidence_key,0.5555555555555556,9
F23,mid2,mid_2_html_attr_fill,fillb,fillb_low_confidence_key,0.5555555555555556,7
F23,mid2,mid_2_html_attr_fill,fillb,fillb_low_confidence_key,0.5555555555555556,3
F23,mid2,mid_2_html_attr_fill,fillb,fillb_low_confidence_key,0.5555555555555556,1
F23,mid2,mid_2_html_attr_fill,fillb,fillb_low_confidence_key,0.5555555555555556,6
F23,mid2,mid_2_html_attr_fill,fillb,fillb_low_confidence_key,0.5555555555555556,3
F23,mid2,mid_2_html_attr_fill,fillb,fillb_low_confidence_key,0.5555555555555556,3
F23,mid2,mid_2_html_attr_fill,fillb,fillb_low_confidence_key,0.5555555555555556,3
F23,mid2,mid_2_html_attr_fill,fillb,fillb_low_confidence_key,0.5555555555555556,1
F23,mid2,mid_2_html_attr_fill,fillb,fillb_low_confidence_key,0.5555555555555556,8
F23,mid2,mid_2_html_attr_fill,fillb,fillb_low_confidence_key,0.5555555555555556,1
F23,mid2,mid_2_html_attr_fill,fillb,fillb_low_confidence_key,0.5555555555555556,2
F23,mid2,mid_2_html_attr_fill,fillb,fillb_low_confidence_key,0.5555555555555556,2
F23,mid2,mid_2_html_attr_fill,fillb,fillb_low_confidence_key,0.5555555555555556,2
F23,mid2,mid_2_html_attr_fill,fillb,fillb_low_confidence_key,0.5555555555555556,2
F23,mid2,mid_2_html_attr_fill,fillb,fillb_low_confidence_key,0.5555555555555556,5
F23,mid2,mid_2_html_attr_fill,fillb,fillb_low_confidence_key,0.5555555555555556,1
F23,mid2,mid_2_html_attr_fill,fillb,fillb_low_confidence_key,0.5555555555555556,3
F23,mid2,mid_2_html_attr_fill,fillb,fillb_low_confidence_key,0.5555555555555556,10
F23,mid2,mid_2_html_attr_fill,fillb,fillb_low_confidence_key,0.5555555555555556,4
F23,mid2,mid_2_html_attr_fill,fillb,fillb_low_confidence_key,0.5555555555555556,3
F23,mid2,mid_2_html_attr_fill,fillb,fillb_low_confidence_key,0.5555555555555556,3
F23,mid2,mid_2_html_attr_fill,fillb,fillb_low_confidence_key,0.5555555555555556,1
F23,mid2,mid_2_html_attr_fill,fillb,fillb_low_confidence_key,0.5555555555555556,1
F23,mid2,mid_2_html_attr_fill,fillb,fillb_low_confidence_key,0.5555555555555556,4
F23,mid2,mid_2_html_attr_fill,fillb,fillb_low_confidence_key,0.5555555555555556,2
F23,mid2,mid_2_html_attr_fill,fillb,fillb_low_confidence_key,0.5555555555555556,1
F23,mid2,mid_2_html_attr_fill,fillb,fillb_low_confidence_key,0.5555555555555556,2
F23,mid2,mid_2_html_attr_fill,fillb,fillb_low_confidence_key,0.5555555555555556,2
F23,mid2,mid_2_html_attr_fill,fillb,fillb_low_confidence_key,0.5555555555555556,6
F23,mid2,mid_2_html_attr_fill,fillb,fillb_low_confidence_key,0.5555555555555556,2
F23,mid2,mid_2_html_attr_fill,fillb,fillb_low_confidence_key,0.5555555555555556,3
F23,mid2,mid_2_html_attr_fill,fillb,fillb_low_confidence_key,0.5555555555555556,4
F23,mid2,mid_2_html_attr_fill,fillb,fillb_low_confidence_key,0.5555555555555556,2
F23,mid2,mid_2_html_attr_fill,fillb,fillb_low_confidence_key,0.5555555555555556,3
F23,mid2,mid_2_html_attr_fill,fillb,fillb_low_confidence_key,0.5555555555555556,3
F23,mid2,mid_2_html_attr_fill,fillb,fillb_low_confidence_key,0.5555555555555556,3
F23,mid2,mid_2_html_attr_fill,fillb,fillb_low_confidence_key,0.5555555555555556,4
F23,mid2,mid_2_html_attr_fill,fillb,fillb_low_confidence_key,0.5555555555555556,3
F23,mid2,mid_2_html_attr_fill,fillb,fillb_low_confidence_key,0.5555555555555556,4
F23,mid2,mid_2_html_attr_fill,fillb,fillb_low_confidence_key,0.5555555555555556,1
F23,mid2,mid_2_html_attr_fill,fillb,fillb_low_confidence_key,0.5555555555555556,3
F23,mid2,mid_2_html_attr_fill,fillb,fillb_low_confidence_key,0.5555555555555556,1
F23,mid2,mid_2_html_attr_fill,fillb,fillb_low_confidence_key,0.5555555555555556,2
F23,mid2,mid_2_html_attr_fill,fillb,fillb_low_confidence_key,0.5555555555555556,4
F23,mid2,mid_2_html_attr_fill,fillb,fillb_low_confidence_key,0.5555555555555556,1
F23,mid2,mid_2_html_attr_fill,fillb,fillb_low_confidence_key,0.5555555555555556,5
F23,mid2,mid_2_html_attr_fill,fillb,fillb_low_confidence_key,0.5555555555555556,1
F23,mid2,mid_2_html_attr_fill,fillb,fillb_low_confidence_key,0.5555555555555556,3
F23,mid2,mid_2_html_attr_fill,fillb,fillb_low_confidence_key,0.5555555555555556,1
F23,mid2,mid_2_html_attr_fill,fillb,fillb_low_confidence_key,0.5555555555555556,1
F23,mid2,mid_2_html_attr_fill,fillb,fillb_low_confidence_key,0.5555555555555556,2
F23,mid2,mid_2_html_attr_fill,fillb,fillb_low_confidence_key,0.5555555555555556,2
F23,mid2,mid_2_html_attr_fill,fillb,fillb_low_confidence_key,0.5555555555555556,2
F23,mid2,mid_2_html_attr_fill,fillb,fillb_low_confidence_key,0.5555555555555556,2
F23,mid2,mid_2_html_attr_fill,fillb,fillb_low_confidence_key,0.5555555555555556,2
F23,mid2,mid_2_html_attr_fill,fillb,fillb_low_confidence_key,0.5555555555555556,2
F23,mid2,mid_2_html_attr_fill,fillb,fillb_low_confidence_key,0.5555555555555556,1
F23,mid2,mid_2_html_attr_fill,fillb,fillb_low_confidence_key,0.5555555555555556,5
F23,mid2,mid_2_html_attr_fill,fillb,fillb_low_confidence_key,0.5555555555555556,1
F23,mid2,mid_2_html_attr_fill,fillb,fillb_low_confidence_key,0.5555555555555556,3
F23,mid2,mid_2_html_attr_fill,fillb,fillb_low_confidence_key,0.5555555555555556,1
F23,mid2,mid_2_html_attr_fill,fillb,fillb_low_confidence_key,0.5555555555555556,2
F23,mid2,mid_2_html_attr_fill,fillb,fillb_low_confidence_key,0.5555555555555556,1
F23,mid2,mid_2_html_attr_fill,fillb,fillb_low_confidence_key,0.5555555555555556,2
F23,mid2,mid_2_html_attr_fill,fillb,fillb_low_confidence_key,0.5555555555555556,1
F23,mid2,mid_2_html_attr_fill,fillb,fillb_low_confidence_key,0.5555555555555556,4
F23,mid2,mid_2_html_attr_fill,fillb,fillb_low_confidence_key,0.5555555555555556,3
F23,mid2,mid_2_html_attr_fill,fillb,fillb_low_confidence_key,0.5555555555555556,2
F23,mid2,mid_2_html_attr_fill,fillb,fillb_low_confidence_key,0.5555555555555556,1
F23,mid2,mid_2_html_attr_fill,fillb,fillb_low_confidence_key,0.5555555555555556,3
F23,mid2,mid_2_html_attr_fill,fillb,fillb_low_confidence_key,0.5555555555555556,2
F23,mid2,mid_2_html_attr_fill,fillb,fillb_low_confidence_key,0.5555555555555556,2
F23,mid2,mid_2_html_attr_fill,fillb,fillb_low_confidence_key,0.5555555555555556,1
F23,mid2,mid_2_html_attr_fill,fillb,fillb_low_confidence_key,0.5555555555555556,5
F23,mid2,mid_2_html_attr_fill,fillb,fillb_low_confidence_key,0.5555555555555556,2
F23,mid2,mid_2_html_attr_fill,fillb,fillb_low_confidence_key,0.5555555555555556,1
F23,mid2,mid_2_html_attr_fill,fillb,fillb_low_confidence_key,0.5555555555555556,1
F23,mid2,mid_2_html_attr_fill,fillb,fillb_low_confidence_key,0.5555555555555556,3
F23,mid2,mid_2_html_attr_fill,fillb,fillb_low_confidence_key,0.5555555555555556,9
F23,mid2,mid_2_html_attr_fill,fillb,fillb_low_confidence_key,0.5555555555555556,3
F23,mid2,midterm_2_practice_q27_findall_regex_fib,fillb,fillb_low_confidence_key,0.3333333333333333,6
F23,mid2,midterm_2_practice_q27_findall_regex_fib,fillb,fillb_low_confidence_key,0.3333333333333333,5
F23,mid2,midterm_2_practice_q27_findall_regex_fib,fillb,fillb_low_confidence_key,0.3333333333333333,7
F23,mid2,midterm_2_practice_q27_findall_regex_fib,fillb,fillb_low_confidence_key,0.3333333333333333,1
F23,mid2,midterm_2_practice_q27_findall_regex_fib,fillb,fillb_low_confidence_key,0.3333333333333333,2
F23,mid2,midterm_2_practice_q27_findall_regex_fib,fillb,fillb_low_confidence_key,0.3333333333333333,5
F23,mid2,midterm_2_practice_q27_findall_regex_fib,fillb,fillb_low_confidence_key,0.3333333333333333,6
F23,mid2,midterm_2_practice_q27_findall_regex_fib,fillb,fillb_low_confidence_key,0.3333333333333333,19
F23,mid2,midterm_2_practice_q27_findall_regex_fib,fillb,fillb_low_confidence_key,0.3333333333333333,9
F23,mid2,midterm_2_practice_q27_findall_regex_fib,fillb,fillb_low_confidence_key,0.3333333333333333,2
F23,mid2,midterm_2_practice_q27_findall_regex_fib,fillb,fillb_low_confidence_key,0.3333333333333333,9
F23,mid2,midterm_2_practice_q27_findall_regex_fib,fillb,fillb_low_confidence_key,0.3333333333333333,6
F23,mid2,midterm_2_practice_q27_findall_regex_fib,fillb,fillb_low_confidence_key,0.3333333333333333,5
F23,mid2,midterm_2_practice_q27_findall_regex_fib,fillb,fillb_low_confidence_key,0.3333333333333333,3
F23,mid2,midterm_2_practice_q27_findall_regex_fib,fillb,fillb_low_confidence_key,0.3333333333333333,6
F23,mid2,midterm_2_practice_q27_findall_regex_fib,fillb,fillb_low_confidence_key,0.3333333333333333,13
F23,mid2,midterm_2_practice_q27_findall_regex_fib,fillb,fillb_low_confidence_key,0.3333333333333333,17
F23,mid2,midterm_2_practice_q27_findall_regex_fib,fillb,fillb_low_confidence_key,0.3333333333333333,7
F23,mid2,midterm_2_practice_q27_findall_regex_fib,fillb,fillb_low_confidence_key,0.3333333333333333,7
F23,mid2,midterm_2_practice_q27_findall_regex_fib,fillb,fillb_low_confidence_key,0.3333333333333333,5
F23,mid2,midterm_2_practice_q27_findall_regex_fib,fillb,fillb_low_confidence_key,0.3333333333333333,12
F23,mid2,midterm_2_practice_q27_findall_regex_fib,fillb,fillb_low_confidence_key,0.3333333333333333,32
F23,mid2,midterm_2_practice_q27_findall_regex_fib,fillb,fillb_low_confidence_key,0.3333333333333333,2
F23,mid2,midterm_2_practice_q27_findall_regex_fib,fillb,fillb_low_confidence_key,0.3333333333333333,18
F23,mid2,midterm_2_practice_q27_findall_regex_fib,fillb,fillb_low_confidence_key,0.3333333333333333,5
F23,mid2,midterm_2_practice_q27_findall_regex_fib,fillb,fillb_low_confidence_key,0.3333333333333333,17
F23,mid2,midterm_2_practice_q27_findall_regex_fib,fillb,fillb_low_confidence_key,0.3333333333333333,5
F23,mid2,midterm_2_practice_q27_findall_regex_fib,fillb,fillb_low_confidence_key,0.3333333333333333,9
F23,mid2,midterm_2_practice_q27_findall_regex_fib,fillb,fillb_low_confidence_key,0.3333333333333333,6
F23,mid2,midterm_2_practice_q30_soup_fitb,fillb,fillb_low_confidence_key,0.47674418604651164,1
F23,mid2,midterm_2_practice_q30_soup_fitb,fillb,fillb_low_confidence_key,0.47674418604651164,1
F23,mid2,midterm_2_practice_q30_soup_fitb,fillb,fillb_low_confidence_key,0.47674418604651164,1
F23,mid2,midterm_2_practice_q30_soup_fitb,fillb,fillb_low_confidence_key,0.47674418604651164,1
F23,mid2,midterm_2_practice_q30_soup_fitb,fillb,fillb_low_confidence_key,0.47674418604651164,1
F23,mid2,midterm_2_practice_q30_soup_fitb,fillb,fillb_low_confidence_key,0.47674418604651164,6
F23,mid2,midterm_2_practice_q30_soup_fitb,fillb,fillb_low_confidence_key,0.47674418604651164,2
F23,mid2,midterm_2_practice_q30_soup_fitb,fillb,fillb_low_confidence_key,0.47674418604651164,1
F23,mid2,midterm_2_practice_q30_soup_fitb,fillb,fillb_low_confidence_key,0.47674418604651164,3
F23,mid2,midterm_2_practice_q30_soup_fitb,fillb,fillb_low_confidence_key,0.47674418604651164,2
F23,mid2,midterm_2_practice_q30_soup_fitb,fillb,fillb_low_confidence_key,0.47674418604651164,1
F23,mid2,midterm_2_practice_q30_soup_fitb,fillb,fillb_low_confidence_key,0.47674418604651164,2
F23,mid2,midterm_2_practice_q30_soup_fitb,fillb,fillb_low_confidence_key,0.47674418604651164,1
F23,mid2,midterm_2_practice_q30_soup_fitb,fillb,fillb_low_confidence_key,0.47674418604651164,2
F23,mid2,midterm_2_practice_q30_soup_fitb,fillb,fillb_low_confidence_key,0.47674418604651164,3
F23,mid2,midterm_2_practice_q30_soup_fitb,fillb,fillb_low_confidence_key,0.47674418604651164,8
F23,mid2,midterm_2_practice_q30_soup_fitb,fillb,fillb_low_confidence_key,0.47674418604651164,1
F23,mid2,midterm_2_practice_q30_soup_fitb,fillb,fillb_low_confidence_key,0.47674418604651164,1
F23,mid2,midterm_2_practice_q30_soup_fitb,fillb,fillb_low_confidence_key,0.47674418604651164,1
F23,mid2,midterm_2_practice_q30_soup_fitb,fillb,fillb_low_confidence_key,0.47674418604651164,1
F23,mid2,midterm_2_practice_q30_soup_fitb,fillb,fillb_low_confidence_key,0.47674418604651164,1
F23,mid2,midterm_2_practice_q30_soup_fitb,fillb,fillb_low_confidence_key,0.47674418604651164,1
F23,mid2,midterm_2_practice_q30_soup_fitb,fillb,fillb_low_confidence_key,0.47674418604651164,1
F23,mid2,midterm_2_practice_q31_soup_fitb,fillb,fillb_low_confidence_key,0.5116279069767442,6
F23,mid2,midterm_2_practice_q31_soup_fitb,fillb,fillb_low_confidence_key,0.5116279069767442,2
F23,mid2,midterm_2_practice_q31_soup_fitb,fillb,fillb_low_confidence_key,0.5116279069767442,1
F23,mid2,midterm_2_practice_q31_soup_fitb,fillb,fillb_low_confidence_key,0.5116279069767442,1
F23,mid2,midterm_2_practice_q31_soup_fitb,fillb,fillb_low_confidence_key,0.5116279069767442,3
F23,mid2,midterm_2_practice_q31_soup_fitb,fillb,fillb_low_confidence_key,0.5116279069767442,5
F23,mid2,midterm_2_practice_q31_soup_fitb,fillb,fillb_low_confidence_key,0.5116279069767442,1
F23,mid2,midterm_2_practice_q31_soup_fitb,fillb,fillb_low_confidence_key,0.5116279069767442,1
F23,mid2,midterm_2_practice_q31_soup_fitb,fillb,fillb_low_confidence_key,0.5116279069767442,1
F23,mid2,midterm_2_practice_q31_soup_fitb,fillb,fillb_low_confidence_key,0.5116279069767442,1
F23,mid2,midterm_2_practice_q31_soup_fitb,fillb,fillb_low_confidence_key,0.5116279069767442,3
F23,mid2,midterm_2_practice_q31_soup_fitb,fillb,fillb_low_confidence_key,0.5116279069767442,1
F23,mid2,midterm_2_practice_q31_soup_fitb,fillb,fillb_low_confidence_key,0.5116279069767442,5
F23,mid2,midterm_2_practice_q31_soup_fitb,fillb,fillb_low_confidence_key,0.5116279069767442,4
F23,mid2,midterm_2_practice_q31_soup_fitb,fillb,fillb_low_confidence_key,0.5116279069767442,1
F23,mid2,midterm_2_practice_q31_soup_fitb,fillb,fillb_low_confidence_key,0.5116279069767442,2
F23,mid2,midterm_2_practice_q31_soup_fitb,fillb,fillb_low_confidence_key,0.5116279069767442,9
F23,mid2,midterm_2_practice_q31_soup_fitb,fillb,fillb_low_confidence_key,0.5116279069767442,1
F23,mid2,midterm_2_practice_q31_soup_fitb,fillb,fillb_low_confidence_key,0.5116279069767442,2
F23,mid2,midterm_2_practice_q31_soup_fitb,fillb,fillb_low_confidence_key,0.5116279069767442,6
F23,mid2,mult_class_deck_who_creates_cards_fitb,fillb,fillb_low_confidence_key,0.5,5
F23,mid2,net_json_what_type_returned_d1,fillb,fillb_low_confidence_key,0.5,4
F23,mid2,net_json_what_type_returned_d1,fillb,fillb_low_confidence_key,0.5,1
F23,mid2,net_json_what_type_returned_d1,fillb,fillb_low_confidence_key,0.5,3
F23,mid2,net_json_what_type_returned_data,fillb,fillb_low_confidence_key,0.5,1
F23,mid2,net_json_what_type_returned_data,fillb,fillb_low_confidence_key,0.5,1
F23,mid2,net_json_what_type_returned_data,fillb,fillb_low_confidence_key,0.5,3
F23,mid2,plan2_fill,fillb,fillb_low_confidence_key,0.6,2
F23,mid2,plan5_fill_v2,fillb,fillb_low_confidence_key,0.5,7
F23,mid1,q_midf21_several_ifs_fitb,fillb,fillb_low_confidence_key,0.6442307692307693,14
F23,mid1,q_midf21_several_ifs_fitb,fillb,fillb_low_confidence_key,0.6442307692307693,4
F23,mid1,q_midf21_several_ifs_fitb,fillb,fillb_low_confidence_key,0.6442307692307693,13
F23,mid1,q_midf21_several_ifs_fitb,fillb,fillb_low_confidence_key,0.6442307692307693,10
F23,mid1,q_midf21_several_ifs_fitb,fillb,fillb_low_confidence_key,0.6442307692307693,6
F23,mid1,q_midf21_several_ifs_fitb,fillb,fillb_low_confidence_key,0.6442307692307693,2
F23,mid1,q_midf21_several_ifs_fitb,fillb,fillb_low_confidence_key,0.6442307692307693,9
F23,mid1,q_midf21_several_ifs_fitb,fillb,fillb_low_confidence_key,0.6442307692307693,5
F23,mid1,q_midf21_several_ifs_fitb,fillb,fillb_low_confidence_key,0.6442307692307693,7
F23,mid1,q_midf21_several_ifs_fitb,fillb,fillb_low_confidence_key,0.6442307692307693,3
F23,mid1,q_midf21_several_ifs_fitb,fillb,fillb_low_confidence_key,0.6442307692307693,5
F23,mid1,q_midf21_several_ifs_fitb,fillb,fillb_low_confidence_key,0.6442307692307693,8
F23,mid1,q_midf21_several_ifs_fitb,fillb,fillb_low_confidence_key,0.6442307692307693,5
F23,mid1,q_midf21_several_ifs_fitb,fillb,fillb_low_confidence_key,0.6442307692307693,4
F23,mid1,q_midf21_several_ifs_fitb,fillb,fillb_low_confidence_key,0.6442307692307693,3
F23,mid1,q_midf21_several_ifs_fitb,fillb,fillb_low_confidence_key,0.6442307692307693,5
F23,mid1,q_midf21_several_ifs_fitb,fillb,fillb_low_confidence_key,0.6442307692307693,12
F23,mid1,q_midf21_several_ifs_fitb,fillb,fillb_low_confidence_key,0.6442307692307693,6
F23,mid1,q_midf21_several_ifs_fitb,fillb,fillb_low_confidence_key,0.6442307692307693,7
F23,mid1,q_midf21_several_ifs_fitb,fillb,fillb_low_confidence_key,0.6442307692307693,8
F23,mid1,q_midf21_several_ifs_fitb,fillb,fillb_low_confidence_key,0.6442307692307693,4
F23,mid1,q_midf21_several_ifs_fitb,fillb,fillb_low_confidence_key,0.6442307692307693,4
F23,mid1,q_midf21_several_ifs_fitb,fillb,fillb_low_confidence_key,0.6442307692307693,1
F23,mid1,q_midf21_several_ifs_fitb,fillb,fillb_low_confidence_key,0.6442307692307693,11
F23,mid1,q_midf21_several_ifs_fitb,fillb,fillb_low_confidence_key,0.6442307692307693,4
F23,mid1,q_midf21_several_ifs_fitb,fillb,fillb_low_confidence_key,0.6442307692307693,3
F23,mid1,q_midf21_several_ifs_fitb,fillb,fillb_low_confidence_key,0.6442307692307693,9
F23,mid1,q_midf21_several_ifs_fitb,fillb,fillb_low_confidence_key,0.6442307692307693,6
F23,mid1,q_midf21_several_ifs_fitb,fillb,fillb_low_confidence_key,0.6442307692307693,2
F23,mid1,q_midf21_several_ifs_fitb,fillb,fillb_low_confidence_key,0.6442307692307693,3
F23,mid1,q_midf21_several_ifs_fitb,fillb,fillb_low_confidence_key,0.6442307692307693,4
F23,mid1,q_midf21_several_ifs_fitb,fillb,fillb_low_confidence_key,0.6442307692307693,5
F23,mid1,q_midf21_several_ifs_fitb,fillb,fillb_low_confidence_key,0.6442307692307693,4
F23,mid1,q_midf21_several_ifs_fitb,fillb,fillb_low_confidence_key,0.6442307692307693,3
F23,mid1,q_midf21_several_ifs_fitb,fillb,fillb_low_confidence_key,0.6442307692307693,15
F23,mid1,q_midf21_several_ifs_fitb,fillb,fillb_low_confidence_key,0.6442307692307693,8
F23,mid1,q_midf21_several_ifs_fitb,fillb,fillb_low_confidence_key,0.6442307692307693,3
F23,mid1,q_midf21_several_ifs_fitb,fillb,fillb_low_confidence_key,0.6442307692307693,4
F23,mid1,q_midf21_several_ifs_fitb,fillb,fillb_low_confidence_key,0.6442307692307693,2
F23,mid1,q_midf21_several_ifs_fitb,fillb,fillb_low_confidence_key,0.6442307692307693,4
F23,mid1,q_midf21_several_ifs_fitb,fillb,fillb_low_confidence_key,0.6442307692307693,6
F23,mid1,q_midf21_several_ifs_fitb,fillb,fillb_low_confidence_key,0.6442307692307693,1
F23,mid1,q_midf21_several_ifs_fitb,fillb,fillb_low_confidence_key,0.6442307692307693,7
F23,mid1,q_midf21_several_ifs_fitb,fillb,fillb_low_confidence_key,0.6442307692307693,5
F23,mid1,q_midf21_several_ifs_fitb,fillb,fillb_low_confidence_key,0.6442307692307693,2
F23,mid1,q_midf21_several_ifs_fitb,fillb,fillb_low_confidence_key,0.6442307692307693,3
F23,mid1,q_midf21_several_ifs_fitb,fillb,fillb_low_confidence_key,0.6442307692307693,6
F23,mid1,q_midf21_several_ifs_fitb,fillb,fillb_low_confidence_key,0.6442307692307693,5
F23,mid1,q_midf21_several_ifs_fitb,fillb,fillb_low_confidence_key,0.6442307692307693,5
F23,mid1,q_midf21_several_ifs_fitb,fillb,fillb_low_confidence_key,0.6442307692307693,4
F23,mid1,q_midf21_several_ifs_fitb,fillb,fillb_low_confidence_key,0.6442307692307693,4
F23,mid1,q_midf21_several_ifs_fitb,fillb,fillb_low_confidence_key,0.6442307692307693,4
F23,mid1,q_midf21_several_ifs_fitb,fillb,fillb_low_confidence_key,0.6442307692307693,13
F23,mid1,q_midf21_several_ifs_fitb,fillb,fillb_low_confidence_key,0.6442307692307693,11
F23,mid1,q_midf21_several_ifs_fitb,fillb,fillb_low_confidence_key,0.6442307692307693,3
F23,mid1,q_midf21_several_ifs_fitb,fillb,fillb_low_confidence_key,0.6442307692307693,10
F23,mid1,q_midf21_several_ifs_fitb,fillb,fillb_low_confidence_key,0.6442307692307693,6
F23,mid1,q_midf21_several_ifs_fitb,fillb,fillb_low_confidence_key,0.6442307692307693,8
F23,mid1,q_midf21_several_ifs_fitb,fillb,fillb_low_confidence_key,0.6442307692307693,7
F23,mid1,q_midf21_several_ifs_fitb,fillb,fillb_low_confidence_key,0.6442307692307693,4
F23,mid1,q_midf21_several_ifs_fitb,fillb,fillb_low_confidence_key,0.6442307692307693,2
F23,mid1,q_midf21_several_ifs_fitb,fillb,fillb_low_confidence_key,0.6442307692307693,5
F23,mid1,q_midf21_several_ifs_fitb,fillb,fillb_low_confidence_key,0.6442307692307693,3
F23,mid1,q_midf21_several_ifs_fitb,fillb,fillb_low_confidence_key,0.6442307692307693,4
F23,mid1,q_midf21_several_ifs_fitb,fillb,fillb_low_confidence_key,0.6442307692307693,6
F23,mid1,q_midf21_several_ifs_fitb,fillb,fillb_low_confidence_key,0.6442307692307693,5
F23,mid1,q_midf21_several_ifs_fitb,fillb,fillb_low_confidence_key,0.6442307692307693,4
F23,mid1,q_midf21_several_ifs_fitb,fillb,fillb_low_confidence_key,0.6442307692307693,8
F23,mid1,q_midf21_several_ifs_fitb,fillb,fillb_low_confidence_key,0.6442307692307693,3
F23,mid1,q_midf21_several_ifs_fitb,fillb,fillb_low_confidence_key,0.6442307692307693,3
F23,mid1,q_midf21_several_ifs_fitb,fillb,fillb_low_confidence_key,0.6442307692307693,5
F23,mid1,q_midf21_several_ifs_fitb,fillb,fillb_low_confidence_key,0.6442307692307693,1
F23,mid1,q_midf21_several_ifs_fitb,fillb,fillb_low_confidence_key,0.6442307692307693,15
F23,mid1,q_midf21_several_ifs_fitb,fillb,fillb_low_confidence_key,0.6442307692307693,1
F23,mid1,q_midf21_several_ifs_fitb,fillb,fillb_low_confidence_key,0.6442307692307693,4
F23,mid1,q_midf21_several_ifs_fitb,fillb,fillb_low_confidence_key,0.6442307692307693,3
F23,mid1,q_midf21_several_ifs_fitb,fillb,fillb_low_confidence_key,0.6442307692307693,1
F23,mid1,q_midf21_several_ifs_fitb,fillb,fillb_low_confidence_key,0.6442307692307693,2
F23,mid1,q_midf21_several_ifs_fitb,fillb,fillb_low_confidence_key,0.6442307692307693,1
F23,mid1,q_midf21_several_ifs_fitb,fillb,fillb_low_confidence_key,0.6442307692307693,4
F23,mid1,q_midf21_several_ifs_fitb,fillb,fillb_low_confidence_key,0.6442307692307693,1
F23,mid1,q_midf21_several_ifs_fitb,fillb,fillb_low_confidence_key,0.6442307692307693,1
F23,mid1,q_midf21_several_ifs_fitb,fillb,fillb_low_confidence_key,0.6442307692307693,1
F23,mid1,q_midf21_several_ifs_fitb,fillb,fillb_low_confidence_key,0.6442307692307693,3
F23,mid1,q_midf21_several_ifs_fitb,fillb,fillb_low_confidence_key,0.6442307692307693,2
F23,mid1,q_midf21_several_ifs_fitb,fillb,fillb_low_confidence_key,0.6442307692307693,3
F23,mid1,q_midf21_several_ifs_fitb,fillb,fillb_low_confidence_key,0.6442307692307693,2
F23,mid1,q_midf21_several_ifs_fitb,fillb,fillb_low_confidence_key,0.6442307692307693,5
F23,mid1,q_midf21_several_ifs_fitb,fillb,fillb_low_confidence_key,0.6442307692307693,6
F23,mid1,q_midf21_several_ifs_fitb,fillb,fillb_low_confidence_key,0.6442307692307693,1
F23,mid1,q_midf21_several_ifs_fitb,fillb,fillb_low_confidence_key,0.6442307692307693,1
F23,mid1,q_midf21_several_ifs_fitb,fillb,fillb_low_confidence_key,0.6442307692307693,2
F23,mid1,q_midf21_several_ifs_fitb,fillb,fillb_low_confidence_key,0.6442307692307693,5
F23,mid1,q_midf21_several_ifs_fitb,fillb,fillb_low_confidence_key,0.6442307692307693,2
F23,mid1,q_midf21_several_ifs_fitb,fillb,fillb_low_confidence_key,0.6442307692307693,1
F23,mid1,q_midf21_several_ifs_fitb,fillb,fillb_low_confidence_key,0.6442307692307693,1
F23,mid1,q_midf21_several_ifs_fitb,fillb,fillb_low_confidence_key,0.6442307692307693,1
F23,mid1,q_midf21_several_ifs_fitb,fillb,fillb_low_confidence_key,0.6442307692307693,6
F23,mid1,q_midf21_several_ifs_fitb,fillb,fillb_low_confidence_key,0.6442307692307693,2
F23,mid1,q_midf21_several_ifs_fitb,fillb,fillb_low_confidence_key,0.6442307692307693,3
F23,mid1,q_midf21_several_ifs_fitb,fillb,fillb_low_confidence_key,0.6442307692307693,1
F23,mid1,q_midf21_several_ifs_fitb,fillb,fillb_low_confidence_key,0.6442307692307693,4
F23,mid1,q_midf21_several_ifs_fitb,fillb,fillb_low_confidence_key,0.6442307692307693,11
F23,mid1,q_midf21_several_ifs_fitb,fillb,fillb_low_confidence_key,0.6442307692307693,2
F23,mid1,q_midf21_several_ifs_fitb,fillb,fillb_low_confidence_key,0.6442307692307693,1
F23,mid1,q_midf21_several_ifs_fitb,fillb,fillb_low_confidence_key,0.6442307692307693,1
F23,mid1,q_midf21_several_ifs_fitb,fillb,fillb_low_confidence_key,0.6442307692307693,2
F23,mid1,q_midf21_several_ifs_fitb,fillb,fillb_low_confidence_key,0.6442307692307693,4
F23,mid1,q_midf21_several_ifs_fitb,fillb,fillb_low_confidence_key,0.6442307692307693,2
F23,mid1,q_midf21_several_ifs_fitb,fillb,fillb_low_confidence_key,0.6442307692307693,3
F23,mid1,q_midf21_several_ifs_fitb,fillb,fillb_low_confidence_key,0.6442307692307693,3
F23,mid1,q_midf21_several_ifs_fitb,fillb,fillb_low_confidence_key,0.6442307692307693,3
F23,mid1,q_midf21_several_ifs_fitb,fillb,fillb_low_confidence_key,0.6442307692307693,1
F23,mid1,q_midf21_several_ifs_fitb,fillb,fillb_low_confidence_key,0.6442307692307693,1
F23,mid1,q_midf21_several_ifs_fitb,fillb,fillb_low_confidence_key,0.6442307692307693,9
F23,mid1,q_midf21_several_ifs_fitb,fillb,fillb_low_confidence_key,0.6442307692307693,1
F23,mid1,q_midf21_several_ifs_fitb,fillb,fillb_low_confidence_key,0.6442307692307693,2
F23,mid1,q_midf21_several_ifs_fitb,fillb,fillb_low_confidence_key,0.6442307692307693,1
F23,mid1,q_midf21_several_ifs_fitb,fillb,fillb_low_confidence_key,0.6442307692307693,2
F23,mid1,q_midf21_several_ifs_fitb,fillb,fillb_low_confidence_key,0.6442307692307693,1
F23,mid1,q_midf21_several_ifs_fitb,fillb,fillb_low_confidence_key,0.6442307692307693,1
F23,mid1,q_midf21_several_ifs_fitb,fillb,fillb_low_confidence_key,0.6442307692307693,5
F23,mid1,q_midf21_several_ifs_fitb,fillb,fillb_low_confidence_key,0.6442307692307693,1
F23,mid1,q_midf21_several_ifs_fitb,fillb,fillb_low_confidence_key,0.6442307692307693,6
F23,mid1,q_midf21_several_ifs_fitb,fillb,fillb_low_confidence_key,0.6442307692307693,4
F23,mid1,q_midf21_several_ifs_fitb,fillb,fillb_low_confidence_key,0.6442307692307693,2
F23,mid1,q_midf21_several_ifs_fitb,fillb,fillb_low_confidence_key,0.6442307692307693,4
F23,mid1,q_midf21_several_ifs_fitb,fillb,fillb_low_confidence_key,0.6442307692307693,2
F23,mid1,q_midf21_several_ifs_fitb,fillb,fillb_low_confidence_key,0.6442307692307693,3
F23,mid1,q_midf21_several_ifs_fitb,fillb,fillb_low_confidence_key,0.6442307692307693,3
F23,mid1,q_midf21_several_ifs_fitb,fillb,fillb_low_confidence_key,0.6442307692307693,2
F23,mid1,q_midf21_several_ifs_fitb,fillb,fillb_low_confidence_key,0.6442307692307693,1
F23,mid1,q_midf21_several_ifs_fitb,fillb,fillb_low_confidence_key,0.6442307692307693,3
F23,mid1,q_midf21_several_ifs_fitb,fillb,fillb_low_confidence_key,0.6442307692307693,3
F23,mid1,q_midf21_several_ifs_fitb,fillb,fillb_low_confidence_key,0.6442307692307693,2
F23,mid1,q_midf21_several_ifs_fitb,fillb,fillb_low_confidence_key,0.6442307692307693,3
F23,mid1,q_midf21_several_ifs_fitb,fillb,fillb_low_confidence_key,0.6442307692307693,1
F23,mid1,q_midf21_several_ifs_fitb,fillb,fillb_low_confidence_key,0.6442307692307693,5
F23,mid1,q_midf21_several_ifs_fitb,fillb,fillb_low_confidence_key,0.6442307692307693,2
F23,mid1,q_midf21_several_ifs_fitb,fillb,fillb_low_confidence_key,0.6442307692307693,1
F23,mid1,q_midf21_several_ifs_fitb,fillb,fillb_low_confidence_key,0.6442307692307693,2
F23,mid1,q_midf21_several_ifs_fitb,fillb,fillb_low_confidence_key,0.6442307692307693,4
F23,mid1,q_midf21_several_ifs_fitb,fillb,fillb_low_confidence_key,0.6442307692307693,2
F23,mid1,q_midf21_several_ifs_fitb,fillb,fillb_low_confidence_key,0.6442307692307693,1
F23,mid1,q_midf21_several_ifs_fitb,fillb,fillb_low_confidence_key,0.6442307692307693,2
F23,mid1,q_midf21_several_ifs_fitb,fillb,fillb_low_confidence_key,0.6442307692307693,13
F23,mid1,q_midf21_several_ifs_fitb,fillb,fillb_low_confidence_key,0.6442307692307693,5
F23,mid1,q_midf21_several_ifs_fitb,fillb,fillb_low_confidence_key,0.6442307692307693,1
F23,mid1,q_midw23_object_attributes_and_methods_v2,fillb,fillb_low_confidence_key,0.4855769230769231,20
F23,mid1,q_midw23_object_attributes_and_methods_v2,fillb,fillb_low_confidence_key,0.4855769230769231,5
F23,mid1,q_midw23_object_attributes_and_methods_v2,fillb,fillb_low_confidence_key,0.4855769230769231,11
F23,mid1,q_midw23_object_attributes_and_methods_v2,fillb,fillb_low_confidence_key,0.4855769230769231,11
F23,mid1,q_midw23_object_attributes_and_methods_v2,fillb,fillb_low_confidence_key,0.4855769230769231,5
F23,mid1,q_midw23_object_attributes_and_methods_v2,fillb,fillb_low_confidence_key,0.4855769230769231,2
F23,mid1,q_midw23_object_attributes_and_methods_v2,fillb,fillb_low_confidence_key,0.4855769230769231,7
F23,mid1,q_midw23_object_attributes_and_methods_v2,fillb,fillb_low_confidence_key,0.4855769230769231,6
F23,mid1,q_midw23_object_attributes_and_methods_v2,fillb,fillb_low_confidence_key,0.4855769230769231,5
F23,mid1,q_midw23_object_attributes_and_methods_v2,fillb,fillb_low_confidence_key,0.4855769230769231,9
F23,mid1,q_midw23_object_attributes_and_methods_v2,fillb,fillb_low_confidence_key,0.4855769230769231,4
F23,mid1,q_midw23_object_attributes_and_methods_v2,fillb,fillb_low_confidence_key,0.4855769230769231,6
F23,mid1,q_midw23_object_attributes_and_methods_v2,fillb,fillb_low_confidence_key,0.4855769230769231,5
F23,mid1,q_midw23_object_attributes_and_methods_v2,fillb,fillb_low_confidence_key,0.4855769230769231,5
F23,mid1,q_midw23_object_attributes_and_methods_v2,fillb,fillb_low_confidence_key,0.4855769230769231,6
F23,mid1,q_midw23_object_attributes_and_methods_v2,fillb,fillb_low_confidence_key,0.4855769230769231,5
F23,mid1,q_midw23_object_attributes_and_methods_v2,fillb,fillb_low_confidence_key,0.4855769230769231,9
F23,mid1,q_midw23_object_attributes_and_methods_v2,fillb,fillb_low_confidence_key,0.4855769230769231,8
F23,mid1,q_midw23_object_attributes_and_methods_v2,fillb,fillb_low_confidence_key,0.4855769230769231,6
F23,mid1,q_midw23_object_attributes_and_methods_v2,fillb,fillb_low_confidence_key,0.4855769230769231,6
F23,mid1,q_midw23_object_attributes_and_methods_v2,fillb,fillb_low_confidence_key,0.4855769230769231,5
F23,mid1,q_midw23_object_attributes_and_methods_v2,fillb,fillb_low_confidence_key,0.4855769230769231,3
F23,mid1,q_midw23_object_attributes_and_methods_v2,fillb,fillb_low_confidence_key,0.4855769230769231,1
F23,mid1,q_midw23_object_attributes_and_methods_v2,fillb,fillb_low_confidence_key,0.4855769230769231,14
F23,mid1,q_midw23_object_attributes_and_methods_v2,fillb,fillb_low_confidence_key,0.4855769230769231,7
F23,mid1,q_midw23_object_attributes_and_methods_v2,fillb,fillb_low_confidence_key,0.4855769230769231,3
F23,mid1,q_midw23_object_attributes_and_methods_v2,fillb,fillb_low_confidence_key,0.4855769230769231,12
F23,mid1,q_midw23_object_attributes_and_methods_v2,fillb,fillb_low_confidence_key,0.4855769230769231,7
F23,mid1,q_midw23_object_attributes_and_methods_v2,fillb,fillb_low_confidence_key,0.4855769230769231,2
F23,mid1,q_midw23_object_attributes_and_methods_v2,fillb,fillb_low_confidence_key,0.4855769230769231,4
F23,mid1,q_midw23_object_attributes_and_methods_v2,fillb,fillb_low_confidence_key,0.4855769230769231,4
F23,mid1,q_midw23_object_attributes_and_methods_v2,fillb,fillb_low_confidence_key,0.4855769230769231,7
F23,mid1,q_midw23_object_attributes_and_methods_v2,fillb,fillb_low_confidence_key,0.4855769230769231,5
F23,mid1,q_midw23_object_attributes_and_methods_v2,fillb,fillb_low_confidence_key,0.4855769230769231,3
F23,mid1,q_midw23_object_attributes_and_methods_v2,fillb,fillb_low_confidence_key,0.4855769230769231,11
F23,mid1,q_midw23_object_attributes_and_methods_v2,fillb,fillb_low_confidence_key,0.4855769230769231,9
F23,mid1,q_midw23_object_attributes_and_methods_v2,fillb,fillb_low_confidence_key,0.4855769230769231,7
F23,mid1,q_midw23_object_attributes_and_methods_v2,fillb,fillb_low_confidence_key,0.4855769230769231,4
F23,mid1,q_midw23_object_attributes_and_methods_v2,fillb,fillb_low_confidence_key,0.4855769230769231,5
F23,mid1,q_midw23_object_attributes_and_methods_v2,fillb,fillb_low_confidence_key,0.4855769230769231,9
F23,mid1,q_midw23_object_attributes_and_methods_v2,fillb,fillb_low_confidence_key,0.4855769230769231,7
F23,mid1,q_midw23_object_attributes_and_methods_v2,fillb,fillb_low_confidence_key,0.4855769230769231,2
F23,mid1,q_midw23_object_attributes_and_methods_v2,fillb,fillb_low_confidence_key,0.4855769230769231,5
F23,mid1,q_midw23_object_attributes_and_methods_v2,fillb,fillb_low_confidence_key,0.4855769230769231,9
F23,mid1,q_midw23_object_attributes_and_methods_v2,fillb,fillb_low_confidence_key,0.4855769230769231,3
F23,mid1,q_midw23_object_attributes_and_methods_v2,fillb,fillb_low_confidence_key,0.4855769230769231,2
F23,mid1,q_midw23_object_attributes_and_methods_v2,fillb,fillb_low_confidence_key,0.4855769230769231,7
F23,mid1,q_midw23_object_attributes_and_methods_v2,fillb,fillb_low_confidence_key,0.4855769230769231,5
F23,mid1,q_midw23_object_attributes_and_methods_v2,fillb,fillb_low_confidence_key,0.4855769230769231,3
F23,mid1,q_midw23_object_attributes_and_methods_v2,fillb,fillb_low_confidence_key,0.4855769230769231,4
F23,mid1,q_midw23_object_attributes_and_methods_v2,fillb,fillb_low_confidence_key,0.4855769230769231,7
F23,mid1,q_midw23_object_attributes_and_methods_v2,fillb,fillb_low_confidence_key,0.4855769230769231,8
F23,mid1,q_midw23_object_attributes_and_methods_v2,fillb,fillb_low_confidence_key,0.4855769230769231,16
F23,mid1,q_midw23_object_attributes_and_methods_v2,fillb,fillb_low_confidence_key,0.4855769230769231,5
F23,mid1,q_midw23_object_attributes_and_methods_v2,fillb,fillb_low_confidence_key,0.4855769230769231,3
F23,mid1,q_midw23_object_attributes_and_methods_v2,fillb,fillb_low_confidence_key,0.4855769230769231,8
F23,mid1,q_midw23_object_attributes_and_methods_v2,fillb,fillb_low_confidence_key,0.4855769230769231,8
F23,mid1,q_midw23_object_attributes_and_methods_v2,fillb,fillb_low_confidence_key,0.4855769230769231,10
F23,mid1,q_midw23_object_attributes_and_methods_v2,fillb,fillb_low_confidence_key,0.4855769230769231,7
F23,mid1,q_midw23_object_attributes_and_methods_v2,fillb,fillb_low_confidence_key,0.4855769230769231,8
F23,mid1,q_midw23_object_attributes_and_methods_v2,fillb,fillb_low_confidence_key,0.4855769230769231,3
F23,mid1,q_midw23_object_attributes_and_methods_v2,fillb,fillb_low_confidence_key,0.4855769230769231,6
F23,mid1,q_midw23_object_attributes_and_methods_v2,fillb,fillb_low_confidence_key,0.4855769230769231,3
F23,mid1,q_midw23_object_attributes_and_methods_v2,fillb,fillb_low_confidence_key,0.4855769230769231,4
F23,mid1,q_midw23_object_attributes_and_methods_v2,fillb,fillb_low_confidence_key,0.4855769230769231,7
F23,mid1,q_midw23_object_attributes_and_methods_v2,fillb,fillb_low_confidence_key,0.4855769230769231,7
F23,mid1,q_midw23_object_attributes_and_methods_v2,fillb,fillb_low_confidence_key,0.4855769230769231,3
F23,mid1,q_midw23_object_attributes_and_methods_v2,fillb,fillb_low_confidence_key,0.4855769230769231,13
F23,mid1,q_midw23_object_attributes_and_methods_v2,fillb,fillb_low_confidence_key,0.4855769230769231,2
F23,mid1,q_midw23_object_attributes_and_methods_v2,fillb,fillb_low_confidence_key,0.4855769230769231,3
F23,mid1,q_midw23_object_attributes_and_methods_v2,fillb,fillb_low_confidence_key,0.4855769230769231,5
F23,mid1,q_midw23_object_attributes_and_methods_v2,fillb,fillb_low_confidence_key,0.4855769230769231,1
F23,mid1,q_midw23_object_attributes_and_methods_v2,fillb,fillb_low_confidence_key,0.4855769230769231,9
F23,mid1,q_midw23_object_attributes_and_methods_v2,fillb,fillb_low_confidence_key,0.4855769230769231,1
F23,mid1,q_midw23_object_attributes_and_methods_v2,fillb,fillb_low_confidence_key,0.4855769230769231,3
F23,mid1,q_midw23_object_attributes_and_methods_v2,fillb,fillb_low_confidence_key,0.4855769230769231,4
F23,mid1,q_midw23_object_attributes_and_methods_v2,fillb,fillb_low_confidence_key,0.4855769230769231,4
F23,mid1,q_midw23_object_attributes_and_methods_v2,fillb,fillb_low_confidence_key,0.4855769230769231,3
F23,mid1,q_midw23_object_attributes_and_methods_v2,fillb,fillb_low_confidence_key,0.4855769230769231,1
F23,mid1,q_midw23_object_attributes_and_methods_v2,fillb,fillb_low_confidence_key,0.4855769230769231,3
F23,mid1,q_midw23_object_attributes_and_methods_v2,fillb,fillb_low_confidence_key,0.4855769230769231,2
F23,mid1,q_midw23_object_attributes_and_methods_v2,fillb,fillb_low_confidence_key,0.4855769230769231,1
F23,mid1,q_midw23_object_attributes_and_methods_v2,fillb,fillb_low_confidence_key,0.4855769230769231,3
F23,mid1,q_midw23_object_attributes_and_methods_v2,fillb,fillb_low_confidence_key,0.4855769230769231,4
F23,mid1,q_midw23_object_attributes_and_methods_v2,fillb,fillb_low_confidence_key,0.4855769230769231,3
F23,mid1,q_midw23_object_attributes_and_methods_v2,fillb,fillb_low_confidence_key,0.4855769230769231,4
F23,mid1,q_midw23_object_attributes_and_methods_v2,fillb,fillb_low_confidence_key,0.4855769230769231,3
F23,mid1,q_midw23_object_attributes_and_methods_v2,fillb,fillb_low_confidence_key,0.4855769230769231,4
F23,mid1,q_midw23_object_attributes_and_methods_v2,fillb,fillb_low_confidence_key,0.4855769230769231,5
F23,mid1,q_midw23_object_attributes_and_methods_v2,fillb,fillb_low_confidence_key,0.4855769230769231,1
F23,mid1,q_midw23_object_attributes_and_methods_v2,fillb,fillb_low_confidence_key,0.4855769230769231,2
F23,mid1,q_midw23_object_attributes_and_methods_v2,fillb,fillb_low_confidence_key,0.4855769230769231,2
F23,mid1,q_midw23_object_attributes_and_methods_v2,fillb,fillb_low_confidence_key,0.4855769230769231,3
F23,mid1,q_midw23_object_attributes_and_methods_v2,fillb,fillb_low_confidence_key,0.4855769230769231,2
F23,mid1,q_midw23_object_attributes_and_methods_v2,fillb,fillb_low_confidence_key,0.4855769230769231,2
F23,mid1,q_midw23_object_attributes_and_methods_v2,fillb,fillb_low_confidence_key,0.4855769230769231,2
F23,mid1,q_midw23_object_attributes_and_methods_v2,fillb,fillb_low_confidence_key,0.4855769230769231,1
F23,mid1,q_midw23_object_attributes_and_methods_v2,fillb,fillb_low_confidence_key,0.4855769230769231,4
F23,mid1,q_midw23_object_attributes_and_methods_v2,fillb,fillb_low_confidence_key,0.4855769230769231,2
F23,mid1,q_midw23_object_attributes_and_methods_v2,fillb,fillb_low_confidence_key,0.4855769230769231,4
F23,mid1,q_midw23_object_attributes_and_methods_v2,fillb,fillb_low_confidence_key,0.4855769230769231,1
F23,mid1,q_midw23_object_attributes_and_methods_v2,fillb,fillb_low_confidence_key,0.4855769230769231,5
F23,mid1,q_midw23_object_attributes_and_methods_v2,fillb,fillb_low_confidence_key,0.4855769230769231,9
F23,mid1,q_midw23_object_attributes_and_methods_v2,fillb,fillb_low_confidence_key,0.4855769230769231,2
F23,mid1,q_midw23_object_attributes_and_methods_v2,fillb,fillb_low_confidence_key,0.4855769230769231,1
F23,mid1,q_midw23_object_attributes_and_methods_v2,fillb,fillb_low_confidence_key,0.4855769230769231,1
F23,mid1,q_midw23_object_attributes_and_methods_v2,fillb,fillb_low_confidence_key,0.4855769230769231,2
F23,mid1,q_midw23_object_attributes_and_methods_v2,fillb,fillb_low_confidence_key,0.4855769230769231,6
F23,mid1,q_midw23_object_attributes_and_methods_v2,fillb,fillb_low_confidence_key,0.4855769230769231,2
F23,mid1,q_midw23_object_attributes_and_methods_v2,fillb,fillb_low_confidence_key,0.4855769230769231,4
F23,mid1,q_midw23_object_attributes_and_methods_v2,fillb,fillb_low_confidence_key,0.4855769230769231,1
F23,mid1,q_midw23_object_attributes_and_methods_v2,fillb,fillb_low_confidence_key,0.4855769230769231,2
F23,mid1,q_midw23_object_attributes_and_methods_v2,fillb,fillb_low_confidence_key,0.4855769230769231,1
F23,mid1,q_midw23_object_attributes_and_methods_v2,fillb,fillb_low_confidence_key,0.4855769230769231,2
F23,mid1,q_midw23_object_attributes_and_methods_v2,fillb,fillb_low_confidence_key,0.4855769230769231,9
F23,mid1,q_midw23_object_attributes_and_methods_v2,fillb,fillb_low_confidence_key,0.4855769230769231,1
F23,mid1,q_midw23_object_attributes_and_methods_v2,fillb,fillb_low_confidence_key,0.4855769230769231,2
F23,mid1,q_midw23_object_attributes_and_methods_v2,fillb,fillb_low_confidence_key,0.4855769230769231,1
F23,mid1,q_midw23_object_attributes_and_methods_v2,fillb,fillb_low_confidence_key,0.4855769230769231,5
F23,mid1,q_midw23_object_attributes_and_methods_v2,fillb,fillb_low_confidence_key,0.4855769230769231,2
F23,mid1,q_midw23_object_attributes_and_methods_v2,fillb,fillb_low_confidence_key,0.4855769230769231,1
F23,mid1,q_midw23_object_attributes_and_methods_v2,fillb,fillb_low_confidence_key,0.4855769230769231,7
F23,mid1,q_midw23_object_attributes_and_methods_v2,fillb,fillb_low_confidence_key,0.4855769230769231,1
F23,mid1,q_midw23_object_attributes_and_methods_v2,fillb,fillb_low_confidence_key,0.4855769230769231,5
F23,mid1,q_midw23_object_attributes_and_methods_v2,fillb,fillb_low_confidence_key,0.4855769230769231,1
F23,mid1,q_midw23_object_attributes_and_methods_v2,fillb,fillb_low_confidence_key,0.4855769230769231,1
F23,mid1,q_midw23_object_attributes_and_methods_v2,fillb,fillb_low_confidence_key,0.4855769230769231,5
F23,mid1,q_midw23_object_attributes_and_methods_v2,fillb,fillb_low_confidence_key,0.4855769230769231,4
F23,mid1,q_midw23_object_attributes_and_methods_v2,fillb,fillb_low_confidence_key,0.4855769230769231,4
F23,mid1,q_midw23_object_attributes_and_methods_v2,fillb,fillb_low_confidence_key,0.4855769230769231,3
F23,mid1,q_midw23_object_attributes_and_methods_v2,fillb,fillb_low_confidence_key,0.4855769230769231,1
F23,mid1,q_midw23_object_attributes_and_methods_v2,fillb,fillb_low_confidence_key,0.4855769230769231,1
F23,mid1,q_midw23_object_attributes_and_methods_v2,fillb,fillb_low_confidence_key,0.4855769230769231,3
F23,mid1,q_midw23_object_attributes_and_methods_v2,fillb,fillb_low_confidence_key,0.4855769230769231,2
F23,mid1,q_midw23_object_attributes_and_methods_v2,fillb,fillb_low_confidence_key,0.4855769230769231,2
F23,mid1,q_midw23_object_attributes_and_methods_v2,fillb,fillb_low_confidence_key,0.4855769230769231,4
F23,mid1,q_midw23_object_attributes_and_methods_v2,fillb,fillb_low_confidence_key,0.4855769230769231,2
F23,mid1,q_midw23_object_attributes_and_methods_v2,fillb,fillb_low_confidence_key,0.4855769230769231,5
F23,mid1,q_midw23_object_attributes_and_methods_v2,fillb,fillb_low_confidence_key,0.4855769230769231,2
F23,mid1,q_midw23_object_attributes_and_methods_v2,fillb,fillb_low_confidence_key,0.4855769230769231,1
F23,mid1,q_midw23_object_attributes_and_methods_v2,fillb,fillb_low_confidence_key,0.4855769230769231,5
F23,mid1,q_midw23_object_attributes_and_methods_v2,fillb,fillb_low_confidence_key,0.4855769230769231,5
F23,mid1,q_midw23_object_attributes_and_methods_v2,fillb,fillb_low_confidence_key,0.4855769230769231,3
F23,mid1,q_midw23_object_attributes_and_methods_v2,fillb,fillb_low_confidence_key,0.4855769230769231,1
F23,mid1,q_midw23_object_attributes_and_methods_v2,fillb,fillb_low_confidence_key,0.4855769230769231,1
F23,mid1,q_midw23_object_attributes_and_methods_v2,fillb,fillb_low_confidence_key,0.4855769230769231,9
F23,mid1,q_midw23_object_attributes_and_methods_v2,fillb,fillb_low_confidence_key,0.4855769230769231,7
F23,mid1,q_midw23_object_attributes_and_methods_v2,fillb,fillb_low_confidence_key,0.4855769230769231,1
F23,mid2,webAPI_fill1,fillb,fillb_low_confidence_key,0.5,3
F24,mid1,file-open-fitb-object,fillb,fillb_low_confidence_key,0.5,3
F24,mid1,file-open-fitb-object,fillb,fillb_low_confidence_key,0.5,1
F24,mid2,file-open-fitb-object,fillb,fillb_low_confidence_key,0.5,1
F24,mid2,file-open-fitb-object,fillb,fillb_low_confidence_key,0.5,5
F24,mid2,file_remove_newline,fillb,fillb_low_confidence_key,0.4,1
F24,mid1,intro-what-fitb-program,fillb,fillb_low_confidence_key,0.5,1
F24,mid1,listPars_fill1,fillb,fillb_low_confidence_key,0.6,2
F24,mid1,listPars_fill1,fillb,fillb_low_confidence_key,0.6,1
F24,mid2,midterm_2_practice_q27_findall_regex_fib,fillb,fillb_low_confidence_key,0.3333333333333333,1
F24,mid2,midterm_2_practice_q27_findall_regex_fib,fillb,fillb_low_confidence_key,0.3333333333333333,8
F24,mid2,midterm_2_practice_q27_findall_regex_fib,fillb,fillb_low_confidence_key,0.3333333333333333,2
F24,mid2,midterm_2_practice_q27_findall_regex_fib,fillb,fillb_low_confidence_key,0.3333333333333333,11
F24,mid2,midterm_2_practice_q27_findall_regex_fib,fillb,fillb_low_confidence_key,0.3333333333333333,7
F24,mid2,midterm_2_practice_q27_findall_regex_fib,fillb,fillb_low_confidence_key,0.3333333333333333,7
F24,mid2,midterm_2_practice_q27_findall_regex_fib,fillb,fillb_low_confidence_key,0.3333333333333333,4
F24,mid2,midterm_2_practice_q27_findall_regex_fib,fillb,fillb_low_confidence_key,0.3333333333333333,1
F24,mid2,midterm_2_practice_q27_findall_regex_fib,fillb,fillb_low_confidence_key,0.3333333333333333,2
F24,mid2,midterm_2_practice_q27_findall_regex_fib,fillb,fillb_low_confidence_key,0.3333333333333333,1
F24,mid2,midterm_2_practice_q27_findall_regex_fib,fillb,fillb_low_confidence_key,0.3333333333333333,4
F24,mid2,midterm_2_practice_q27_findall_regex_fib,fillb,fillb_low_confidence_key,0.3333333333333333,1
F24,mid2,midterm_2_practice_q27_findall_regex_fib,fillb,fillb_low_confidence_key,0.3333333333333333,25
F24,mid2,midterm_2_practice_q27_findall_regex_fib,fillb,fillb_low_confidence_key,0.3333333333333333,1
F24,mid2,midterm_2_practice_q27_findall_regex_fib,fillb,fillb_low_confidence_key,0.3333333333333333,3
F24,mid2,midterm_2_practice_q27_findall_regex_fib,fillb,fillb_low_confidence_key,0.3333333333333333,6
F24,mid2,midterm_2_practice_q27_findall_regex_fib,fillb,fillb_low_confidence_key,0.3333333333333333,13
F24,mid2,midterm_2_practice_q27_findall_regex_fib,fillb,fillb_low_confidence_key,0.3333333333333333,5
F24,mid2,midterm_2_practice_q27_findall_regex_fib,fillb,fillb_low_confidence_key,0.3333333333333333,3
F24,mid2,midterm_2_practice_q27_findall_regex_fib,fillb,fillb_low_confidence_key,0.3333333333333333,7
F24,mid2,midterm_2_practice_q27_findall_regex_fib,fillb,fillb_low_confidence_key,0.3333333333333333,2
F24,mid2,midterm_2_practice_q27_findall_regex_fib,fillb,fillb_low_confidence_key,0.3333333333333333,5
F24,mid2,midterm_2_practice_q27_findall_regex_fib,fillb,fillb_low_confidence_key,0.3333333333333333,1
F24,mid2,midterm_2_practice_q27_findall_regex_fib,fillb,fillb_low_confidence_key,0.3333333333333333,18
F24,mid2,midterm_2_practice_q27_findall_regex_fib,fillb,fillb_low_confidence_key,0.3333333333333333,9
F24,mid2,midterm_2_practice_q27_findall_regex_fib,fillb,fillb_low_confidence_key,0.3333333333333333,1
F24,mid2,midterm_2_practice_q27_findall_regex_fib,fillb,fillb_low_confidence_key,0.3333333333333333,14
F24,mid2,midterm_2_practice_q27_findall_regex_fib,fillb,fillb_low_confidence_key,0.3333333333333333,10
F24,mid2,midterm_2_practice_q27_findall_regex_fib,fillb,fillb_low_confidence_key,0.3333333333333333,6
F24,mid2,midterm_2_practice_q27_findall_regex_fib,fillb,fillb_low_confidence_key,0.3333333333333333,1
F24,mid2,midterm_2_practice_q27_findall_regex_fib,fillb,fillb_low_confidence_key,0.3333333333333333,1
F24,mid2,midterm_2_practice_q27_findall_regex_fib,fillb,fillb_low_confidence_key,0.3333333333333333,1
F24,mid2,midterm_2_practice_q27_findall_regex_fib,fillb,fillb_low_confidence_key,0.3333333333333333,5
F24,mid2,midterm_2_practice_q27_findall_regex_fib,fillb,fillb_low_confidence_key,0.3333333333333333,10
F24,mid2,midterm_2_practice_q27_findall_regex_fib,fillb,fillb_low_confidence_key,0.3333333333333333,3
F24,mid2,midterm_2_practice_q27_findall_regex_fib,fillb,fillb_low_confidence_key,0.3333333333333333,13
F24,mid2,midterm_2_practice_q27_findall_regex_fib,fillb,fillb_low_confidence_key,0.3333333333333333,41
F24,mid2,midterm_2_practice_q27_findall_regex_fib,fillb,fillb_low_confidence_key,0.3333333333333333,45
F24,mid2,midterm_2_practice_q27_findall_regex_fib,fillb,fillb_low_confidence_key,0.3333333333333333,6
F24,mid2,midterm_2_practice_q27_findall_regex_fib,fillb,fillb_low_confidence_key,0.3333333333333333,7
F24,mid2,mult_class_deck_who_creates_cards_fitb,fillb,fillb_low_confidence_key,0.5,6
F24,mid2,plan2_fill,fillb,fillb_low_confidence_key,0.6,2
F24,mid2,plan5_fill_v2,fillb,fillb_low_confidence_key,0.5,2
F24,mid1,q_midf21_several_ifs_fitb,fillb,fillb_low_confidence_key,0.6442307692307693,4
F24,mid1,q_midf21_several_ifs_fitb,fillb,fillb_low_confidence_key,0.6442307692307693,6
F24,mid1,q_midf21_several_ifs_fitb,fillb,fillb_low_confidence_key,0.6442307692307693,9
F24,mid1,q_midf21_several_ifs_fitb,fillb,fillb_low_confidence_key,0.6442307692307693,7
F24,mid1,q_midf21_several_ifs_fitb,fillb,fillb_low_confidence_key,0.6442307692307693,7
F24,mid1,q_midf21_several_ifs_fitb,fillb,fillb_low_confidence_key,0.6442307692307693,4
F24,mid1,q_midf21_several_ifs_fitb,fillb,fillb_low_confidence_key,0.6442307692307693,3
F24,mid1,q_midf21_several_ifs_fitb,fillb,fillb_low_confidence_key,0.6442307692307693,11
F24,mid1,q_midf21_several_ifs_fitb,fillb,fillb_low_confidence_key,0.6442307692307693,2
F24,mid1,q_midf21_several_ifs_fitb,fillb,fillb_low_confidence_key,0.6442307692307693,5
F24,mid1,q_midf21_several_ifs_fitb,fillb,fillb_low_confidence_key,0.6442307692307693,4
F24,mid1,q_midf21_several_ifs_fitb,fillb,fillb_low_confidence_key,0.6442307692307693,6
F24,mid1,q_midf21_several_ifs_fitb,fillb,fillb_low_confidence_key,0.6442307692307693,4
F24,mid1,q_midf21_several_ifs_fitb,fillb,fillb_low_confidence_key,0.6442307692307693,4
F24,mid1,q_midf21_several_ifs_fitb,fillb,fillb_low_confidence_key,0.6442307692307693,3
F24,mid1,q_midf21_several_ifs_fitb,fillb,fillb_low_confidence_key,0.6442307692307693,4
F24,mid1,q_midf21_several_ifs_fitb,fillb,fillb_low_confidence_key,0.6442307692307693,7
F24,mid1,q_midf21_several_ifs_fitb,fillb,fillb_low_confidence_key,0.6442307692307693,7
F24,mid1,q_midf21_several_ifs_fitb,fillb,fillb_low_confidence_key,0.6442307692307693,9
F24,mid1,q_midf21_several_ifs_fitb,fillb,fillb_low_confidence_key,0.6442307692307693,6
F24,mid1,q_midf21_several_ifs_fitb,fillb,fillb_low_confidence_key,0.6442307692307693,4
F24,mid1,q_midf21_several_ifs_fitb,fillb,fillb_low_confidence_key,0.6442307692307693,4
F24,mid1,q_midf21_several_ifs_fitb,fillb,fillb_low_confidence_key,0.6442307692307693,8
F24,mid1,q_midf21_several_ifs_fitb,fillb,fillb_low_confidence_key,0.6442307692307693,3
F24,mid1,q_midf21_several_ifs_fitb,fillb,fillb_low_confidence_key,0.6442307692307693,2
F24,mid1,q_midf21_several_ifs_fitb,fillb,fillb_low_confidence_key,0.6442307692307693,8
F24,mid1,q_midf21_several_ifs_fitb,fillb,fillb_low_confidence_key,0.6442307692307693,4
F24,mid1,q_midf21_several_ifs_fitb,fillb,fillb_low_confidence_key,0.6442307692307693,4
F24,mid1,q_midf21_several_ifs_fitb,fillb,fillb_low_confidence_key,0.6442307692307693,2
F24,mid1,q_midf21_several_ifs_fitb,fillb,fillb_low_confidence_key,0.6442307692307693,1
F24,mid1,q_midf21_several_ifs_fitb,fillb,fillb_low_confidence_key,0.6442307692307693,6
F24,mid1,q_midf21_several_ifs_fitb,fillb,fillb_low_confidence_key,0.6442307692307693,1
F24,mid1,q_midf21_several_ifs_fitb,fillb,fillb_low_confidence_key,0.6442307692307693,6
F24,mid1,q_midf21_several_ifs_fitb,fillb,fillb_low_confidence_key,0.6442307692307693,10
F24,mid1,q_midf21_several_ifs_fitb,fillb,fillb_low_confidence_key,0.6442307692307693,14
F24,mid1,q_midf21_several_ifs_fitb,fillb,fillb_low_confidence_key,0.6442307692307693,6
F24,mid1,q_midf21_several_ifs_fitb,fillb,fillb_low_confidence_key,0.6442307692307693,1
F24,mid1,q_midf21_several_ifs_fitb,fillb,fillb_low_confidence_key,0.6442307692307693,3
F24,mid1,q_midf21_several_ifs_fitb,fillb,fillb_low_confidence_key,0.6442307692307693,3
F24,mid1,q_midf21_several_ifs_fitb,fillb,fillb_low_confidence_key,0.6442307692307693,7
F24,mid1,q_midf21_several_ifs_fitb,fillb,fillb_low_confidence_key,0.6442307692307693,7
F24,mid1,q_midf21_several_ifs_fitb,fillb,fillb_low_confidence_key,0.6442307692307693,8
F24,mid1,q_midf21_several_ifs_fitb,fillb,fillb_low_confidence_key,0.6442307692307693,3
F24,mid1,q_midf21_several_ifs_fitb,fillb,fillb_low_confidence_key,0.6442307692307693,3
F24,mid1,q_midf21_several_ifs_fitb,fillb,fillb_low_confidence_key,0.6442307692307693,3
F24,mid1,q_midf21_several_ifs_fitb,fillb,fillb_low_confidence_key,0.6442307692307693,2
F24,mid1,q_midf21_several_ifs_fitb,fillb,fillb_low_confidence_key,0.6442307692307693,7
F24,mid1,q_midf21_several_ifs_fitb,fillb,fillb_low_confidence_key,0.6442307692307693,8
F24,mid1,q_midf21_several_ifs_fitb,fillb,fillb_low_confidence_key,0.6442307692307693,3
F24,mid1,q_midf21_several_ifs_fitb,fillb,fillb_low_confidence_key,0.6442307692307693,24
F24,mid1,q_midf21_several_ifs_fitb,fillb,fillb_low_confidence_key,0.6442307692307693,4
F24,mid1,q_midf21_several_ifs_fitb,fillb,fillb_low_confidence_key,0.6442307692307693,8
F24,mid1,q_midf21_several_ifs_fitb,fillb,fillb_low_confidence_key,0.6442307692307693,8
F24,mid1,q_midf21_several_ifs_fitb,fillb,fillb_low_confidence_key,0.6442307692307693,8
F24,mid1,q_midf21_several_ifs_fitb,fillb,fillb_low_confidence_key,0.6442307692307693,4
F24,mid1,q_midf21_several_ifs_fitb,fillb,fillb_low_confidence_key,0.6442307692307693,3
F24,mid1,q_midf21_several_ifs_fitb,fillb,fillb_low_confidence_key,0.6442307692307693,5
F24,mid1,q_midf21_several_ifs_fitb,fillb,fillb_low_confidence_key,0.6442307692307693,4
F24,mid1,q_midf21_several_ifs_fitb,fillb,fillb_low_confidence_key,0.6442307692307693,3
F24,mid1,q_midf21_several_ifs_fitb,fillb,fillb_low_confidence_key,0.6442307692307693,12
F24,mid1,q_midf21_several_ifs_fitb,fillb,fillb_low_confidence_key,0.6442307692307693,5
F24,mid1,q_midf21_several_ifs_fitb,fillb,fillb_low_confidence_key,0.6442307692307693,10
F24,mid1,q_midf21_several_ifs_fitb,fillb,fillb_low_confidence_key,0.6442307692307693,8
F24,mid1,q_midf21_several_ifs_fitb,fillb,fillb_low_confidence_key,0.6442307692307693,5
F24,mid1,q_midf21_several_ifs_fitb,fillb,fillb_low_confidence_key,0.6442307692307693,2
F24,mid1,q_midf21_several_ifs_fitb,fillb,fillb_low_confidence_key,0.6442307692307693,3
F24,mid1,q_midf21_several_ifs_fitb,fillb,fillb_low_confidence_key,0.6442307692307693,9
F24,mid1,q_midf21_several_ifs_fitb,fillb,fillb_low_confidence_key,0.6442307692307693,4
F24,mid1,q_midf21_several_ifs_fitb,fillb,fillb_low_confidence_key,0.6442307692307693,10
F24,mid1,q_midf21_several_ifs_fitb,fillb,fillb_low_confidence_key,0.6442307692307693,11
F24,mid1,q_midf21_several_ifs_fitb,fillb,fillb_low_confidence_key,0.6442307692307693,5
F24,mid1,q_midf21_several_ifs_fitb,fillb,fillb_low_confidence_key,0.6442307692307693,7
F24,mid1,q_midf21_several_ifs_fitb,fillb,fillb_low_confidence_key,0.6442307692307693,5
F24,mid1,q_midf21_several_ifs_fitb,fillb,fillb_low_confidence_key,0.6442307692307693,5
F24,mid1,q_midf21_several_ifs_fitb,fillb,fillb_low_confidence_key,0.6442307692307693,3
F24,mid1,q_midf21_several_ifs_fitb,fillb,fillb_low_confidence_key,0.6442307692307693,7
F24,mid1,q_midf21_several_ifs_fitb,fillb,fillb_low_confidence_key,0.6442307692307693,2
F24,mid1,q_midf21_several_ifs_fitb,fillb,fillb_low_confidence_key,0.6442307692307693,6
F24,mid1,q_midf21_several_ifs_fitb,fillb,fillb_low_confidence_key,0.6442307692307693,6
F24,mid1,q_midf21_several_ifs_fitb,fillb,fillb_low_confidence_key,0.6442307692307693,5
F24,mid1,q_midf21_several_ifs_fitb,fillb,fillb_low_confidence_key,0.6442307692307693,6
F24,mid1,q_midf21_several_ifs_fitb,fillb,fillb_low_confidence_key,0.6442307692307693,8
F24,mid1,q_midf21_several_ifs_fitb,fillb,fillb_low_confidence_key,0.6442307692307693,3
F24,mid1,q_midf21_several_ifs_fitb,fillb,fillb_low_confidence_key,0.6442307692307693,5
F24,mid1,q_midf21_several_ifs_fitb,fillb,fillb_low_confidence_key,0.6442307692307693,4
F24,mid1,q_midf21_several_ifs_fitb,fillb,fillb_low_confidence_key,0.6442307692307693,1
F24,mid1,q_midf21_several_ifs_fitb,fillb,fillb_low_confidence_key,0.6442307692307693,4
F24,mid1,q_midf21_several_ifs_fitb,fillb,fillb_low_confidence_key,0.6442307692307693,3
F24,mid1,q_midf21_several_ifs_fitb,fillb,fillb_low_confidence_key,0.6442307692307693,3
F24,mid1,q_midf21_several_ifs_fitb,fillb,fillb_low_confidence_key,0.6442307692307693,1
F24,mid1,q_midf21_several_ifs_fitb,fillb,fillb_low_confidence_key,0.6442307692307693,3
F24,mid1,q_midf21_several_ifs_fitb,fillb,fillb_low_confidence_key,0.6442307692307693,3
F24,mid1,q_midf21_several_ifs_fitb,fillb,fillb_low_confidence_key,0.6442307692307693,6
F24,mid1,q_midf21_several_ifs_fitb,fillb,fillb_low_confidence_key,0.6442307692307693,5
F24,mid1,q_midf21_several_ifs_fitb,fillb,fillb_low_confidence_key,0.6442307692307693,7
F24,mid1,q_midf21_several_ifs_fitb,fillb,fillb_low_confidence_key,0.6442307692307693,11
F24,mid1,q_midf21_several_ifs_fitb,fillb,fillb_low_confidence_key,0.6442307692307693,2
F24,mid1,q_midf21_several_ifs_fitb,fillb,fillb_low_confidence_key,0.6442307692307693,1
F24,mid1,q_midf21_several_ifs_fitb,fillb,fillb_low_confidence_key,0.6442307692307693,1
F24,mid1,q_midf21_several_ifs_fitb,fillb,fillb_low_confidence_key,0.6442307692307693,1
F24,mid1,q_midf21_several_ifs_fitb,fillb,fillb_low_confidence_key,0.6442307692307693,2
F24,mid1,q_midf21_several_ifs_fitb,fillb,fillb_low_confidence_key,0.6442307692307693,3
F24,mid1,q_midf21_several_ifs_fitb,fillb,fillb_low_confidence_key,0.6442307692307693,7
F24,mid1,q_midf21_several_ifs_fitb,fillb,fillb_low_confidence_key,0.6442307692307693,7
F24,mid1,q_midf21_several_ifs_fitb,fillb,fillb_low_confidence_key,0.6442307692307693,1
F24,mid1,q_midf21_several_ifs_fitb,fillb,fillb_low_confidence_key,0.6442307692307693,2
F24,mid1,q_midf21_several_ifs_fitb,fillb,fillb_low_confidence_key,0.6442307692307693,1
F24,mid1,q_midf21_several_ifs_fitb,fillb,fillb_low_confidence_key,0.6442307692307693,3
F24,mid1,q_midf21_several_ifs_fitb,fillb,fillb_low_confidence_key,0.6442307692307693,6
F24,mid1,q_midf21_several_ifs_fitb,fillb,fillb_low_confidence_key,0.6442307692307693,3
F24,mid1,q_midf21_several_ifs_fitb,fillb,fillb_low_confidence_key,0.6442307692307693,3
F24,mid1,q_midf21_several_ifs_fitb,fillb,fillb_low_confidence_key,0.6442307692307693,3
F24,mid1,q_midf21_several_ifs_fitb,fillb,fillb_low_confidence_key,0.6442307692307693,1
F24,mid1,q_midf21_several_ifs_fitb,fillb,fillb_low_confidence_key,0.6442307692307693,4
F24,mid1,q_midf21_several_ifs_fitb,fillb,fillb_low_confidence_key,0.6442307692307693,1
F24,mid1,q_midf21_several_ifs_fitb,fillb,fillb_low_confidence_key,0.6442307692307693,7
F24,mid1,q_midf21_several_ifs_fitb,fillb,fillb_low_confidence_key,0.6442307692307693,1
F24,mid1,q_midf21_several_ifs_fitb,fillb,fillb_low_confidence_key,0.6442307692307693,2
F24,mid1,q_midf21_several_ifs_fitb,fillb,fillb_low_confidence_key,0.6442307692307693,3
F24,mid1,q_midf21_several_ifs_fitb,fillb,fillb_low_confidence_key,0.6442307692307693,2
F24,mid1,q_midf21_several_ifs_fitb,fillb,fillb_low_confidence_key,0.6442307692307693,1
F24,mid1,q_midf21_several_ifs_fitb,fillb,fillb_low_confidence_key,0.6442307692307693,2
F24,mid1,q_midf21_several_ifs_fitb,fillb,fillb_low_confidence_key,0.6442307692307693,1
F24,mid1,q_midf21_several_ifs_fitb,fillb,fillb_low_confidence_key,0.6442307692307693,1
F24,mid1,q_midf21_several_ifs_fitb,fillb,fillb_low_confidence_key,0.6442307692307693,1
F24,mid1,q_midf21_several_ifs_fitb,fillb,fillb_low_confidence_key,0.6442307692307693,5
F24,mid1,q_midf21_several_ifs_fitb,fillb,fillb_low_confidence_key,0.6442307692307693,6
F24,mid1,q_midf21_several_ifs_fitb,fillb,fillb_low_confidence_key,0.6442307692307693,2
F24,mid1,q_midf21_several_ifs_fitb,fillb,fillb_low_confidence_key,0.6442307692307693,4
F24,mid1,q_midf21_several_ifs_fitb,fillb,fillb_low_confidence_key,0.6442307692307693,1
F24,mid1,q_midf21_several_ifs_fitb,fillb,fillb_low_confidence_key,0.6442307692307693,4
F24,mid1,q_midf21_several_ifs_fitb,fillb,fillb_low_confidence_key,0.6442307692307693,4
F24,mid1,q_midf21_several_ifs_fitb,fillb,fillb_low_confidence_key,0.6442307692307693,1
F24,mid1,q_midf21_several_ifs_fitb,fillb,fillb_low_confidence_key,0.6442307692307693,1
F24,mid1,q_midf21_several_ifs_fitb,fillb,fillb_low_confidence_key,0.6442307692307693,3
F24,mid1,q_midf21_several_ifs_fitb,fillb,fillb_low_confidence_key,0.6442307692307693,1
F24,mid1,q_midf21_several_ifs_fitb,fillb,fillb_low_confidence_key,0.6442307692307693,1
F24,mid1,q_midf21_several_ifs_fitb,fillb,fillb_low_confidence_key,0.6442307692307693,1
F24,mid1,q_midf21_several_ifs_fitb,fillb,fillb_low_confidence_key,0.6442307692307693,3
F24,mid1,q_midf21_several_ifs_fitb,fillb,fillb_low_confidence_key,0.6442307692307693,1
F24,mid1,q_midf21_several_ifs_fitb,fillb,fillb_low_confidence_key,0.6442307692307693,4
F24,mid1,q_midf21_several_ifs_fitb,fillb,fillb_low_confidence_key,0.6442307692307693,4
F24,mid1,q_midf21_several_ifs_fitb,fillb,fillb_low_confidence_key,0.6442307692307693,1
F24,mid1,q_midf21_several_ifs_fitb,fillb,fillb_low_confidence_key,0.6442307692307693,2
F24,mid1,q_midf21_several_ifs_fitb,fillb,fillb_low_confidence_key,0.6442307692307693,2
F24,mid1,q_midf21_several_ifs_fitb,fillb,fillb_low_confidence_key,0.6442307692307693,4
F24,mid1,q_midw23_object_attributes_and_methods_v2,fillb,fillb_low_confidence_key,0.4855769230769231,4
F24,mid1,q_midw23_object_attributes_and_methods_v2,fillb,fillb_low_confidence_key,0.4855769230769231,5
F24,mid1,q_midw23_object_attributes_and_methods_v2,fillb,fillb_low_confidence_key,0.4855769230769231,9
F24,mid1,q_midw23_object_attributes_and_methods_v2,fillb,fillb_low_confidence_key,0.4855769230769231,6
F24,mid1,q_midw23_object_attributes_and_methods_v2,fillb,fillb_low_confidence_key,0.4855769230769231,9
F24,mid1,q_midw23_object_attributes_and_methods_v2,fillb,fillb_low_confidence_key,0.4855769230769231,7
F24,mid1,q_midw23_object_attributes_and_methods_v2,fillb,fillb_low_confidence_key,0.4855769230769231,4
F24,mid1,q_midw23_object_attributes_and_methods_v2,fillb,fillb_low_confidence_key,0.4855769230769231,3
F24,mid1,q_midw23_object_attributes_and_methods_v2,fillb,fillb_low_confidence_key,0.4855769230769231,4
F24,mid1,q_midw23_object_attributes_and_methods_v2,fillb,fillb_low_confidence_key,0.4855769230769231,7
F24,mid1,q_midw23_object_attributes_and_methods_v2,fillb,fillb_low_confidence_key,0.4855769230769231,3
F24,mid1,q_midw23_object_attributes_and_methods_v2,fillb,fillb_low_confidence_key,0.4855769230769231,10
F24,mid1,q_midw23_object_attributes_and_methods_v2,fillb,fillb_low_confidence_key,0.4855769230769231,6
F24,mid1,q_midw23_object_attributes_and_methods_v2,fillb,fillb_low_confidence_key,0.4855769230769231,3
F24,mid1,q_midw23_object_attributes_and_methods_v2,fillb,fillb_low_confidence_key,0.4855769230769231,5
F24,mid1,q_midw23_object_attributes_and_methods_v2,fillb,fillb_low_confidence_key,0.4855769230769231,6
F24,mid1,q_midw23_object_attributes_and_methods_v2,fillb,fillb_low_confidence_key,0.4855769230769231,5
F24,mid1,q_midw23_object_attributes_and_methods_v2,fillb,fillb_low_confidence_key,0.4855769230769231,6
F24,mid1,q_midw23_object_attributes_and_methods_v2,fillb,fillb_low_confidence_key,0.4855769230769231,8
F24,mid1,q_midw23_object_attributes_and_methods_v2,fillb,fillb_low_confidence_key,0.4855769230769231,5
F24,mid1,q_midw23_object_attributes_and_methods_v2,fillb,fillb_low_confidence_key,0.4855769230769231,4
F24,mid1,q_midw23_object_attributes_and_methods_v2,fillb,fillb_low_confidence_key,0.4855769230769231,5
F24,mid1,q_midw23_object_attributes_and_methods_v2,fillb,fillb_low_confidence_key,0.4855769230769231,5
F24,mid1,q_midw23_object_attributes_and_methods_v2,fillb,fillb_low_confidence_key,0.4855769230769231,3
F24,mid1,q_midw23_object_attributes_and_methods_v2,fillb,fillb_low_confidence_key,0.4855769230769231,3
F24,mid1,q_midw23_object_attributes_and_methods_v2,fillb,fillb_low_confidence_key,0.4855769230769231,7
F24,mid1,q_midw23_object_attributes_and_methods_v2,fillb,fillb_low_confidence_key,0.4855769230769231,5
F24,mid1,q_midw23_object_attributes_and_methods_v2,fillb,fillb_low_confidence_key,0.4855769230769231,5
F24,mid1,q_midw23_object_attributes_and_methods_v2,fillb,fillb_low_confidence_key,0.4855769230769231,2
F24,mid1,q_midw23_object_attributes_and_methods_v2,fillb,fillb_low_confidence_key,0.4855769230769231,1
F24,mid1,q_midw23_object_attributes_and_methods_v2,fillb,fillb_low_confidence_key,0.4855769230769231,6
F24,mid1,q_midw23_object_attributes_and_methods_v2,fillb,fillb_low_confidence_key,0.4855769230769231,1
F24,mid1,q_midw23_object_attributes_and_methods_v2,fillb,fillb_low_confidence_key,0.4855769230769231,4
F24,mid1,q_midw23_object_attributes_and_methods_v2,fillb,fillb_low_confidence_key,0.4855769230769231,7
F24,mid1,q_midw23_object_attributes_and_methods_v2,fillb,fillb_low_confidence_key,0.4855769230769231,11
F24,mid1,q_midw23_object_attributes_and_methods_v2,fillb,fillb_low_confidence_key,0.4855769230769231,5
F24,mid1,q_midw23_object_attributes_and_methods_v2,fillb,fillb_low_confidence_key,0.4855769230769231,1
F24,mid1,q_midw23_object_attributes_and_methods_v2,fillb,fillb_low_confidence_key,0.4855769230769231,4
F24,mid1,q_midw23_object_attributes_and_methods_v2,fillb,fillb_low_confidence_key,0.4855769230769231,3
F24,mid1,q_midw23_object_attributes_and_methods_v2,fillb,fillb_low_confidence_key,0.4855769230769231,8
F24,mid1,q_midw23_object_attributes_and_methods_v2,fillb,fillb_low_confidence_key,0.4855769230769231,7
F24,mid1,q_midw23_object_attributes_and_methods_v2,fillb,fillb_low_confidence_key,0.4855769230769231,9
F24,mid1,q_midw23_object_attributes_and_methods_v2,fillb,fillb_low_confidence_key,0.4855769230769231,4
F24,mid1,q_midw23_object_attributes_and_methods_v2,fillb,fillb_low_confidence_key,0.4855769230769231,6
F24,mid1,q_midw23_object_attributes_and_methods_v2,fillb,fillb_low_confidence_key,0.4855769230769231,2
F24,mid1,q_midw23_object_attributes_and_methods_v2,fillb,fillb_low_confidence_key,0.4855769230769231,3
F24,mid1,q_midw23_object_attributes_and_methods_v2,fillb,fillb_low_confidence_key,0.4855769230769231,5
F24,mid1,q_midw23_object_attributes_and_methods_v2,fillb,fillb_low_confidence_key,0.4855769230769231,5
F24,mid1,q_midw23_object_attributes_and_methods_v2,fillb,fillb_low_confidence_key,0.4855769230769231,1
F24,mid1,q_midw23_object_attributes_and_methods_v2,fillb,fillb_low_confidence_key,0.4855769230769231,15
F24,mid1,q_midw23_object_attributes_and_methods_v2,fillb,fillb_low_confidence_key,0.4855769230769231,3
F24,mid1,q_midw23_object_attributes_and_methods_v2,fillb,fillb_low_confidence_key,0.4855769230769231,3
F24,mid1,q_midw23_object_attributes_and_methods_v2,fillb,fillb_low_confidence_key,0.4855769230769231,7
F24,mid1,q_midw23_object_attributes_and_methods_v2,fillb,fillb_low_confidence_key,0.4855769230769231,9
F24,mid1,q_midw23_object_attributes_and_methods_v2,fillb,fillb_low_confidence_key,0.4855769230769231,6
F24,mid1,q_midw23_object_attributes_and_methods_v2,fillb,fillb_low_confidence_key,0.4855769230769231,6
F24,mid1,q_midw23_object_attributes_and_methods_v2,fillb,fillb_low_confidence_key,0.4855769230769231,9
F24,mid1,q_midw23_object_attributes_and_methods_v2,fillb,fillb_low_confidence_key,0.4855769230769231,4
F24,mid1,q_midw23_object_attributes_and_methods_v2,fillb,fillb_low_confidence_key,0.4855769230769231,3
F24,mid1,q_midw23_object_attributes_and_methods_v2,fillb,fillb_low_confidence_key,0.4855769230769231,4
F24,mid1,q_midw23_object_attributes_and_methods_v2,fillb,fillb_low_confidence_key,0.4855769230769231,4
F24,mid1,q_midw23_object_attributes_and_methods_v2,fillb,fillb_low_confidence_key,0.4855769230769231,8
F24,mid1,q_midw23_object_attributes_and_methods_v2,fillb,fillb_low_confidence_key,0.4855769230769231,8
F24,mid1,q_midw23_object_attributes_and_methods_v2,fillb,fillb_low_confidence_key,0.4855769230769231,4
F24,mid1,q_midw23_object_attributes_and_methods_v2,fillb,fillb_low_confidence_key,0.4855769230769231,2
F24,mid1,q_midw23_object_attributes_and_methods_v2,fillb,fillb_low_confidence_key,0.4855769230769231,2
F24,mid1,q_midw23_object_attributes_and_methods_v2,fillb,fillb_low_confidence_key,0.4855769230769231,5
F24,mid1,q_midw23_object_attributes_and_methods_v2,fillb,fillb_low_confidence_key,0.4855769230769231,9
F24,mid1,q_midw23_object_attributes_and_methods_v2,fillb,fillb_low_confidence_key,0.4855769230769231,4
F24,mid1,q_midw23_object_attributes_and_methods_v2,fillb,fillb_low_confidence_key,0.4855769230769231,14
F24,mid1,q_midw23_object_attributes_and_methods_v2,fillb,fillb_low_confidence_key,0.4855769230769231,7
F24,mid1,q_midw23_object_attributes_and_methods_v2,fillb,fillb_low_confidence_key,0.4855769230769231,5
F24,mid1,q_midw23_object_attributes_and_methods_v2,fillb,fillb_low_confidence_key,0.4855769230769231,4
F24,mid1,q_midw23_object_attributes_and_methods_v2,fillb,fillb_low_confidence_key,0.4855769230769231,5
F24,mid1,q_midw23_object_attributes_and_methods_v2,fillb,fillb_low_confidence_key,0.4855769230769231,3
F24,mid1,q_midw23_object_attributes_and_methods_v2,fillb,fillb_low_confidence_key,0.4855769230769231,6
F24,mid1,q_midw23_object_attributes_and_methods_v2,fillb,fillb_low_confidence_key,0.4855769230769231,4
F24,mid1,q_midw23_object_attributes_and_methods_v2,fillb,fillb_low_confidence_key,0.4855769230769231,5
F24,mid1,q_midw23_object_attributes_and_methods_v2,fillb,fillb_low_confidence_key,0.4855769230769231,6
F24,mid1,q_midw23_object_attributes_and_methods_v2,fillb,fillb_low_confidence_key,0.4855769230769231,7
F24,mid1,q_midw23_object_attributes_and_methods_v2,fillb,fillb_low_confidence_key,0.4855769230769231,5
F24,mid1,q_midw23_object_attributes_and_methods_v2,fillb,fillb_low_confidence_key,0.4855769230769231,3
F24,mid1,q_midw23_object_attributes_and_methods_v2,fillb,fillb_low_confidence_key,0.4855769230769231,3
F24,mid1,q_midw23_object_attributes_and_methods_v2,fillb,fillb_low_confidence_key,0.4855769230769231,7
F24,mid1,q_midw23_object_attributes_and_methods_v2,fillb,fillb_low_confidence_key,0.4855769230769231,4
F24,mid1,q_midw23_object_attributes_and_methods_v2,fillb,fillb_low_confidence_key,0.4855769230769231,1
F24,mid1,q_midw23_object_attributes_and_methods_v2,fillb,fillb_low_confidence_key,0.4855769230769231,10
F24,mid1,q_midw23_object_attributes_and_methods_v2,fillb,fillb_low_confidence_key,0.4855769230769231,3
F24,mid1,q_midw23_object_attributes_and_methods_v2,fillb,fillb_low_confidence_key,0.4855769230769231,2
F24,mid1,q_midw23_object_attributes_and_methods_v2,fillb,fillb_low_confidence_key,0.4855769230769231,1
F24,mid1,q_midw23_object_attributes_and_methods_v2,fillb,fillb_low_confidence_key,0.4855769230769231,2
F24,mid1,q_midw23_object_attributes_and_methods_v2,fillb,fillb_low_confidence_key,0.4855769230769231,2
F24,mid1,q_midw23_object_attributes_and_methods_v2,fillb,fillb_low_confidence_key,0.4855769230769231,6
F24,mid1,q_midw23_object_attributes_and_methods_v2,fillb,fillb_low_confidence_key,0.4855769230769231,1
F24,mid1,q_midw23_object_attributes_and_methods_v2,fillb,fillb_low_confidence_key,0.4855769230769231,5
F24,mid1,q_midw23_object_attributes_and_methods_v2,fillb,fillb_low_confidence_key,0.4855769230769231,7
F24,mid1,q_midw23_object_attributes_and_methods_v2,fillb,fillb_low_confidence_key,0.4855769230769231,2
F24,mid1,q_midw23_object_attributes_and_methods_v2,fillb,fillb_low_confidence_key,0.4855769230769231,1
F24,mid1,q_midw23_object_attributes_and_methods_v2,fillb,fillb_low_confidence_key,0.4855769230769231,1
F24,mid1,q_midw23_object_attributes_and_methods_v2,fillb,fillb_low_confidence_key,0.4855769230769231,1
F24,mid1,q_midw23_object_attributes_and_methods_v2,fillb,fillb_low_confidence_key,0.4855769230769231,2
F24,mid1,q_midw23_object_attributes_and_methods_v2,fillb,fillb_low_confidence_key,0.4855769230769231,2
F24,mid1,q_midw23_object_attributes_and_methods_v2,fillb,fillb_low_confidence_key,0.4855769230769231,9
F24,mid1,q_midw23_object_attributes_and_methods_v2,fillb,fillb_low_confidence_key,0.4855769230769231,2
F24,mid1,q_midw23_object_attributes_and_methods_v2,fillb,fillb_low_confidence_key,0.4855769230769231,2
F24,mid1,q_midw23_object_attributes_and_methods_v2,fillb,fillb_low_confidence_key,0.4855769230769231,1
F24,mid1,q_midw23_object_attributes_and_methods_v2,fillb,fillb_low_confidence_key,0.4855769230769231,1
F24,mid1,q_midw23_object_attributes_and_methods_v2,fillb,fillb_low_confidence_key,0.4855769230769231,2
F24,mid1,q_midw23_object_attributes_and_methods_v2,fillb,fillb_low_confidence_key,0.4855769230769231,3
F24,mid1,q_midw23_object_attributes_and_methods_v2,fillb,fillb_low_confidence_key,0.4855769230769231,1
F24,mid1,q_midw23_object_attributes_and_methods_v2,fillb,fillb_low_confidence_key,0.4855769230769231,5
F24,mid1,q_midw23_object_attributes_and_methods_v2,fillb,fillb_low_confidence_key,0.4855769230769231,3
F24,mid1,q_midw23_object_attributes_and_methods_v2,fillb,fillb_low_confidence_key,0.4855769230769231,1
F24,mid1,q_midw23_object_attributes_and_methods_v2,fillb,fillb_low_confidence_key,0.4855769230769231,3
F24,mid1,q_midw23_object_attributes_and_methods_v2,fillb,fillb_low_confidence_key,0.4855769230769231,1
F24,mid1,q_midw23_object_attributes_and_methods_v2,fillb,fillb_low_confidence_key,0.4855769230769231,4
F24,mid1,q_midw23_object_attributes_and_methods_v2,fillb,fillb_low_confidence_key,0.4855769230769231,1
F24,mid1,q_midw23_object_attributes_and_methods_v2,fillb,fillb_low_confidence_key,0.4855769230769231,3
F24,mid1,q_midw23_object_attributes_and_methods_v2,fillb,fillb_low_confidence_key,0.4855769230769231,4
F24,mid1,q_midw23_object_attributes_and_methods_v2,fillb,fillb_low_confidence_key,0.4855769230769231,3
F24,mid1,q_midw23_object_attributes_and_methods_v2,fillb,fillb_low_confidence_key,0.4855769230769231,1
F24,mid1,q_midw23_object_attributes_and_methods_v2,fillb,fillb_low_confidence_key,0.4855769230769231,7
F24,mid1,q_midw23_object_attributes_and_methods_v2,fillb,fillb_low_confidence_key,0.4855769230769231,5
F24,mid1,q_midw23_object_attributes_and_methods_v2,fillb,fillb_low_confidence_key,0.4855769230769231,1
F24,mid1,q_midw23_object_attributes_and_methods_v2,fillb,fillb_low_confidence_key,0.4855769230769231,1
F24,mid1,q_midw23_object_attributes_and_methods_v2,fillb,fillb_low_confidence_key,0.4855769230769231,6
F24,mid1,q_midw23_object_attributes_and_methods_v2,fillb,fillb_low_confidence_key,0.4855769230769231,5
F24,mid1,q_midw23_object_attributes_and_methods_v2,fillb,fillb_low_confidence_key,0.4855769230769231,1
F24,mid1,q_midw23_object_attributes_and_methods_v2,fillb,fillb_low_confidence_key,0.4855769230769231,6
F24,mid1,q_midw23_object_attributes_and_methods_v2,fillb,fillb_low_confidence_key,0.4855769230769231,1
F24,mid1,q_midw23_object_attributes_and_methods_v2,fillb,fillb_low_confidence_key,0.4855769230769231,4
F24,mid1,q_midw23_object_attributes_and_methods_v2,fillb,fillb_low_confidence_key,0.4855769230769231,3
F24,mid1,q_midw23_object_attributes_and_methods_v2,fillb,fillb_low_confidence_key,0.4855769230769231,2
F24,mid1,q_midw23_object_attributes_and_methods_v2,fillb,fillb_low_confidence_key,0.4855769230769231,1
F24,mid1,q_midw23_object_attributes_and_methods_v2,fillb,fillb_low_confidence_key,0.4855769230769231,1
F24,mid1,q_midw23_object_attributes_and_methods_v2,fillb,fillb_low_confidence_key,0.4855769230769231,2
F24,mid1,q_midw23_object_attributes_and_methods_v2,fillb,fillb_low_confidence_key,0.4855769230769231,1
F24,mid1,q_midw23_object_attributes_and_methods_v2,fillb,fillb_low_confidence_key,0.4855769230769231,1
F24,mid1,q_midw23_object_attributes_and_methods_v2,fillb,fillb_low_confidence_key,0.4855769230769231,3
F24,mid1,q_midw23_object_attributes_and_methods_v2,fillb,fillb_low_confidence_key,0.4855769230769231,1
F24,mid1,q_midw23_object_attributes_and_methods_v2,fillb,fillb_low_confidence_key,0.4855769230769231,4
F24,mid1,q_midw23_object_attributes_and_methods_v2,fillb,fillb_low_confidence_key,0.4855769230769231,4
F24,mid1,q_midw23_object_attributes_and_methods_v2,fillb,fillb_low_confidence_key,0.4855769230769231,3
F24,mid1,q_midw23_object_attributes_and_methods_v2,fillb,fillb_low_confidence_key,0.4855769230769231,4
F24,mid1,q_midw23_object_attributes_and_methods_v2,fillb,fillb_low_confidence_key,0.4855769230769231,2
F24,mid1,q_midw23_object_attributes_and_methods_v2,fillb,fillb_low_confidence_key,0.4855769230769231,2
F25,mid1,file-open-fitb-object,fillb,fillb_low_confidence_key,0.5,5
F25,mid1,file-open-fitb-object,fillb,fillb_low_confidence_key,0.5,2
F25,mid2,file-open-fitb-object,fillb,fillb_low_confidence_key,0.5,3
F25,mid1,file-open-fitb-object,fillb,fillb_low_confidence_key,0.5,4
F25,mid2,file-open-fitb-object,fillb,fillb_low_confidence_key,0.5,2
F25,mid1,file-open-fitb-object,fillb,fillb_low_confidence_key,0.5,1
F25,mid2,file-open-fitb-object,fillb,fillb_low_confidence_key,0.5,4
F25,mid1,file-open-fitb-object,fillb,fillb_low_confidence_key,0.5,6
F25,mid1,file-open-fitb-object,fillb,fillb_low_confidence_key,0.5,4
F25,mid2,file_remove_newline,fillb,fillb_low_confidence_key,0.4,1
F25,mid2,file_remove_newline,fillb,fillb_low_confidence_key,0.4,1
F25,mid1,intro-what-fitb-program,fillb,fillb_low_confidence_key,0.5,1
F25,mid2,listPars_fill1,fillb,fillb_low_confidence_key,0.6,1
F25,mid1,listPars_fill1,fillb,fillb_low_confidence_key,0.6,2
F25,mid2,listPars_fill1,fillb,fillb_low_confidence_key,0.6,1
F25,mid2,midterm_2_practice_q27_findall_regex_fib,fillb,fillb_low_confidence_key,0.3333333333333333,4
F25,mid2,midterm_2_practice_q27_findall_regex_fib,fillb,fillb_low_confidence_key,0.3333333333333333,6
F25,mid2,midterm_2_practice_q27_findall_regex_fib,fillb,fillb_low_confidence_key,0.3333333333333333,6
F25,mid2,midterm_2_practice_q27_findall_regex_fib,fillb,fillb_low_confidence_key,0.3333333333333333,10
F25,mid2,midterm_2_practice_q27_findall_regex_fib,fillb,fillb_low_confidence_key,0.3333333333333333,3
F25,mid2,midterm_2_practice_q27_findall_regex_fib,fillb,fillb_low_confidence_key,0.3333333333333333,2
F25,mid2,midterm_2_practice_q27_findall_regex_fib,fillb,fillb_low_confidence_key,0.3333333333333333,2
F25,mid2,midterm_2_practice_q27_findall_regex_fib,fillb,fillb_low_confidence_key,0.3333333333333333,12
F25,mid2,midterm_2_practice_q27_findall_regex_fib,fillb,fillb_low_confidence_key,0.3333333333333333,1
F25,mid2,midterm_2_practice_q27_findall_regex_fib,fillb,fillb_low_confidence_key,0.3333333333333333,2
F25,mid2,midterm_2_practice_q27_findall_regex_fib,fillb,fillb_low_confidence_key,0.3333333333333333,2
F25,mid2,midterm_2_practice_q27_findall_regex_fib,fillb,fillb_low_confidence_key,0.3333333333333333,5
F25,mid2,midterm_2_practice_q27_findall_regex_fib,fillb,fillb_low_confidence_key,0.3333333333333333,3
F25,mid2,midterm_2_practice_q27_findall_regex_fib,fillb,fillb_low_confidence_key,0.3333333333333333,5
F25,mid2,midterm_2_practice_q27_findall_regex_fib,fillb,fillb_low_confidence_key,0.3333333333333333,2
F25,mid2,midterm_2_practice_q27_findall_regex_fib,fillb,fillb_low_confidence_key,0.3333333333333333,3
F25,mid2,midterm_2_practice_q27_findall_regex_fib,fillb,fillb_low_confidence_key,0.3333333333333333,4
F25,mid2,midterm_2_practice_q27_findall_regex_fib,fillb,fillb_low_confidence_key,0.3333333333333333,1
F25,mid2,midterm_2_practice_q27_findall_regex_fib,fillb,fillb_low_confidence_key,0.3333333333333333,2
F25,mid2,midterm_2_practice_q27_findall_regex_fib,fillb,fillb_low_confidence_key,0.3333333333333333,7
F25,mid2,midterm_2_practice_q27_findall_regex_fib,fillb,fillb_low_confidence_key,0.3333333333333333,7
F25,mid2,midterm_2_practice_q27_findall_regex_fib,fillb,fillb_low_confidence_key,0.3333333333333333,8
F25,mid2,midterm_2_practice_q27_findall_regex_fib,fillb,fillb_low_confidence_key,0.3333333333333333,2
F25,mid2,midterm_2_practice_q27_findall_regex_fib,fillb,fillb_low_confidence_key,0.3333333333333333,6
F25,mid2,midterm_2_practice_q27_findall_regex_fib,fillb,fillb_low_confidence_key,0.3333333333333333,5
F25,mid2,midterm_2_practice_q27_findall_regex_fib,fillb,fillb_low_confidence_key,0.3333333333333333,5
F25,mid2,midterm_2_practice_q27_findall_regex_fib,fillb,fillb_low_confidence_key,0.3333333333333333,4
F25,mid2,midterm_2_practice_q27_findall_regex_fib,fillb,fillb_low_confidence_key,0.3333333333333333,6
F25,mid2,midterm_2_practice_q27_findall_regex_fib,fillb,fillb_low_confidence_key,0.3333333333333333,1
F25,mid2,midterm_2_practice_q27_findall_regex_fib,fillb,fillb_low_confidence_key,0.3333333333333333,6
F25,mid2,midterm_2_practice_q27_findall_regex_fib,fillb,fillb_low_confidence_key,0.3333333333333333,4
F25,mid2,midterm_2_practice_q27_findall_regex_fib,fillb,fillb_low_confidence_key,0.3333333333333333,13
F25,mid2,midterm_2_practice_q27_findall_regex_fib,fillb,fillb_low_confidence_key,0.3333333333333333,3
F25,mid2,plan2_fill,fillb,fillb_low_confidence_key,0.6,1
F25,mid2,plan2_fill,fillb,fillb_low_confidence_key,0.6,2
F25,mid2,plan5_fill_v2,fillb,fillb_low_confidence_key,0.5,4
F25,mid2,plan5_fill_v2,fillb,fillb_low_confidence_key,0.5,10
F25,mid1,q_midw23_object_attributes_and_methods_v2,fillb,fillb_low_confidence_key,0.4855769230769231,7
F25,mid1,q_midw23_object_attributes_and_methods_v2,fillb,fillb_low_confidence_key,0.4855769230769231,15
F25,mid1,q_midw23_object_attributes_and_methods_v2,fillb,fillb_low_confidence_key,0.4855769230769231,5
F25,mid1,q_midw23_object_attributes_and_methods_v2,fillb,fillb_low_confidence_key,0.4855769230769231,18
F25,mid1,q_midw23_object_attributes_and_methods_v2,fillb,fillb_low_confidence_key,0.4855769230769231,10
F25,mid1,q_midw23_object_attributes_and_methods_v2,fillb,fillb_low_confidence_key,0.4855769230769231,4
F25,mid1,q_midw23_object_attributes_and_methods_v2,fillb,fillb_low_confidence_key,0.4855769230769231,3
F25,mid1,q_midw23_object_attributes_and_methods_v2,fillb,fillb_low_confidence_key,0.4855769230769231,7
F25,mid1,q_midw23_object_attributes_and_methods_v2,fillb,fillb_low_confidence_key,0.4855769230769231,4
F25,mid1,q_midw23_object_attributes_and_methods_v2,fillb,fillb_low_confidence_key,0.4855769230769231,6
F25,mid1,q_midw23_object_attributes_and_methods_v2,fillb,fillb_low_confidence_key,0.4855769230769231,15
F25,mid1,q_midw23_object_attributes_and_methods_v2,fillb,fillb_low_confidence_key,0.4855769230769231,3
F25,mid1,q_midw23_object_attributes_and_methods_v2,fillb,fillb_low_confidence_key,0.4855769230769231,3
F25,mid1,q_midw23_object_attributes_and_methods_v2,fillb,fillb_low_confidence_key,0.4855769230769231,7
F25,mid1,q_midw23_object_attributes_and_methods_v2,fillb,fillb_low_confidence_key,0.4855769230769231,1
F25,mid1,q_midw23_object_attributes_and_methods_v2,fillb,fillb_low_confidence_key,0.4855769230769231,7
F25,mid1,q_midw23_object_attributes_and_methods_v2,fillb,fillb_low_confidence_key,0.4855769230769231,4
F25,mid1,q_midw23_object_attributes_and_methods_v2,fillb,fillb_low_confidence_key,0.4855769230769231,4
F25,mid1,q_midw23_object_attributes_and_methods_v2,fillb,fillb_low_confidence_key,0.4855769230769231,10
F25,mid1,q_midw23_object_attributes_and_methods_v2,fillb,fillb_low_confidence_key,0.4855769230769231,7
F25,mid1,q_midw23_object_attributes_and_methods_v2,fillb,fillb_low_confidence_key,0.4855769230769231,4
F25,mid1,q_midw23_object_attributes_and_methods_v2,fillb,fillb_low_confidence_key,0.4855769230769231,2
F25,mid1,q_midw23_object_attributes_and_methods_v2,fillb,fillb_low_confidence_key,0.4855769230769231,5
F25,mid1,q_midw23_object_attributes_and_methods_v2,fillb,fillb_low_confidence_key,0.4855769230769231,5
F25,mid1,q_midw23_object_attributes_and_methods_v2,fillb,fillb_low_confidence_key,0.4855769230769231,3
F25,mid1,q_midw23_object_attributes_and_methods_v2,fillb,fillb_low_confidence_key,0.4855769230769231,4
F25,mid1,q_midw23_object_attributes_and_methods_v2,fillb,fillb_low_confidence_key,0.4855769230769231,12
F25,mid1,q_midw23_object_attributes_and_methods_v2,fillb,fillb_low_confidence_key,0.4855769230769231,16
F25,mid1,q_midw23_object_attributes_and_methods_v2,fillb,fillb_low_confidence_key,0.4855769230769231,13
F25,mid1,q_midw23_object_attributes_and_methods_v2,fillb,fillb_low_confidence_key,0.4855769230769231,5
F25,mid1,q_midw23_object_attributes_and_methods_v2,fillb,fillb_low_confidence_key,0.4855769230769231,6
F25,mid1,q_midw23_object_attributes_and_methods_v2,fillb,fillb_low_confidence_key,0.4855769230769231,5
F25,mid1,q_midw23_object_attributes_and_methods_v2,fillb,fillb_low_confidence_key,0.4855769230769231,6
F25,mid1,q_midw23_object_attributes_and_methods_v2,fillb,fillb_low_confidence_key,0.4855769230769231,1
F25,mid1,q_midw23_object_attributes_and_methods_v2,fillb,fillb_low_confidence_key,0.4855769230769231,10
F25,mid1,q_midw23_object_attributes_and_methods_v2,fillb,fillb_low_confidence_key,0.4855769230769231,7
F25,mid1,q_midw23_object_attributes_and_methods_v2,fillb,fillb_low_confidence_key,0.4855769230769231,9
F25,mid1,q_midw23_object_attributes_and_methods_v2,fillb,fillb_low_confidence_key,0.4855769230769231,5
F25,mid1,q_midw23_object_attributes_and_methods_v2,fillb,fillb_low_confidence_key,0.4855769230769231,11
F25,mid1,q_midw23_object_attributes_and_methods_v2,fillb,fillb_low_confidence_key,0.4855769230769231,5
F25,mid1,q_midw23_object_attributes_and_methods_v2,fillb,fillb_low_confidence_key,0.4855769230769231,5
F25,mid1,q_midw23_object_attributes_and_methods_v2,fillb,fillb_low_confidence_key,0.4855769230769231,9
F25,mid1,q_midw23_object_attributes_and_methods_v2,fillb,fillb_low_confidence_key,0.4855769230769231,3
F25,mid1,q_midw23_object_attributes_and_methods_v2,fillb,fillb_low_confidence_key,0.4855769230769231,5
F25,mid1,q_midw23_object_attributes_and_methods_v2,fillb,fillb_low_confidence_key,0.4855769230769231,5
F25,mid1,q_midw23_object_attributes_and_methods_v2,fillb,fillb_low_confidence_key,0.4855769230769231,2
F25,mid1,q_midw23_object_attributes_and_methods_v2,fillb,fillb_low_confidence_key,0.4855769230769231,11
F25,mid1,q_midw23_object_attributes_and_methods_v2,fillb,fillb_low_confidence_key,0.4855769230769231,7
F25,mid1,q_midw23_object_attributes_and_methods_v2,fillb,fillb_low_confidence_key,0.4855769230769231,4
F25,mid1,q_midw23_object_attributes_and_methods_v2,fillb,fillb_low_confidence_key,0.4855769230769231,4
F25,mid1,q_midw23_object_attributes_and_methods_v2,fillb,fillb_low_confidence_key,0.4855769230769231,21
F25,mid1,q_midw23_object_attributes_and_methods_v2,fillb,fillb_low_confidence_key,0.4855769230769231,4
F25,mid1,q_midw23_object_attributes_and_methods_v2,fillb,fillb_low_confidence_key,0.4855769230769231,14
F25,mid1,q_midw23_object_attributes_and_methods_v2,fillb,fillb_low_confidence_key,0.4855769230769231,10
F25,mid1,q_midw23_object_attributes_and_methods_v2,fillb,fillb_low_confidence_key,0.4855769230769231,11
F25,mid1,q_midw23_object_attributes_and_methods_v2,fillb,fillb_low_confidence_key,0.4855769230769231,9
F25,mid1,q_midw23_object_attributes_and_methods_v2,fillb,fillb_low_confidence_key,0.4855769230769231,7
F25,mid1,q_midw23_object_attributes_and_methods_v2,fillb,fillb_low_confidence_key,0.4855769230769231,1
F25,mid1,q_midw23_object_attributes_and_methods_v2,fillb,fillb_low_confidence_key,0.4855769230769231,2
F25,mid1,q_midw23_object_attributes_and_methods_v2,fillb,fillb_low_confidence_key,0.4855769230769231,3
F25,mid1,q_midw23_object_attributes_and_methods_v2,fillb,fillb_low_confidence_key,0.4855769230769231,5
F25,mid1,q_midw23_object_attributes_and_methods_v2,fillb,fillb_low_confidence_key,0.4855769230769231,7
F25,mid1,q_midw23_object_attributes_and_methods_v2,fillb,fillb_low_confidence_key,0.4855769230769231,7
F25,mid1,q_midw23_object_attributes_and_methods_v2,fillb,fillb_low_confidence_key,0.4855769230769231,6
F25,mid1,q_midw23_object_attributes_and_methods_v2,fillb,fillb_low_confidence_key,0.4855769230769231,8
F25,mid1,q_midw23_object_attributes_and_methods_v2,fillb,fillb_low_confidence_key,0.4855769230769231,9
F25,mid1,q_midw23_object_attributes_and_methods_v2,fillb,fillb_low_confidence_key,0.4855769230769231,6
F25,mid1,q_midw23_object_attributes_and_methods_v2,fillb,fillb_low_confidence_key,0.4855769230769231,9
F25,mid1,q_midw23_object_attributes_and_methods_v2,fillb,fillb_low_confidence_key,0.4855769230769231,6
F25,mid1,q_midw23_object_attributes_and_methods_v2,fillb,fillb_low_confidence_key,0.4855769230769231,7
F25,mid1,q_midw23_object_attributes_and_methods_v2,fillb,fillb_low_confidence_key,0.4855769230769231,4
F25,mid1,q_midw23_object_attributes_and_methods_v2,fillb,fillb_low_confidence_key,0.4855769230769231,8
F25,mid1,q_midw23_object_attributes_and_methods_v2,fillb,fillb_low_confidence_key,0.4855769230769231,6
F25,mid1,q_midw23_object_attributes_and_methods_v2,fillb,fillb_low_confidence_key,0.4855769230769231,7
F25,mid1,q_midw23_object_attributes_and_methods_v2,fillb,fillb_low_confidence_key,0.4855769230769231,6
F25,mid1,q_midw23_object_attributes_and_methods_v2,fillb,fillb_low_confidence_key,0.4855769230769231,12
F25,mid1,q_midw23_object_attributes_and_methods_v2,fillb,fillb_low_confidence_key,0.4855769230769231,4
F25,mid1,q_midw23_object_attributes_and_methods_v2,fillb,fillb_low_confidence_key,0.4855769230769231,10
F25,mid1,q_midw23_object_attributes_and_methods_v2,fillb,fillb_low_confidence_key,0.4855769230769231,11
F25,mid1,q_midw23_object_attributes_and_methods_v2,fillb,fillb_low_confidence_key,0.4855769230769231,8
F25,mid1,q_midw23_object_attributes_and_methods_v2,fillb,fillb_low_confidence_key,0.4855769230769231,6
F25,mid1,q_midw23_object_attributes_and_methods_v2,fillb,fillb_low_confidence_key,0.4855769230769231,5
F25,mid1,q_midw23_object_attributes_and_methods_v2,fillb,fillb_low_confidence_key,0.4855769230769231,7
F25,mid1,q_midw23_object_attributes_and_methods_v2,fillb,fillb_low_confidence_key,0.4855769230769231,4
F25,mid1,q_midw23_object_attributes_and_methods_v2,fillb,fillb_low_confidence_key,0.4855769230769231,3
F25,mid1,q_midw23_object_attributes_and_methods_v2,fillb,fillb_low_confidence_key,0.4855769230769231,14
F25,mid1,q_midw23_object_attributes_and_methods_v2,fillb,fillb_low_confidence_key,0.4855769230769231,14
F25,mid1,q_midw23_object_attributes_and_methods_v2,fillb,fillb_low_confidence_key,0.4855769230769231,12
F25,mid1,q_midw23_object_attributes_and_methods_v2,fillb,fillb_low_confidence_key,0.4855769230769231,10
F25,mid1,q_midw23_object_attributes_and_methods_v2,fillb,fillb_low_confidence_key,0.4855769230769231,4
F25,mid1,q_midw23_object_attributes_and_methods_v2,fillb,fillb_low_confidence_key,0.4855769230769231,5
F25,mid1,q_midw23_object_attributes_and_methods_v2,fillb,fillb_low_confidence_key,0.4855769230769231,1
F25,mid1,q_midw23_object_attributes_and_methods_v2,fillb,fillb_low_confidence_key,0.4855769230769231,7
F25,mid1,q_midw23_object_attributes_and_methods_v2,fillb,fillb_low_confidence_key,0.4855769230769231,7
F25,mid1,q_midw23_object_attributes_and_methods_v2,fillb,fillb_low_confidence_key,0.4855769230769231,6
F25,mid1,q_midw23_object_attributes_and_methods_v2,fillb,fillb_low_confidence_key,0.4855769230769231,5
F25,mid1,q_midw23_object_attributes_and_methods_v2,fillb,fillb_low_confidence_key,0.4855769230769231,4
F25,mid1,q_midw23_object_attributes_and_methods_v2,fillb,fillb_low_confidence_key,0.4855769230769231,15
F25,mid1,q_midw23_object_attributes_and_methods_v2,fillb,fillb_low_confidence_key,0.4855769230769231,12
F25,mid1,q_midw23_object_attributes_and_methods_v2,fillb,fillb_low_confidence_key,0.4855769230769231,8
F25,mid1,q_midw23_object_attributes_and_methods_v2,fillb,fillb_low_confidence_key,0.4855769230769231,5
F25,mid1,q_midw23_object_attributes_and_methods_v2,fillb,fillb_low_confidence_key,0.4855769230769231,8
F25,mid1,q_midw23_object_attributes_and_methods_v2,fillb,fillb_low_confidence_key,0.4855769230769231,1
F25,mid1,q_midw23_object_attributes_and_methods_v2,fillb,fillb_low_confidence_key,0.4855769230769231,9
F25,mid1,q_midw23_object_attributes_and_methods_v2,fillb,fillb_low_confidence_key,0.4855769230769231,1
F25,mid1,q_midw23_object_attributes_and_methods_v2,fillb,fillb_low_confidence_key,0.4855769230769231,4
F25,mid1,q_midw23_object_attributes_and_methods_v2,fillb,fillb_low_confidence_key,0.4855769230769231,5
F25,mid1,q_midw23_object_attributes_and_methods_v2,fillb,fillb_low_confidence_key,0.4855769230769231,3
F25,mid1,q_midw23_object_attributes_and_methods_v2,fillb,fillb_low_confidence_key,0.4855769230769231,5
F25,mid1,q_midw23_object_attributes_and_methods_v2,fillb,fillb_low_confidence_key,0.4855769230769231,4
F25,mid1,q_midw23_object_attributes_and_methods_v2,fillb,fillb_low_confidence_key,0.4855769230769231,3
F25,mid1,q_midw23_object_attributes_and_methods_v2,fillb,fillb_low_confidence_key,0.4855769230769231,6
F25,mid1,q_midw23_object_attributes_and_methods_v2,fillb,fillb_low_confidence_key,0.4855769230769231,1
F25,mid1,q_midw23_object_attributes_and_methods_v2,fillb,fillb_low_confidence_key,0.4855769230769231,1
F25,mid1,q_midw23_object_attributes_and_methods_v2,fillb,fillb_low_confidence_key,0.4855769230769231,6
F25,mid1,q_midw23_object_attributes_and_methods_v2,fillb,fillb_low_confidence_key,0.4855769230769231,3
F25,mid1,q_midw23_object_attributes_and_methods_v2,fillb,fillb_low_confidence_key,0.4855769230769231,3
F25,mid1,q_midw23_object_attributes_and_methods_v2,fillb,fillb_low_confidence_key,0.4855769230769231,2
F25,mid1,q_midw23_object_attributes_and_methods_v2,fillb,fillb_low_confidence_key,0.4855769230769231,3
F25,mid1,q_midw23_object_attributes_and_methods_v2,fillb,fillb_low_confidence_key,0.4855769230769231,3
F25,mid1,q_midw23_object_attributes_and_methods_v2,fillb,fillb_low_confidence_key,0.4855769230769231,6
F25,mid1,q_midw23_object_attributes_and_methods_v2,fillb,fillb_low_confidence_key,0.4855769230769231,5
F25,mid1,q_midw23_object_attributes_and_methods_v2,fillb,fillb_low_confidence_key,0.4855769230769231,7
F25,mid1,q_midw23_object_attributes_and_methods_v2,fillb,fillb_low_confidence_key,0.4855769230769231,6
F25,mid1,q_midw23_object_attributes_and_methods_v2,fillb,fillb_low_confidence_key,0.4855769230769231,6
W22,mid2,beautifulsoup_fill,fillb,fillb_low_confidence_key,0.61,4
W22,mid2,beautifulsoup_fill,fillb,fillb_low_confidence_key,0.61,4
W22,mid2,beautifulsoup_fill,fillb,fillb_low_confidence_key,0.61,3
W22,mid2,beautifulsoup_fill,fillb,fillb_low_confidence_key,0.61,1
W22,mid2,beautifulsoup_fill,fillb,fillb_low_confidence_key,0.61,3
W22,mid2,beautifulsoup_fill,fillb,fillb_low_confidence_key,0.61,2
W22,mid2,beautifulsoup_fill,fillb,fillb_low_confidence_key,0.61,5
W22,mid2,beautifulsoup_fill,fillb,fillb_low_confidence_key,0.61,6
W22,mid2,beautifulsoup_fill,fillb,fillb_low_confidence_key,0.61,2
W22,mid2,beautifulsoup_fill,fillb,fillb_low_confidence_key,0.61,1
W22,mid2,beautifulsoup_fill,fillb,fillb_low_confidence_key,0.61,2
W22,mid2,beautifulsoup_fill,fillb,fillb_low_confidence_key,0.61,1
W22,mid2,beautifulsoup_fill,fillb,fillb_low_confidence_key,0.61,4
W22,mid2,beautifulsoup_fill,fillb,fillb_low_confidence_key,0.61,1
W22,mid2,beautifulsoup_fill,fillb,fillb_low_confidence_key,0.61,2
W22,mid2,beautifulsoup_fill,fillb,fillb_low_confidence_key,0.61,2
W22,mid2,beautifulsoup_fill,fillb,fillb_low_confidence_key,0.61,5
W22,mid2,beautifulsoup_fill,fillb,fillb_low_confidence_key,0.61,2
W22,mid2,beautifulsoup_fill,fillb,fillb_low_confidence_key,0.61,2
W22,mid2,beautifulsoup_fill,fillb,fillb_low_confidence_key,0.61,4
W22,mid2,beautifulsoup_fill,fillb,fillb_low_confidence_key,0.61,2
W22,mid2,beautifulsoup_fill,fillb,fillb_low_confidence_key,0.61,2
W22,mid2,beautifulsoup_fill,fillb,fillb_low_confidence_key,0.61,1
W22,mid2,beautifulsoup_fill,fillb,fillb_low_confidence_key,0.61,4
W22,mid2,beautifulsoup_fill,fillb,fillb_low_confidence_key,0.61,2
W22,mid2,beautifulsoup_fill,fillb,fillb_low_confidence_key,0.61,2
W22,mid2,beautifulsoup_fill,fillb,fillb_low_confidence_key,0.61,1
W22,mid2,beautifulsoup_fill,fillb,fillb_low_confidence_key,0.61,7
W22,mid2,beautifulsoup_fill,fillb,fillb_low_confidence_key,0.61,4
W22,mid2,beautifulsoup_fill,fillb,fillb_low_confidence_key,0.61,4
W22,mid2,beautifulsoup_fill,fillb,fillb_low_confidence_key,0.61,1
W22,mid2,beautifulsoup_fill,fillb,fillb_low_confidence_key,0.61,2
W22,mid2,beautifulsoup_fill,fillb,fillb_low_confidence_key,0.61,1
W22,mid2,beautifulsoup_fill,fillb,fillb_low_confidence_key,0.61,2
W22,mid2,beautifulsoup_fill,fillb,fillb_low_confidence_key,0.61,8
W22,mid2,beautifulsoup_fill,fillb,fillb_low_confidence_key,0.61,2
W22,mid2,beautifulsoup_fill,fillb,fillb_low_confidence_key,0.61,1
W22,mid2,beautifulsoup_fill,fillb,fillb_low_confidence_key,0.61,9
W22,mid2,beautifulsoup_fill,fillb,fillb_low_confidence_key,0.61,6
W22,mid2,beautifulsoup_fill,fillb,fillb_low_confidence_key,0.61,2
W22,mid2,beautifulsoup_fill,fillb,fillb_low_confidence_key,0.61,3
W22,mid2,beautifulsoup_fill,fillb,fillb_low_confidence_key,0.61,5
W22,mid2,beautifulsoup_fill,fillb,fillb_low_confidence_key,0.61,1
W22,mid2,beautifulsoup_fill,fillb,fillb_low_confidence_key,0.61,1
W22,mid2,beautifulsoup_fill,fillb,fillb_low_confidence_key,0.61,3
W22,mid2,beautifulsoup_fill,fillb,fillb_low_confidence_key,0.61,2
W22,mid2,beautifulsoup_fill,fillb,fillb_low_confidence_key,0.61,1
W22,mid2,beautifulsoup_fill,fillb,fillb_low_confidence_key,0.61,7
W22,mid2,beautifulsoup_fill,fillb,fillb_low_confidence_key,0.61,2
W22,mid2,beautifulsoup_fill,fillb,fillb_low_confidence_key,0.61,2
W22,mid2,beautifulsoup_fill,fillb,fillb_low_confidence_key,0.61,2
W22,mid2,beautifulsoup_fill,fillb,fillb_low_confidence_key,0.61,3
W22,mid2,beautifulsoup_fill,fillb,fillb_low_confidence_key,0.61,1
W22,mid2,beautifulsoup_fill,fillb,fillb_low_confidence_key,0.61,9
W22,mid2,beautifulsoup_fill,fillb,fillb_low_confidence_key,0.61,3
W22,mid2,beautifulsoup_fill,fillb,fillb_low_confidence_key,0.61,1
W22,mid2,beautifulsoup_fill,fillb,fillb_low_confidence_key,0.61,10
W22,mid2,beautifulsoup_fill,fillb,fillb_low_confidence_key,0.61,1
W22,mid2,beautifulsoup_fill,fillb,fillb_low_confidence_key,0.61,1
W22,mid2,beautifulsoup_fill,fillb,fillb_low_confidence_key,0.61,3
W22,mid2,beautifulsoup_fill,fillb,fillb_low_confidence_key,0.61,2
W22,mid2,beautifulsoup_fill,fillb,fillb_low_confidence_key,0.61,5
W22,mid2,beautifulsoup_fill,fillb,fillb_low_confidence_key,0.61,2
W22,mid2,beautifulsoup_fill,fillb,fillb_low_confidence_key,0.61,1
W22,mid2,beautifulsoup_fill,fillb,fillb_low_confidence_key,0.61,4
W22,mid2,beautifulsoup_fill,fillb,fillb_low_confidence_key,0.61,1
W22,mid2,beautifulsoup_fill,fillb,fillb_low_confidence_key,0.61,6
W22,mid2,beautifulsoup_fill,fillb,fillb_low_confidence_key,0.61,4
W22,mid2,beautifulsoup_fill,fillb,fillb_low_confidence_key,0.61,3
W22,mid2,beautifulsoup_fill,fillb,fillb_low_confidence_key,0.61,5
W22,mid2,beautifulsoup_fill,fillb,fillb_low_confidence_key,0.61,4
W22,mid2,beautifulsoup_fill,fillb,fillb_low_confidence_key,0.61,3
W22,mid2,beautifulsoup_fill,fillb,fillb_low_confidence_key,0.61,1
W22,mid2,beautifulsoup_fill,fillb,fillb_low_confidence_key,0.61,2
W22,mid2,beautifulsoup_fill,fillb,fillb_low_confidence_key,0.61,1
W22,mid2,beautifulsoup_fill,fillb,fillb_low_confidence_key,0.61,3
W22,mid2,beautifulsoup_fill,fillb,fillb_low_confidence_key,0.61,1
W22,mid2,beautifulsoup_fill,fillb,fillb_low_confidence_key,0.61,1
W22,mid2,beautifulsoup_fill,fillb,fillb_low_confidence_key,0.61,5
W22,mid2,beautifulsoup_fill,fillb,fillb_low_confidence_key,0.61,2
W22,mid2,beautifulsoup_fill,fillb,fillb_low_confidence_key,0.61,6
W22,mid2,beautifulsoup_fill,fillb,fillb_low_confidence_key,0.61,1
W22,mid2,beautifulsoup_fill,fillb,fillb_low_confidence_key,0.61,7
W22,mid2,beautifulsoup_fill,fillb,fillb_low_confidence_key,0.61,3
W22,mid2,beautifulsoup_fill,fillb,fillb_low_confidence_key,0.61,1
W22,mid2,beautifulsoup_fill,fillb,fillb_low_confidence_key,0.61,2
W22,mid2,beautifulsoup_fill,fillb,fillb_low_confidence_key,0.61,4
W22,mid2,beautifulsoup_fill,fillb,fillb_low_confidence_key,0.61,2
W22,mid2,beautifulsoup_fill,fillb,fillb_low_confidence_key,0.61,6
W22,mid2,beautifulsoup_fill,fillb,fillb_low_confidence_key,0.61,2
W22,mid2,beautifulsoup_fill,fillb,fillb_low_confidence_key,0.61,2
W22,mid2,beautifulsoup_fill,fillb,fillb_low_confidence_key,0.61,1
W22,mid2,beautifulsoup_fill,fillb,fillb_low_confidence_key,0.61,5
W22,mid2,beautifulsoup_fill,fillb,fillb_low_confidence_key,0.61,2
W22,mid2,beautifulsoup_fill,fillb,fillb_low_confidence_key,0.61,2
W22,mid2,beautifulsoup_fill,fillb,fillb_low_confidence_key,0.61,7
W22,mid2,beautifulsoup_fill,fillb,fillb_low_confidence_key,0.61,3
W22,mid2,beautifulsoup_fill,fillb,fillb_low_confidence_key,0.61,4
W22,mid2,beautifulsoup_fill,fillb,fillb_low_confidence_key,0.61,3
W22,mid2,beautifulsoup_fill,fillb,fillb_low_confidence_key,0.61,2
W22,mid2,beautifulsoup_fill,fillb,fillb_low_confidence_key,0.61,6
W22,mid2,beautifulsoup_fill,fillb,fillb_low_confidence_key,0.61,2
W22,mid2,beautifulsoup_fill,fillb,fillb_low_confidence_key,0.61,3
W22,mid2,beautifulsoup_fill,fillb,fillb_low_confidence_key,0.61,9
W22,mid2,beautifulsoup_fill,fillb,fillb_low_confidence_key,0.61,7
W22,mid2,beautifulsoup_fill,fillb,fillb_low_confidence_key,0.61,4
W22,mid2,beautifulsoup_fill,fillb,fillb_low_confidence_key,0.61,1
W22,mid2,beautifulsoup_fill,fillb,fillb_low_confidence_key,0.61,2
W22,mid2,beautifulsoup_fill,fillb,fillb_low_confidence_key,0.61,3
W22,mid2,beautifulsoup_fill,fillb,fillb_low_confidence_key,0.61,1
W22,mid2,beautifulsoup_fill,fillb,fillb_low_confidence_key,0.61,1
W22,mid2,beautifulsoup_fill,fillb,fillb_low_confidence_key,0.61,1
W22,mid2,beautifulsoup_fill,fillb,fillb_low_confidence_key,0.61,5
W22,mid2,beautifulsoup_fill,fillb,fillb_low_confidence_key,0.61,7
W22,mid2,beautifulsoup_fill,fillb,fillb_low_confidence_key,0.61,2
W22,mid2,beautifulsoup_fill,fillb,fillb_low_confidence_key,0.61,1
W22,mid2,beautifulsoup_fill,fillb,fillb_low_confidence_key,0.61,1
W22,mid2,beautifulsoup_fill,fillb,fillb_low_confidence_key,0.61,1
W22,mid2,beautifulsoup_fill,fillb,fillb_low_confidence_key,0.61,4
W22,mid2,beautifulsoup_fill,fillb,fillb_low_confidence_key,0.61,2
W22,mid2,mid2_w22_find_all_wb_fitb,fillb,fillb_low_confidence_key,0.3,3
W22,mid2,mid2_w22_find_all_wb_fitb,fillb,fillb_low_confidence_key,0.3,5
W22,mid2,mid2_w22_find_all_wb_fitb,fillb,fillb_low_confidence_key,0.3,2
W22,mid2,mid2_w22_find_all_wb_fitb,fillb,fillb_low_confidence_key,0.3,1
W22,mid2,mid2_w22_find_all_wb_fitb,fillb,fillb_low_confidence_key,0.3,4
W22,mid2,mid2_w22_find_all_wb_fitb,fillb,fillb_low_confidence_key,0.3,3
W22,mid2,mid2_w22_find_all_wb_fitb,fillb,fillb_low_confidence_key,0.3,3
W22,mid2,mid2_w22_find_all_wb_fitb,fillb,fillb_low_confidence_key,0.3,3
W22,mid2,mid2_w22_find_all_wb_fitb,fillb,fillb_low_confidence_key,0.3,2
W22,mid2,mid2_w22_find_all_wb_fitb,fillb,fillb_low_confidence_key,0.3,1
W22,mid2,mid2_w22_find_all_wb_fitb,fillb,fillb_low_confidence_key,0.3,2
W22,mid2,mid2_w22_find_all_wb_fitb,fillb,fillb_low_confidence_key,0.3,1
W22,mid2,mid2_w22_find_all_wb_fitb,fillb,fillb_low_confidence_key,0.3,4
W22,mid2,mid2_w22_find_all_wb_fitb,fillb,fillb_low_confidence_key,0.3,4
W22,mid2,mid2_w22_find_all_wb_fitb,fillb,fillb_low_confidence_key,0.3,4
W22,mid2,mid2_w22_find_all_wb_fitb,fillb,fillb_low_confidence_key,0.3,3
W22,mid2,mid2_w22_find_all_wb_fitb,fillb,fillb_low_confidence_key,0.3,4
W22,mid2,mid2_w22_find_all_wb_fitb,fillb,fillb_low_confidence_key,0.3,3
W22,mid2,mid2_w22_find_all_wb_fitb,fillb,fillb_low_confidence_key,0.3,2
W22,mid2,mid2_w22_find_all_wb_fitb,fillb,fillb_low_confidence_key,0.3,4
W22,mid2,mid2_w22_find_all_wb_fitb,fillb,fillb_low_confidence_key,0.3,1
W22,mid2,mid2_w22_find_all_wb_fitb,fillb,fillb_low_confidence_key,0.3,2
W22,mid2,mid2_w22_find_all_wb_fitb,fillb,fillb_low_confidence_key,0.3,4
W22,mid2,mid2_w22_find_all_wb_fitb,fillb,fillb_low_confidence_key,0.3,11
W22,mid2,mid2_w22_find_all_wb_fitb,fillb,fillb_low_confidence_key,0.3,3
W22,mid2,mid2_w22_find_all_wb_fitb,fillb,fillb_low_confidence_key,0.3,2
W22,mid2,mid2_w22_find_all_wb_fitb,fillb,fillb_low_confidence_key,0.3,1
W22,mid2,mid2_w22_find_all_wb_fitb,fillb,fillb_low_confidence_key,0.3,2
W22,mid2,mid2_w22_find_all_wb_fitb,fillb,fillb_low_confidence_key,0.3,4
W22,mid2,mid2_w22_find_all_wb_fitb,fillb,fillb_low_confidence_key,0.3,4
W22,mid2,mid2_w22_find_all_wb_fitb,fillb,fillb_low_confidence_key,0.3,1
W22,mid2,mid2_w22_find_all_wb_fitb,fillb,fillb_low_confidence_key,0.3,1
W22,mid2,mid2_w22_find_all_wb_fitb,fillb,fillb_low_confidence_key,0.3,2
W22,mid2,mid2_w22_find_all_wb_fitb,fillb,fillb_low_confidence_key,0.3,2
W22,mid2,mid2_w22_find_all_wb_fitb,fillb,fillb_low_confidence_key,0.3,4
W22,mid2,mid2_w22_find_all_wb_fitb,fillb,fillb_low_confidence_key,0.3,1
W22,mid2,mid2_w22_find_all_wb_fitb,fillb,fillb_low_confidence_key,0.3,1
W22,mid2,mid2_w22_find_all_wb_fitb,fillb,fillb_low_confidence_key,0.3,14
W22,mid2,mid2_w22_find_all_wb_fitb,fillb,fillb_low_confidence_key,0.3,6
W22,mid2,mid2_w22_find_all_wb_fitb,fillb,fillb_low_confidence_key,0.3,3
W22,mid2,mid2_w22_find_all_wb_fitb,fillb,fillb_low_confidence_key,0.3,3
W22,mid2,mid2_w22_find_all_wb_fitb,fillb,fillb_low_confidence_key,0.3,6
W22,mid2,mid2_w22_find_all_wb_fitb,fillb,fillb_low_confidence_key,0.3,3
W22,mid2,mid2_w22_find_all_wb_fitb,fillb,fillb_low_confidence_key,0.3,1
W22,mid2,mid2_w22_find_all_wb_fitb,fillb,fillb_low_confidence_key,0.3,3
W22,mid2,mid2_w22_find_all_wb_fitb,fillb,fillb_low_confidence_key,0.3,1
W22,mid2,mid2_w22_find_all_wb_fitb,fillb,fillb_low_confidence_key,0.3,1
W22,mid2,mid2_w22_find_all_wb_fitb,fillb,fillb_low_confidence_key,0.3,11
W22,mid2,mid2_w22_find_all_wb_fitb,fillb,fillb_low_confidence_key,0.3,1
W22,mid2,mid2_w22_find_all_wb_fitb,fillb,fillb_low_confidence_key,0.3,2
W22,mid2,mid2_w22_find_all_wb_fitb,fillb,fillb_low_confidence_key,0.3,2
W22,mid2,mid2_w22_find_all_wb_fitb,fillb,fillb_low_confidence_key,0.3,1
W22,mid2,mid2_w22_find_all_wb_fitb,fillb,fillb_low_confidence_key,0.3,1
W22,mid2,mid2_w22_find_all_wb_fitb,fillb,fillb_low_confidence_key,0.3,2
W22,mid2,mid2_w22_find_all_wb_fitb,fillb,fillb_low_confidence_key,0.3,3
W22,mid2,mid2_w22_find_all_wb_fitb,fillb,fillb_low_confidence_key,0.3,1
W22,mid2,mid2_w22_find_all_wb_fitb,fillb,fillb_low_confidence_key,0.3,4
W22,mid2,mid2_w22_find_all_wb_fitb,fillb,fillb_low_confidence_key,0.3,2
W22,mid2,mid2_w22_find_all_wb_fitb,fillb,fillb_low_confidence_key,0.3,3
W22,mid2,mid2_w22_find_all_wb_fitb,fillb,fillb_low_confidence_key,0.3,3
W22,mid2,mid2_w22_find_all_wb_fitb,fillb,fillb_low_confidence_key,0.3,5
W22,mid2,mid2_w22_find_all_wb_fitb,fillb,fillb_low_confidence_key,0.3,7
W22,mid2,mid2_w22_find_all_wb_fitb,fillb,fillb_low_confidence_key,0.3,3
W22,mid2,mid2_w22_find_all_wb_fitb,fillb,fillb_low_confidence_key,0.3,2
W22,mid2,mid2_w22_find_all_wb_fitb,fillb,fillb_low_confidence_key,0.3,6
W22,mid2,mid2_w22_find_all_wb_fitb,fillb,fillb_low_confidence_key,0.3,4
W22,mid2,mid2_w22_find_all_wb_fitb,fillb,fillb_low_confidence_key,0.3,2
W22,mid2,mid2_w22_find_all_wb_fitb,fillb,fillb_low_confidence_key,0.3,1
W22,mid2,mid2_w22_find_all_wb_fitb,fillb,fillb_low_confidence_key,0.3,3
W22,mid2,mid2_w22_find_all_wb_fitb,fillb,fillb_low_confidence_key,0.3,4
W22,mid2,mid2_w22_find_all_wb_fitb,fillb,fillb_low_confidence_key,0.3,5
W22,mid2,mid2_w22_find_all_wb_fitb,fillb,fillb_low_confidence_key,0.3,4
W22,mid2,mid2_w22_find_all_wb_fitb,fillb,fillb_low_confidence_key,0.3,1
W22,mid2,mid2_w22_find_all_wb_fitb,fillb,fillb_low_confidence_key,0.3,3
W22,mid2,mid2_w22_find_all_wb_fitb,fillb,fillb_low_confidence_key,0.3,1
W22,mid2,mid2_w22_find_all_wb_fitb,fillb,fillb_low_confidence_key,0.3,3
W22,mid2,mid2_w22_find_all_wb_fitb,fillb,fillb_low_confidence_key,0.3,3
W22,mid2,mid2_w22_find_all_wb_fitb,fillb,fillb_low_confidence_key,0.3,2
W22,mid2,mid2_w22_find_all_wb_fitb,fillb,fillb_low_confidence_key,0.3,7
W22,mid2,mid2_w22_find_all_wb_fitb,fillb,fillb_low_confidence_key,0.3,3
W22,mid2,mid2_w22_find_all_wb_fitb,fillb,fillb_low_confidence_key,0.3,8
W22,mid2,mid2_w22_find_all_wb_fitb,fillb,fillb_low_confidence_key,0.3,2
W22,mid2,mid2_w22_find_all_wb_fitb,fillb,fillb_low_confidence_key,0.3,8
W22,mid2,mid2_w22_find_all_wb_fitb,fillb,fillb_low_confidence_key,0.3,1
W22,mid2,mid2_w22_find_all_wb_fitb,fillb,fillb_low_confidence_key,0.3,1
W22,mid2,mid2_w22_find_all_wb_fitb,fillb,fillb_low_confidence_key,0.3,3
W22,mid2,mid2_w22_find_all_wb_fitb,fillb,fillb_low_confidence_key,0.3,3
W22,mid2,mid2_w22_find_all_wb_fitb,fillb,fillb_low_confidence_key,0.3,4
W22,mid2,mid2_w22_find_all_wb_fitb,fillb,fillb_low_confidence_key,0.3,8
W22,mid2,mid2_w22_find_all_wb_fitb,fillb,fillb_low_confidence_key,0.3,1
W22,mid2,mid2_w22_find_all_wb_fitb,fillb,fillb_low_confidence_key,0.3,4
W22,mid2,mid2_w22_find_all_wb_fitb,fillb,fillb_low_confidence_key,0.3,1
W22,mid2,mid2_w22_find_all_wb_fitb,fillb,fillb_low_confidence_key,0.3,5
W22,mid2,mid2_w22_find_all_wb_fitb,fillb,fillb_low_confidence_key,0.3,1
W22,mid2,mid2_w22_find_all_wb_fitb,fillb,fillb_low_confidence_key,0.3,3
W22,mid2,mid2_w22_find_all_wb_fitb,fillb,fillb_low_confidence_key,0.3,3
W22,mid2,mid2_w22_find_all_wb_fitb,fillb,fillb_low_confidence_key,0.3,3
W22,mid2,mid2_w22_find_all_wb_fitb,fillb,fillb_low_confidence_key,0.3,8
W22,mid2,mid2_w22_find_all_wb_fitb,fillb,fillb_low_confidence_key,0.3,3
W22,mid2,mid2_w22_find_all_wb_fitb,fillb,fillb_low_confidence_key,0.3,2
W22,mid2,mid2_w22_find_all_wb_fitb,fillb,fillb_low_confidence_key,0.3,7
W22,mid2,mid2_w22_find_all_wb_fitb,fillb,fillb_low_confidence_key,0.3,1
W22,mid2,mid2_w22_find_all_wb_fitb,fillb,fillb_low_confidence_key,0.3,2
W22,mid2,mid2_w22_find_all_wb_fitb,fillb,fillb_low_confidence_key,0.3,8
W22,mid2,mid2_w22_find_all_wb_fitb,fillb,fillb_low_confidence_key,0.3,6
W22,mid2,mid2_w22_find_all_wb_fitb,fillb,fillb_low_confidence_key,0.3,1
W22,mid2,mid2_w22_find_all_wb_fitb,fillb,fillb_low_confidence_key,0.3,2
W22,mid2,mid2_w22_find_all_wb_fitb,fillb,fillb_low_confidence_key,0.3,2
W22,mid2,mid2_w22_find_all_wb_fitb,fillb,fillb_low_confidence_key,0.3,5
W22,mid2,mid2_w22_find_all_wb_fitb,fillb,fillb_low_confidence_key,0.3,1
W22,mid2,mid2_w22_find_all_wb_fitb,fillb,fillb_low_confidence_key,0.3,1
W22,mid2,mid2_w22_find_all_wb_fitb,fillb,fillb_low_confidence_key,0.3,1
W22,mid2,mid2_w22_find_all_wb_fitb,fillb,fillb_low_confidence_key,0.3,4
W22,mid2,mid2_w22_find_all_wb_fitb,fillb,fillb_low_confidence_key,0.3,7
W22,mid2,mid2_w22_find_all_wb_fitb,fillb,fillb_low_confidence_key,0.3,2
W22,mid2,mid2_w22_find_all_wb_fitb,fillb,fillb_low_confidence_key,0.3,1
W22,mid2,mid2_w22_find_all_wb_fitb,fillb,fillb_low_confidence_key,0.3,3
W22,mid2,mid2_w22_find_all_wb_fitb,fillb,fillb_low_confidence_key,0.3,1
W22,mid2,mid2_w22_find_all_wb_fitb,fillb,fillb_low_confidence_key,0.3,5
W22,mid2,mid2_w22_find_all_wb_fitb,fillb,fillb_low_confidence_key,0.3,2
W22,mid2,mid_2_html_attr_fill,fillb,fillb_low_confidence_key,0.5555555555555556,2
W22,mid2,mid_2_html_attr_fill,fillb,fillb_low_confidence_key,0.5555555555555556,3
W22,mid2,mid_2_html_attr_fill,fillb,fillb_low_confidence_key,0.5555555555555556,2
W22,mid2,mid_2_html_attr_fill,fillb,fillb_low_confidence_key,0.5555555555555556,1
W22,mid2,mid_2_html_attr_fill,fillb,fillb_low_confidence_key,0.5555555555555556,5
W22,mid2,mid_2_html_attr_fill,fillb,fillb_low_confidence_key,0.5555555555555556,1
W22,mid2,mid_2_html_attr_fill,fillb,fillb_low_confidence_key,0.5555555555555556,3
W22,mid2,mid_2_html_attr_fill,fillb,fillb_low_confidence_key,0.5555555555555556,3
W22,mid2,mid_2_html_attr_fill,fillb,fillb_low_confidence_key,0.5555555555555556,3
W22,mid2,mid_2_html_attr_fill,fillb,fillb_low_confidence_key,0.5555555555555556,1
W22,mid2,mid_2_html_attr_fill,fillb,fillb_low_confidence_key,0.5555555555555556,2
W22,mid2,mid_2_html_attr_fill,fillb,fillb_low_confidence_key,0.5555555555555556,1
W22,mid2,mid_2_html_attr_fill,fillb,fillb_low_confidence_key,0.5555555555555556,3
W22,mid2,mid_2_html_attr_fill,fillb,fillb_low_confidence_key,0.5555555555555556,2
W22,mid2,mid_2_html_attr_fill,fillb,fillb_low_confidence_key,0.5555555555555556,2
W22,mid2,mid_2_html_attr_fill,fillb,fillb_low_confidence_key,0.5555555555555556,1
W22,mid2,mid_2_html_attr_fill,fillb,fillb_low_confidence_key,0.5555555555555556,2
W22,mid2,mid_2_html_attr_fill,fillb,fillb_low_confidence_key,0.5555555555555556,3
W22,mid2,mid_2_html_attr_fill,fillb,fillb_low_confidence_key,0.5555555555555556,2
W22,mid2,mid_2_html_attr_fill,fillb,fillb_low_confidence_key,0.5555555555555556,3
W22,mid2,mid_2_html_attr_fill,fillb,fillb_low_confidence_key,0.5555555555555556,1
W22,mid2,mid_2_html_attr_fill,fillb,fillb_low_confidence_key,0.5555555555555556,2
W22,mid2,mid_2_html_attr_fill,fillb,fillb_low_confidence_key,0.5555555555555556,1
W22,mid2,mid_2_html_attr_fill,fillb,fillb_low_confidence_key,0.5555555555555556,9
W22,mid2,mid_2_html_attr_fill,fillb,fillb_low_confidence_key,0.5555555555555556,2
W22,mid2,mid_2_html_attr_fill,fillb,fillb_low_confidence_key,0.5555555555555556,3
W22,mid2,mid_2_html_attr_fill,fillb,fillb_low_confidence_key,0.5555555555555556,1
W22,mid2,mid_2_html_attr_fill,fillb,fillb_low_confidence_key,0.5555555555555556,2
W22,mid2,mid_2_html_attr_fill,fillb,fillb_low_confidence_key,0.5555555555555556,1
W22,mid2,mid_2_html_attr_fill,fillb,fillb_low_confidence_key,0.5555555555555556,6
W22,mid2,mid_2_html_attr_fill,fillb,fillb_low_confidence_key,0.5555555555555556,2
W22,mid2,mid_2_html_attr_fill,fillb,fillb_low_confidence_key,0.5555555555555556,1
W22,mid2,mid_2_html_attr_fill,fillb,fillb_low_confidence_key,0.5555555555555556,2
W22,mid2,mid_2_html_attr_fill,fillb,fillb_low_confidence_key,0.5555555555555556,2
W22,mid2,mid_2_html_attr_fill,fillb,fillb_low_confidence_key,0.5555555555555556,3
W22,mid2,mid_2_html_attr_fill,fillb,fillb_low_confidence_key,0.5555555555555556,1
W22,mid2,mid_2_html_attr_fill,fillb,fillb_low_confidence_key,0.5555555555555556,1
W22,mid2,mid_2_html_attr_fill,fillb,fillb_low_confidence_key,0.5555555555555556,8
W22,mid2,mid_2_html_attr_fill,fillb,fillb_low_confidence_key,0.5555555555555556,3
W22,mid2,mid_2_html_attr_fill,fillb,fillb_low_confidence_key,0.5555555555555556,2
W22,mid2,mid_2_html_attr_fill,fillb,fillb_low_confidence_key,0.5555555555555556,2
W22,mid2,mid_2_html_attr_fill,fillb,fillb_low_confidence_key,0.5555555555555556,6
W22,mid2,mid_2_html_attr_fill,fillb,fillb_low_confidence_key,0.5555555555555556,1
W22,mid2,mid_2_html_attr_fill,fillb,fillb_low_confidence_key,0.5555555555555556,2
W22,mid2,mid_2_html_attr_fill,fillb,fillb_low_confidence_key,0.5555555555555556,3
W22,mid2,mid_2_html_attr_fill,fillb,fillb_low_confidence_key,0.5555555555555556,1
W22,mid2,mid_2_html_attr_fill,fillb,fillb_low_confidence_key,0.5555555555555556,1
W22,mid2,mid_2_html_attr_fill,fillb,fillb_low_confidence_key,0.5555555555555556,7
W22,mid2,mid_2_html_attr_fill,fillb,fillb_low_confidence_key,0.5555555555555556,1
W22,mid2,mid_2_html_attr_fill,fillb,fillb_low_confidence_key,0.5555555555555556,3
W22,mid2,mid_2_html_attr_fill,fillb,fillb_low_confidence_key,0.5555555555555556,2
W22,mid2,mid_2_html_attr_fill,fillb,fillb_low_confidence_key,0.5555555555555556,1
W22,mid2,mid_2_html_attr_fill,fillb,fillb_low_confidence_key,0.5555555555555556,2
W22,mid2,mid_2_html_attr_fill,fillb,fillb_low_confidence_key,0.5555555555555556,2
W22,mid2,mid_2_html_attr_fill,fillb,fillb_low_confidence_key,0.5555555555555556,2
W22,mid2,mid_2_html_attr_fill,fillb,fillb_low_confidence_key,0.5555555555555556,1
W22,mid2,mid_2_html_attr_fill,fillb,fillb_low_confidence_key,0.5555555555555556,3
W22,mid2,mid_2_html_attr_fill,fillb,fillb_low_confidence_key,0.5555555555555556,2
W22,mid2,mid_2_html_attr_fill,fillb,fillb_low_confidence_key,0.5555555555555556,1
W22,mid2,mid_2_html_attr_fill,fillb,fillb_low_confidence_key,0.5555555555555556,6
W22,mid2,mid_2_html_attr_fill,fillb,fillb_low_confidence_key,0.5555555555555556,6
W22,mid2,mid_2_html_attr_fill,fillb,fillb_low_confidence_key,0.5555555555555556,4
W22,mid2,mid_2_html_attr_fill,fillb,fillb_low_confidence_key,0.5555555555555556,2
W22,mid2,mid_2_html_attr_fill,fillb,fillb_low_confidence_key,0.5555555555555556,1
W22,mid2,mid_2_html_attr_fill,fillb,fillb_low_confidence_key,0.5555555555555556,4
W22,mid2,mid_2_html_attr_fill,fillb,fillb_low_confidence_key,0.5555555555555556,1
W22,mid2,mid_2_html_attr_fill,fillb,fillb_low_confidence_key,0.5555555555555556,3
W22,mid2,mid_2_html_attr_fill,fillb,fillb_low_confidence_key,0.5555555555555556,1
W22,mid2,mid_2_html_attr_fill,fillb,fillb_low_confidence_key,0.5555555555555556,3
W22,mid2,mid_2_html_attr_fill,fillb,fillb_low_confidence_key,0.5555555555555556,2
W22,mid2,mid_2_html_attr_fill,fillb,fillb_low_confidence_key,0.5555555555555556,4
W22,mid2,mid_2_html_attr_fill,fillb,fillb_low_confidence_key,0.5555555555555556,4
W22,mid2,mid_2_html_attr_fill,fillb,fillb_low_confidence_key,0.5555555555555556,1
W22,mid2,mid_2_html_attr_fill,fillb,fillb_low_confidence_key,0.5555555555555556,2
W22,mid2,mid_2_html_attr_fill,fillb,fillb_low_confidence_key,0.5555555555555556,2
W22,mid2,mid_2_html_attr_fill,fillb,fillb_low_confidence_key,0.5555555555555556,2
W22,mid2,mid_2_html_attr_fill,fillb,fillb_low_confidence_key,0.5555555555555556,1
W22,mid2,mid_2_html_attr_fill,fillb,fillb_low_confidence_key,0.5555555555555556,2
W22,mid2,mid_2_html_attr_fill,fillb,fillb_low_confidence_key,0.5555555555555556,4
W22,mid2,mid_2_html_attr_fill,fillb,fillb_low_confidence_key,0.5555555555555556,4
W22,mid2,mid_2_html_attr_fill,fillb,fillb_low_confidence_key,0.5555555555555556,7
W22,mid2,mid_2_html_attr_fill,fillb,fillb_low_confidence_key,0.5555555555555556,1
W22,mid2,mid_2_html_attr_fill,fillb,fillb_low_confidence_key,0.5555555555555556,5
W22,mid2,mid_2_html_attr_fill,fillb,fillb_low_confidence_key,0.5555555555555556,1
W22,mid2,mid_2_html_attr_fill,fillb,fillb_low_confidence_key,0.5555555555555556,1
W22,mid2,mid_2_html_attr_fill,fillb,fillb_low_confidence_key,0.5555555555555556,3
W22,mid2,mid_2_html_attr_fill,fillb,fillb_low_confidence_key,0.5555555555555556,3
W22,mid2,mid_2_html_attr_fill,fillb,fillb_low_confidence_key,0.5555555555555556,9
W22,mid2,mid_2_html_attr_fill,fillb,fillb_low_confidence_key,0.5555555555555556,8
W22,mid2,mid_2_html_attr_fill,fillb,fillb_low_confidence_key,0.5555555555555556,1
W22,mid2,mid_2_html_attr_fill,fillb,fillb_low_confidence_key,0.5555555555555556,3
W22,mid2,mid_2_html_attr_fill,fillb,fillb_low_confidence_key,0.5555555555555556,1
W22,mid2,mid_2_html_attr_fill,fillb,fillb_low_confidence_key,0.5555555555555556,5
W22,mid2,mid_2_html_attr_fill,fillb,fillb_low_confidence_key,0.5555555555555556,1
W22,mid2,mid_2_html_attr_fill,fillb,fillb_low_confidence_key,0.5555555555555556,1
W22,mid2,mid_2_html_attr_fill,fillb,fillb_low_confidence_key,0.5555555555555556,3
W22,mid2,mid_2_html_attr_fill,fillb,fillb_low_confidence_key,0.5555555555555556,1
W22,mid2,mid_2_html_attr_fill,fillb,fillb_low_confidence_key,0.5555555555555556,8
W22,mid2,mid_2_html_attr_fill,fillb,fillb_low_confidence_key,0.5555555555555556,3
W22,mid2,mid_2_html_attr_fill,fillb,fillb_low_confidence_key,0.5555555555555556,1
W22,mid2,mid_2_html_attr_fill,fillb,fillb_low_confidence_key,0.5555555555555556,7
W22,mid2,mid_2_html_attr_fill,fillb,fillb_low_confidence_key,0.5555555555555556,2
W22,mid2,mid_2_html_attr_fill,fillb,fillb_low_confidence_key,0.5555555555555556,1
W22,mid2,mid_2_html_attr_fill,fillb,fillb_low_confidence_key,0.5555555555555556,9
W22,mid2,mid_2_html_attr_fill,fillb,fillb_low_confidence_key,0.5555555555555556,1
W22,mid2,mid_2_html_attr_fill,fillb,fillb_low_confidence_key,0.5555555555555556,1
W22,mid2,mid_2_html_attr_fill,fillb,fillb_low_confidence_key,0.5555555555555556,1
W22,mid2,mid_2_html_attr_fill,fillb,fillb_low_confidence_key,0.5555555555555556,2
W22,mid2,mid_2_html_attr_fill,fillb,fillb_low_confidence_key,0.5555555555555556,2
W22,mid2,mid_2_html_attr_fill,fillb,fillb_low_confidence_key,0.5555555555555556,1
W22,mid2,mid_2_html_attr_fill,fillb,fillb_low_confidence_key,0.5555555555555556,1
W22,mid2,mid_2_html_attr_fill,fillb,fillb_low_confidence_key,0.5555555555555556,1
W22,mid2,mid_2_html_attr_fill,fillb,fillb_low_confidence_key,0.5555555555555556,4
W22,mid2,mid_2_html_attr_fill,fillb,fillb_low_confidence_key,0.5555555555555556,9
W22,mid2,mid_2_html_attr_fill,fillb,fillb_low_confidence_key,0.5555555555555556,2
W22,mid2,mid_2_html_attr_fill,fillb,fillb_low_confidence_key,0.5555555555555556,1
W22,mid2,mid_2_html_attr_fill,fillb,fillb_low_confidence_key,0.5555555555555556,2
W22,mid2,mid_2_html_attr_fill,fillb,fillb_low_confidence_key,0.5555555555555556,1
W22,mid2,mid_2_html_attr_fill,fillb,fillb_low_confidence_key,0.5555555555555556,4
W22,mid2,mid_2_html_attr_fill,fillb,fillb_low_confidence_key,0.5555555555555556,2
W22,mid2,midterm_2_practice_findall_no_cg_fib,fillb,fillb_low_confidence_key,0.5923076923076923,2
W22,mid2,midterm_2_practice_findall_no_cg_fib,fillb,fillb_low_confidence_key,0.5923076923076923,3
W22,mid2,midterm_2_practice_findall_no_cg_fib,fillb,fillb_low_confidence_key,0.5923076923076923,1
W22,mid2,midterm_2_practice_findall_no_cg_fib,fillb,fillb_low_confidence_key,0.5923076923076923,3
W22,mid2,midterm_2_practice_findall_no_cg_fib,fillb,fillb_low_confidence_key,0.5923076923076923,5
W22,mid2,midterm_2_practice_findall_no_cg_fib,fillb,fillb_low_confidence_key,0.5923076923076923,1
W22,mid2,midterm_2_practice_findall_no_cg_fib,fillb,fillb_low_confidence_key,0.5923076923076923,6
W22,mid2,midterm_2_practice_findall_no_cg_fib,fillb,fillb_low_confidence_key,0.5923076923076923,2
W22,mid2,midterm_2_practice_findall_no_cg_fib,fillb,fillb_low_confidence_key,0.5923076923076923,2
W22,mid2,midterm_2_practice_findall_no_cg_fib,fillb,fillb_low_confidence_key,0.5923076923076923,1
W22,mid2,midterm_2_practice_findall_no_cg_fib,fillb,fillb_low_confidence_key,0.5923076923076923,3
W22,mid2,midterm_2_practice_findall_no_cg_fib,fillb,fillb_low_confidence_key,0.5923076923076923,1
W22,mid2,midterm_2_practice_findall_no_cg_fib,fillb,fillb_low_confidence_key,0.5923076923076923,4
W22,mid2,midterm_2_practice_findall_no_cg_fib,fillb,fillb_low_confidence_key,0.5923076923076923,1
W22,mid2,midterm_2_practice_findall_no_cg_fib,fillb,fillb_low_confidence_key,0.5923076923076923,2
W22,mid2,midterm_2_practice_findall_no_cg_fib,fillb,fillb_low_confidence_key,0.5923076923076923,1
W22,mid2,midterm_2_practice_findall_no_cg_fib,fillb,fillb_low_confidence_key,0.5923076923076923,2
W22,mid2,midterm_2_practice_findall_no_cg_fib,fillb,fillb_low_confidence_key,0.5923076923076923,2
W22,mid2,midterm_2_practice_findall_no_cg_fib,fillb,fillb_low_confidence_key,0.5923076923076923,2
W22,mid2,midterm_2_practice_findall_no_cg_fib,fillb,fillb_low_confidence_key,0.5923076923076923,3
W22,mid2,midterm_2_practice_findall_no_cg_fib,fillb,fillb_low_confidence_key,0.5923076923076923,1
W22,mid2,midterm_2_practice_findall_no_cg_fib,fillb,fillb_low_confidence_key,0.5923076923076923,2
W22,mid2,midterm_2_practice_findall_no_cg_fib,fillb,fillb_low_confidence_key,0.5923076923076923,3
W22,mid2,midterm_2_practice_findall_no_cg_fib,fillb,fillb_low_confidence_key,0.5923076923076923,4
W22,mid2,midterm_2_practice_findall_no_cg_fib,fillb,fillb_low_confidence_key,0.5923076923076923,2
W22,mid2,midterm_2_practice_findall_no_cg_fib,fillb,fillb_low_confidence_key,0.5923076923076923,2
W22,mid2,midterm_2_practice_findall_no_cg_fib,fillb,fillb_low_confidence_key,0.5923076923076923,1
W22,mid2,midterm_2_practice_findall_no_cg_fib,fillb,fillb_low_confidence_key,0.5923076923076923,2
W22,mid2,midterm_2_practice_findall_no_cg_fib,fillb,fillb_low_confidence_key,0.5923076923076923,1
W22,mid2,midterm_2_practice_findall_no_cg_fib,fillb,fillb_low_confidence_key,0.5923076923076923,5
W22,mid2,midterm_2_practice_findall_no_cg_fib,fillb,fillb_low_confidence_key,0.5923076923076923,1
W22,mid2,midterm_2_practice_findall_no_cg_fib,fillb,fillb_low_confidence_key,0.5923076923076923,1
W22,mid2,midterm_2_practice_findall_no_cg_fib,fillb,fillb_low_confidence_key,0.5923076923076923,2
W22,mid2,midterm_2_practice_findall_no_cg_fib,fillb,fillb_low_confidence_key,0.5923076923076923,3
W22,mid2,midterm_2_practice_findall_no_cg_fib,fillb,fillb_low_confidence_key,0.5923076923076923,3
W22,mid2,midterm_2_practice_findall_no_cg_fib,fillb,fillb_low_confidence_key,0.5923076923076923,1
W22,mid2,midterm_2_practice_findall_no_cg_fib,fillb,fillb_low_confidence_key,0.5923076923076923,1
W22,mid2,midterm_2_practice_findall_no_cg_fib,fillb,fillb_low_confidence_key,0.5923076923076923,4
W22,mid2,midterm_2_practice_findall_no_cg_fib,fillb,fillb_low_confidence_key,0.5923076923076923,3
W22,mid2,midterm_2_practice_findall_no_cg_fib,fillb,fillb_low_confidence_key,0.5923076923076923,2
W22,mid2,midterm_2_practice_findall_no_cg_fib,fillb,fillb_low_confidence_key,0.5923076923076923,5
W22,mid2,midterm_2_practice_findall_no_cg_fib,fillb,fillb_low_confidence_key,0.5923076923076923,5
W22,mid2,midterm_2_practice_findall_no_cg_fib,fillb,fillb_low_confidence_key,0.5923076923076923,1
W22,mid2,midterm_2_practice_findall_no_cg_fib,fillb,fillb_low_confidence_key,0.5923076923076923,1
W22,mid2,midterm_2_practice_findall_no_cg_fib,fillb,fillb_low_confidence_key,0.5923076923076923,3
W22,mid2,midterm_2_practice_findall_no_cg_fib,fillb,fillb_low_confidence_key,0.5923076923076923,1
W22,mid2,midterm_2_practice_findall_no_cg_fib,fillb,fillb_low_confidence_key,0.5923076923076923,1
W22,mid2,midterm_2_practice_findall_no_cg_fib,fillb,fillb_low_confidence_key,0.5923076923076923,6
W22,mid2,midterm_2_practice_findall_no_cg_fib,fillb,fillb_low_confidence_key,0.5923076923076923,3
W22,mid2,midterm_2_practice_findall_no_cg_fib,fillb,fillb_low_confidence_key,0.5923076923076923,3
W22,mid2,midterm_2_practice_findall_no_cg_fib,fillb,fillb_low_confidence_key,0.5923076923076923,2
W22,mid2,midterm_2_practice_findall_no_cg_fib,fillb,fillb_low_confidence_key,0.5923076923076923,1
W22,mid2,midterm_2_practice_findall_no_cg_fib,fillb,fillb_low_confidence_key,0.5923076923076923,2
W22,mid2,midterm_2_practice_findall_no_cg_fib,fillb,fillb_low_confidence_key,0.5923076923076923,4
W22,mid2,midterm_2_practice_findall_no_cg_fib,fillb,fillb_low_confidence_key,0.5923076923076923,1
W22,mid2,midterm_2_practice_findall_no_cg_fib,fillb,fillb_low_confidence_key,0.5923076923076923,1
W22,mid2,midterm_2_practice_findall_no_cg_fib,fillb,fillb_low_confidence_key,0.5923076923076923,4
W22,mid2,midterm_2_practice_findall_no_cg_fib,fillb,fillb_low_confidence_key,0.5923076923076923,1
W22,mid2,midterm_2_practice_findall_no_cg_fib,fillb,fillb_low_confidence_key,0.5923076923076923,1
W22,mid2,midterm_2_practice_findall_no_cg_fib,fillb,fillb_low_confidence_key,0.5923076923076923,4
W22,mid2,midterm_2_practice_findall_no_cg_fib,fillb,fillb_low_confidence_key,0.5923076923076923,8
W22,mid2,midterm_2_practice_findall_no_cg_fib,fillb,fillb_low_confidence_key,0.5923076923076923,4
W22,mid2,midterm_2_practice_findall_no_cg_fib,fillb,fillb_low_confidence_key,0.5923076923076923,4
W22,mid2,midterm_2_practice_findall_no_cg_fib,fillb,fillb_low_confidence_key,0.5923076923076923,1
W22,mid2,midterm_2_practice_findall_no_cg_fib,fillb,fillb_low_confidence_key,0.5923076923076923,4
W22,mid2,midterm_2_practice_findall_no_cg_fib,fillb,fillb_low_confidence_key,0.5923076923076923,1
W22,mid2,midterm_2_practice_findall_no_cg_fib,fillb,fillb_low_confidence_key,0.5923076923076923,2
W22,mid2,midterm_2_practice_findall_no_cg_fib,fillb,fillb_low_confidence_key,0.5923076923076923,1
W22,mid2,midterm_2_practice_findall_no_cg_fib,fillb,fillb_low_confidence_key,0.5923076923076923,3
W22,mid2,midterm_2_practice_findall_no_cg_fib,fillb,fillb_low_confidence_key,0.5923076923076923,1
W22,mid2,midterm_2_practice_findall_no_cg_fib,fillb,fillb_low_confidence_key,0.5923076923076923,4
W22,mid2,midterm_2_practice_findall_no_cg_fib,fillb,fillb_low_confidence_key,0.5923076923076923,3
W22,mid2,midterm_2_practice_findall_no_cg_fib,fillb,fillb_low_confidence_key,0.5923076923076923,1
W22,mid2,midterm_2_practice_findall_no_cg_fib,fillb,fillb_low_confidence_key,0.5923076923076923,3
W22,mid2,midterm_2_practice_findall_no_cg_fib,fillb,fillb_low_confidence_key,0.5923076923076923,2
W22,mid2,midterm_2_practice_findall_no_cg_fib,fillb,fillb_low_confidence_key,0.5923076923076923,3
W22,mid2,midterm_2_practice_findall_no_cg_fib,fillb,fillb_low_confidence_key,0.5923076923076923,1
W22,mid2,midterm_2_practice_findall_no_cg_fib,fillb,fillb_low_confidence_key,0.5923076923076923,1
W22,mid2,midterm_2_practice_findall_no_cg_fib,fillb,fillb_low_confidence_key,0.5923076923076923,7
W22,mid2,midterm_2_practice_findall_no_cg_fib,fillb,fillb_low_confidence_key,0.5923076923076923,5
W22,mid2,midterm_2_practice_findall_no_cg_fib,fillb,fillb_low_confidence_key,0.5923076923076923,6
W22,mid2,midterm_2_practice_findall_no_cg_fib,fillb,fillb_low_confidence_key,0.5923076923076923,1
W22,mid2,midterm_2_practice_findall_no_cg_fib,fillb,fillb_low_confidence_key,0.5923076923076923,5
W22,mid2,midterm_2_practice_findall_no_cg_fib,fillb,fillb_low_confidence_key,0.5923076923076923,1
W22,mid2,midterm_2_practice_findall_no_cg_fib,fillb,fillb_low_confidence_key,0.5923076923076923,2
W22,mid2,midterm_2_practice_findall_no_cg_fib,fillb,fillb_low_confidence_key,0.5923076923076923,2
W22,mid2,midterm_2_practice_findall_no_cg_fib,fillb,fillb_low_confidence_key,0.5923076923076923,3
W22,mid2,midterm_2_practice_findall_no_cg_fib,fillb,fillb_low_confidence_key,0.5923076923076923,12
W22,mid2,midterm_2_practice_findall_no_cg_fib,fillb,fillb_low_confidence_key,0.5923076923076923,8
W22,mid2,midterm_2_practice_findall_no_cg_fib,fillb,fillb_low_confidence_key,0.5923076923076923,2
W22,mid2,midterm_2_practice_findall_no_cg_fib,fillb,fillb_low_confidence_key,0.5923076923076923,4
W22,mid2,midterm_2_practice_findall_no_cg_fib,fillb,fillb_low_confidence_key,0.5923076923076923,2
W22,mid2,midterm_2_practice_findall_no_cg_fib,fillb,fillb_low_confidence_key,0.5923076923076923,3
W22,mid2,midterm_2_practice_findall_no_cg_fib,fillb,fillb_low_confidence_key,0.5923076923076923,2
W22,mid2,midterm_2_practice_findall_no_cg_fib,fillb,fillb_low_confidence_key,0.5923076923076923,1
W22,mid2,midterm_2_practice_findall_no_cg_fib,fillb,fillb_low_confidence_key,0.5923076923076923,2
W22,mid2,midterm_2_practice_findall_no_cg_fib,fillb,fillb_low_confidence_key,0.5923076923076923,1
W22,mid2,midterm_2_practice_findall_no_cg_fib,fillb,fillb_low_confidence_key,0.5923076923076923,5
W22,mid2,midterm_2_practice_findall_no_cg_fib,fillb,fillb_low_confidence_key,0.5923076923076923,2
W22,mid2,midterm_2_practice_findall_no_cg_fib,fillb,fillb_low_confidence_key,0.5923076923076923,2
W22,mid2,midterm_2_practice_findall_no_cg_fib,fillb,fillb_low_confidence_key,0.5923076923076923,7
W22,mid2,midterm_2_practice_findall_no_cg_fib,fillb,fillb_low_confidence_key,0.5923076923076923,1
W22,mid2,midterm_2_practice_findall_no_cg_fib,fillb,fillb_low_confidence_key,0.5923076923076923,1
W22,mid2,midterm_2_practice_findall_no_cg_fib,fillb,fillb_low_confidence_key,0.5923076923076923,9
W22,mid2,midterm_2_practice_findall_no_cg_fib,fillb,fillb_low_confidence_key,0.5923076923076923,1
W22,mid2,midterm_2_practice_findall_no_cg_fib,fillb,fillb_low_confidence_key,0.5923076923076923,1
W22,mid2,midterm_2_practice_findall_no_cg_fib,fillb,fillb_low_confidence_key,0.5923076923076923,3
W22,mid2,midterm_2_practice_findall_no_cg_fib,fillb,fillb_low_confidence_key,0.5923076923076923,3
W22,mid2,midterm_2_practice_findall_no_cg_fib,fillb,fillb_low_confidence_key,0.5923076923076923,2
W22,mid2,midterm_2_practice_findall_no_cg_fib,fillb,fillb_low_confidence_key,0.5923076923076923,1
W22,mid2,midterm_2_practice_findall_no_cg_fib,fillb,fillb_low_confidence_key,0.5923076923076923,2
W22,mid2,midterm_2_practice_findall_no_cg_fib,fillb,fillb_low_confidence_key,0.5923076923076923,1
W22,mid2,midterm_2_practice_findall_no_cg_fib,fillb,fillb_low_confidence_key,0.5923076923076923,4
W22,mid2,midterm_2_practice_findall_no_cg_fib,fillb,fillb_low_confidence_key,0.5923076923076923,8
W22,mid2,midterm_2_practice_findall_no_cg_fib,fillb,fillb_low_confidence_key,0.5923076923076923,4
W22,mid2,midterm_2_practice_findall_no_cg_fib,fillb,fillb_low_confidence_key,0.5923076923076923,1
W22,mid2,midterm_2_practice_findall_no_cg_fib,fillb,fillb_low_confidence_key,0.5923076923076923,1
W22,mid2,midterm_2_practice_findall_no_cg_fib,fillb,fillb_low_confidence_key,0.5923076923076923,1
W22,mid2,midterm_2_practice_findall_no_cg_fib,fillb,fillb_low_confidence_key,0.5923076923076923,3
W22,mid2,midterm_2_practice_findall_no_cg_fib,fillb,fillb_low_confidence_key,0.5923076923076923,2
W22,mid2,midterm_2_practice_q27_findall_regex_fib,fillb,fillb_low_confidence_key,0.3333333333333333,1
W22,mid2,midterm_2_practice_q27_findall_regex_fib,fillb,fillb_low_confidence_key,0.3333333333333333,2
W22,mid2,midterm_2_practice_q27_findall_regex_fib,fillb,fillb_low_confidence_key,0.3333333333333333,1
W22,mid2,midterm_2_practice_q27_findall_regex_fib,fillb,fillb_low_confidence_key,0.3333333333333333,2
W22,mid2,midterm_2_practice_q27_findall_regex_fib,fillb,fillb_low_confidence_key,0.3333333333333333,1
W22,mid2,midterm_2_practice_q27_findall_regex_fib,fillb,fillb_low_confidence_key,0.3333333333333333,1
W22,mid2,midterm_2_practice_q27_findall_regex_fib,fillb,fillb_low_confidence_key,0.3333333333333333,5
W22,mid2,midterm_2_practice_q27_findall_regex_fib,fillb,fillb_low_confidence_key,0.3333333333333333,4
W22,mid2,midterm_2_practice_q27_findall_regex_fib,fillb,fillb_low_confidence_key,0.3333333333333333,1
W22,mid2,midterm_2_practice_q27_findall_regex_fib,fillb,fillb_low_confidence_key,0.3333333333333333,1
W22,mid2,midterm_2_practice_q27_findall_regex_fib,fillb,fillb_low_confidence_key,0.3333333333333333,3
W22,mid2,midterm_2_practice_q27_findall_regex_fib,fillb,fillb_low_confidence_key,0.3333333333333333,1
W22,mid2,midterm_2_practice_q27_findall_regex_fib,fillb,fillb_low_confidence_key,0.3333333333333333,1
W22,mid2,midterm_2_practice_q27_findall_regex_fib,fillb,fillb_low_confidence_key,0.3333333333333333,2
W22,mid2,midterm_2_practice_q27_findall_regex_fib,fillb,fillb_low_confidence_key,0.3333333333333333,1
W22,mid2,midterm_2_practice_q27_findall_regex_fib,fillb,fillb_low_confidence_key,0.3333333333333333,2
W22,mid2,midterm_2_practice_q27_findall_regex_fib,fillb,fillb_low_confidence_key,0.3333333333333333,1
W22,mid2,midterm_2_practice_q27_findall_regex_fib,fillb,fillb_low_confidence_key,0.3333333333333333,14
W22,mid2,midterm_2_practice_q27_findall_regex_fib,fillb,fillb_low_confidence_key,0.3333333333333333,1
W22,mid2,midterm_2_practice_q27_findall_regex_fib,fillb,fillb_low_confidence_key,0.3333333333333333,2
W22,mid2,midterm_2_practice_q27_findall_regex_fib,fillb,fillb_low_confidence_key,0.3333333333333333,1
W22,mid2,midterm_2_practice_q27_findall_regex_fib,fillb,fillb_low_confidence_key,0.3333333333333333,1
W22,mid2,midterm_2_practice_q27_findall_regex_fib,fillb,fillb_low_confidence_key,0.3333333333333333,1
W22,mid2,midterm_2_practice_q27_findall_regex_fib,fillb,fillb_low_confidence_key,0.3333333333333333,3
W22,mid2,midterm_2_practice_q27_findall_regex_fib,fillb,fillb_low_confidence_key,0.3333333333333333,2
W22,mid2,midterm_2_practice_q27_findall_regex_fib,fillb,fillb_low_confidence_key,0.3333333333333333,1
W22,mid2,midterm_2_practice_q27_findall_regex_fib,fillb,fillb_low_confidence_key,0.3333333333333333,1
W22,mid2,midterm_2_practice_q27_findall_regex_fib,fillb,fillb_low_confidence_key,0.3333333333333333,1
W22,mid2,midterm_2_practice_q27_findall_regex_fib,fillb,fillb_low_confidence_key,0.3333333333333333,1
W22,mid2,midterm_2_practice_q27_findall_regex_fib,fillb,fillb_low_confidence_key,0.3333333333333333,9
W22,mid2,midterm_2_practice_q27_findall_regex_fib,fillb,fillb_low_confidence_key,0.3333333333333333,4
W22,mid2,midterm_2_practice_q27_findall_regex_fib,fillb,fillb_low_confidence_key,0.3333333333333333,1
W22,mid2,midterm_2_practice_q27_findall_regex_fib,fillb,fillb_low_confidence_key,0.3333333333333333,1
W22,mid2,midterm_2_practice_q27_findall_regex_fib,fillb,fillb_low_confidence_key,0.3333333333333333,3
W22,mid2,midterm_2_practice_q27_findall_regex_fib,fillb,fillb_low_confidence_key,0.3333333333333333,4
W22,mid2,midterm_2_practice_q27_findall_regex_fib,fillb,fillb_low_confidence_key,0.3333333333333333,1
W22,mid2,midterm_2_practice_q27_findall_regex_fib,fillb,fillb_low_confidence_key,0.3333333333333333,6
W22,mid2,midterm_2_practice_q27_findall_regex_fib,fillb,fillb_low_confidence_key,0.3333333333333333,2
W22,mid2,midterm_2_practice_q27_findall_regex_fib,fillb,fillb_low_confidence_key,0.3333333333333333,1
W22,mid2,midterm_2_practice_q27_findall_regex_fib,fillb,fillb_low_confidence_key,0.3333333333333333,2
W22,mid2,midterm_2_practice_q27_findall_regex_fib,fillb,fillb_low_confidence_key,0.3333333333333333,1
W22,mid2,midterm_2_practice_q27_findall_regex_fib,fillb,fillb_low_confidence_key,0.3333333333333333,1
W22,mid2,midterm_2_practice_q27_findall_regex_fib,fillb,fillb_low_confidence_key,0.3333333333333333,1
W22,mid2,midterm_2_practice_q27_findall_regex_fib,fillb,fillb_low_confidence_key,0.3333333333333333,1
W22,mid2,midterm_2_practice_q27_findall_regex_fib,fillb,fillb_low_confidence_key,0.3333333333333333,3
W22,mid2,midterm_2_practice_q27_findall_regex_fib,fillb,fillb_low_confidence_key,0.3333333333333333,12
W22,mid2,midterm_2_practice_q27_findall_regex_fib,fillb,fillb_low_confidence_key,0.3333333333333333,1
W22,mid2,midterm_2_practice_q27_findall_regex_fib,fillb,fillb_low_confidence_key,0.3333333333333333,3
W22,mid2,midterm_2_practice_q27_findall_regex_fib,fillb,fillb_low_confidence_key,0.3333333333333333,1
W22,mid2,midterm_2_practice_q27_findall_regex_fib,fillb,fillb_low_confidence_key,0.3333333333333333,1
W22,mid2,midterm_2_practice_q27_findall_regex_fib,fillb,fillb_low_confidence_key,0.3333333333333333,18
W22,mid2,midterm_2_practice_q27_findall_regex_fib,fillb,fillb_low_confidence_key,0.3333333333333333,1
W22,mid2,midterm_2_practice_q27_findall_regex_fib,fillb,fillb_low_confidence_key,0.3333333333333333,1
W22,mid2,midterm_2_practice_q27_findall_regex_fib,fillb,fillb_low_confidence_key,0.3333333333333333,3
W22,mid2,midterm_2_practice_q27_findall_regex_fib,fillb,fillb_low_confidence_key,0.3333333333333333,7
W22,mid2,midterm_2_practice_q27_findall_regex_fib,fillb,fillb_low_confidence_key,0.3333333333333333,7
W22,mid2,midterm_2_practice_q27_findall_regex_fib,fillb,fillb_low_confidence_key,0.3333333333333333,1
W22,mid2,midterm_2_practice_q27_findall_regex_fib,fillb,fillb_low_confidence_key,0.3333333333333333,1
W22,mid2,midterm_2_practice_q27_findall_regex_fib,fillb,fillb_low_confidence_key,0.3333333333333333,1
W22,mid2,midterm_2_practice_q27_findall_regex_fib,fillb,fillb_low_confidence_key,0.3333333333333333,1
W22,mid2,midterm_2_practice_q27_findall_regex_fib,fillb,fillb_low_confidence_key,0.3333333333333333,1
W22,mid2,midterm_2_practice_q27_findall_regex_fib,fillb,fillb_low_confidence_key,0.3333333333333333,1
W22,mid2,midterm_2_practice_q27_findall_regex_fib,fillb,fillb_low_confidence_key,0.3333333333333333,2
W22,mid2,midterm_2_practice_q28_findall_fib,fillb,fillb_low_confidence_key,0.5161290322580645,1
W22,mid2,midterm_2_practice_q28_findall_fib,fillb,fillb_low_confidence_key,0.5161290322580645,5
W22,mid2,midterm_2_practice_q28_findall_fib,fillb,fillb_low_confidence_key,0.5161290322580645,1
W22,mid2,midterm_2_practice_q28_findall_fib,fillb,fillb_low_confidence_key,0.5161290322580645,7
W22,mid2,midterm_2_practice_q28_findall_fib,fillb,fillb_low_confidence_key,0.5161290322580645,1
W22,mid2,midterm_2_practice_q28_findall_fib,fillb,fillb_low_confidence_key,0.5161290322580645,1
W22,mid2,midterm_2_practice_q28_findall_fib,fillb,fillb_low_confidence_key,0.5161290322580645,4
W22,mid2,midterm_2_practice_q28_findall_fib,fillb,fillb_low_confidence_key,0.5161290322580645,3
W22,mid2,midterm_2_practice_q28_findall_fib,fillb,fillb_low_confidence_key,0.5161290322580645,3
W22,mid2,midterm_2_practice_q28_findall_fib,fillb,fillb_low_confidence_key,0.5161290322580645,4
W22,mid2,midterm_2_practice_q28_findall_fib,fillb,fillb_low_confidence_key,0.5161290322580645,1
W22,mid2,midterm_2_practice_q28_findall_fib,fillb,fillb_low_confidence_key,0.5161290322580645,1
W22,mid2,midterm_2_practice_q28_findall_fib,fillb,fillb_low_confidence_key,0.5161290322580645,1
W22,mid2,midterm_2_practice_q28_findall_fib,fillb,fillb_low_confidence_key,0.5161290322580645,2
W22,mid2,midterm_2_practice_q28_findall_fib,fillb,fillb_low_confidence_key,0.5161290322580645,1
W22,mid2,midterm_2_practice_q28_findall_fib,fillb,fillb_low_confidence_key,0.5161290322580645,1
W22,mid2,midterm_2_practice_q28_findall_fib,fillb,fillb_low_confidence_key,0.5161290322580645,12
W22,mid2,midterm_2_practice_q28_findall_fib,fillb,fillb_low_confidence_key,0.5161290322580645,2
W22,mid2,midterm_2_practice_q28_findall_fib,fillb,fillb_low_confidence_key,0.5161290322580645,3
W22,mid2,midterm_2_practice_q28_findall_fib,fillb,fillb_low_confidence_key,0.5161290322580645,1
W22,mid2,midterm_2_practice_q28_findall_fib,fillb,fillb_low_confidence_key,0.5161290322580645,1
W22,mid2,midterm_2_practice_q28_findall_fib,fillb,fillb_low_confidence_key,0.5161290322580645,2
W22,mid2,midterm_2_practice_q28_findall_fib,fillb,fillb_low_confidence_key,0.5161290322580645,1
W22,mid2,midterm_2_practice_q28_findall_fib,fillb,fillb_low_confidence_key,0.5161290322580645,1
W22,mid2,midterm_2_practice_q28_findall_fib,fillb,fillb_low_confidence_key,0.5161290322580645,1
W22,mid2,midterm_2_practice_q28_findall_fib,fillb,fillb_low_confidence_key,0.5161290322580645,3
W22,mid2,midterm_2_practice_q28_findall_fib,fillb,fillb_low_confidence_key,0.5161290322580645,2
W22,mid2,midterm_2_practice_q28_findall_fib,fillb,fillb_low_confidence_key,0.5161290322580645,3
W22,mid2,midterm_2_practice_q28_findall_fib,fillb,fillb_low_confidence_key,0.5161290322580645,1
W22,mid2,midterm_2_practice_q28_findall_fib,fillb,fillb_low_confidence_key,0.5161290322580645,1
W22,mid2,midterm_2_practice_q28_findall_fib,fillb,fillb_low_confidence_key,0.5161290322580645,1
W22,mid2,midterm_2_practice_q28_findall_fib,fillb,fillb_low_confidence_key,0.5161290322580645,9
W22,mid2,midterm_2_practice_q28_findall_fib,fillb,fillb_low_confidence_key,0.5161290322580645,3
W22,mid2,midterm_2_practice_q28_findall_fib,fillb,fillb_low_confidence_key,0.5161290322580645,1
W22,mid2,midterm_2_practice_q28_findall_fib,fillb,fillb_low_confidence_key,0.5161290322580645,1
W22,mid2,midterm_2_practice_q28_findall_fib,fillb,fillb_low_confidence_key,0.5161290322580645,1
W22,mid2,midterm_2_practice_q28_findall_fib,fillb,fillb_low_confidence_key,0.5161290322580645,1
W22,mid2,midterm_2_practice_q28_findall_fib,fillb,fillb_low_confidence_key,0.5161290322580645,1
W22,mid2,midterm_2_practice_q28_findall_fib,fillb,fillb_low_confidence_key,0.5161290322580645,1
W22,mid2,midterm_2_practice_q28_findall_fib,fillb,fillb_low_confidence_key,0.5161290322580645,2
W22,mid2,midterm_2_practice_q28_findall_fib,fillb,fillb_low_confidence_key,0.5161290322580645,5
W22,mid2,midterm_2_practice_q28_findall_fib,fillb,fillb_low_confidence_key,0.5161290322580645,8
W22,mid2,midterm_2_practice_q28_findall_fib,fillb,fillb_low_confidence_key,0.5161290322580645,2
W22,mid2,midterm_2_practice_q28_findall_fib,fillb,fillb_low_confidence_key,0.5161290322580645,6
W22,mid2,midterm_2_practice_q28_findall_fib,fillb,fillb_low_confidence_key,0.5161290322580645,1
W22,mid2,midterm_2_practice_q28_findall_fib,fillb,fillb_low_confidence_key,0.5161290322580645,1
W22,mid2,midterm_2_practice_q28_findall_fib,fillb,fillb_low_confidence_key,0.5161290322580645,1
W22,mid2,midterm_2_practice_q28_findall_fib,fillb,fillb_low_confidence_key,0.5161290322580645,1
W22,mid2,midterm_2_practice_q28_findall_fib,fillb,fillb_low_confidence_key,0.5161290322580645,5
W22,mid2,midterm_2_practice_q28_findall_fib,fillb,fillb_low_confidence_key,0.5161290322580645,1
W22,mid2,midterm_2_practice_q28_findall_fib,fillb,fillb_low_confidence_key,0.5161290322580645,1
W22,mid2,midterm_2_practice_q28_findall_fib,fillb,fillb_low_confidence_key,0.5161290322580645,1
W22,mid2,midterm_2_practice_q28_findall_fib,fillb,fillb_low_confidence_key,0.5161290322580645,1
W22,mid2,midterm_2_practice_q28_findall_fib,fillb,fillb_low_confidence_key,0.5161290322580645,5
W22,mid2,midterm_2_practice_q28_findall_fib,fillb,fillb_low_confidence_key,0.5161290322580645,1
W22,mid2,midterm_2_practice_q28_findall_fib,fillb,fillb_low_confidence_key,0.5161290322580645,1
W22,mid2,midterm_2_practice_q28_findall_fib,fillb,fillb_low_confidence_key,0.5161290322580645,1
W22,mid2,midterm_2_practice_q28_findall_fib,fillb,fillb_low_confidence_key,0.5161290322580645,1
W22,mid2,midterm_2_practice_q28_findall_fib,fillb,fillb_low_confidence_key,0.5161290322580645,1
W22,mid2,midterm_2_practice_q28_findall_fib,fillb,fillb_low_confidence_key,0.5161290322580645,1
W22,mid2,midterm_2_practice_q28_findall_fib,fillb,fillb_low_confidence_key,0.5161290322580645,1
W22,mid2,midterm_2_practice_q28_findall_fib,fillb,fillb_low_confidence_key,0.5161290322580645,2
W22,mid2,midterm_2_practice_q29_email_fitb,fillb,fillb_low_confidence_key,0.2982456140350877,1
W22,mid2,midterm_2_practice_q29_email_fitb,fillb,fillb_low_confidence_key,0.2982456140350877,1
W22,mid2,midterm_2_practice_q29_email_fitb,fillb,fillb_low_confidence_key,0.2982456140350877,1
W22,mid2,midterm_2_practice_q29_email_fitb,fillb,fillb_low_confidence_key,0.2982456140350877,1
W22,mid2,midterm_2_practice_q29_email_fitb,fillb,fillb_low_confidence_key,0.2982456140350877,1
W22,mid2,midterm_2_practice_q29_email_fitb,fillb,fillb_low_confidence_key,0.2982456140350877,1
W22,mid2,midterm_2_practice_q29_email_fitb,fillb,fillb_low_confidence_key,0.2982456140350877,5
W22,mid2,midterm_2_practice_q29_email_fitb,fillb,fillb_low_confidence_key,0.2982456140350877,7
W22,mid2,midterm_2_practice_q29_email_fitb,fillb,fillb_low_confidence_key,0.2982456140350877,3
W22,mid2,midterm_2_practice_q29_email_fitb,fillb,fillb_low_confidence_key,0.2982456140350877,6
W22,mid2,midterm_2_practice_q29_email_fitb,fillb,fillb_low_confidence_key,0.2982456140350877,1
W22,mid2,midterm_2_practice_q29_email_fitb,fillb,fillb_low_confidence_key,0.2982456140350877,1
W22,mid2,midterm_2_practice_q29_email_fitb,fillb,fillb_low_confidence_key,0.2982456140350877,9
W22,mid2,midterm_2_practice_q29_email_fitb,fillb,fillb_low_confidence_key,0.2982456140350877,1
W22,mid2,midterm_2_practice_q29_email_fitb,fillb,fillb_low_confidence_key,0.2982456140350877,9
W22,mid2,midterm_2_practice_q29_email_fitb,fillb,fillb_low_confidence_key,0.2982456140350877,1
W22,mid2,midterm_2_practice_q29_email_fitb,fillb,fillb_low_confidence_key,0.2982456140350877,12
W22,mid2,midterm_2_practice_q29_email_fitb,fillb,fillb_low_confidence_key,0.2982456140350877,5
W22,mid2,midterm_2_practice_q29_email_fitb,fillb,fillb_low_confidence_key,0.2982456140350877,2
W22,mid2,midterm_2_practice_q29_email_fitb,fillb,fillb_low_confidence_key,0.2982456140350877,2
W22,mid2,midterm_2_practice_q29_email_fitb,fillb,fillb_low_confidence_key,0.2982456140350877,13
W22,mid2,midterm_2_practice_q29_email_fitb,fillb,fillb_low_confidence_key,0.2982456140350877,2
W22,mid2,midterm_2_practice_q29_email_fitb,fillb,fillb_low_confidence_key,0.2982456140350877,1
W22,mid2,midterm_2_practice_q29_email_fitb,fillb,fillb_low_confidence_key,0.2982456140350877,7
W22,mid2,midterm_2_practice_q29_email_fitb,fillb,fillb_low_confidence_key,0.2982456140350877,1
W22,mid2,midterm_2_practice_q29_email_fitb,fillb,fillb_low_confidence_key,0.2982456140350877,2
W22,mid2,midterm_2_practice_q29_email_fitb,fillb,fillb_low_confidence_key,0.2982456140350877,4
W22,mid2,midterm_2_practice_q29_email_fitb,fillb,fillb_low_confidence_key,0.2982456140350877,1
W22,mid2,midterm_2_practice_q29_email_fitb,fillb,fillb_low_confidence_key,0.2982456140350877,1
W22,mid2,midterm_2_practice_q29_email_fitb,fillb,fillb_low_confidence_key,0.2982456140350877,2
W22,mid2,midterm_2_practice_q29_email_fitb,fillb,fillb_low_confidence_key,0.2982456140350877,2
W22,mid2,midterm_2_practice_q29_email_fitb,fillb,fillb_low_confidence_key,0.2982456140350877,2
W22,mid2,midterm_2_practice_q29_email_fitb,fillb,fillb_low_confidence_key,0.2982456140350877,1
W22,mid2,midterm_2_practice_q29_email_fitb,fillb,fillb_low_confidence_key,0.2982456140350877,7
W22,mid2,midterm_2_practice_q29_email_fitb,fillb,fillb_low_confidence_key,0.2982456140350877,28
W22,mid2,midterm_2_practice_q29_email_fitb,fillb,fillb_low_confidence_key,0.2982456140350877,1
W22,mid2,midterm_2_practice_q29_email_fitb,fillb,fillb_low_confidence_key,0.2982456140350877,2
W22,mid2,midterm_2_practice_q29_email_fitb,fillb,fillb_low_confidence_key,0.2982456140350877,4
W22,mid2,midterm_2_practice_q29_email_fitb,fillb,fillb_low_confidence_key,0.2982456140350877,4
W22,mid2,midterm_2_practice_q29_email_fitb,fillb,fillb_low_confidence_key,0.2982456140350877,1
W22,mid2,midterm_2_practice_q29_email_fitb,fillb,fillb_low_confidence_key,0.2982456140350877,5
W22,mid2,midterm_2_practice_q29_email_fitb,fillb,fillb_low_confidence_key,0.2982456140350877,1
W22,mid2,midterm_2_practice_q29_email_fitb,fillb,fillb_low_confidence_key,0.2982456140350877,1
W22,mid2,midterm_2_practice_q29_email_fitb,fillb,fillb_low_confidence_key,0.2982456140350877,2
W22,mid2,midterm_2_practice_q29_email_fitb,fillb,fillb_low_confidence_key,0.2982456140350877,1
W22,mid2,midterm_2_practice_q29_email_fitb,fillb,fillb_low_confidence_key,0.2982456140350877,2
W22,mid2,midterm_2_practice_q29_email_fitb,fillb,fillb_low_confidence_key,0.2982456140350877,3
W22,mid2,midterm_2_practice_q29_email_fitb,fillb,fillb_low_confidence_key,0.2982456140350877,2
W22,mid2,midterm_2_practice_q29_email_fitb,fillb,fillb_low_confidence_key,0.2982456140350877,6
W22,mid2,midterm_2_practice_q29_email_fitb,fillb,fillb_low_confidence_key,0.2982456140350877,1
W22,mid2,midterm_2_practice_q29_email_fitb,fillb,fillb_low_confidence_key,0.2982456140350877,14
W22,mid2,midterm_2_practice_q29_email_fitb,fillb,fillb_low_confidence_key,0.2982456140350877,5
W22,mid2,midterm_2_practice_q29_email_fitb,fillb,fillb_low_confidence_key,0.2982456140350877,4
W22,mid2,midterm_2_practice_q29_email_fitb,fillb,fillb_low_confidence_key,0.2982456140350877,1
W22,mid2,midterm_2_practice_q29_email_fitb,fillb,fillb_low_confidence_key,0.2982456140350877,1
W22,mid2,midterm_2_practice_q29_email_fitb,fillb,fillb_low_confidence_key,0.2982456140350877,1
W22,mid2,midterm_2_practice_q29_email_fitb,fillb,fillb_low_confidence_key,0.2982456140350877,1
W22,mid2,midterm_2_practice_q30_soup_fitb,fillb,fillb_low_confidence_key,0.47674418604651164,1
W22,mid2,midterm_2_practice_q30_soup_fitb,fillb,fillb_low_confidence_key,0.47674418604651164,1
W22,mid2,midterm_2_practice_q30_soup_fitb,fillb,fillb_low_confidence_key,0.47674418604651164,2
W22,mid2,midterm_2_practice_q30_soup_fitb,fillb,fillb_low_confidence_key,0.47674418604651164,1
W22,mid2,midterm_2_practice_q30_soup_fitb,fillb,fillb_low_confidence_key,0.47674418604651164,1
W22,mid2,midterm_2_practice_q30_soup_fitb,fillb,fillb_low_confidence_key,0.47674418604651164,1
W22,mid2,midterm_2_practice_q30_soup_fitb,fillb,fillb_low_confidence_key,0.47674418604651164,1
W22,mid2,midterm_2_practice_q30_soup_fitb,fillb,fillb_low_confidence_key,0.47674418604651164,3
W22,mid2,midterm_2_practice_q30_soup_fitb,fillb,fillb_low_confidence_key,0.47674418604651164,1
W22,mid2,midterm_2_practice_q30_soup_fitb,fillb,fillb_low_confidence_key,0.47674418604651164,1
W22,mid2,midterm_2_practice_q30_soup_fitb,fillb,fillb_low_confidence_key,0.47674418604651164,1
W22,mid2,midterm_2_practice_q30_soup_fitb,fillb,fillb_low_confidence_key,0.47674418604651164,1
W22,mid2,midterm_2_practice_q30_soup_fitb,fillb,fillb_low_confidence_key,0.47674418604651164,1
W22,mid2,midterm_2_practice_q30_soup_fitb,fillb,fillb_low_confidence_key,0.47674418604651164,2
W22,mid2,midterm_2_practice_q30_soup_fitb,fillb,fillb_low_confidence_key,0.47674418604651164,1
W22,mid2,midterm_2_practice_q30_soup_fitb,fillb,fillb_low_confidence_key,0.47674418604651164,3
W22,mid2,midterm_2_practice_q30_soup_fitb,fillb,fillb_low_confidence_key,0.47674418604651164,1
W22,mid2,midterm_2_practice_q30_soup_fitb,fillb,fillb_low_confidence_key,0.47674418604651164,1
W22,mid2,midterm_2_practice_q30_soup_fitb,fillb,fillb_low_confidence_key,0.47674418604651164,1
W22,mid2,midterm_2_practice_q30_soup_fitb,fillb,fillb_low_confidence_key,0.47674418604651164,1
W22,mid2,midterm_2_practice_q30_soup_fitb,fillb,fillb_low_confidence_key,0.47674418604651164,2
W22,mid2,midterm_2_practice_q30_soup_fitb,fillb,fillb_low_confidence_key,0.47674418604651164,2
W22,mid2,midterm_2_practice_q30_soup_fitb,fillb,fillb_low_confidence_key,0.47674418604651164,1
W22,mid2,midterm_2_practice_q30_soup_fitb,fillb,fillb_low_confidence_key,0.47674418604651164,1
W22,mid2,midterm_2_practice_q30_soup_fitb,fillb,fillb_low_confidence_key,0.47674418604651164,1
W22,mid2,midterm_2_practice_q30_soup_fitb,fillb,fillb_low_confidence_key,0.47674418604651164,4
W22,mid2,midterm_2_practice_q30_soup_fitb,fillb,fillb_low_confidence_key,0.47674418604651164,1
W22,mid2,midterm_2_practice_q30_soup_fitb,fillb,fillb_low_confidence_key,0.47674418604651164,1
W22,mid2,midterm_2_practice_q30_soup_fitb,fillb,fillb_low_confidence_key,0.47674418604651164,4
W22,mid2,midterm_2_practice_q30_soup_fitb,fillb,fillb_low_confidence_key,0.47674418604651164,4
W22,mid2,midterm_2_practice_q30_soup_fitb,fillb,fillb_low_confidence_key,0.47674418604651164,1
W22,mid2,midterm_2_practice_q30_soup_fitb,fillb,fillb_low_confidence_key,0.47674418604651164,1
W22,mid2,midterm_2_practice_q30_soup_fitb,fillb,fillb_low_confidence_key,0.47674418604651164,1
W22,mid2,midterm_2_practice_q30_soup_fitb,fillb,fillb_low_confidence_key,0.47674418604651164,1
W22,mid2,midterm_2_practice_q30_soup_fitb,fillb,fillb_low_confidence_key,0.47674418604651164,2
W22,mid2,midterm_2_practice_q30_soup_fitb,fillb,fillb_low_confidence_key,0.47674418604651164,1
W22,mid2,midterm_2_practice_q30_soup_fitb,fillb,fillb_low_confidence_key,0.47674418604651164,2
W22,mid2,midterm_2_practice_q30_soup_fitb,fillb,fillb_low_confidence_key,0.47674418604651164,1
W22,mid2,midterm_2_practice_q30_soup_fitb,fillb,fillb_low_confidence_key,0.47674418604651164,2
W22,mid2,midterm_2_practice_q30_soup_fitb,fillb,fillb_low_confidence_key,0.47674418604651164,2
W22,mid2,midterm_2_practice_q30_soup_fitb,fillb,fillb_low_confidence_key,0.47674418604651164,1
W22,mid2,midterm_2_practice_q30_soup_fitb,fillb,fillb_low_confidence_key,0.47674418604651164,4
W22,mid2,midterm_2_practice_q30_soup_fitb,fillb,fillb_low_confidence_key,0.47674418604651164,1
W22,mid2,midterm_2_practice_q30_soup_fitb,fillb,fillb_low_confidence_key,0.47674418604651164,1
W22,mid2,midterm_2_practice_q30_soup_fitb,fillb,fillb_low_confidence_key,0.47674418604651164,1
W22,mid2,midterm_2_practice_q30_soup_fitb,fillb,fillb_low_confidence_key,0.47674418604651164,1
W22,mid2,midterm_2_practice_q30_soup_fitb,fillb,fillb_low_confidence_key,0.47674418604651164,3
W22,mid2,midterm_2_practice_q30_soup_fitb,fillb,fillb_low_confidence_key,0.47674418604651164,2
W22,mid2,midterm_2_practice_q30_soup_fitb,fillb,fillb_low_confidence_key,0.47674418604651164,1
W22,mid2,midterm_2_practice_q30_soup_fitb,fillb,fillb_low_confidence_key,0.47674418604651164,1
W22,mid2,midterm_2_practice_q30_soup_fitb,fillb,fillb_low_confidence_key,0.47674418604651164,2
W22,mid2,midterm_2_practice_q30_soup_fitb,fillb,fillb_low_confidence_key,0.47674418604651164,1
W22,mid2,midterm_2_practice_q30_soup_fitb,fillb,fillb_low_confidence_key,0.47674418604651164,1
W22,mid2,midterm_2_practice_q30_soup_fitb,fillb,fillb_low_confidence_key,0.47674418604651164,1
W22,mid2,midterm_2_practice_q30_soup_fitb,fillb,fillb_low_confidence_key,0.47674418604651164,1
W22,mid2,midterm_2_practice_q30_soup_fitb,fillb,fillb_low_confidence_key,0.47674418604651164,1
W22,mid2,midterm_2_practice_q30_soup_fitb,fillb,fillb_low_confidence_key,0.47674418604651164,1
W22,mid2,midterm_2_practice_q30_soup_fitb,fillb,fillb_low_confidence_key,0.47674418604651164,1
W22,mid2,midterm_2_practice_q30_soup_fitb,fillb,fillb_low_confidence_key,0.47674418604651164,1
W22,mid2,midterm_2_practice_q31_soup_fitb,fillb,fillb_low_confidence_key,0.5116279069767442,1
W22,mid2,midterm_2_practice_q31_soup_fitb,fillb,fillb_low_confidence_key,0.5116279069767442,1
W22,mid2,midterm_2_practice_q31_soup_fitb,fillb,fillb_low_confidence_key,0.5116279069767442,1
W22,mid2,midterm_2_practice_q31_soup_fitb,fillb,fillb_low_confidence_key,0.5116279069767442,1
W22,mid2,midterm_2_practice_q31_soup_fitb,fillb,fillb_low_confidence_key,0.5116279069767442,4
W22,mid2,midterm_2_practice_q31_soup_fitb,fillb,fillb_low_confidence_key,0.5116279069767442,1
W22,mid2,midterm_2_practice_q31_soup_fitb,fillb,fillb_low_confidence_key,0.5116279069767442,1
W22,mid2,midterm_2_practice_q31_soup_fitb,fillb,fillb_low_confidence_key,0.5116279069767442,1
W22,mid2,midterm_2_practice_q31_soup_fitb,fillb,fillb_low_confidence_key,0.5116279069767442,1
W22,mid2,midterm_2_practice_q31_soup_fitb,fillb,fillb_low_confidence_key,0.5116279069767442,1
W22,mid2,midterm_2_practice_q31_soup_fitb,fillb,fillb_low_confidence_key,0.5116279069767442,1
W22,mid2,midterm_2_practice_q31_soup_fitb,fillb,fillb_low_confidence_key,0.5116279069767442,1
W22,mid2,midterm_2_practice_q31_soup_fitb,fillb,fillb_low_confidence_key,0.5116279069767442,1
W22,mid2,midterm_2_practice_q31_soup_fitb,fillb,fillb_low_confidence_key,0.5116279069767442,1
W22,mid2,midterm_2_practice_q31_soup_fitb,fillb,fillb_low_confidence_key,0.5116279069767442,2
W22,mid2,midterm_2_practice_q31_soup_fitb,fillb,fillb_low_confidence_key,0.5116279069767442,1
W22,mid2,midterm_2_practice_q31_soup_fitb,fillb,fillb_low_confidence_key,0.5116279069767442,3
W22,mid2,midterm_2_practice_q31_soup_fitb,fillb,fillb_low_confidence_key,0.5116279069767442,1
W22,mid2,midterm_2_practice_q31_soup_fitb,fillb,fillb_low_confidence_key,0.5116279069767442,4
W22,mid2,midterm_2_practice_q31_soup_fitb,fillb,fillb_low_confidence_key,0.5116279069767442,1
W22,mid2,midterm_2_practice_q31_soup_fitb,fillb,fillb_low_confidence_key,0.5116279069767442,1
W22,mid2,midterm_2_practice_q31_soup_fitb,fillb,fillb_low_confidence_key,0.5116279069767442,1
W22,mid2,midterm_2_practice_q31_soup_fitb,fillb,fillb_low_confidence_key,0.5116279069767442,1
W22,mid2,midterm_2_practice_q31_soup_fitb,fillb,fillb_low_confidence_key,0.5116279069767442,1
W22,mid2,midterm_2_practice_q31_soup_fitb,fillb,fillb_low_confidence_key,0.5116279069767442,9
W22,mid2,midterm_2_practice_q31_soup_fitb,fillb,fillb_low_confidence_key,0.5116279069767442,1
W22,mid2,midterm_2_practice_q31_soup_fitb,fillb,fillb_low_confidence_key,0.5116279069767442,1
W22,mid2,midterm_2_practice_q31_soup_fitb,fillb,fillb_low_confidence_key,0.5116279069767442,1
W22,mid2,midterm_2_practice_q31_soup_fitb,fillb,fillb_low_confidence_key,0.5116279069767442,1
W22,mid2,midterm_2_practice_q31_soup_fitb,fillb,fillb_low_confidence_key,0.5116279069767442,1
W22,mid2,midterm_2_practice_q31_soup_fitb,fillb,fillb_low_confidence_key,0.5116279069767442,1
W22,mid2,midterm_2_practice_q31_soup_fitb,fillb,fillb_low_confidence_key,0.5116279069767442,1
W22,mid2,midterm_2_practice_q31_soup_fitb,fillb,fillb_low_confidence_key,0.5116279069767442,6
W22,mid2,midterm_2_practice_q31_soup_fitb,fillb,fillb_low_confidence_key,0.5116279069767442,4
W22,mid2,midterm_2_practice_q31_soup_fitb,fillb,fillb_low_confidence_key,0.5116279069767442,1
W22,mid2,midterm_2_practice_q31_soup_fitb,fillb,fillb_low_confidence_key,0.5116279069767442,1
W22,mid2,midterm_2_practice_q31_soup_fitb,fillb,fillb_low_confidence_key,0.5116279069767442,1
W22,mid2,midterm_2_practice_q31_soup_fitb,fillb,fillb_low_confidence_key,0.5116279069767442,9
W22,mid2,midterm_2_practice_q31_soup_fitb,fillb,fillb_low_confidence_key,0.5116279069767442,1
W22,mid2,midterm_2_practice_q31_soup_fitb,fillb,fillb_low_confidence_key,0.5116279069767442,1
W22,mid2,midterm_2_practice_q31_soup_fitb,fillb,fillb_low_confidence_key,0.5116279069767442,1
W22,mid2,midterm_2_practice_q31_soup_fitb,fillb,fillb_low_confidence_key,0.5116279069767442,1
W22,mid2,midterm_2_practice_q31_soup_fitb,fillb,fillb_low_confidence_key,0.5116279069767442,4
W22,mid2,midterm_2_practice_q31_soup_fitb,fillb,fillb_low_confidence_key,0.5116279069767442,1
W22,mid2,midterm_2_practice_q31_soup_fitb,fillb,fillb_low_confidence_key,0.5116279069767442,7
W22,mid2,midterm_2_practice_q31_soup_fitb,fillb,fillb_low_confidence_key,0.5116279069767442,1
W22,mid2,midterm_2_practice_q31_soup_fitb,fillb,fillb_low_confidence_key,0.5116279069767442,1
W22,mid2,midterm_2_practice_q31_soup_fitb,fillb,fillb_low_confidence_key,0.5116279069767442,1
W22,mid2,midterm_2_practice_q31_soup_fitb,fillb,fillb_low_confidence_key,0.5116279069767442,1
W22,mid2,midterm_2_practice_q31_soup_fitb,fillb,fillb_low_confidence_key,0.5116279069767442,1
W22,mid2,midterm_2_practice_q31_soup_fitb,fillb,fillb_low_confidence_key,0.5116279069767442,7
W22,mid2,midterm_2_practice_q31_soup_fitb,fillb,fillb_low_confidence_key,0.5116279069767442,1
W22,mid2,midterm_2_practice_q31_soup_fitb,fillb,fillb_low_confidence_key,0.5116279069767442,1
W22,mid2,midterm_2_practice_q31_soup_fitb,fillb,fillb_low_confidence_key,0.5116279069767442,1
W22,mid2,midterm_2_practice_q31_soup_fitb,fillb,fillb_low_confidence_key,0.5116279069767442,1
W22,mid2,midterm_2_practice_q31_soup_fitb,fillb,fillb_low_confidence_key,0.5116279069767442,14
W22,mid2,midterm_2_practice_q31_soup_fitb,fillb,fillb_low_confidence_key,0.5116279069767442,1
W22,mid2,midterm_2_practice_q31_soup_fitb,fillb,fillb_low_confidence_key,0.5116279069767442,2
W22,mid2,midterm_2_practice_q31_soup_fitb,fillb,fillb_low_confidence_key,0.5116279069767442,1
W22,mid2,midterm_2_practice_q31_soup_fitb,fillb,fillb_low_confidence_key,0.5116279069767442,1
W22,mid2,midterm_2_practice_q31_soup_fitb,fillb,fillb_low_confidence_key,0.5116279069767442,1
W22,mid2,midterm_2_practice_q31_soup_fitb,fillb,fillb_low_confidence_key,0.5116279069767442,1
W22,mid2,plan2_fill,fillb,fillb_low_confidence_key,0.6,1
W22,mid2,plan5_fill_v2,fillb,fillb_low_confidence_key,0.5,4
W22,mid2,plan5_fill_v2,fillb,fillb_low_confidence_key,0.5,2
W22,mid1,q_midf21_several_ifs_fitb,fillb,fillb_low_confidence_key,0.6442307692307693,4
W22,mid1,q_midf21_several_ifs_fitb,fillb,fillb_low_confidence_key,0.6442307692307693,4
W22,mid1,q_midf21_several_ifs_fitb,fillb,fillb_low_confidence_key,0.6442307692307693,12
W22,mid1,q_midf21_several_ifs_fitb,fillb,fillb_low_confidence_key,0.6442307692307693,2
W22,mid1,q_midf21_several_ifs_fitb,fillb,fillb_low_confidence_key,0.6442307692307693,6
W22,mid1,q_midf21_several_ifs_fitb,fillb,fillb_low_confidence_key,0.6442307692307693,1
W22,mid1,q_midf21_several_ifs_fitb,fillb,fillb_low_confidence_key,0.6442307692307693,2
W22,mid1,q_midf21_several_ifs_fitb,fillb,fillb_low_confidence_key,0.6442307692307693,4
W22,mid1,q_midf21_several_ifs_fitb,fillb,fillb_low_confidence_key,0.6442307692307693,1
W22,mid1,q_midf21_several_ifs_fitb,fillb,fillb_low_confidence_key,0.6442307692307693,2
W22,mid1,q_midf21_several_ifs_fitb,fillb,fillb_low_confidence_key,0.6442307692307693,5
W22,mid1,q_midf21_several_ifs_fitb,fillb,fillb_low_confidence_key,0.6442307692307693,2
W22,mid1,q_midf21_several_ifs_fitb,fillb,fillb_low_confidence_key,0.6442307692307693,3
W22,mid1,q_midf21_several_ifs_fitb,fillb,fillb_low_confidence_key,0.6442307692307693,6
W22,mid1,q_midf21_several_ifs_fitb,fillb,fillb_low_confidence_key,0.6442307692307693,3
W22,mid1,q_midf21_several_ifs_fitb,fillb,fillb_low_confidence_key,0.6442307692307693,4
W22,mid1,q_midf21_several_ifs_fitb,fillb,fillb_low_confidence_key,0.6442307692307693,3
W22,mid1,q_midf21_several_ifs_fitb,fillb,fillb_low_confidence_key,0.6442307692307693,1
W22,mid1,q_midf21_several_ifs_fitb,fillb,fillb_low_confidence_key,0.6442307692307693,2
W22,mid1,q_midf21_several_ifs_fitb,fillb,fillb_low_confidence_key,0.6442307692307693,4
W22,mid1,q_midf21_several_ifs_fitb,fillb,fillb_low_confidence_key,0.6442307692307693,3
W22,mid1,q_midf21_several_ifs_fitb,fillb,fillb_low_confidence_key,0.6442307692307693,4
W22,mid1,q_midf21_several_ifs_fitb,fillb,fillb_low_confidence_key,0.6442307692307693,2
W22,mid1,q_midf21_several_ifs_fitb,fillb,fillb_low_confidence_key,0.6442307692307693,5
W22,mid1,q_midf21_several_ifs_fitb,fillb,fillb_low_confidence_key,0.6442307692307693,3
W22,mid1,q_midf21_several_ifs_fitb,fillb,fillb_low_confidence_key,0.6442307692307693,3
W22,mid1,q_midf21_several_ifs_fitb,fillb,fillb_low_confidence_key,0.6442307692307693,1
W22,mid1,q_midf21_several_ifs_fitb,fillb,fillb_low_confidence_key,0.6442307692307693,2
W22,mid1,q_midf21_several_ifs_fitb,fillb,fillb_low_confidence_key,0.6442307692307693,3
W22,mid1,q_midf21_several_ifs_fitb,fillb,fillb_low_confidence_key,0.6442307692307693,2
W22,mid1,q_midf21_several_ifs_fitb,fillb,fillb_low_confidence_key,0.6442307692307693,1
W22,mid1,q_midf21_several_ifs_fitb,fillb,fillb_low_confidence_key,0.6442307692307693,1
W22,mid1,q_midf21_several_ifs_fitb,fillb,fillb_low_confidence_key,0.6442307692307693,8
W22,mid1,q_midf21_several_ifs_fitb,fillb,fillb_low_confidence_key,0.6442307692307693,1
W22,mid1,q_midf21_several_ifs_fitb,fillb,fillb_low_confidence_key,0.6442307692307693,3
W22,mid1,q_midf21_several_ifs_fitb,fillb,fillb_low_confidence_key,0.6442307692307693,1
W22,mid1,q_midf21_several_ifs_fitb,fillb,fillb_low_confidence_key,0.6442307692307693,1
W22,mid1,q_midf21_several_ifs_fitb,fillb,fillb_low_confidence_key,0.6442307692307693,5
W22,mid1,q_midf21_several_ifs_fitb,fillb,fillb_low_confidence_key,0.6442307692307693,5
W22,mid1,q_midf21_several_ifs_fitb,fillb,fillb_low_confidence_key,0.6442307692307693,1
W22,mid1,q_midf21_several_ifs_fitb,fillb,fillb_low_confidence_key,0.6442307692307693,3
W22,mid1,q_midf21_several_ifs_fitb,fillb,fillb_low_confidence_key,0.6442307692307693,8
W22,mid1,q_midf21_several_ifs_fitb,fillb,fillb_low_confidence_key,0.6442307692307693,1
W22,mid1,q_midf21_several_ifs_fitb,fillb,fillb_low_confidence_key,0.6442307692307693,1
W22,mid1,q_midf21_several_ifs_fitb,fillb,fillb_low_confidence_key,0.6442307692307693,2
W22,mid1,q_midf21_several_ifs_fitb,fillb,fillb_low_confidence_key,0.6442307692307693,4
W22,mid1,q_midf21_several_ifs_fitb,fillb,fillb_low_confidence_key,0.6442307692307693,2
W22,mid1,q_midf21_several_ifs_fitb,fillb,fillb_low_confidence_key,0.6442307692307693,4
W22,mid1,q_midf21_several_ifs_fitb,fillb,fillb_low_confidence_key,0.6442307692307693,6
W22,mid1,q_midf21_several_ifs_fitb,fillb,fillb_low_confidence_key,0.6442307692307693,2
W22,mid1,q_midf21_several_ifs_fitb,fillb,fillb_low_confidence_key,0.6442307692307693,4
W22,mid1,q_midf21_several_ifs_fitb,fillb,fillb_low_confidence_key,0.6442307692307693,1
W22,mid1,q_midf21_several_ifs_fitb,fillb,fillb_low_confidence_key,0.6442307692307693,1
W22,mid1,q_midf21_several_ifs_fitb,fillb,fillb_low_confidence_key,0.6442307692307693,2
W22,mid1,q_midf21_several_ifs_fitb,fillb,fillb_low_confidence_key,0.6442307692307693,3
W22,mid1,q_midf21_several_ifs_fitb,fillb,fillb_low_confidence_key,0.6442307692307693,6
W22,mid1,q_midf21_several_ifs_fitb,fillb,fillb_low_confidence_key,0.6442307692307693,4
W22,mid1,q_midf21_several_ifs_fitb,fillb,fillb_low_confidence_key,0.6442307692307693,6
W22,mid1,q_midf21_several_ifs_fitb,fillb,fillb_low_confidence_key,0.6442307692307693,2
W22,mid1,q_midf21_several_ifs_fitb,fillb,fillb_low_confidence_key,0.6442307692307693,1
W22,mid1,q_midf21_several_ifs_fitb,fillb,fillb_low_confidence_key,0.6442307692307693,12
W22,mid1,q_midf21_several_ifs_fitb,fillb,fillb_low_confidence_key,0.6442307692307693,11
W22,mid1,q_midf21_several_ifs_fitb,fillb,fillb_low_confidence_key,0.6442307692307693,3
W22,mid1,q_midf21_several_ifs_fitb,fillb,fillb_low_confidence_key,0.6442307692307693,6
W22,mid1,q_midf21_several_ifs_fitb,fillb,fillb_low_confidence_key,0.6442307692307693,1
W22,mid1,q_midf21_several_ifs_fitb,fillb,fillb_low_confidence_key,0.6442307692307693,2
W22,mid1,q_midf21_several_ifs_fitb,fillb,fillb_low_confidence_key,0.6442307692307693,1
W22,mid1,q_midf21_several_ifs_fitb,fillb,fillb_low_confidence_key,0.6442307692307693,3
W22,mid1,q_midf21_several_ifs_fitb,fillb,fillb_low_confidence_key,0.6442307692307693,2
W22,mid1,q_midf21_several_ifs_fitb,fillb,fillb_low_confidence_key,0.6442307692307693,3
W22,mid1,q_midf21_several_ifs_fitb,fillb,fillb_low_confidence_key,0.6442307692307693,1
W22,mid1,q_midf21_several_ifs_fitb,fillb,fillb_low_confidence_key,0.6442307692307693,2
W22,mid1,q_midf21_several_ifs_fitb,fillb,fillb_low_confidence_key,0.6442307692307693,3
W22,mid1,q_midf21_several_ifs_fitb,fillb,fillb_low_confidence_key,0.6442307692307693,1
W22,mid1,q_midf21_several_ifs_fitb,fillb,fillb_low_confidence_key,0.6442307692307693,1
W22,mid1,q_midf21_several_ifs_fitb,fillb,fillb_low_confidence_key,0.6442307692307693,1
W22,mid1,q_midf21_several_ifs_fitb,fillb,fillb_low_confidence_key,0.6442307692307693,6
W22,mid1,q_midf21_several_ifs_fitb,fillb,fillb_low_confidence_key,0.6442307692307693,2
W22,mid1,q_midf21_several_ifs_fitb,fillb,fillb_low_confidence_key,0.6442307692307693,2
W22,mid1,q_midf21_several_ifs_fitb,fillb,fillb_low_confidence_key,0.6442307692307693,4
W22,mid1,q_midf21_several_ifs_fitb,fillb,fillb_low_confidence_key,0.6442307692307693,1
W22,mid1,q_midf21_several_ifs_fitb,fillb,fillb_low_confidence_key,0.6442307692307693,4
W22,mid1,q_midf21_several_ifs_fitb,fillb,fillb_low_confidence_key,0.6442307692307693,6
W22,mid1,q_midf21_several_ifs_fitb,fillb,fillb_low_confidence_key,0.6442307692307693,8
W22,mid1,q_midf21_several_ifs_fitb,fillb,fillb_low_confidence_key,0.6442307692307693,4
W22,mid1,q_midf21_several_ifs_fitb,fillb,fillb_low_confidence_key,0.6442307692307693,1
W22,mid1,q_midf21_several_ifs_fitb,fillb,fillb_low_confidence_key,0.6442307692307693,1
W22,mid1,q_midf21_several_ifs_fitb,fillb,fillb_low_confidence_key,0.6442307692307693,5
W22,mid1,q_midf21_several_ifs_fitb,fillb,fillb_low_confidence_key,0.6442307692307693,1
W22,mid1,q_midf21_several_ifs_fitb,fillb,fillb_low_confidence_key,0.6442307692307693,3
W22,mid1,q_midf21_several_ifs_fitb,fillb,fillb_low_confidence_key,0.6442307692307693,21
W22,mid1,q_midf21_several_ifs_fitb,fillb,fillb_low_confidence_key,0.6442307692307693,3
W22,mid1,q_midf21_several_ifs_fitb,fillb,fillb_low_confidence_key,0.6442307692307693,2
W22,mid1,q_midf21_several_ifs_fitb,fillb,fillb_low_confidence_key,0.6442307692307693,4
W22,mid1,q_midf21_several_ifs_fitb,fillb,fillb_low_confidence_key,0.6442307692307693,1
W22,mid1,q_midf21_several_ifs_fitb,fillb,fillb_low_confidence_key,0.6442307692307693,1
W22,mid1,q_midf21_several_ifs_fitb,fillb,fillb_low_confidence_key,0.6442307692307693,4
W22,mid1,q_midf21_several_ifs_fitb,fillb,fillb_low_confidence_key,0.6442307692307693,3
W22,mid1,q_midf21_several_ifs_fitb,fillb,fillb_low_confidence_key,0.6442307692307693,8
W22,mid1,q_midf21_several_ifs_fitb,fillb,fillb_low_confidence_key,0.6442307692307693,2
W22,mid1,q_midf21_several_ifs_fitb,fillb,fillb_low_confidence_key,0.6442307692307693,3
W22,mid1,q_midf21_several_ifs_fitb,fillb,fillb_low_confidence_key,0.6442307692307693,5
W22,mid1,q_midf21_several_ifs_fitb,fillb,fillb_low_confidence_key,0.6442307692307693,1
W22,mid1,q_midf21_several_ifs_fitb,fillb,fillb_low_confidence_key,0.6442307692307693,4
W22,mid1,q_midf21_several_ifs_fitb,fillb,fillb_low_confidence_key,0.6442307692307693,2
W22,mid1,q_midf21_several_ifs_fitb,fillb,fillb_low_confidence_key,0.6442307692307693,4
W22,mid1,q_midf21_several_ifs_fitb,fillb,fillb_low_confidence_key,0.6442307692307693,7
W22,mid1,q_midf21_several_ifs_fitb,fillb,fillb_low_confidence_key,0.6442307692307693,2
W22,mid1,q_midf21_several_ifs_fitb,fillb,fillb_low_confidence_key,0.6442307692307693,2
W22,mid1,q_midf21_several_ifs_fitb,fillb,fillb_low_confidence_key,0.6442307692307693,1
W22,mid1,q_midf21_several_ifs_fitb,fillb,fillb_low_confidence_key,0.6442307692307693,3
W22,mid1,q_midf21_several_ifs_fitb,fillb,fillb_low_confidence_key,0.6442307692307693,3
W22,mid1,q_midf21_several_ifs_fitb,fillb,fillb_low_confidence_key,0.6442307692307693,2
W22,mid1,q_midf21_several_ifs_fitb,fillb,fillb_low_confidence_key,0.6442307692307693,1
W22,mid1,q_midf21_several_ifs_fitb,fillb,fillb_low_confidence_key,0.6442307692307693,1
W22,mid1,q_midf21_several_ifs_fitb,fillb,fillb_low_confidence_key,0.6442307692307693,5
W22,mid1,q_midf21_several_ifs_fitb,fillb,fillb_low_confidence_key,0.6442307692307693,1
W22,mid1,q_midf21_several_ifs_fitb,fillb,fillb_low_confidence_key,0.6442307692307693,3
W22,mid1,q_midf21_several_ifs_fitb,fillb,fillb_low_confidence_key,0.6442307692307693,1
W22,mid1,q_midf21_several_ifs_fitb,fillb,fillb_low_confidence_key,0.6442307692307693,1
W22,mid1,q_midf21_several_ifs_fitb,fillb,fillb_low_confidence_key,0.6442307692307693,1
W22,mid1,q_midf21_several_ifs_fitb,fillb,fillb_low_confidence_key,0.6442307692307693,2
W22,mid1,q_midf21_several_ifs_fitb,fillb,fillb_low_confidence_key,0.6442307692307693,4
W22,mid1,q_midf21_several_ifs_fitb,fillb,fillb_low_confidence_key,0.6442307692307693,1
W23,mid2,beautifulsoup_fill,fillb,fillb_low_confidence_key,0.61,1
W23,mid2,beautifulsoup_fill,fillb,fillb_low_confidence_key,0.61,4
W23,mid2,beautifulsoup_fill,fillb,fillb_low_confidence_key,0.61,2
W23,mid2,beautifulsoup_fill,fillb,fillb_low_confidence_key,0.61,4
W23,mid2,beautifulsoup_fill,fillb,fillb_low_confidence_key,0.61,1
W23,mid2,beautifulsoup_fill,fillb,fillb_low_confidence_key,0.61,1
W23,mid2,beautifulsoup_fill,fillb,fillb_low_confidence_key,0.61,2
W23,mid2,beautifulsoup_fill,fillb,fillb_low_confidence_key,0.61,5
W23,mid2,beautifulsoup_fill,fillb,fillb_low_confidence_key,0.61,2
W23,mid2,beautifulsoup_fill,fillb,fillb_low_confidence_key,0.61,3
W23,mid2,beautifulsoup_fill,fillb,fillb_low_confidence_key,0.61,1
W23,mid2,beautifulsoup_fill,fillb,fillb_low_confidence_key,0.61,6
W23,mid2,beautifulsoup_fill,fillb,fillb_low_confidence_key,0.61,3
W23,mid2,beautifulsoup_fill,fillb,fillb_low_confidence_key,0.61,4
W23,mid2,beautifulsoup_fill,fillb,fillb_low_confidence_key,0.61,5
W23,mid2,beautifulsoup_fill,fillb,fillb_low_confidence_key,0.61,3
W23,mid2,beautifulsoup_fill,fillb,fillb_low_confidence_key,0.61,1
W23,mid2,beautifulsoup_fill,fillb,fillb_low_confidence_key,0.61,1
W23,mid2,beautifulsoup_fill,fillb,fillb_low_confidence_key,0.61,1
W23,mid2,beautifulsoup_fill,fillb,fillb_low_confidence_key,0.61,1
W23,mid2,beautifulsoup_fill,fillb,fillb_low_confidence_key,0.61,5
W23,mid2,beautifulsoup_fill,fillb,fillb_low_confidence_key,0.61,5
W23,mid2,beautifulsoup_fill,fillb,fillb_low_confidence_key,0.61,2
W23,mid2,beautifulsoup_fill,fillb,fillb_low_confidence_key,0.61,3
W23,mid2,beautifulsoup_fill,fillb,fillb_low_confidence_key,0.61,4
W23,mid2,beautifulsoup_fill,fillb,fillb_low_confidence_key,0.61,4
W23,mid2,beautifulsoup_fill,fillb,fillb_low_confidence_key,0.61,1
W23,mid2,beautifulsoup_fill,fillb,fillb_low_confidence_key,0.61,3
W23,mid2,beautifulsoup_fill,fillb,fillb_low_confidence_key,0.61,3
W23,mid2,beautifulsoup_fill,fillb,fillb_low_confidence_key,0.61,2
W23,mid2,beautifulsoup_fill,fillb,fillb_low_confidence_key,0.61,4
W23,mid2,beautifulsoup_fill,fillb,fillb_low_confidence_key,0.61,4
W23,mid2,beautifulsoup_fill,fillb,fillb_low_confidence_key,0.61,1
W23,mid2,beautifulsoup_fill,fillb,fillb_low_confidence_key,0.61,2
W23,mid2,beautifulsoup_fill,fillb,fillb_low_confidence_key,0.61,2
W23,mid2,beautifulsoup_fill,fillb,fillb_low_confidence_key,0.61,1
W23,mid2,beautifulsoup_fill,fillb,fillb_low_confidence_key,0.61,2
W23,mid2,beautifulsoup_fill,fillb,fillb_low_confidence_key,0.61,1
W23,mid2,beautifulsoup_fill,fillb,fillb_low_confidence_key,0.61,1
W23,mid2,beautifulsoup_fill,fillb,fillb_low_confidence_key,0.61,1
W23,mid2,beautifulsoup_fill,fillb,fillb_low_confidence_key,0.61,6
W23,mid2,beautifulsoup_fill,fillb,fillb_low_confidence_key,0.61,6
W23,mid2,beautifulsoup_fill,fillb,fillb_low_confidence_key,0.61,3
W23,mid2,beautifulsoup_fill,fillb,fillb_low_confidence_key,0.61,4
W23,mid2,beautifulsoup_fill,fillb,fillb_low_confidence_key,0.61,1
W23,mid2,beautifulsoup_fill,fillb,fillb_low_confidence_key,0.61,10
W23,mid2,beautifulsoup_fill,fillb,fillb_low_confidence_key,0.61,2
W23,mid2,beautifulsoup_fill,fillb,fillb_low_confidence_key,0.61,3
W23,mid2,beautifulsoup_fill,fillb,fillb_low_confidence_key,0.61,2
W23,mid2,beautifulsoup_fill,fillb,fillb_low_confidence_key,0.61,5
W23,mid2,beautifulsoup_fill,fillb,fillb_low_confidence_key,0.61,9
W23,mid2,beautifulsoup_fill,fillb,fillb_low_confidence_key,0.61,4
W23,mid2,beautifulsoup_fill,fillb,fillb_low_confidence_key,0.61,1
W23,mid2,beautifulsoup_fill,fillb,fillb_low_confidence_key,0.61,1
W23,mid2,beautifulsoup_fill,fillb,fillb_low_confidence_key,0.61,3
W23,mid2,beautifulsoup_fill,fillb,fillb_low_confidence_key,0.61,2
W23,mid2,beautifulsoup_fill,fillb,fillb_low_confidence_key,0.61,3
W23,mid2,beautifulsoup_fill,fillb,fillb_low_confidence_key,0.61,1
W23,mid2,beautifulsoup_fill,fillb,fillb_low_confidence_key,0.61,5
W23,mid2,beautifulsoup_fill,fillb,fillb_low_confidence_key,0.61,4
W23,mid2,beautifulsoup_fill,fillb,fillb_low_confidence_key,0.61,2
W23,mid2,beautifulsoup_fill,fillb,fillb_low_confidence_key,0.61,8
W23,mid2,beautifulsoup_fill,fillb,fillb_low_confidence_key,0.61,2
W23,mid2,beautifulsoup_fill,fillb,fillb_low_confidence_key,0.61,1
W23,mid2,beautifulsoup_fill,fillb,fillb_low_confidence_key,0.61,3
W23,mid2,beautifulsoup_fill,fillb,fillb_low_confidence_key,0.61,5
W23,mid2,beautifulsoup_fill,fillb,fillb_low_confidence_key,0.61,6
W23,mid2,beautifulsoup_fill,fillb,fillb_low_confidence_key,0.61,3
W23,mid2,beautifulsoup_fill,fillb,fillb_low_confidence_key,0.61,4
W23,mid2,beautifulsoup_fill,fillb,fillb_low_confidence_key,0.61,4
W23,mid2,beautifulsoup_fill,fillb,fillb_low_confidence_key,0.61,4
W23,mid2,beautifulsoup_fill,fillb,fillb_low_confidence_key,0.61,2
W23,mid2,beautifulsoup_fill,fillb,fillb_low_confidence_key,0.61,3
W23,mid2,beautifulsoup_fill,fillb,fillb_low_confidence_key,0.61,1
W23,mid2,beautifulsoup_fill,fillb,fillb_low_confidence_key,0.61,7
W23,mid2,beautifulsoup_fill,fillb,fillb_low_confidence_key,0.61,3
W23,mid2,beautifulsoup_fill,fillb,fillb_low_confidence_key,0.61,3
W23,mid2,beautifulsoup_fill,fillb,fillb_low_confidence_key,0.61,5
W23,mid2,beautifulsoup_fill,fillb,fillb_low_confidence_key,0.61,5
W23,mid2,beautifulsoup_fill,fillb,fillb_low_confidence_key,0.61,2
W23,mid2,beautifulsoup_fill,fillb,fillb_low_confidence_key,0.61,3
W23,mid2,beautifulsoup_fill,fillb,fillb_low_confidence_key,0.61,2
W23,mid2,beautifulsoup_fill,fillb,fillb_low_confidence_key,0.61,2
W23,mid2,beautifulsoup_fill,fillb,fillb_low_confidence_key,0.61,1
W23,mid2,beautifulsoup_fill,fillb,fillb_low_confidence_key,0.61,4
W23,mid2,beautifulsoup_fill,fillb,fillb_low_confidence_key,0.61,3
W23,mid2,beautifulsoup_fill,fillb,fillb_low_confidence_key,0.61,5
W23,mid2,beautifulsoup_fill,fillb,fillb_low_confidence_key,0.61,1
W23,mid2,beautifulsoup_fill,fillb,fillb_low_confidence_key,0.61,1
W23,mid2,beautifulsoup_fill,fillb,fillb_low_confidence_key,0.61,4
W23,mid2,beautifulsoup_fill,fillb,fillb_low_confidence_key,0.61,1
W23,mid2,beautifulsoup_fill,fillb,fillb_low_confidence_key,0.61,1
W23,mid2,beautifulsoup_fill,fillb,fillb_low_confidence_key,0.61,4
W23,mid2,beautifulsoup_fill,fillb,fillb_low_confidence_key,0.61,2
W23,mid2,beautifulsoup_fill,fillb,fillb_low_confidence_key,0.61,3
W23,mid2,beautifulsoup_fill,fillb,fillb_low_confidence_key,0.61,1
W23,mid2,beautifulsoup_fill,fillb,fillb_low_confidence_key,0.61,2
W23,mid2,beautifulsoup_fill,fillb,fillb_low_confidence_key,0.61,1
W23,mid2,beautifulsoup_fill,fillb,fillb_low_confidence_key,0.61,5
W23,mid2,beautifulsoup_fill,fillb,fillb_low_confidence_key,0.61,1
W23,mid2,beautifulsoup_fill,fillb,fillb_low_confidence_key,0.61,3
W23,mid2,beautifulsoup_fill,fillb,fillb_low_confidence_key,0.61,4
W23,mid2,beautifulsoup_fill,fillb,fillb_low_confidence_key,0.61,4
W23,mid2,beautifulsoup_fill,fillb,fillb_low_confidence_key,0.61,3
W23,mid2,beautifulsoup_fill,fillb,fillb_low_confidence_key,0.61,6
W23,mid2,beautifulsoup_fill,fillb,fillb_low_confidence_key,0.61,1
W23,mid2,beautifulsoup_fill,fillb,fillb_low_confidence_key,0.61,2
W23,mid2,beautifulsoup_fill,fillb,fillb_low_confidence_key,0.61,3
W23,mid2,beautifulsoup_fill,fillb,fillb_low_confidence_key,0.61,1
W23,mid2,beautifulsoup_fill,fillb,fillb_low_confidence_key,0.61,4
W23,mid2,beautifulsoup_fill,fillb,fillb_low_confidence_key,0.61,2
W23,mid2,beautifulsoup_fill,fillb,fillb_low_confidence_key,0.61,1
W23,mid2,beautifulsoup_fill,fillb,fillb_low_confidence_key,0.61,4
W23,mid2,beautifulsoup_fill,fillb,fillb_low_confidence_key,0.61,7
W23,mid2,beautifulsoup_fill,fillb,fillb_low_confidence_key,0.61,2
W23,mid2,beautifulsoup_fill,fillb,fillb_low_confidence_key,0.61,3
W23,mid2,beautifulsoup_fill,fillb,fillb_low_confidence_key,0.61,1
W23,mid2,beautifulsoup_fill,fillb,fillb_low_confidence_key,0.61,3
W23,mid2,beautifulsoup_fill,fillb,fillb_low_confidence_key,0.61,3
W23,mid2,beautifulsoup_fill,fillb,fillb_low_confidence_key,0.61,6
W23,mid2,beautifulsoup_fill,fillb,fillb_low_confidence_key,0.61,3
W23,mid2,beautifulsoup_fill,fillb,fillb_low_confidence_key,0.61,3
W23,mid2,beautifulsoup_fill,fillb,fillb_low_confidence_key,0.61,2
W23,mid2,beautifulsoup_fill,fillb,fillb_low_confidence_key,0.61,6
W23,mid2,beautifulsoup_fill,fillb,fillb_low_confidence_key,0.61,10
W23,mid2,beautifulsoup_fill,fillb,fillb_low_confidence_key,0.61,1
W23,mid2,beautifulsoup_fill,fillb,fillb_low_confidence_key,0.61,4
W23,mid2,beautifulsoup_fill,fillb,fillb_low_confidence_key,0.61,4
W23,mid2,beautifulsoup_fill,fillb,fillb_low_confidence_key,0.61,3
W23,mid2,beautifulsoup_fill,fillb,fillb_low_confidence_key,0.61,4
W23,mid2,beautifulsoup_fill,fillb,fillb_low_confidence_key,0.61,3
W23,mid2,beautifulsoup_fill,fillb,fillb_low_confidence_key,0.61,5
W23,mid2,beautifulsoup_fill,fillb,fillb_low_confidence_key,0.61,1
W23,mid2,beautifulsoup_fill,fillb,fillb_low_confidence_key,0.61,3
W23,mid2,beautifulsoup_fill,fillb,fillb_low_confidence_key,0.61,1
W23,mid2,beautifulsoup_fill,fillb,fillb_low_confidence_key,0.61,4
W23,mid2,beautifulsoup_fill,fillb,fillb_low_confidence_key,0.61,1
W23,mid2,beautifulsoup_fill,fillb,fillb_low_confidence_key,0.61,2
W23,mid2,beautifulsoup_fill,fillb,fillb_low_confidence_key,0.61,9
W23,mid2,beautifulsoup_fill,fillb,fillb_low_confidence_key,0.61,1
W23,mid2,beautifulsoup_fill,fillb,fillb_low_confidence_key,0.61,3
W23,mid2,beautifulsoup_fill,fillb,fillb_low_confidence_key,0.61,5
W23,mid2,beautifulsoup_fill,fillb,fillb_low_confidence_key,0.61,4
W23,mid2,beautifulsoup_fill,fillb,fillb_low_confidence_key,0.61,1
W23,mid2,beautifulsoup_fill,fillb,fillb_low_confidence_key,0.61,2
W23,mid2,beautifulsoup_fill,fillb,fillb_low_confidence_key,0.61,8
W23,mid2,beautifulsoup_fill,fillb,fillb_low_confidence_key,0.61,2
W23,mid2,beautifulsoup_fill,fillb,fillb_low_confidence_key,0.61,1
W23,mid2,beautifulsoup_fill,fillb,fillb_low_confidence_key,0.61,1
W23,mid2,beautifulsoup_fill,fillb,fillb_low_confidence_key,0.61,2
W23,mid2,beautifulsoup_fill,fillb,fillb_low_confidence_key,0.61,1
W23,mid2,beautifulsoup_fill,fillb,fillb_low_confidence_key,0.61,1
W23,mid2,beautifulsoup_fill,fillb,fillb_low_confidence_key,0.61,2
W23,mid2,beautifulsoup_fill,fillb,fillb_low_confidence_key,0.61,3
W23,mid2,beautifulsoup_fill,fillb,fillb_low_confidence_key,0.61,2
W23,mid2,beautifulsoup_fill,fillb,fillb_low_confidence_key,0.61,3
W23,mid2,beautifulsoup_fill,fillb,fillb_low_confidence_key,0.61,1
W23,mid2,beautifulsoup_fill,fillb,fillb_low_confidence_key,0.61,2
W23,mid2,beautifulsoup_fill,fillb,fillb_low_confidence_key,0.61,2
W23,mid2,beautifulsoup_fill,fillb,fillb_low_confidence_key,0.61,4
W23,mid2,beautifulsoup_fill,fillb,fillb_low_confidence_key,0.61,2
W23,mid2,beautifulsoup_fill,fillb,fillb_low_confidence_key,0.61,6
W23,mid2,beautifulsoup_fill,fillb,fillb_low_confidence_key,0.61,3
W23,mid2,beautifulsoup_fill,fillb,fillb_low_confidence_key,0.61,5
W23,mid2,beautifulsoup_fill,fillb,fillb_low_confidence_key,0.61,10
W23,mid2,beautifulsoup_fill,fillb,fillb_low_confidence_key,0.61,2
W23,mid2,beautifulsoup_fill,fillb,fillb_low_confidence_key,0.61,7
W23,mid2,beautifulsoup_fill,fillb,fillb_low_confidence_key,0.61,1
W23,mid2,beautifulsoup_fill,fillb,fillb_low_confidence_key,0.61,4
W23,mid2,beautifulsoup_fill,fillb,fillb_low_confidence_key,0.61,5
W23,mid2,beautifulsoup_fill,fillb,fillb_low_confidence_key,0.61,4
W23,mid2,beautifulsoup_fill,fillb,fillb_low_confidence_key,0.61,2
W23,mid2,beautifulsoup_fill,fillb,fillb_low_confidence_key,0.61,3
W23,mid2,beautifulsoup_fill,fillb,fillb_low_confidence_key,0.61,1
W23,mid2,beautifulsoup_fill,fillb,fillb_low_confidence_key,0.61,6
W23,mid2,beautifulsoup_fill,fillb,fillb_low_confidence_key,0.61,3
W23,mid2,beautifulsoup_fill,fillb,fillb_low_confidence_key,0.61,8
W23,mid2,beautifulsoup_fill,fillb,fillb_low_confidence_key,0.61,2
W23,mid2,beautifulsoup_fill,fillb,fillb_low_confidence_key,0.61,3
W23,mid2,beautifulsoup_fill,fillb,fillb_low_confidence_key,0.61,2
W23,mid2,beautifulsoup_fill,fillb,fillb_low_confidence_key,0.61,3
W23,mid2,beautifulsoup_fill,fillb,fillb_low_confidence_key,0.61,4
W23,mid2,beautifulsoup_fill,fillb,fillb_low_confidence_key,0.61,2
W23,mid2,beautifulsoup_fill,fillb,fillb_low_confidence_key,0.61,2
W23,mid2,beautifulsoup_fill,fillb,fillb_low_confidence_key,0.61,6
W23,mid2,beautifulsoup_fill,fillb,fillb_low_confidence_key,0.61,6
W23,mid2,mid2_w22_find_all_wb_fitb,fillb,fillb_low_confidence_key,0.3,1
W23,mid2,mid2_w22_find_all_wb_fitb,fillb,fillb_low_confidence_key,0.3,6
W23,mid2,mid2_w22_find_all_wb_fitb,fillb,fillb_low_confidence_key,0.3,2
W23,mid2,mid2_w22_find_all_wb_fitb,fillb,fillb_low_confidence_key,0.3,4
W23,mid2,mid2_w22_find_all_wb_fitb,fillb,fillb_low_confidence_key,0.3,5
W23,mid2,mid2_w22_find_all_wb_fitb,fillb,fillb_low_confidence_key,0.3,1
W23,mid2,mid2_w22_find_all_wb_fitb,fillb,fillb_low_confidence_key,0.3,3
W23,mid2,mid2_w22_find_all_wb_fitb,fillb,fillb_low_confidence_key,0.3,5
W23,mid2,mid2_w22_find_all_wb_fitb,fillb,fillb_low_confidence_key,0.3,1
W23,mid2,mid2_w22_find_all_wb_fitb,fillb,fillb_low_confidence_key,0.3,2
W23,mid2,mid2_w22_find_all_wb_fitb,fillb,fillb_low_confidence_key,0.3,2
W23,mid2,mid2_w22_find_all_wb_fitb,fillb,fillb_low_confidence_key,0.3,6
W23,mid2,mid2_w22_find_all_wb_fitb,fillb,fillb_low_confidence_key,0.3,3
W23,mid2,mid2_w22_find_all_wb_fitb,fillb,fillb_low_confidence_key,0.3,3
W23,mid2,mid2_w22_find_all_wb_fitb,fillb,fillb_low_confidence_key,0.3,5
W23,mid2,mid2_w22_find_all_wb_fitb,fillb,fillb_low_confidence_key,0.3,7
W23,mid2,mid2_w22_find_all_wb_fitb,fillb,fillb_low_confidence_key,0.3,2
W23,mid2,mid2_w22_find_all_wb_fitb,fillb,fillb_low_confidence_key,0.3,1
W23,mid2,mid2_w22_find_all_wb_fitb,fillb,fillb_low_confidence_key,0.3,3
W23,mid2,mid2_w22_find_all_wb_fitb,fillb,fillb_low_confidence_key,0.3,1
W23,mid2,mid2_w22_find_all_wb_fitb,fillb,fillb_low_confidence_key,0.3,4
W23,mid2,mid2_w22_find_all_wb_fitb,fillb,fillb_low_confidence_key,0.3,10
W23,mid2,mid2_w22_find_all_wb_fitb,fillb,fillb_low_confidence_key,0.3,2
W23,mid2,mid2_w22_find_all_wb_fitb,fillb,fillb_low_confidence_key,0.3,4
W23,mid2,mid2_w22_find_all_wb_fitb,fillb,fillb_low_confidence_key,0.3,3
W23,mid2,mid2_w22_find_all_wb_fitb,fillb,fillb_low_confidence_key,0.3,3
W23,mid2,mid2_w22_find_all_wb_fitb,fillb,fillb_low_confidence_key,0.3,1
W23,mid2,mid2_w22_find_all_wb_fitb,fillb,fillb_low_confidence_key,0.3,1
W23,mid2,mid2_w22_find_all_wb_fitb,fillb,fillb_low_confidence_key,0.3,4
W23,mid2,mid2_w22_find_all_wb_fitb,fillb,fillb_low_confidence_key,0.3,2
W23,mid2,mid2_w22_find_all_wb_fitb,fillb,fillb_low_confidence_key,0.3,2
W23,mid2,mid2_w22_find_all_wb_fitb,fillb,fillb_low_confidence_key,0.3,5
W23,mid2,mid2_w22_find_all_wb_fitb,fillb,fillb_low_confidence_key,0.3,2
W23,mid2,mid2_w22_find_all_wb_fitb,fillb,fillb_low_confidence_key,0.3,2
W23,mid2,mid2_w22_find_all_wb_fitb,fillb,fillb_low_confidence_key,0.3,1
W23,mid2,mid2_w22_find_all_wb_fitb,fillb,fillb_low_confidence_key,0.3,2
W23,mid2,mid2_w22_find_all_wb_fitb,fillb,fillb_low_confidence_key,0.3,3
W23,mid2,mid2_w22_find_all_wb_fitb,fillb,fillb_low_confidence_key,0.3,2
W23,mid2,mid2_w22_find_all_wb_fitb,fillb,fillb_low_confidence_key,0.3,3
W23,mid2,mid2_w22_find_all_wb_fitb,fillb,fillb_low_confidence_key,0.3,1
W23,mid2,mid2_w22_find_all_wb_fitb,fillb,fillb_low_confidence_key,0.3,3
W23,mid2,mid2_w22_find_all_wb_fitb,fillb,fillb_low_confidence_key,0.3,6
W23,mid2,mid2_w22_find_all_wb_fitb,fillb,fillb_low_confidence_key,0.3,3
W23,mid2,mid2_w22_find_all_wb_fitb,fillb,fillb_low_confidence_key,0.3,2
W23,mid2,mid2_w22_find_all_wb_fitb,fillb,fillb_low_confidence_key,0.3,2
W23,mid2,mid2_w22_find_all_wb_fitb,fillb,fillb_low_confidence_key,0.3,3
W23,mid2,mid2_w22_find_all_wb_fitb,fillb,fillb_low_confidence_key,0.3,2
W23,mid2,mid2_w22_find_all_wb_fitb,fillb,fillb_low_confidence_key,0.3,2
W23,mid2,mid2_w22_find_all_wb_fitb,fillb,fillb_low_confidence_key,0.3,3
W23,mid2,mid2_w22_find_all_wb_fitb,fillb,fillb_low_confidence_key,0.3,7
W23,mid2,mid2_w22_find_all_wb_fitb,fillb,fillb_low_confidence_key,0.3,8
W23,mid2,mid2_w22_find_all_wb_fitb,fillb,fillb_low_confidence_key,0.3,4
W23,mid2,mid2_w22_find_all_wb_fitb,fillb,fillb_low_confidence_key,0.3,1
W23,mid2,mid2_w22_find_all_wb_fitb,fillb,fillb_low_confidence_key,0.3,2
W23,mid2,mid2_w22_find_all_wb_fitb,fillb,fillb_low_confidence_key,0.3,2
W23,mid2,mid2_w22_find_all_wb_fitb,fillb,fillb_low_confidence_key,0.3,2
W23,mid2,mid2_w22_find_all_wb_fitb,fillb,fillb_low_confidence_key,0.3,5
W23,mid2,mid2_w22_find_all_wb_fitb,fillb,fillb_low_confidence_key,0.3,1
W23,mid2,mid2_w22_find_all_wb_fitb,fillb,fillb_low_confidence_key,0.3,3
W23,mid2,mid2_w22_find_all_wb_fitb,fillb,fillb_low_confidence_key,0.3,6
W23,mid2,mid2_w22_find_all_wb_fitb,fillb,fillb_low_confidence_key,0.3,6
W23,mid2,mid2_w22_find_all_wb_fitb,fillb,fillb_low_confidence_key,0.3,9
W23,mid2,mid2_w22_find_all_wb_fitb,fillb,fillb_low_confidence_key,0.3,3
W23,mid2,mid2_w22_find_all_wb_fitb,fillb,fillb_low_confidence_key,0.3,2
W23,mid2,mid2_w22_find_all_wb_fitb,fillb,fillb_low_confidence_key,0.3,3
W23,mid2,mid2_w22_find_all_wb_fitb,fillb,fillb_low_confidence_key,0.3,6
W23,mid2,mid2_w22_find_all_wb_fitb,fillb,fillb_low_confidence_key,0.3,5
W23,mid2,mid2_w22_find_all_wb_fitb,fillb,fillb_low_confidence_key,0.3,1
W23,mid2,mid2_w22_find_all_wb_fitb,fillb,fillb_low_confidence_key,0.3,2
W23,mid2,mid2_w22_find_all_wb_fitb,fillb,fillb_low_confidence_key,0.3,2
W23,mid2,mid2_w22_find_all_wb_fitb,fillb,fillb_low_confidence_key,0.3,4
W23,mid2,mid2_w22_find_all_wb_fitb,fillb,fillb_low_confidence_key,0.3,3
W23,mid2,mid2_w22_find_all_wb_fitb,fillb,fillb_low_confidence_key,0.3,8
W23,mid2,mid2_w22_find_all_wb_fitb,fillb,fillb_low_confidence_key,0.3,1
W23,mid2,mid2_w22_find_all_wb_fitb,fillb,fillb_low_confidence_key,0.3,11
W23,mid2,mid2_w22_find_all_wb_fitb,fillb,fillb_low_confidence_key,0.3,3
W23,mid2,mid2_w22_find_all_wb_fitb,fillb,fillb_low_confidence_key,0.3,2
W23,mid2,mid2_w22_find_all_wb_fitb,fillb,fillb_low_confidence_key,0.3,5
W23,mid2,mid2_w22_find_all_wb_fitb,fillb,fillb_low_confidence_key,0.3,1
W23,mid2,mid2_w22_find_all_wb_fitb,fillb,fillb_low_confidence_key,0.3,1
W23,mid2,mid2_w22_find_all_wb_fitb,fillb,fillb_low_confidence_key,0.3,4
W23,mid2,mid2_w22_find_all_wb_fitb,fillb,fillb_low_confidence_key,0.3,5
W23,mid2,mid2_w22_find_all_wb_fitb,fillb,fillb_low_confidence_key,0.3,4
W23,mid2,mid2_w22_find_all_wb_fitb,fillb,fillb_low_confidence_key,0.3,1
W23,mid2,mid2_w22_find_all_wb_fitb,fillb,fillb_low_confidence_key,0.3,4
W23,mid2,mid2_w22_find_all_wb_fitb,fillb,fillb_low_confidence_key,0.3,4
W23,mid2,mid2_w22_find_all_wb_fitb,fillb,fillb_low_confidence_key,0.3,2
W23,mid2,mid2_w22_find_all_wb_fitb,fillb,fillb_low_confidence_key,0.3,2
W23,mid2,mid2_w22_find_all_wb_fitb,fillb,fillb_low_confidence_key,0.3,1
W23,mid2,mid2_w22_find_all_wb_fitb,fillb,fillb_low_confidence_key,0.3,2
W23,mid2,mid2_w22_find_all_wb_fitb,fillb,fillb_low_confidence_key,0.3,1
W23,mid2,mid2_w22_find_all_wb_fitb,fillb,fillb_low_confidence_key,0.3,1
W23,mid2,mid2_w22_find_all_wb_fitb,fillb,fillb_low_confidence_key,0.3,2
W23,mid2,mid2_w22_find_all_wb_fitb,fillb,fillb_low_confidence_key,0.3,6
W23,mid2,mid2_w22_find_all_wb_fitb,fillb,fillb_low_confidence_key,0.3,1
W23,mid2,mid2_w22_find_all_wb_fitb,fillb,fillb_low_confidence_key,0.3,1
W23,mid2,mid2_w22_find_all_wb_fitb,fillb,fillb_low_confidence_key,0.3,4
W23,mid2,mid2_w22_find_all_wb_fitb,fillb,fillb_low_confidence_key,0.3,2
W23,mid2,mid2_w22_find_all_wb_fitb,fillb,fillb_low_confidence_key,0.3,6
W23,mid2,mid2_w22_find_all_wb_fitb,fillb,fillb_low_confidence_key,0.3,2
W23,mid2,mid2_w22_find_all_wb_fitb,fillb,fillb_low_confidence_key,0.3,3
W23,mid2,mid2_w22_find_all_wb_fitb,fillb,fillb_low_confidence_key,0.3,4
W23,mid2,mid2_w22_find_all_wb_fitb,fillb,fillb_low_confidence_key,0.3,7
W23,mid2,mid2_w22_find_all_wb_fitb,fillb,fillb_low_confidence_key,0.3,5
W23,mid2,mid2_w22_find_all_wb_fitb,fillb,fillb_low_confidence_key,0.3,5
W23,mid2,mid2_w22_find_all_wb_fitb,fillb,fillb_low_confidence_key,0.3,1
W23,mid2,mid2_w22_find_all_wb_fitb,fillb,fillb_low_confidence_key,0.3,2
W23,mid2,mid2_w22_find_all_wb_fitb,fillb,fillb_low_confidence_key,0.3,2
W23,mid2,mid2_w22_find_all_wb_fitb,fillb,fillb_low_confidence_key,0.3,1
W23,mid2,mid2_w22_find_all_wb_fitb,fillb,fillb_low_confidence_key,0.3,7
W23,mid2,mid2_w22_find_all_wb_fitb,fillb,fillb_low_confidence_key,0.3,2
W23,mid2,mid2_w22_find_all_wb_fitb,fillb,fillb_low_confidence_key,0.3,1
W23,mid2,mid2_w22_find_all_wb_fitb,fillb,fillb_low_confidence_key,0.3,3
W23,mid2,mid2_w22_find_all_wb_fitb,fillb,fillb_low_confidence_key,0.3,7
W23,mid2,mid2_w22_find_all_wb_fitb,fillb,fillb_low_confidence_key,0.3,3
W23,mid2,mid2_w22_find_all_wb_fitb,fillb,fillb_low_confidence_key,0.3,3
W23,mid2,mid2_w22_find_all_wb_fitb,fillb,fillb_low_confidence_key,0.3,6
W23,mid2,mid2_w22_find_all_wb_fitb,fillb,fillb_low_confidence_key,0.3,1
W23,mid2,mid2_w22_find_all_wb_fitb,fillb,fillb_low_confidence_key,0.3,3
W23,mid2,mid2_w22_find_all_wb_fitb,fillb,fillb_low_confidence_key,0.3,9
W23,mid2,mid2_w22_find_all_wb_fitb,fillb,fillb_low_confidence_key,0.3,2
W23,mid2,mid2_w22_find_all_wb_fitb,fillb,fillb_low_confidence_key,0.3,3
W23,mid2,mid2_w22_find_all_wb_fitb,fillb,fillb_low_confidence_key,0.3,4
W23,mid2,mid2_w22_find_all_wb_fitb,fillb,fillb_low_confidence_key,0.3,4
W23,mid2,mid2_w22_find_all_wb_fitb,fillb,fillb_low_confidence_key,0.3,4
W23,mid2,mid2_w22_find_all_wb_fitb,fillb,fillb_low_confidence_key,0.3,2
W23,mid2,mid2_w22_find_all_wb_fitb,fillb,fillb_low_confidence_key,0.3,4
W23,mid2,mid2_w22_find_all_wb_fitb,fillb,fillb_low_confidence_key,0.3,4
W23,mid2,mid2_w22_find_all_wb_fitb,fillb,fillb_low_confidence_key,0.3,3
W23,mid2,mid2_w22_find_all_wb_fitb,fillb,fillb_low_confidence_key,0.3,2
W23,mid2,mid2_w22_find_all_wb_fitb,fillb,fillb_low_confidence_key,0.3,3
W23,mid2,mid2_w22_find_all_wb_fitb,fillb,fillb_low_confidence_key,0.3,3
W23,mid2,mid2_w22_find_all_wb_fitb,fillb,fillb_low_confidence_key,0.3,1
W23,mid2,mid2_w22_find_all_wb_fitb,fillb,fillb_low_confidence_key,0.3,3
W23,mid2,mid2_w22_find_all_wb_fitb,fillb,fillb_low_confidence_key,0.3,1
W23,mid2,mid2_w22_find_all_wb_fitb,fillb,fillb_low_confidence_key,0.3,2
W23,mid2,mid2_w22_find_all_wb_fitb,fillb,fillb_low_confidence_key,0.3,1
W23,mid2,mid2_w22_find_all_wb_fitb,fillb,fillb_low_confidence_key,0.3,2
W23,mid2,mid2_w22_find_all_wb_fitb,fillb,fillb_low_confidence_key,0.3,7
W23,mid2,mid2_w22_find_all_wb_fitb,fillb,fillb_low_confidence_key,0.3,1
W23,mid2,mid2_w22_find_all_wb_fitb,fillb,fillb_low_confidence_key,0.3,1
W23,mid2,mid2_w22_find_all_wb_fitb,fillb,fillb_low_confidence_key,0.3,7
W23,mid2,mid2_w22_find_all_wb_fitb,fillb,fillb_low_confidence_key,0.3,4
W23,mid2,mid2_w22_find_all_wb_fitb,fillb,fillb_low_confidence_key,0.3,2
W23,mid2,mid2_w22_find_all_wb_fitb,fillb,fillb_low_confidence_key,0.3,1
W23,mid2,mid2_w22_find_all_wb_fitb,fillb,fillb_low_confidence_key,0.3,8
W23,mid2,mid2_w22_find_all_wb_fitb,fillb,fillb_low_confidence_key,0.3,2
W23,mid2,mid2_w22_find_all_wb_fitb,fillb,fillb_low_confidence_key,0.3,1
W23,mid2,mid2_w22_find_all_wb_fitb,fillb,fillb_low_confidence_key,0.3,2
W23,mid2,mid2_w22_find_all_wb_fitb,fillb,fillb_low_confidence_key,0.3,2
W23,mid2,mid2_w22_find_all_wb_fitb,fillb,fillb_low_confidence_key,0.3,3
W23,mid2,mid2_w22_find_all_wb_fitb,fillb,fillb_low_confidence_key,0.3,1
W23,mid2,mid2_w22_find_all_wb_fitb,fillb,fillb_low_confidence_key,0.3,1
W23,mid2,mid2_w22_find_all_wb_fitb,fillb,fillb_low_confidence_key,0.3,2
W23,mid2,mid2_w22_find_all_wb_fitb,fillb,fillb_low_confidence_key,0.3,2
W23,mid2,mid2_w22_find_all_wb_fitb,fillb,fillb_low_confidence_key,0.3,2
W23,mid2,mid2_w22_find_all_wb_fitb,fillb,fillb_low_confidence_key,0.3,1
W23,mid2,mid2_w22_find_all_wb_fitb,fillb,fillb_low_confidence_key,0.3,4
W23,mid2,mid2_w22_find_all_wb_fitb,fillb,fillb_low_confidence_key,0.3,2
W23,mid2,mid2_w22_find_all_wb_fitb,fillb,fillb_low_confidence_key,0.3,4
W23,mid2,mid2_w22_find_all_wb_fitb,fillb,fillb_low_confidence_key,0.3,2
W23,mid2,mid2_w22_find_all_wb_fitb,fillb,fillb_low_confidence_key,0.3,2
W23,mid2,mid2_w22_find_all_wb_fitb,fillb,fillb_low_confidence_key,0.3,4
W23,mid2,mid2_w22_find_all_wb_fitb,fillb,fillb_low_confidence_key,0.3,4
W23,mid2,mid2_w22_find_all_wb_fitb,fillb,fillb_low_confidence_key,0.3,14
W23,mid2,mid2_w22_find_all_wb_fitb,fillb,fillb_low_confidence_key,0.3,2
W23,mid2,mid2_w22_find_all_wb_fitb,fillb,fillb_low_confidence_key,0.3,5
W23,mid2,mid2_w22_find_all_wb_fitb,fillb,fillb_low_confidence_key,0.3,1
W23,mid2,mid2_w22_find_all_wb_fitb,fillb,fillb_low_confidence_key,0.3,5
W23,mid2,mid2_w22_find_all_wb_fitb,fillb,fillb_low_confidence_key,0.3,2
W23,mid2,mid2_w22_find_all_wb_fitb,fillb,fillb_low_confidence_key,0.3,2
W23,mid2,mid2_w22_find_all_wb_fitb,fillb,fillb_low_confidence_key,0.3,4
W23,mid2,mid2_w22_find_all_wb_fitb,fillb,fillb_low_confidence_key,0.3,3
W23,mid2,mid2_w22_find_all_wb_fitb,fillb,fillb_low_confidence_key,0.3,3
W23,mid2,mid2_w22_find_all_wb_fitb,fillb,fillb_low_confidence_key,0.3,3
W23,mid2,mid2_w22_find_all_wb_fitb,fillb,fillb_low_confidence_key,0.3,2
W23,mid2,mid2_w22_find_all_wb_fitb,fillb,fillb_low_confidence_key,0.3,8
W23,mid2,mid2_w22_find_all_wb_fitb,fillb,fillb_low_confidence_key,0.3,2
W23,mid2,mid2_w22_find_all_wb_fitb,fillb,fillb_low_confidence_key,0.3,6
W23,mid2,mid2_w22_find_all_wb_fitb,fillb,fillb_low_confidence_key,0.3,2
W23,mid2,mid2_w22_find_all_wb_fitb,fillb,fillb_low_confidence_key,0.3,3
W23,mid2,mid2_w22_find_all_wb_fitb,fillb,fillb_low_confidence_key,0.3,3
W23,mid2,mid2_w22_find_all_wb_fitb,fillb,fillb_low_confidence_key,0.3,2
W23,mid2,mid2_w22_find_all_wb_fitb,fillb,fillb_low_confidence_key,0.3,2
W23,mid2,mid2_w22_find_all_wb_fitb,fillb,fillb_low_confidence_key,0.3,5
W23,mid2,mid2_w22_find_all_wb_fitb,fillb,fillb_low_confidence_key,0.3,4
W23,mid2,mid_2_html_attr_fill,fillb,fillb_low_confidence_key,0.5555555555555556,2
W23,mid2,mid_2_html_attr_fill,fillb,fillb_low_confidence_key,0.5555555555555556,5
W23,mid2,mid_2_html_attr_fill,fillb,fillb_low_confidence_key,0.5555555555555556,2
W23,mid2,mid_2_html_attr_fill,fillb,fillb_low_confidence_key,0.5555555555555556,5
W23,mid2,mid_2_html_attr_fill,fillb,fillb_low_confidence_key,0.5555555555555556,1
W23,mid2,mid_2_html_attr_fill,fillb,fillb_low_confidence_key,0.5555555555555556,2
W23,mid2,mid_2_html_attr_fill,fillb,fillb_low_confidence_key,0.5555555555555556,2
W23,mid2,mid_2_html_attr_fill,fillb,fillb_low_confidence_key,0.5555555555555556,10
W23,mid2,mid_2_html_attr_fill,fillb,fillb_low_confidence_key,0.5555555555555556,1
W23,mid2,mid_2_html_attr_fill,fillb,fillb_low_confidence_key,0.5555555555555556,3
W23,mid2,mid_2_html_attr_fill,fillb,fillb_low_confidence_key,0.5555555555555556,3
W23,mid2,mid_2_html_attr_fill,fillb,fillb_low_confidence_key,0.5555555555555556,5
W23,mid2,mid_2_html_attr_fill,fillb,fillb_low_confidence_key,0.5555555555555556,4
W23,mid2,mid_2_html_attr_fill,fillb,fillb_low_confidence_key,0.5555555555555556,2
W23,mid2,mid_2_html_attr_fill,fillb,fillb_low_confidence_key,0.5555555555555556,7
W23,mid2,mid_2_html_attr_fill,fillb,fillb_low_confidence_key,0.5555555555555556,6
W23,mid2,mid_2_html_attr_fill,fillb,fillb_low_confidence_key,0.5555555555555556,2
W23,mid2,mid_2_html_attr_fill,fillb,fillb_low_confidence_key,0.5555555555555556,1
W23,mid2,mid_2_html_attr_fill,fillb,fillb_low_confidence_key,0.5555555555555556,2
W23,mid2,mid_2_html_attr_fill,fillb,fillb_low_confidence_key,0.5555555555555556,1
W23,mid2,mid_2_html_attr_fill,fillb,fillb_low_confidence_key,0.5555555555555556,2
W23,mid2,mid_2_html_attr_fill,fillb,fillb_low_confidence_key,0.5555555555555556,5
W23,mid2,mid_2_html_attr_fill,fillb,fillb_low_confidence_key,0.5555555555555556,2
W23,mid2,mid_2_html_attr_fill,fillb,fillb_low_confidence_key,0.5555555555555556,3
W23,mid2,mid_2_html_attr_fill,fillb,fillb_low_confidence_key,0.5555555555555556,3
W23,mid2,mid_2_html_attr_fill,fillb,fillb_low_confidence_key,0.5555555555555556,3
W23,mid2,mid_2_html_attr_fill,fillb,fillb_low_confidence_key,0.5555555555555556,1
W23,mid2,mid_2_html_attr_fill,fillb,fillb_low_confidence_key,0.5555555555555556,1
W23,mid2,mid_2_html_attr_fill,fillb,fillb_low_confidence_key,0.5555555555555556,2
W23,mid2,mid_2_html_attr_fill,fillb,fillb_low_confidence_key,0.5555555555555556,1
W23,mid2,mid_2_html_attr_fill,fillb,fillb_low_confidence_key,0.5555555555555556,6
W23,mid2,mid_2_html_attr_fill,fillb,fillb_low_confidence_key,0.5555555555555556,6
W23,mid2,mid_2_html_attr_fill,fillb,fillb_low_confidence_key,0.5555555555555556,1
W23,mid2,mid_2_html_attr_fill,fillb,fillb_low_confidence_key,0.5555555555555556,2
W23,mid2,mid_2_html_attr_fill,fillb,fillb_low_confidence_key,0.5555555555555556,1
W23,mid2,mid_2_html_attr_fill,fillb,fillb_low_confidence_key,0.5555555555555556,2
W23,mid2,mid_2_html_attr_fill,fillb,fillb_low_confidence_key,0.5555555555555556,1
W23,mid2,mid_2_html_attr_fill,fillb,fillb_low_confidence_key,0.5555555555555556,2
W23,mid2,mid_2_html_attr_fill,fillb,fillb_low_confidence_key,0.5555555555555556,1
W23,mid2,mid_2_html_attr_fill,fillb,fillb_low_confidence_key,0.5555555555555556,1
W23,mid2,mid_2_html_attr_fill,fillb,fillb_low_confidence_key,0.5555555555555556,3
W23,mid2,mid_2_html_attr_fill,fillb,fillb_low_confidence_key,0.5555555555555556,5
W23,mid2,mid_2_html_attr_fill,fillb,fillb_low_confidence_key,0.5555555555555556,3
W23,mid2,mid_2_html_attr_fill,fillb,fillb_low_confidence_key,0.5555555555555556,2
W23,mid2,mid_2_html_attr_fill,fillb,fillb_low_confidence_key,0.5555555555555556,1
W23,mid2,mid_2_html_attr_fill,fillb,fillb_low_confidence_key,0.5555555555555556,2
W23,mid2,mid_2_html_attr_fill,fillb,fillb_low_confidence_key,0.5555555555555556,2
W23,mid2,mid_2_html_attr_fill,fillb,fillb_low_confidence_key,0.5555555555555556,2
W23,mid2,mid_2_html_attr_fill,fillb,fillb_low_confidence_key,0.5555555555555556,5
W23,mid2,mid_2_html_attr_fill,fillb,fillb_low_confidence_key,0.5555555555555556,4
W23,mid2,mid_2_html_attr_fill,fillb,fillb_low_confidence_key,0.5555555555555556,2
W23,mid2,mid_2_html_attr_fill,fillb,fillb_low_confidence_key,0.5555555555555556,3
W23,mid2,mid_2_html_attr_fill,fillb,fillb_low_confidence_key,0.5555555555555556,1
W23,mid2,mid_2_html_attr_fill,fillb,fillb_low_confidence_key,0.5555555555555556,1
W23,mid2,mid_2_html_attr_fill,fillb,fillb_low_confidence_key,0.5555555555555556,3
W23,mid2,mid_2_html_attr_fill,fillb,fillb_low_confidence_key,0.5555555555555556,3
W23,mid2,mid_2_html_attr_fill,fillb,fillb_low_confidence_key,0.5555555555555556,2
W23,mid2,mid_2_html_attr_fill,fillb,fillb_low_confidence_key,0.5555555555555556,1
W23,mid2,mid_2_html_attr_fill,fillb,fillb_low_confidence_key,0.5555555555555556,3
W23,mid2,mid_2_html_attr_fill,fillb,fillb_low_confidence_key,0.5555555555555556,5
W23,mid2,mid_2_html_attr_fill,fillb,fillb_low_confidence_key,0.5555555555555556,1
W23,mid2,mid_2_html_attr_fill,fillb,fillb_low_confidence_key,0.5555555555555556,7
W23,mid2,mid_2_html_attr_fill,fillb,fillb_low_confidence_key,0.5555555555555556,3
W23,mid2,mid_2_html_attr_fill,fillb,fillb_low_confidence_key,0.5555555555555556,4
W23,mid2,mid_2_html_attr_fill,fillb,fillb_low_confidence_key,0.5555555555555556,5
W23,mid2,mid_2_html_attr_fill,fillb,fillb_low_confidence_key,0.5555555555555556,2
W23,mid2,mid_2_html_attr_fill,fillb,fillb_low_confidence_key,0.5555555555555556,5
W23,mid2,mid_2_html_attr_fill,fillb,fillb_low_confidence_key,0.5555555555555556,2
W23,mid2,mid_2_html_attr_fill,fillb,fillb_low_confidence_key,0.5555555555555556,2
W23,mid2,mid_2_html_attr_fill,fillb,fillb_low_confidence_key,0.5555555555555556,3
W23,mid2,mid_2_html_attr_fill,fillb,fillb_low_confidence_key,0.5555555555555556,6
W23,mid2,mid_2_html_attr_fill,fillb,fillb_low_confidence_key,0.5555555555555556,2
W23,mid2,mid_2_html_attr_fill,fillb,fillb_low_confidence_key,0.5555555555555556,3
W23,mid2,mid_2_html_attr_fill,fillb,fillb_low_confidence_key,0.5555555555555556,1
W23,mid2,mid_2_html_attr_fill,fillb,fillb_low_confidence_key,0.5555555555555556,6
W23,mid2,mid_2_html_attr_fill,fillb,fillb_low_confidence_key,0.5555555555555556,3
W23,mid2,mid_2_html_attr_fill,fillb,fillb_low_confidence_key,0.5555555555555556,6
W23,mid2,mid_2_html_attr_fill,fillb,fillb_low_confidence_key,0.5555555555555556,6
W23,mid2,mid_2_html_attr_fill,fillb,fillb_low_confidence_key,0.5555555555555556,1
W23,mid2,mid_2_html_attr_fill,fillb,fillb_low_confidence_key,0.5555555555555556,3
W23,mid2,mid_2_html_attr_fill,fillb,fillb_low_confidence_key,0.5555555555555556,3
W23,mid2,mid_2_html_attr_fill,fillb,fillb_low_confidence_key,0.5555555555555556,4
W23,mid2,mid_2_html_attr_fill,fillb,fillb_low_confidence_key,0.5555555555555556,3
W23,mid2,mid_2_html_attr_fill,fillb,fillb_low_confidence_key,0.5555555555555556,2
W23,mid2,mid_2_html_attr_fill,fillb,fillb_low_confidence_key,0.5555555555555556,4
W23,mid2,mid_2_html_attr_fill,fillb,fillb_low_confidence_key,0.5555555555555556,3
W23,mid2,mid_2_html_attr_fill,fillb,fillb_low_confidence_key,0.5555555555555556,4
W23,mid2,mid_2_html_attr_fill,fillb,fillb_low_confidence_key,0.5555555555555556,1
W23,mid2,mid_2_html_attr_fill,fillb,fillb_low_confidence_key,0.5555555555555556,3
W23,mid2,mid_2_html_attr_fill,fillb,fillb_low_confidence_key,0.5555555555555556,4
W23,mid2,mid_2_html_attr_fill,fillb,fillb_low_confidence_key,0.5555555555555556,1
W23,mid2,mid_2_html_attr_fill,fillb,fillb_low_confidence_key,0.5555555555555556,1
W23,mid2,mid_2_html_attr_fill,fillb,fillb_low_confidence_key,0.5555555555555556,3
W23,mid2,mid_2_html_attr_fill,fillb,fillb_low_confidence_key,0.5555555555555556,2
W23,mid2,mid_2_html_attr_fill,fillb,fillb_low_confidence_key,0.5555555555555556,1
W23,mid2,mid_2_html_attr_fill,fillb,fillb_low_confidence_key,0.5555555555555556,1
W23,mid2,mid_2_html_attr_fill,fillb,fillb_low_confidence_key,0.5555555555555556,3
W23,mid2,mid_2_html_attr_fill,fillb,fillb_low_confidence_key,0.5555555555555556,1
W23,mid2,mid_2_html_attr_fill,fillb,fillb_low_confidence_key,0.5555555555555556,6
W23,mid2,mid_2_html_attr_fill,fillb,fillb_low_confidence_key,0.5555555555555556,1
W23,mid2,mid_2_html_attr_fill,fillb,fillb_low_confidence_key,0.5555555555555556,2
W23,mid2,mid_2_html_attr_fill,fillb,fillb_low_confidence_key,0.5555555555555556,3
W23,mid2,mid_2_html_attr_fill,fillb,fillb_low_confidence_key,0.5555555555555556,2
W23,mid2,mid_2_html_attr_fill,fillb,fillb_low_confidence_key,0.5555555555555556,3
W23,mid2,mid_2_html_attr_fill,fillb,fillb_low_confidence_key,0.5555555555555556,4
W23,mid2,mid_2_html_attr_fill,fillb,fillb_low_confidence_key,0.5555555555555556,1
W23,mid2,mid_2_html_attr_fill,fillb,fillb_low_confidence_key,0.5555555555555556,3
W23,mid2,mid_2_html_attr_fill,fillb,fillb_low_confidence_key,0.5555555555555556,2
W23,mid2,mid_2_html_attr_fill,fillb,fillb_low_confidence_key,0.5555555555555556,2
W23,mid2,mid_2_html_attr_fill,fillb,fillb_low_confidence_key,0.5555555555555556,5
W23,mid2,mid_2_html_attr_fill,fillb,fillb_low_confidence_key,0.5555555555555556,4
W23,mid2,mid_2_html_attr_fill,fillb,fillb_low_confidence_key,0.5555555555555556,1
W23,mid2,mid_2_html_attr_fill,fillb,fillb_low_confidence_key,0.5555555555555556,3
W23,mid2,mid_2_html_attr_fill,fillb,fillb_low_confidence_key,0.5555555555555556,4
W23,mid2,mid_2_html_attr_fill,fillb,fillb_low_confidence_key,0.5555555555555556,3
W23,mid2,mid_2_html_attr_fill,fillb,fillb_low_confidence_key,0.5555555555555556,1
W23,mid2,mid_2_html_attr_fill,fillb,fillb_low_confidence_key,0.5555555555555556,2
W23,mid2,mid_2_html_attr_fill,fillb,fillb_low_confidence_key,0.5555555555555556,1
W23,mid2,mid_2_html_attr_fill,fillb,fillb_low_confidence_key,0.5555555555555556,2
W23,mid2,mid_2_html_attr_fill,fillb,fillb_low_confidence_key,0.5555555555555556,4
W23,mid2,mid_2_html_attr_fill,fillb,fillb_low_confidence_key,0.5555555555555556,2
W23,mid2,mid_2_html_attr_fill,fillb,fillb_low_confidence_key,0.5555555555555556,3
W23,mid2,mid_2_html_attr_fill,fillb,fillb_low_confidence_key,0.5555555555555556,2
W23,mid2,mid_2_html_attr_fill,fillb,fillb_low_confidence_key,0.5555555555555556,3
W23,mid2,mid_2_html_attr_fill,fillb,fillb_low_confidence_key,0.5555555555555556,4
W23,mid2,mid_2_html_attr_fill,fillb,fillb_low_confidence_key,0.5555555555555556,1
W23,mid2,mid_2_html_attr_fill,fillb,fillb_low_confidence_key,0.5555555555555556,2
W23,mid2,mid_2_html_attr_fill,fillb,fillb_low_confidence_key,0.5555555555555556,2
W23,mid2,mid_2_html_attr_fill,fillb,fillb_low_confidence_key,0.5555555555555556,2
W23,mid2,mid_2_html_attr_fill,fillb,fillb_low_confidence_key,0.5555555555555556,3
W23,mid2,mid_2_html_attr_fill,fillb,fillb_low_confidence_key,0.5555555555555556,4
W23,mid2,mid_2_html_attr_fill,fillb,fillb_low_confidence_key,0.5555555555555556,3
W23,mid2,mid_2_html_attr_fill,fillb,fillb_low_confidence_key,0.5555555555555556,1
W23,mid2,mid_2_html_attr_fill,fillb,fillb_low_confidence_key,0.5555555555555556,1
W23,mid2,mid_2_html_attr_fill,fillb,fillb_low_confidence_key,0.5555555555555556,1
W23,mid2,mid_2_html_attr_fill,fillb,fillb_low_confidence_key,0.5555555555555556,5
W23,mid2,mid_2_html_attr_fill,fillb,fillb_low_confidence_key,0.5555555555555556,2
W23,mid2,mid_2_html_attr_fill,fillb,fillb_low_confidence_key,0.5555555555555556,2
W23,mid2,mid_2_html_attr_fill,fillb,fillb_low_confidence_key,0.5555555555555556,8
W23,mid2,mid_2_html_attr_fill,fillb,fillb_low_confidence_key,0.5555555555555556,1
W23,mid2,mid_2_html_attr_fill,fillb,fillb_low_confidence_key,0.5555555555555556,2
W23,mid2,mid_2_html_attr_fill,fillb,fillb_low_confidence_key,0.5555555555555556,5
W23,mid2,mid_2_html_attr_fill,fillb,fillb_low_confidence_key,0.5555555555555556,4
W23,mid2,mid_2_html_attr_fill,fillb,fillb_low_confidence_key,0.5555555555555556,2
W23,mid2,mid_2_html_attr_fill,fillb,fillb_low_confidence_key,0.5555555555555556,2
W23,mid2,mid_2_html_attr_fill,fillb,fillb_low_confidence_key,0.5555555555555556,5
W23,mid2,mid_2_html_attr_fill,fillb,fillb_low_confidence_key,0.5555555555555556,3
W23,mid2,mid_2_html_attr_fill,fillb,fillb_low_confidence_key,0.5555555555555556,1
W23,mid2,mid_2_html_attr_fill,fillb,fillb_low_confidence_key,0.5555555555555556,1
W23,mid2,mid_2_html_attr_fill,fillb,fillb_low_confidence_key,0.5555555555555556,2
W23,mid2,mid_2_html_attr_fill,fillb,fillb_low_confidence_key,0.5555555555555556,2
W23,mid2,mid_2_html_attr_fill,fillb,fillb_low_confidence_key,0.5555555555555556,1
W23,mid2,mid_2_html_attr_fill,fillb,fillb_low_confidence_key,0.5555555555555556,1
W23,mid2,mid_2_html_attr_fill,fillb,fillb_low_confidence_key,0.5555555555555556,3
W23,mid2,mid_2_html_attr_fill,fillb,fillb_low_confidence_key,0.5555555555555556,2
W23,mid2,mid_2_html_attr_fill,fillb,fillb_low_confidence_key,0.5555555555555556,3
W23,mid2,mid_2_html_attr_fill,fillb,fillb_low_confidence_key,0.5555555555555556,1
W23,mid2,mid_2_html_attr_fill,fillb,fillb_low_confidence_key,0.5555555555555556,4
W23,mid2,mid_2_html_attr_fill,fillb,fillb_low_confidence_key,0.5555555555555556,2
W23,mid2,mid_2_html_attr_fill,fillb,fillb_low_confidence_key,0.5555555555555556,5
W23,mid2,mid_2_html_attr_fill,fillb,fillb_low_confidence_key,0.5555555555555556,3
W23,mid2,mid_2_html_attr_fill,fillb,fillb_low_confidence_key,0.5555555555555556,5
W23,mid2,mid_2_html_attr_fill,fillb,fillb_low_confidence_key,0.5555555555555556,3
W23,mid2,mid_2_html_attr_fill,fillb,fillb_low_confidence_key,0.5555555555555556,3
W23,mid2,mid_2_html_attr_fill,fillb,fillb_low_confidence_key,0.5555555555555556,7
W23,mid2,mid_2_html_attr_fill,fillb,fillb_low_confidence_key,0.5555555555555556,1
W23,mid2,mid_2_html_attr_fill,fillb,fillb_low_confidence_key,0.5555555555555556,8
W23,mid2,mid_2_html_attr_fill,fillb,fillb_low_confidence_key,0.5555555555555556,2
W23,mid2,mid_2_html_attr_fill,fillb,fillb_low_confidence_key,0.5555555555555556,3
W23,mid2,mid_2_html_attr_fill,fillb,fillb_low_confidence_key,0.5555555555555556,3
W23,mid2,mid_2_html_attr_fill,fillb,fillb_low_confidence_key,0.5555555555555556,5
W23,mid2,mid_2_html_attr_fill,fillb,fillb_low_confidence_key,0.5555555555555556,2
W23,mid2,mid_2_html_attr_fill,fillb,fillb_low_confidence_key,0.5555555555555556,2
W23,mid2,mid_2_html_attr_fill,fillb,fillb_low_confidence_key,0.5555555555555556,2
W23,mid2,mid_2_html_attr_fill,fillb,fillb_low_confidence_key,0.5555555555555556,1
W23,mid2,mid_2_html_attr_fill,fillb,fillb_low_confidence_key,0.5555555555555556,3
W23,mid2,mid_2_html_attr_fill,fillb,fillb_low_confidence_key,0.5555555555555556,9
W23,mid2,mid_2_html_attr_fill,fillb,fillb_low_confidence_key,0.5555555555555556,3
W23,mid2,mid_2_html_attr_fill,fillb,fillb_low_confidence_key,0.5555555555555556,2
W23,mid2,mid_2_html_attr_fill,fillb,fillb_low_confidence_key,0.5555555555555556,3
W23,mid2,mid_2_html_attr_fill,fillb,fillb_low_confidence_key,0.5555555555555556,2
W23,mid2,mid_2_html_attr_fill,fillb,fillb_low_confidence_key,0.5555555555555556,4
W23,mid2,mid_2_html_attr_fill,fillb,fillb_low_confidence_key,0.5555555555555556,1
W23,mid2,mid_2_html_attr_fill,fillb,fillb_low_confidence_key,0.5555555555555556,3
W23,mid2,mid_2_html_attr_fill,fillb,fillb_low_confidence_key,0.5555555555555556,7
W23,mid2,mid_2_html_attr_fill,fillb,fillb_low_confidence_key,0.5555555555555556,2
W23,mid2,midterm_2_practice_q27_findall_regex_fib,fillb,fillb_low_confidence_key,0.3333333333333333,1
W23,mid2,midterm_2_practice_q27_findall_regex_fib,fillb,fillb_low_confidence_key,0.3333333333333333,1
W23,mid2,midterm_2_practice_q27_findall_regex_fib,fillb,fillb_low_confidence_key,0.3333333333333333,2
W23,mid2,midterm_2_practice_q27_findall_regex_fib,fillb,fillb_low_confidence_key,0.3333333333333333,1
W23,mid2,midterm_2_practice_q27_findall_regex_fib,fillb,fillb_low_confidence_key,0.3333333333333333,1
W23,mid2,midterm_2_practice_q27_findall_regex_fib,fillb,fillb_low_confidence_key,0.3333333333333333,5
W23,mid2,midterm_2_practice_q27_findall_regex_fib,fillb,fillb_low_confidence_key,0.3333333333333333,1
W23,mid2,midterm_2_practice_q27_findall_regex_fib,fillb,fillb_low_confidence_key,0.3333333333333333,7
W23,mid2,midterm_2_practice_q27_findall_regex_fib,fillb,fillb_low_confidence_key,0.3333333333333333,1
W23,mid2,midterm_2_practice_q27_findall_regex_fib,fillb,fillb_low_confidence_key,0.3333333333333333,1
W23,mid2,midterm_2_practice_q27_findall_regex_fib,fillb,fillb_low_confidence_key,0.3333333333333333,2
W23,mid2,midterm_2_practice_q27_findall_regex_fib,fillb,fillb_low_confidence_key,0.3333333333333333,3
W23,mid2,midterm_2_practice_q27_findall_regex_fib,fillb,fillb_low_confidence_key,0.3333333333333333,1
W23,mid2,midterm_2_practice_q27_findall_regex_fib,fillb,fillb_low_confidence_key,0.3333333333333333,1
W23,mid2,midterm_2_practice_q27_findall_regex_fib,fillb,fillb_low_confidence_key,0.3333333333333333,3
W23,mid2,midterm_2_practice_q27_findall_regex_fib,fillb,fillb_low_confidence_key,0.3333333333333333,1
W23,mid2,midterm_2_practice_q27_findall_regex_fib,fillb,fillb_low_confidence_key,0.3333333333333333,2
W23,mid2,midterm_2_practice_q27_findall_regex_fib,fillb,fillb_low_confidence_key,0.3333333333333333,2
W23,mid2,midterm_2_practice_q27_findall_regex_fib,fillb,fillb_low_confidence_key,0.3333333333333333,4
W23,mid2,midterm_2_practice_q27_findall_regex_fib,fillb,fillb_low_confidence_key,0.3333333333333333,2
W23,mid2,midterm_2_practice_q27_findall_regex_fib,fillb,fillb_low_confidence_key,0.3333333333333333,4
W23,mid2,midterm_2_practice_q27_findall_regex_fib,fillb,fillb_low_confidence_key,0.3333333333333333,2
W23,mid2,midterm_2_practice_q27_findall_regex_fib,fillb,fillb_low_confidence_key,0.3333333333333333,14
W23,mid2,midterm_2_practice_q27_findall_regex_fib,fillb,fillb_low_confidence_key,0.3333333333333333,1
W23,mid2,midterm_2_practice_q27_findall_regex_fib,fillb,fillb_low_confidence_key,0.3333333333333333,2
W23,mid2,midterm_2_practice_q27_findall_regex_fib,fillb,fillb_low_confidence_key,0.3333333333333333,13
W23,mid2,midterm_2_practice_q27_findall_regex_fib,fillb,fillb_low_confidence_key,0.3333333333333333,10
W23,mid2,midterm_2_practice_q27_findall_regex_fib,fillb,fillb_low_confidence_key,0.3333333333333333,2
W23,mid2,midterm_2_practice_q27_findall_regex_fib,fillb,fillb_low_confidence_key,0.3333333333333333,3
W23,mid2,midterm_2_practice_q27_findall_regex_fib,fillb,fillb_low_confidence_key,0.3333333333333333,3
W23,mid2,midterm_2_practice_q30_soup_fitb,fillb,fillb_low_confidence_key,0.47674418604651164,1
W23,mid2,midterm_2_practice_q30_soup_fitb,fillb,fillb_low_confidence_key,0.47674418604651164,1
W23,mid2,midterm_2_practice_q30_soup_fitb,fillb,fillb_low_confidence_key,0.47674418604651164,1
W23,mid2,midterm_2_practice_q30_soup_fitb,fillb,fillb_low_confidence_key,0.47674418604651164,1
W23,mid2,midterm_2_practice_q30_soup_fitb,fillb,fillb_low_confidence_key,0.47674418604651164,1
W23,mid2,midterm_2_practice_q30_soup_fitb,fillb,fillb_low_confidence_key,0.47674418604651164,2
W23,mid2,midterm_2_practice_q30_soup_fitb,fillb,fillb_low_confidence_key,0.47674418604651164,1
W23,mid2,midterm_2_practice_q30_soup_fitb,fillb,fillb_low_confidence_key,0.47674418604651164,1
W23,mid2,midterm_2_practice_q30_soup_fitb,fillb,fillb_low_confidence_key,0.47674418604651164,1
W23,mid2,midterm_2_practice_q30_soup_fitb,fillb,fillb_low_confidence_key,0.47674418604651164,2
W23,mid2,midterm_2_practice_q30_soup_fitb,fillb,fillb_low_confidence_key,0.47674418604651164,1
W23,mid2,midterm_2_practice_q30_soup_fitb,fillb,fillb_low_confidence_key,0.47674418604651164,1
W23,mid2,midterm_2_practice_q30_soup_fitb,fillb,fillb_low_confidence_key,0.47674418604651164,1
W23,mid2,midterm_2_practice_q30_soup_fitb,fillb,fillb_low_confidence_key,0.47674418604651164,3
W23,mid2,midterm_2_practice_q30_soup_fitb,fillb,fillb_low_confidence_key,0.47674418604651164,1
W23,mid2,midterm_2_practice_q30_soup_fitb,fillb,fillb_low_confidence_key,0.47674418604651164,1
W23,mid2,midterm_2_practice_q30_soup_fitb,fillb,fillb_low_confidence_key,0.47674418604651164,4
W23,mid2,midterm_2_practice_q30_soup_fitb,fillb,fillb_low_confidence_key,0.47674418604651164,1
W23,mid2,midterm_2_practice_q30_soup_fitb,fillb,fillb_low_confidence_key,0.47674418604651164,2
W23,mid2,midterm_2_practice_q30_soup_fitb,fillb,fillb_low_confidence_key,0.47674418604651164,1
W23,mid2,midterm_2_practice_q30_soup_fitb,fillb,fillb_low_confidence_key,0.47674418604651164,1
W23,mid2,midterm_2_practice_q30_soup_fitb,fillb,fillb_low_confidence_key,0.47674418604651164,5
W23,mid2,midterm_2_practice_q30_soup_fitb,fillb,fillb_low_confidence_key,0.47674418604651164,5
W23,mid2,midterm_2_practice_q30_soup_fitb,fillb,fillb_low_confidence_key,0.47674418604651164,3
W23,mid2,midterm_2_practice_q30_soup_fitb,fillb,fillb_low_confidence_key,0.47674418604651164,1
W23,mid2,midterm_2_practice_q30_soup_fitb,fillb,fillb_low_confidence_key,0.47674418604651164,2
W23,mid2,midterm_2_practice_q30_soup_fitb,fillb,fillb_low_confidence_key,0.47674418604651164,1
W23,mid2,midterm_2_practice_q30_soup_fitb,fillb,fillb_low_confidence_key,0.47674418604651164,2
W23,mid2,midterm_2_practice_q30_soup_fitb,fillb,fillb_low_confidence_key,0.47674418604651164,2
W23,mid2,midterm_2_practice_q31_soup_fitb,fillb,fillb_low_confidence_key,0.5116279069767442,1
W23,mid2,midterm_2_practice_q31_soup_fitb,fillb,fillb_low_confidence_key,0.5116279069767442,1
W23,mid2,midterm_2_practice_q31_soup_fitb,fillb,fillb_low_confidence_key,0.5116279069767442,1
W23,mid2,midterm_2_practice_q31_soup_fitb,fillb,fillb_low_confidence_key,0.5116279069767442,1
W23,mid2,midterm_2_practice_q31_soup_fitb,fillb,fillb_low_confidence_key,0.5116279069767442,4
W23,mid2,midterm_2_practice_q31_soup_fitb,fillb,fillb_low_confidence_key,0.5116279069767442,1
W23,mid2,midterm_2_practice_q31_soup_fitb,fillb,fillb_low_confidence_key,0.5116279069767442,3
W23,mid2,midterm_2_practice_q31_soup_fitb,fillb,fillb_low_confidence_key,0.5116279069767442,1
W23,mid2,midterm_2_practice_q31_soup_fitb,fillb,fillb_low_confidence_key,0.5116279069767442,1
W23,mid2,midterm_2_practice_q31_soup_fitb,fillb,fillb_low_confidence_key,0.5116279069767442,1
W23,mid2,midterm_2_practice_q31_soup_fitb,fillb,fillb_low_confidence_key,0.5116279069767442,1
W23,mid2,midterm_2_practice_q31_soup_fitb,fillb,fillb_low_confidence_key,0.5116279069767442,1
W23,mid2,midterm_2_practice_q31_soup_fitb,fillb,fillb_low_confidence_key,0.5116279069767442,3
W23,mid2,midterm_2_practice_q31_soup_fitb,fillb,fillb_low_confidence_key,0.5116279069767442,1
W23,mid2,midterm_2_practice_q31_soup_fitb,fillb,fillb_low_confidence_key,0.5116279069767442,1
W23,mid2,midterm_2_practice_q31_soup_fitb,fillb,fillb_low_confidence_key,0.5116279069767442,11
W23,mid2,midterm_2_practice_q31_soup_fitb,fillb,fillb_low_confidence_key,0.5116279069767442,1
W23,mid2,midterm_2_practice_q31_soup_fitb,fillb,fillb_low_confidence_key,0.5116279069767442,1
W23,mid2,midterm_2_practice_q31_soup_fitb,fillb,fillb_low_confidence_key,0.5116279069767442,1
W23,mid2,midterm_2_practice_q31_soup_fitb,fillb,fillb_low_confidence_key,0.5116279069767442,3
W23,mid2,midterm_2_practice_q31_soup_fitb,fillb,fillb_low_confidence_key,0.5116279069767442,2
W23,mid2,midterm_2_practice_q31_soup_fitb,fillb,fillb_low_confidence_key,0.5116279069767442,4
W23,mid2,midterm_2_practice_q31_soup_fitb,fillb,fillb_low_confidence_key,0.5116279069767442,5
W23,mid2,midterm_2_practice_q31_soup_fitb,fillb,fillb_low_confidence_key,0.5116279069767442,3
W23,mid2,midterm_2_practice_q31_soup_fitb,fillb,fillb_low_confidence_key,0.5116279069767442,1
W23,mid2,midterm_2_practice_q31_soup_fitb,fillb,fillb_low_confidence_key,0.5116279069767442,2
W23,mid2,midterm_2_practice_q31_soup_fitb,fillb,fillb_low_confidence_key,0.5116279069767442,1
W23,mid2,midterm_2_practice_q31_soup_fitb,fillb,fillb_low_confidence_key,0.5116279069767442,6
W23,mid2,net_json_what_type_returned_d1,fillb,fillb_low_confidence_key,0.5,4
W23,mid2,net_json_what_type_returned_data,fillb,fillb_low_confidence_key,0.5,5
W23,mid1,q_midf21_several_ifs_fitb,fillb,fillb_low_confidence_key,0.6442307692307693,1
W23,mid1,q_midf21_several_ifs_fitb,fillb,fillb_low_confidence_key,0.6442307692307693,4
W23,mid1,q_midf21_several_ifs_fitb,fillb,fillb_low_confidence_key,0.6442307692307693,1
W23,mid1,q_midf21_several_ifs_fitb,fillb,fillb_low_confidence_key,0.6442307692307693,5
W23,mid1,q_midf21_several_ifs_fitb,fillb,fillb_low_confidence_key,0.6442307692307693,2
W23,mid1,q_midf21_several_ifs_fitb,fillb,fillb_low_confidence_key,0.6442307692307693,1
W23,mid1,q_midf21_several_ifs_fitb,fillb,fillb_low_confidence_key,0.6442307692307693,1
W23,mid1,q_midf21_several_ifs_fitb,fillb,fillb_low_confidence_key,0.6442307692307693,3
W23,mid1,q_midf21_several_ifs_fitb,fillb,fillb_low_confidence_key,0.6442307692307693,1
W23,mid1,q_midf21_several_ifs_fitb,fillb,fillb_low_confidence_key,0.6442307692307693,2
W23,mid1,q_midf21_several_ifs_fitb,fillb,fillb_low_confidence_key,0.6442307692307693,1
W23,mid1,q_midf21_several_ifs_fitb,fillb,fillb_low_confidence_key,0.6442307692307693,6
W23,mid1,q_midf21_several_ifs_fitb,fillb,fillb_low_confidence_key,0.6442307692307693,2
W23,mid1,q_midf21_several_ifs_fitb,fillb,fillb_low_confidence_key,0.6442307692307693,4
W23,mid1,q_midf21_several_ifs_fitb,fillb,fillb_low_confidence_key,0.6442307692307693,3
W23,mid1,q_midf21_several_ifs_fitb,fillb,fillb_low_confidence_key,0.6442307692307693,6
W23,mid1,q_midf21_several_ifs_fitb,fillb,fillb_low_confidence_key,0.6442307692307693,1
W23,mid1,q_midf21_several_ifs_fitb,fillb,fillb_low_confidence_key,0.6442307692307693,3
W23,mid1,q_midf21_several_ifs_fitb,fillb,fillb_low_confidence_key,0.6442307692307693,7
W23,mid1,q_midf21_several_ifs_fitb,fillb,fillb_low_confidence_key,0.6442307692307693,1
W23,mid1,q_midf21_several_ifs_fitb,fillb,fillb_low_confidence_key,0.6442307692307693,2
W23,mid1,q_midf21_several_ifs_fitb,fillb,fillb_low_confidence_key,0.6442307692307693,3
W23,mid1,q_midf21_several_ifs_fitb,fillb,fillb_low_confidence_key,0.6442307692307693,4
W23,mid1,q_midf21_several_ifs_fitb,fillb,fillb_low_confidence_key,0.6442307692307693,3
W23,mid1,q_midf21_several_ifs_fitb,fillb,fillb_low_confidence_key,0.6442307692307693,4
W23,mid1,q_midf21_several_ifs_fitb,fillb,fillb_low_confidence_key,0.6442307692307693,6
W23,mid1,q_midf21_several_ifs_fitb,fillb,fillb_low_confidence_key,0.6442307692307693,1
W23,mid1,q_midf21_several_ifs_fitb,fillb,fillb_low_confidence_key,0.6442307692307693,2
W23,mid1,q_midf21_several_ifs_fitb,fillb,fillb_low_confidence_key,0.6442307692307693,7
W23,mid1,q_midf21_several_ifs_fitb,fillb,fillb_low_confidence_key,0.6442307692307693,2
W23,mid1,q_midf21_several_ifs_fitb,fillb,fillb_low_confidence_key,0.6442307692307693,2
W23,mid1,q_midf21_several_ifs_fitb,fillb,fillb_low_confidence_key,0.6442307692307693,4
W23,mid1,q_midf21_several_ifs_fitb,fillb,fillb_low_confidence_key,0.6442307692307693,4
W23,mid1,q_midf21_several_ifs_fitb,fillb,fillb_low_confidence_key,0.6442307692307693,2
W23,mid1,q_midf21_several_ifs_fitb,fillb,fillb_low_confidence_key,0.6442307692307693,1
W23,mid1,q_midf21_several_ifs_fitb,fillb,fillb_low_confidence_key,0.6442307692307693,1
W23,mid1,q_midf21_several_ifs_fitb,fillb,fillb_low_confidence_key,0.6442307692307693,3
W23,mid1,q_midf21_several_ifs_fitb,fillb,fillb_low_confidence_key,0.6442307692307693,5
W23,mid1,q_midf21_several_ifs_fitb,fillb,fillb_low_confidence_key,0.6442307692307693,1
W23,mid1,q_midf21_several_ifs_fitb,fillb,fillb_low_confidence_key,0.6442307692307693,3
W23,mid1,q_midf21_several_ifs_fitb,fillb,fillb_low_confidence_key,0.6442307692307693,3
W23,mid1,q_midf21_several_ifs_fitb,fillb,fillb_low_confidence_key,0.6442307692307693,7
W23,mid1,q_midf21_several_ifs_fitb,fillb,fillb_low_confidence_key,0.6442307692307693,2
W23,mid1,q_midf21_several_ifs_fitb,fillb,fillb_low_confidence_key,0.6442307692307693,1
W23,mid1,q_midf21_several_ifs_fitb,fillb,fillb_low_confidence_key,0.6442307692307693,2
W23,mid1,q_midf21_several_ifs_fitb,fillb,fillb_low_confidence_key,0.6442307692307693,2
W23,mid1,q_midf21_several_ifs_fitb,fillb,fillb_low_confidence_key,0.6442307692307693,5
W23,mid1,q_midf21_several_ifs_fitb,fillb,fillb_low_confidence_key,0.6442307692307693,3
W23,mid1,q_midf21_several_ifs_fitb,fillb,fillb_low_confidence_key,0.6442307692307693,3
W23,mid1,q_midf21_several_ifs_fitb,fillb,fillb_low_confidence_key,0.6442307692307693,2
W23,mid1,q_midf21_several_ifs_fitb,fillb,fillb_low_confidence_key,0.6442307692307693,3
W23,mid1,q_midf21_several_ifs_fitb,fillb,fillb_low_confidence_key,0.6442307692307693,8
W23,mid1,q_midf21_several_ifs_fitb,fillb,fillb_low_confidence_key,0.6442307692307693,2
W23,mid1,q_midf21_several_ifs_fitb,fillb,fillb_low_confidence_key,0.6442307692307693,2
W23,mid1,q_midf21_several_ifs_fitb,fillb,fillb_low_confidence_key,0.6442307692307693,4
W23,mid1,q_midf21_several_ifs_fitb,fillb,fillb_low_confidence_key,0.6442307692307693,1
W23,mid1,q_midf21_several_ifs_fitb,fillb,fillb_low_confidence_key,0.6442307692307693,7
W23,mid1,q_midf21_several_ifs_fitb,fillb,fillb_low_confidence_key,0.6442307692307693,3
W23,mid1,q_midf21_several_ifs_fitb,fillb,fillb_low_confidence_key,0.6442307692307693,2
W23,mid1,q_midf21_several_ifs_fitb,fillb,fillb_low_confidence_key,0.6442307692307693,6
W23,mid1,q_midf21_several_ifs_fitb,fillb,fillb_low_confidence_key,0.6442307692307693,3
W23,mid1,q_midf21_several_ifs_fitb,fillb,fillb_low_confidence_key,0.6442307692307693,3
W23,mid1,q_midf21_several_ifs_fitb,fillb,fillb_low_confidence_key,0.6442307692307693,4
W23,mid1,q_midf21_several_ifs_fitb,fillb,fillb_low_confidence_key,0.6442307692307693,2
W23,mid1,q_midf21_several_ifs_fitb,fillb,fillb_low_confidence_key,0.6442307692307693,2
W23,mid1,q_midf21_several_ifs_fitb,fillb,fillb_low_confidence_key,0.6442307692307693,6
W23,mid1,q_midf21_several_ifs_fitb,fillb,fillb_low_confidence_key,0.6442307692307693,2
W23,mid1,q_midf21_several_ifs_fitb,fillb,fillb_low_confidence_key,0.6442307692307693,2
W23,mid1,q_midf21_several_ifs_fitb,fillb,fillb_low_confidence_key,0.6442307692307693,6
W23,mid1,q_midf21_several_ifs_fitb,fillb,fillb_low_confidence_key,0.6442307692307693,1
W23,mid1,q_midf21_several_ifs_fitb,fillb,fillb_low_confidence_key,0.6442307692307693,6
W23,mid1,q_midf21_several_ifs_fitb,fillb,fillb_low_confidence_key,0.6442307692307693,2
W23,mid1,q_midf21_several_ifs_fitb,fillb,fillb_low_confidence_key,0.6442307692307693,4
W23,mid1,q_midf21_several_ifs_fitb,fillb,fillb_low_confidence_key,0.6442307692307693,6
W23,mid1,q_midf21_several_ifs_fitb,fillb,fillb_low_confidence_key,0.6442307692307693,7
W23,mid1,q_midf21_several_ifs_fitb,fillb,fillb_low_confidence_key,0.6442307692307693,1
W23,mid1,q_midf21_several_ifs_fitb,fillb,fillb_low_confidence_key,0.6442307692307693,4
W23,mid1,q_midf21_several_ifs_fitb,fillb,fillb_low_confidence_key,0.6442307692307693,1
W23,mid1,q_midf21_several_ifs_fitb,fillb,fillb_low_confidence_key,0.6442307692307693,2
W23,mid1,q_midf21_several_ifs_fitb,fillb,fillb_low_confidence_key,0.6442307692307693,2
W23,mid1,q_midf21_several_ifs_fitb,fillb,fillb_low_confidence_key,0.6442307692307693,2
W23,mid1,q_midf21_several_ifs_fitb,fillb,fillb_low_confidence_key,0.6442307692307693,7
W23,mid1,q_midf21_several_ifs_fitb,fillb,fillb_low_confidence_key,0.6442307692307693,2
W23,mid1,q_midf21_several_ifs_fitb,fillb,fillb_low_confidence_key,0.6442307692307693,2
W23,mid1,q_midf21_several_ifs_fitb,fillb,fillb_low_confidence_key,0.6442307692307693,5
W23,mid1,q_midf21_several_ifs_fitb,fillb,fillb_low_confidence_key,0.6442307692307693,1
W23,mid1,q_midf21_several_ifs_fitb,fillb,fillb_low_confidence_key,0.6442307692307693,2
W23,mid1,q_midf21_several_ifs_fitb,fillb,fillb_low_confidence_key,0.6442307692307693,2
W23,mid1,q_midf21_several_ifs_fitb,fillb,fillb_low_confidence_key,0.6442307692307693,3
W23,mid1,q_midf21_several_ifs_fitb,fillb,fillb_low_confidence_key,0.6442307692307693,6
W23,mid1,q_midf21_several_ifs_fitb,fillb,fillb_low_confidence_key,0.6442307692307693,8
W23,mid1,q_midf21_several_ifs_fitb,fillb,fillb_low_confidence_key,0.6442307692307693,2
W23,mid1,q_midf21_several_ifs_fitb,fillb,fillb_low_confidence_key,0.6442307692307693,8
W23,mid1,q_midf21_several_ifs_fitb,fillb,fillb_low_confidence_key,0.6442307692307693,5
W23,mid1,q_midf21_several_ifs_fitb,fillb,fillb_low_confidence_key,0.6442307692307693,1
W23,mid1,q_midf21_several_ifs_fitb,fillb,fillb_low_confidence_key,0.6442307692307693,3
W23,mid1,q_midf21_several_ifs_fitb,fillb,fillb_low_confidence_key,0.6442307692307693,2
W23,mid1,q_midf21_several_ifs_fitb,fillb,fillb_low_confidence_key,0.6442307692307693,1
W23,mid1,q_midf21_several_ifs_fitb,fillb,fillb_low_confidence_key,0.6442307692307693,3
W23,mid1,q_midf21_several_ifs_fitb,fillb,fillb_low_confidence_key,0.6442307692307693,2
W23,mid1,q_midf21_several_ifs_fitb,fillb,fillb_low_confidence_key,0.6442307692307693,7
W23,mid1,q_midf21_several_ifs_fitb,fillb,fillb_low_confidence_key,0.6442307692307693,7
W23,mid1,q_midf21_several_ifs_fitb,fillb,fillb_low_confidence_key,0.6442307692307693,3
W23,mid1,q_midf21_several_ifs_fitb,fillb,fillb_low_confidence_key,0.6442307692307693,1
W23,mid1,q_midf21_several_ifs_fitb,fillb,fillb_low_confidence_key,0.6442307692307693,2
W23,mid1,q_midf21_several_ifs_fitb,fillb,fillb_low_confidence_key,0.6442307692307693,3
W23,mid1,q_midf21_several_ifs_fitb,fillb,fillb_low_confidence_key,0.6442307692307693,7
W23,mid1,q_midf21_several_ifs_fitb,fillb,fillb_low_confidence_key,0.6442307692307693,9
W23,mid1,q_midf21_several_ifs_fitb,fillb,fillb_low_confidence_key,0.6442307692307693,6
W23,mid1,q_midf21_several_ifs_fitb,fillb,fillb_low_confidence_key,0.6442307692307693,1
W23,mid1,q_midf21_several_ifs_fitb,fillb,fillb_low_confidence_key,0.6442307692307693,2
W23,mid1,q_midf21_several_ifs_fitb,fillb,fillb_low_confidence_key,0.6442307692307693,4
W23,mid1,q_midf21_several_ifs_fitb,fillb,fillb_low_confidence_key,0.6442307692307693,3
W23,mid1,q_midf21_several_ifs_fitb,fillb,fillb_low_confidence_key,0.6442307692307693,1
W23,mid1,q_midf21_several_ifs_fitb,fillb,fillb_low_confidence_key,0.6442307692307693,2
W23,mid1,q_midf21_several_ifs_fitb,fillb,fillb_low_confidence_key,0.6442307692307693,4
W23,mid1,q_midf21_several_ifs_fitb,fillb,fillb_low_confidence_key,0.6442307692307693,4
W23,mid1,q_midf21_several_ifs_fitb,fillb,fillb_low_confidence_key,0.6442307692307693,4
W23,mid1,q_midf21_several_ifs_fitb,fillb,fillb_low_confidence_key,0.6442307692307693,4
W23,mid1,q_midf21_several_ifs_fitb,fillb,fillb_low_confidence_key,0.6442307692307693,3
W23,mid1,q_midf21_several_ifs_fitb,fillb,fillb_low_confidence_key,0.6442307692307693,4
W23,mid1,q_midf21_several_ifs_fitb,fillb,fillb_low_confidence_key,0.6442307692307693,2
W23,mid1,q_midf21_several_ifs_fitb,fillb,fillb_low_confidence_key,0.6442307692307693,11
W23,mid1,q_midf21_several_ifs_fitb,fillb,fillb_low_confidence_key,0.6442307692307693,7
W23,mid1,q_midf21_several_ifs_fitb,fillb,fillb_low_confidence_key,0.6442307692307693,5
W23,mid1,q_midf21_several_ifs_fitb,fillb,fillb_low_confidence_key,0.6442307692307693,3
W23,mid1,q_midf21_several_ifs_fitb,fillb,fillb_low_confidence_key,0.6442307692307693,2
W23,mid1,q_midf21_several_ifs_fitb,fillb,fillb_low_confidence_key,0.6442307692307693,8
W23,mid1,q_midf21_several_ifs_fitb,fillb,fillb_low_confidence_key,0.6442307692307693,2
W23,mid1,q_midf21_several_ifs_fitb,fillb,fillb_low_confidence_key,0.6442307692307693,2
W23,mid1,q_midf21_several_ifs_fitb,fillb,fillb_low_confidence_key,0.6442307692307693,1
W23,mid1,q_midf21_several_ifs_fitb,fillb,fillb_low_confidence_key,0.6442307692307693,1
W23,mid1,q_midf21_several_ifs_fitb,fillb,fillb_low_confidence_key,0.6442307692307693,3
W23,mid1,q_midf21_several_ifs_fitb,fillb,fillb_low_confidence_key,0.6442307692307693,4
W23,mid1,q_midf21_several_ifs_fitb,fillb,fillb_low_confidence_key,0.6442307692307693,4
W23,mid1,q_midf21_several_ifs_fitb,fillb,fillb_low_confidence_key,0.6442307692307693,2
W23,mid1,q_midf21_several_ifs_fitb,fillb,fillb_low_confidence_key,0.6442307692307693,3
W23,mid1,q_midf21_several_ifs_fitb,fillb,fillb_low_confidence_key,0.6442307692307693,1
W23,mid1,q_midf21_several_ifs_fitb,fillb,fillb_low_confidence_key,0.6442307692307693,3
W23,mid1,q_midf21_several_ifs_fitb,fillb,fillb_low_confidence_key,0.6442307692307693,7
W23,mid1,q_midf21_several_ifs_fitb,fillb,fillb_low_confidence_key,0.6442307692307693,3
W23,mid1,q_midf21_several_ifs_fitb,fillb,fillb_low_confidence_key,0.6442307692307693,2
W23,mid1,q_midf21_several_ifs_fitb,fillb,fillb_low_confidence_key,0.6442307692307693,5
W23,mid1,q_midf21_several_ifs_fitb,fillb,fillb_low_confidence_key,0.6442307692307693,8
W23,mid1,q_midf21_several_ifs_fitb,fillb,fillb_low_confidence_key,0.6442307692307693,5
W23,mid1,q_midf21_several_ifs_fitb,fillb,fillb_low_confidence_key,0.6442307692307693,2
W23,mid1,q_midf21_several_ifs_fitb,fillb,fillb_low_confidence_key,0.6442307692307693,3
W23,mid1,q_midf21_several_ifs_fitb,fillb,fillb_low_confidence_key,0.6442307692307693,4
W23,mid1,q_midf21_several_ifs_fitb,fillb,fillb_low_confidence_key,0.6442307692307693,1
W23,mid1,q_midf21_several_ifs_fitb,fillb,fillb_low_confidence_key,0.6442307692307693,3
W23,mid1,q_midf21_several_ifs_fitb,fillb,fillb_low_confidence_key,0.6442307692307693,2
W23,mid1,q_midf21_several_ifs_fitb,fillb,fillb_low_confidence_key,0.6442307692307693,3
W23,mid1,q_midf21_several_ifs_fitb,fillb,fillb_low_confidence_key,0.6442307692307693,2
W23,mid1,q_midf21_several_ifs_fitb,fillb,fillb_low_confidence_key,0.6442307692307693,1
W23,mid1,q_midf21_several_ifs_fitb,fillb,fillb_low_confidence_key,0.6442307692307693,1
W23,mid1,q_midf21_several_ifs_fitb,fillb,fillb_low_confidence_key,0.6442307692307693,5
W23,mid1,q_midf21_several_ifs_fitb,fillb,fillb_low_confidence_key,0.6442307692307693,1
W23,mid1,q_midf21_several_ifs_fitb,fillb,fillb_low_confidence_key,0.6442307692307693,2
W23,mid1,q_midf21_several_ifs_fitb,fillb,fillb_low_confidence_key,0.6442307692307693,1
W23,mid1,q_midf21_several_ifs_fitb,fillb,fillb_low_confidence_key,0.6442307692307693,2
W23,mid1,q_midf21_several_ifs_fitb,fillb,fillb_low_confidence_key,0.6442307692307693,2
W23,mid1,q_midf21_several_ifs_fitb,fillb,fillb_low_confidence_key,0.6442307692307693,3
W23,mid1,q_midf21_several_ifs_fitb,fillb,fillb_low_confidence_key,0.6442307692307693,1
W23,mid1,q_midf21_several_ifs_fitb,fillb,fillb_low_confidence_key,0.6442307692307693,5
W23,mid1,q_midf21_several_ifs_fitb,fillb,fillb_low_confidence_key,0.6442307692307693,3
W23,mid1,q_midf21_several_ifs_fitb,fillb,fillb_low_confidence_key,0.6442307692307693,3
W23,mid1,q_midf21_several_ifs_fitb,fillb,fillb_low_confidence_key,0.6442307692307693,3
W23,mid1,q_midf21_several_ifs_fitb,fillb,fillb_low_confidence_key,0.6442307692307693,3
W23,mid1,q_midf21_several_ifs_fitb,fillb,fillb_low_confidence_key,0.6442307692307693,5
W23,mid1,q_midf21_several_ifs_fitb,fillb,fillb_low_confidence_key,0.6442307692307693,2
W23,mid1,q_midf21_several_ifs_fitb,fillb,fillb_low_confidence_key,0.6442307692307693,1
W23,mid1,q_midf21_several_ifs_fitb,fillb,fillb_low_confidence_key,0.6442307692307693,5
W23,mid1,q_midf21_several_ifs_fitb,fillb,fillb_low_confidence_key,0.6442307692307693,1
W23,mid1,q_midf21_several_ifs_fitb,fillb,fillb_low_confidence_key,0.6442307692307693,2
W23,mid1,q_midf21_several_ifs_fitb,fillb,fillb_low_confidence_key,0.6442307692307693,5
W23,mid1,q_midf21_several_ifs_fitb,fillb,fillb_low_confidence_key,0.6442307692307693,13
W23,mid1,q_midf21_several_ifs_fitb,fillb,fillb_low_confidence_key,0.6442307692307693,3
W23,mid1,q_midf21_several_ifs_fitb,fillb,fillb_low_confidence_key,0.6442307692307693,13
W23,mid1,q_midf21_several_ifs_fitb,fillb,fillb_low_confidence_key,0.6442307692307693,5
W23,mid1,q_midf21_several_ifs_fitb,fillb,fillb_low_confidence_key,0.6442307692307693,3
W23,mid1,q_midf21_several_ifs_fitb,fillb,fillb_low_confidence_key,0.6442307692307693,5
W23,mid1,q_midf21_several_ifs_fitb,fillb,fillb_low_confidence_key,0.6442307692307693,2
W23,mid1,q_midf21_several_ifs_fitb,fillb,fillb_low_confidence_key,0.6442307692307693,4
W23,mid1,q_midf21_several_ifs_fitb,fillb,fillb_low_confidence_key,0.6442307692307693,2
W23,mid1,q_midf21_several_ifs_fitb,fillb,fillb_low_confidence_key,0.6442307692307693,5
W23,mid1,q_midf21_several_ifs_fitb,fillb,fillb_low_confidence_key,0.6442307692307693,3
W23,mid1,q_midw23_object_attributes_and_methods_v2,fillb,fillb_low_confidence_key,0.4855769230769231,1
W23,mid1,q_midw23_object_attributes_and_methods_v2,fillb,fillb_low_confidence_key,0.4855769230769231,5
W23,mid1,q_midw23_object_attributes_and_methods_v2,fillb,fillb_low_confidence_key,0.4855769230769231,1
W23,mid1,q_midw23_object_attributes_and_methods_v2,fillb,fillb_low_confidence_key,0.4855769230769231,6
W23,mid1,q_midw23_object_attributes_and_methods_v2,fillb,fillb_low_confidence_key,0.4855769230769231,2
W23,mid1,q_midw23_object_attributes_and_methods_v2,fillb,fillb_low_confidence_key,0.4855769230769231,1
W23,mid1,q_midw23_object_attributes_and_methods_v2,fillb,fillb_low_confidence_key,0.4855769230769231,1
W23,mid1,q_midw23_object_attributes_and_methods_v2,fillb,fillb_low_confidence_key,0.4855769230769231,5
W23,mid1,q_midw23_object_attributes_and_methods_v2,fillb,fillb_low_confidence_key,0.4855769230769231,1
W23,mid1,q_midw23_object_attributes_and_methods_v2,fillb,fillb_low_confidence_key,0.4855769230769231,2
W23,mid1,q_midw23_object_attributes_and_methods_v2,fillb,fillb_low_confidence_key,0.4855769230769231,1
W23,mid1,q_midw23_object_attributes_and_methods_v2,fillb,fillb_low_confidence_key,0.4855769230769231,2
W23,mid1,q_midw23_object_attributes_and_methods_v2,fillb,fillb_low_confidence_key,0.4855769230769231,2
W23,mid1,q_midw23_object_attributes_and_methods_v2,fillb,fillb_low_confidence_key,0.4855769230769231,3
W23,mid1,q_midw23_object_attributes_and_methods_v2,fillb,fillb_low_confidence_key,0.4855769230769231,6
W23,mid1,q_midw23_object_attributes_and_methods_v2,fillb,fillb_low_confidence_key,0.4855769230769231,8
W23,mid1,q_midw23_object_attributes_and_methods_v2,fillb,fillb_low_confidence_key,0.4855769230769231,1
W23,mid1,q_midw23_object_attributes_and_methods_v2,fillb,fillb_low_confidence_key,0.4855769230769231,7
W23,mid1,q_midw23_object_attributes_and_methods_v2,fillb,fillb_low_confidence_key,0.4855769230769231,3
W23,mid1,q_midw23_object_attributes_and_methods_v2,fillb,fillb_low_confidence_key,0.4855769230769231,4
W23,mid1,q_midw23_object_attributes_and_methods_v2,fillb,fillb_low_confidence_key,0.4855769230769231,2
W23,mid1,q_midw23_object_attributes_and_methods_v2,fillb,fillb_low_confidence_key,0.4855769230769231,4
W23,mid1,q_midw23_object_attributes_and_methods_v2,fillb,fillb_low_confidence_key,0.4855769230769231,3
W23,mid1,q_midw23_object_attributes_and_methods_v2,fillb,fillb_low_confidence_key,0.4855769230769231,2
W23,mid1,q_midw23_object_attributes_and_methods_v2,fillb,fillb_low_confidence_key,0.4855769230769231,7
W23,mid1,q_midw23_object_attributes_and_methods_v2,fillb,fillb_low_confidence_key,0.4855769230769231,3
W23,mid1,q_midw23_object_attributes_and_methods_v2,fillb,fillb_low_confidence_key,0.4855769230769231,1
W23,mid1,q_midw23_object_attributes_and_methods_v2,fillb,fillb_low_confidence_key,0.4855769230769231,2
W23,mid1,q_midw23_object_attributes_and_methods_v2,fillb,fillb_low_confidence_key,0.4855769230769231,2
W23,mid1,q_midw23_object_attributes_and_methods_v2,fillb,fillb_low_confidence_key,0.4855769230769231,2
W23,mid1,q_midw23_object_attributes_and_methods_v2,fillb,fillb_low_confidence_key,0.4855769230769231,3
W23,mid1,q_midw23_object_attributes_and_methods_v2,fillb,fillb_low_confidence_key,0.4855769230769231,2
W23,mid1,q_midw23_object_attributes_and_methods_v2,fillb,fillb_low_confidence_key,0.4855769230769231,5
W23,mid1,q_midw23_object_attributes_and_methods_v2,fillb,fillb_low_confidence_key,0.4855769230769231,3
W23,mid1,q_midw23_object_attributes_and_methods_v2,fillb,fillb_low_confidence_key,0.4855769230769231,2
W23,mid1,q_midw23_object_attributes_and_methods_v2,fillb,fillb_low_confidence_key,0.4855769230769231,2
W23,mid1,q_midw23_object_attributes_and_methods_v2,fillb,fillb_low_confidence_key,0.4855769230769231,6
W23,mid1,q_midw23_object_attributes_and_methods_v2,fillb,fillb_low_confidence_key,0.4855769230769231,8
W23,mid1,q_midw23_object_attributes_and_methods_v2,fillb,fillb_low_confidence_key,0.4855769230769231,3
W23,mid1,q_midw23_object_attributes_and_methods_v2,fillb,fillb_low_confidence_key,0.4855769230769231,3
W23,mid1,q_midw23_object_attributes_and_methods_v2,fillb,fillb_low_confidence_key,0.4855769230769231,4
W23,mid1,q_midw23_object_attributes_and_methods_v2,fillb,fillb_low_confidence_key,0.4855769230769231,4
W23,mid1,q_midw23_object_attributes_and_methods_v2,fillb,fillb_low_confidence_key,0.4855769230769231,2
W23,mid1,q_midw23_object_attributes_and_methods_v2,fillb,fillb_low_confidence_key,0.4855769230769231,1
W23,mid1,q_midw23_object_attributes_and_methods_v2,fillb,fillb_low_confidence_key,0.4855769230769231,5
W23,mid1,q_midw23_object_attributes_and_methods_v2,fillb,fillb_low_confidence_key,0.4855769230769231,2
W23,mid1,q_midw23_object_attributes_and_methods_v2,fillb,fillb_low_confidence_key,0.4855769230769231,6
W23,mid1,q_midw23_object_attributes_and_methods_v2,fillb,fillb_low_confidence_key,0.4855769230769231,3
W23,mid1,q_midw23_object_attributes_and_methods_v2,fillb,fillb_low_confidence_key,0.4855769230769231,3
W23,mid1,q_midw23_object_attributes_and_methods_v2,fillb,fillb_low_confidence_key,0.4855769230769231,3
W23,mid1,q_midw23_object_attributes_and_methods_v2,fillb,fillb_low_confidence_key,0.4855769230769231,5
W23,mid1,q_midw23_object_attributes_and_methods_v2,fillb,fillb_low_confidence_key,0.4855769230769231,9
W23,mid1,q_midw23_object_attributes_and_methods_v2,fillb,fillb_low_confidence_key,0.4855769230769231,5
W23,mid1,q_midw23_object_attributes_and_methods_v2,fillb,fillb_low_confidence_key,0.4855769230769231,2
W23,mid1,q_midw23_object_attributes_and_methods_v2,fillb,fillb_low_confidence_key,0.4855769230769231,5
W23,mid1,q_midw23_object_attributes_and_methods_v2,fillb,fillb_low_confidence_key,0.4855769230769231,1
W23,mid1,q_midw23_object_attributes_and_methods_v2,fillb,fillb_low_confidence_key,0.4855769230769231,3
W23,mid1,q_midw23_object_attributes_and_methods_v2,fillb,fillb_low_confidence_key,0.4855769230769231,2
W23,mid1,q_midw23_object_attributes_and_methods_v2,fillb,fillb_low_confidence_key,0.4855769230769231,2
W23,mid1,q_midw23_object_attributes_and_methods_v2,fillb,fillb_low_confidence_key,0.4855769230769231,5
W23,mid1,q_midw23_object_attributes_and_methods_v2,fillb,fillb_low_confidence_key,0.4855769230769231,4
W23,mid1,q_midw23_object_attributes_and_methods_v2,fillb,fillb_low_confidence_key,0.4855769230769231,3
W23,mid1,q_midw23_object_attributes_and_methods_v2,fillb,fillb_low_confidence_key,0.4855769230769231,4
W23,mid1,q_midw23_object_attributes_and_methods_v2,fillb,fillb_low_confidence_key,0.4855769230769231,3
W23,mid1,q_midw23_object_attributes_and_methods_v2,fillb,fillb_low_confidence_key,0.4855769230769231,2
W23,mid1,q_midw23_object_attributes_and_methods_v2,fillb,fillb_low_confidence_key,0.4855769230769231,3
W23,mid1,q_midw23_object_attributes_and_methods_v2,fillb,fillb_low_confidence_key,0.4855769230769231,1
W23,mid1,q_midw23_object_attributes_and_methods_v2,fillb,fillb_low_confidence_key,0.4855769230769231,11
W23,mid1,q_midw23_object_attributes_and_methods_v2,fillb,fillb_low_confidence_key,0.4855769230769231,7
W23,mid1,q_midw23_object_attributes_and_methods_v2,fillb,fillb_low_confidence_key,0.4855769230769231,6
W23,mid1,q_midw23_object_attributes_and_methods_v2,fillb,fillb_low_confidence_key,0.4855769230769231,6
W23,mid1,q_midw23_object_attributes_and_methods_v2,fillb,fillb_low_confidence_key,0.4855769230769231,2
W23,mid1,q_midw23_object_attributes_and_methods_v2,fillb,fillb_low_confidence_key,0.4855769230769231,2
W23,mid1,q_midw23_object_attributes_and_methods_v2,fillb,fillb_low_confidence_key,0.4855769230769231,8
W23,mid1,q_midw23_object_attributes_and_methods_v2,fillb,fillb_low_confidence_key,0.4855769230769231,4
W23,mid1,q_midw23_object_attributes_and_methods_v2,fillb,fillb_low_confidence_key,0.4855769230769231,2
W23,mid1,q_midw23_object_attributes_and_methods_v2,fillb,fillb_low_confidence_key,0.4855769230769231,8
W23,mid1,q_midw23_object_attributes_and_methods_v2,fillb,fillb_low_confidence_key,0.4855769230769231,1
W23,mid1,q_midw23_object_attributes_and_methods_v2,fillb,fillb_low_confidence_key,0.4855769230769231,2
W23,mid1,q_midw23_object_attributes_and_methods_v2,fillb,fillb_low_confidence_key,0.4855769230769231,3
W23,mid1,q_midw23_object_attributes_and_methods_v2,fillb,fillb_low_confidence_key,0.4855769230769231,3
W23,mid1,q_midw23_object_attributes_and_methods_v2,fillb,fillb_low_confidence_key,0.4855769230769231,4
W23,mid1,q_midw23_object_attributes_and_methods_v2,fillb,fillb_low_confidence_key,0.4855769230769231,1
W23,mid1,q_midw23_object_attributes_and_methods_v2,fillb,fillb_low_confidence_key,0.4855769230769231,2
W23,mid1,q_midw23_object_attributes_and_methods_v2,fillb,fillb_low_confidence_key,0.4855769230769231,5
W23,mid1,q_midw23_object_attributes_and_methods_v2,fillb,fillb_low_confidence_key,0.4855769230769231,5
W23,mid1,q_midw23_object_attributes_and_methods_v2,fillb,fillb_low_confidence_key,0.4855769230769231,2
W23,mid1,q_midw23_object_attributes_and_methods_v2,fillb,fillb_low_confidence_key,0.4855769230769231,1
W23,mid1,q_midw23_object_attributes_and_methods_v2,fillb,fillb_low_confidence_key,0.4855769230769231,1
W23,mid1,q_midw23_object_attributes_and_methods_v2,fillb,fillb_low_confidence_key,0.4855769230769231,5
W23,mid1,q_midw23_object_attributes_and_methods_v2,fillb,fillb_low_confidence_key,0.4855769230769231,4
W23,mid1,q_midw23_object_attributes_and_methods_v2,fillb,fillb_low_confidence_key,0.4855769230769231,1
W23,mid1,q_midw23_object_attributes_and_methods_v2,fillb,fillb_low_confidence_key,0.4855769230769231,6
W23,mid1,q_midw23_object_attributes_and_methods_v2,fillb,fillb_low_confidence_key,0.4855769230769231,3
W23,mid1,q_midw23_object_attributes_and_methods_v2,fillb,fillb_low_confidence_key,0.4855769230769231,1
W23,mid1,q_midw23_object_attributes_and_methods_v2,fillb,fillb_low_confidence_key,0.4855769230769231,7
W23,mid1,q_midw23_object_attributes_and_methods_v2,fillb,fillb_low_confidence_key,0.4855769230769231,7
W23,mid1,q_midw23_object_attributes_and_methods_v2,fillb,fillb_low_confidence_key,0.4855769230769231,1
W23,mid1,q_midw23_object_attributes_and_methods_v2,fillb,fillb_low_confidence_key,0.4855769230769231,3
W23,mid1,q_midw23_object_attributes_and_methods_v2,fillb,fillb_low_confidence_key,0.4855769230769231,2
W23,mid1,q_midw23_object_attributes_and_methods_v2,fillb,fillb_low_confidence_key,0.4855769230769231,8
W23,mid1,q_midw23_object_attributes_and_methods_v2,fillb,fillb_low_confidence_key,0.4855769230769231,6
W23,mid1,q_midw23_object_attributes_and_methods_v2,fillb,fillb_low_confidence_key,0.4855769230769231,4
W23,mid1,q_midw23_object_attributes_and_methods_v2,fillb,fillb_low_confidence_key,0.4855769230769231,1
W23,mid1,q_midw23_object_attributes_and_methods_v2,fillb,fillb_low_confidence_key,0.4855769230769231,3
W23,mid1,q_midw23_object_attributes_and_methods_v2,fillb,fillb_low_confidence_key,0.4855769230769231,8
W23,mid1,q_midw23_object_attributes_and_methods_v2,fillb,fillb_low_confidence_key,0.4855769230769231,6
W23,mid1,q_midw23_object_attributes_and_methods_v2,fillb,fillb_low_confidence_key,0.4855769230769231,17
W23,mid1,q_midw23_object_attributes_and_methods_v2,fillb,fillb_low_confidence_key,0.4855769230769231,11
W23,mid1,q_midw23_object_attributes_and_methods_v2,fillb,fillb_low_confidence_key,0.4855769230769231,3
W23,mid1,q_midw23_object_attributes_and_methods_v2,fillb,fillb_low_confidence_key,0.4855769230769231,2
W23,mid1,q_midw23_object_attributes_and_methods_v2,fillb,fillb_low_confidence_key,0.4855769230769231,3
W23,mid1,q_midw23_object_attributes_and_methods_v2,fillb,fillb_low_confidence_key,0.4855769230769231,1
W23,mid1,q_midw23_object_attributes_and_methods_v2,fillb,fillb_low_confidence_key,0.4855769230769231,2
W23,mid1,q_midw23_object_attributes_and_methods_v2,fillb,fillb_low_confidence_key,0.4855769230769231,2
W23,mid1,q_midw23_object_attributes_and_methods_v2,fillb,fillb_low_confidence_key,0.4855769230769231,9
W23,mid1,q_midw23_object_attributes_and_methods_v2,fillb,fillb_low_confidence_key,0.4855769230769231,5
W23,mid1,q_midw23_object_attributes_and_methods_v2,fillb,fillb_low_confidence_key,0.4855769230769231,9
W23,mid1,q_midw23_object_attributes_and_methods_v2,fillb,fillb_low_confidence_key,0.4855769230769231,2
W23,mid1,q_midw23_object_attributes_and_methods_v2,fillb,fillb_low_confidence_key,0.4855769230769231,5
W23,mid1,q_midw23_object_attributes_and_methods_v2,fillb,fillb_low_confidence_key,0.4855769230769231,4
W23,mid1,q_midw23_object_attributes_and_methods_v2,fillb,fillb_low_confidence_key,0.4855769230769231,1
W23,mid1,q_midw23_object_attributes_and_methods_v2,fillb,fillb_low_confidence_key,0.4855769230769231,7
W23,mid1,q_midw23_object_attributes_and_methods_v2,fillb,fillb_low_confidence_key,0.4855769230769231,6
W23,mid1,q_midw23_object_attributes_and_methods_v2,fillb,fillb_low_confidence_key,0.4855769230769231,5
W23,mid1,q_midw23_object_attributes_and_methods_v2,fillb,fillb_low_confidence_key,0.4855769230769231,5
W23,mid1,q_midw23_object_attributes_and_methods_v2,fillb,fillb_low_confidence_key,0.4855769230769231,5
W23,mid1,q_midw23_object_attributes_and_methods_v2,fillb,fillb_low_confidence_key,0.4855769230769231,11
W23,mid1,q_midw23_object_attributes_and_methods_v2,fillb,fillb_low_confidence_key,0.4855769230769231,2
W23,mid1,q_midw23_object_attributes_and_methods_v2,fillb,fillb_low_confidence_key,0.4855769230769231,3
W23,mid1,q_midw23_object_attributes_and_methods_v2,fillb,fillb_low_confidence_key,0.4855769230769231,1
W23,mid1,q_midw23_object_attributes_and_methods_v2,fillb,fillb_low_confidence_key,0.4855769230769231,2
W23,mid1,q_midw23_object_attributes_and_methods_v2,fillb,fillb_low_confidence_key,0.4855769230769231,7
W23,mid1,q_midw23_object_attributes_and_methods_v2,fillb,fillb_low_confidence_key,0.4855769230769231,3
W23,mid1,q_midw23_object_attributes_and_methods_v2,fillb,fillb_low_confidence_key,0.4855769230769231,3
W23,mid1,q_midw23_object_attributes_and_methods_v2,fillb,fillb_low_confidence_key,0.4855769230769231,3
W23,mid1,q_midw23_object_attributes_and_methods_v2,fillb,fillb_low_confidence_key,0.4855769230769231,4
W23,mid1,q_midw23_object_attributes_and_methods_v2,fillb,fillb_low_confidence_key,0.4855769230769231,1
W23,mid1,q_midw23_object_attributes_and_methods_v2,fillb,fillb_low_confidence_key,0.4855769230769231,3
W23,mid1,q_midw23_object_attributes_and_methods_v2,fillb,fillb_low_confidence_key,0.4855769230769231,5
W23,mid1,q_midw23_object_attributes_and_methods_v2,fillb,fillb_low_confidence_key,0.4855769230769231,3
W23,mid1,q_midw23_object_attributes_and_methods_v2,fillb,fillb_low_confidence_key,0.4855769230769231,5
W23,mid1,q_midw23_object_attributes_and_methods_v2,fillb,fillb_low_confidence_key,0.4855769230769231,3
W23,mid1,q_midw23_object_attributes_and_methods_v2,fillb,fillb_low_confidence_key,0.4855769230769231,8
W23,mid1,q_midw23_object_attributes_and_methods_v2,fillb,fillb_low_confidence_key,0.4855769230769231,5
W23,mid1,q_midw23_object_attributes_and_methods_v2,fillb,fillb_low_confidence_key,0.4855769230769231,3
W23,mid1,q_midw23_object_attributes_and_methods_v2,fillb,fillb_low_confidence_key,0.4855769230769231,3
W23,mid1,q_midw23_object_attributes_and_methods_v2,fillb,fillb_low_confidence_key,0.4855769230769231,2
W23,mid1,q_midw23_object_attributes_and_methods_v2,fillb,fillb_low_confidence_key,0.4855769230769231,1
W23,mid1,q_midw23_object_attributes_and_methods_v2,fillb,fillb_low_confidence_key,0.4855769230769231,4
W23,mid1,q_midw23_object_attributes_and_methods_v2,fillb,fillb_low_confidence_key,0.4855769230769231,3
W23,mid1,q_midw23_object_attributes_and_methods_v2,fillb,fillb_low_confidence_key,0.4855769230769231,3
W23,mid1,q_midw23_object_attributes_and_methods_v2,fillb,fillb_low_confidence_key,0.4855769230769231,2
W23,mid1,q_midw23_object_attributes_and_methods_v2,fillb,fillb_low_confidence_key,0.4855769230769231,1
W23,mid1,q_midw23_object_attributes_and_methods_v2,fillb,fillb_low_confidence_key,0.4855769230769231,1
W23,mid1,q_midw23_object_attributes_and_methods_v2,fillb,fillb_low_confidence_key,0.4855769230769231,1
W23,mid1,q_midw23_object_attributes_and_methods_v2,fillb,fillb_low_confidence_key,0.4855769230769231,1
W23,mid1,q_midw23_object_attributes_and_methods_v2,fillb,fillb_low_confidence_key,0.4855769230769231,5
W23,mid1,q_midw23_object_attributes_and_methods_v2,fillb,fillb_low_confidence_key,0.4855769230769231,2
W23,mid1,q_midw23_object_attributes_and_methods_v2,fillb,fillb_low_confidence_key,0.4855769230769231,6
W23,mid1,q_midw23_object_attributes_and_methods_v2,fillb,fillb_low_confidence_key,0.4855769230769231,2
W23,mid1,q_midw23_object_attributes_and_methods_v2,fillb,fillb_low_confidence_key,0.4855769230769231,4
W23,mid1,q_midw23_object_attributes_and_methods_v2,fillb,fillb_low_confidence_key,0.4855769230769231,1
W23,mid1,q_midw23_object_attributes_and_methods_v2,fillb,fillb_low_confidence_key,0.4855769230769231,11
W23,mid1,q_midw23_object_attributes_and_methods_v2,fillb,fillb_low_confidence_key,0.4855769230769231,4
W23,mid1,q_midw23_object_attributes_and_methods_v2,fillb,fillb_low_confidence_key,0.4855769230769231,1
W23,mid1,q_midw23_object_attributes_and_methods_v2,fillb,fillb_low_confidence_key,0.4855769230769231,2
W23,mid1,q_midw23_object_attributes_and_methods_v2,fillb,fillb_low_confidence_key,0.4855769230769231,4
W23,mid1,q_midw23_object_attributes_and_methods_v2,fillb,fillb_low_confidence_key,0.4855769230769231,6
W23,mid1,q_midw23_object_attributes_and_methods_v2,fillb,fillb_low_confidence_key,0.4855769230769231,2
W23,mid1,q_midw23_object_attributes_and_methods_v2,fillb,fillb_low_confidence_key,0.4855769230769231,1
W23,mid1,q_midw23_object_attributes_and_methods_v2,fillb,fillb_low_confidence_key,0.4855769230769231,9
W23,mid1,q_midw23_object_attributes_and_methods_v2,fillb,fillb_low_confidence_key,0.4855769230769231,1
W23,mid1,q_midw23_object_attributes_and_methods_v2,fillb,fillb_low_confidence_key,0.4855769230769231,3
W23,mid1,q_midw23_object_attributes_and_methods_v2,fillb,fillb_low_confidence_key,0.4855769230769231,7
W23,mid1,q_midw23_object_attributes_and_methods_v2,fillb,fillb_low_confidence_key,0.4855769230769231,13
W23,mid1,q_midw23_object_attributes_and_methods_v2,fillb,fillb_low_confidence_key,0.4855769230769231,4
W23,mid1,q_midw23_object_attributes_and_methods_v2,fillb,fillb_low_confidence_key,0.4855769230769231,7
W23,mid1,q_midw23_object_attributes_and_methods_v2,fillb,fillb_low_confidence_key,0.4855769230769231,6
W23,mid1,q_midw23_object_attributes_and_methods_v2,fillb,fillb_low_confidence_key,0.4855769230769231,7
W23,mid1,q_midw23_object_attributes_and_methods_v2,fillb,fillb_low_confidence_key,0.4855769230769231,9
W23,mid1,q_midw23_object_attributes_and_methods_v2,fillb,fillb_low_confidence_key,0.4855769230769231,6
W23,mid1,q_midw23_object_attributes_and_methods_v2,fillb,fillb_low_confidence_key,0.4855769230769231,2
W23,mid1,q_midw23_object_attributes_and_methods_v2,fillb,fillb_low_confidence_key,0.4855769230769231,3
W23,mid1,q_midw23_object_attributes_and_methods_v2,fillb,fillb_low_confidence_key,0.4855769230769231,6
W23,mid1,q_midw23_object_attributes_and_methods_v2,fillb,fillb_low_confidence_key,0.4855769230769231,2
W23,mid2,webAPI_fill1,fillb,fillb_low_confidence_key,0.5,2
W24,mid2,mid2_find_carrot_fib,fillb,fillb_low_confidence_key,0.25773195876288657,3
W24,mid2,mid2_find_carrot_fib,fillb,fillb_low_confidence_key,0.25773195876288657,3
W24,mid2,mid2_find_carrot_fib,fillb,fillb_low_confidence_key,0.25773195876288657,19
W24,mid2,mid2_find_carrot_fib,fillb,fillb_low_confidence_key,0.25773195876288657,3
W24,mid2,mid2_find_carrot_fib,fillb,fillb_low_confidence_key,0.25773195876288657,6
W24,mid2,mid2_find_carrot_fib,fillb,fillb_low_confidence_key,0.25773195876288657,1
W24,mid2,mid2_find_carrot_fib,fillb,fillb_low_confidence_key,0.25773195876288657,1
W24,mid2,mid2_find_carrot_fib,fillb,fillb_low_confidence_key,0.25773195876288657,2
W24,mid2,mid2_find_carrot_fib,fillb,fillb_low_confidence_key,0.25773195876288657,3
W24,mid2,mid2_find_carrot_fib,fillb,fillb_low_confidence_key,0.25773195876288657,2
W24,mid2,mid2_find_carrot_fib,fillb,fillb_low_confidence_key,0.25773195876288657,1
W24,mid2,mid2_find_carrot_fib,fillb,fillb_low_confidence_key,0.25773195876288657,3
W24,mid2,mid2_find_carrot_fib,fillb,fillb_low_confidence_key,0.25773195876288657,2
W24,mid2,mid2_find_carrot_fib,fillb,fillb_low_confidence_key,0.25773195876288657,3
W24,mid2,mid2_find_carrot_fib,fillb,fillb_low_confidence_key,0.25773195876288657,3
W24,mid2,mid2_find_carrot_fib,fillb,fillb_low_confidence_key,0.25773195876288657,1
W24,mid2,mid2_find_carrot_fib,fillb,fillb_low_confidence_key,0.25773195876288657,2
W24,mid2,mid2_find_carrot_fib,fillb,fillb_low_confidence_key,0.25773195876288657,2
W24,mid2,mid2_find_carrot_fib,fillb,fillb_low_confidence_key,0.25773195876288657,1
W24,mid2,mid2_find_carrot_fib,fillb,fillb_low_confidence_key,0.25773195876288657,2
W24,mid2,mid2_find_carrot_fib,fillb,fillb_low_confidence_key,0.25773195876288657,1
W24,mid2,mid2_find_carrot_fib,fillb,fillb_low_confidence_key,0.25773195876288657,3
W24,mid2,mid2_find_carrot_fib,fillb,fillb_low_confidence_key,0.25773195876288657,2
W24,mid2,mid2_find_carrot_fib,fillb,fillb_low_confidence_key,0.25773195876288657,5
W24,mid2,mid2_find_carrot_fib,fillb,fillb_low_confidence_key,0.25773195876288657,2
W24,mid2,mid2_find_carrot_fib,fillb,fillb_low_confidence_key,0.25773195876288657,6
W24,mid2,mid2_find_carrot_fib,fillb,fillb_low_confidence_key,0.25773195876288657,1
W24,mid2,mid2_find_carrot_fib,fillb,fillb_low_confidence_key,0.25773195876288657,4
W24,mid2,mid2_find_carrot_fib,fillb,fillb_low_confidence_key,0.25773195876288657,7
W24,mid2,mid2_find_carrot_fib,fillb,fillb_low_confidence_key,0.25773195876288657,2
W24,mid2,mid2_find_carrot_fib,fillb,fillb_low_confidence_key,0.25773195876288657,2
W24,mid2,mid2_find_carrot_fib,fillb,fillb_low_confidence_key,0.25773195876288657,2
W24,mid2,mid2_find_carrot_fib,fillb,fillb_low_confidence_key,0.25773195876288657,3
W24,mid2,mid2_find_carrot_fib,fillb,fillb_low_confidence_key,0.25773195876288657,8
W24,mid2,mid2_find_carrot_fib,fillb,fillb_low_confidence_key,0.25773195876288657,1
W24,mid2,mid2_find_carrot_fib,fillb,fillb_low_confidence_key,0.25773195876288657,2
W24,mid2,mid2_find_carrot_fib,fillb,fillb_low_confidence_key,0.25773195876288657,2
W24,mid2,mid2_find_carrot_fib,fillb,fillb_low_confidence_key,0.25773195876288657,1
W24,mid2,mid2_find_carrot_fib,fillb,fillb_low_confidence_key,0.25773195876288657,2
W24,mid2,mid2_find_carrot_fib,fillb,fillb_low_confidence_key,0.25773195876288657,2
W24,mid2,mid2_find_carrot_fib,fillb,fillb_low_confidence_key,0.25773195876288657,2
W24,mid2,mid2_find_carrot_fib,fillb,fillb_low_confidence_key,0.25773195876288657,3
W24,mid2,mid2_find_carrot_fib,fillb,fillb_low_confidence_key,0.25773195876288657,1
W24,mid2,mid2_find_carrot_fib,fillb,fillb_low_confidence_key,0.25773195876288657,1
W24,mid2,mid2_find_carrot_fib,fillb,fillb_low_confidence_key,0.25773195876288657,2
W24,mid2,mid2_find_carrot_fib,fillb,fillb_low_confidence_key,0.25773195876288657,3
W24,mid2,mid2_find_carrot_fib,fillb,fillb_low_confidence_key,0.25773195876288657,1
W24,mid2,mid2_find_carrot_fib,fillb,fillb_low_confidence_key,0.25773195876288657,3
W24,mid2,mid2_find_carrot_fib,fillb,fillb_low_confidence_key,0.25773195876288657,14
W24,mid2,mid2_find_carrot_fib,fillb,fillb_low_confidence_key,0.25773195876288657,7
W24,mid2,mid2_find_carrot_fib,fillb,fillb_low_confidence_key,0.25773195876288657,1
W24,mid2,mid2_find_carrot_fib,fillb,fillb_low_confidence_key,0.25773195876288657,1
W24,mid2,mid2_find_carrot_fib,fillb,fillb_low_confidence_key,0.25773195876288657,2
W24,mid2,mid2_find_carrot_fib,fillb,fillb_low_confidence_key,0.25773195876288657,5
W24,mid2,mid2_find_carrot_fib,fillb,fillb_low_confidence_key,0.25773195876288657,1
W24,mid2,mid2_find_carrot_fib,fillb,fillb_low_confidence_key,0.25773195876288657,3
W24,mid2,mid2_find_carrot_fib,fillb,fillb_low_confidence_key,0.25773195876288657,1
W24,mid2,mid2_find_carrot_fib,fillb,fillb_low_confidence_key,0.25773195876288657,1
W24,mid2,mid2_find_carrot_fib,fillb,fillb_low_confidence_key,0.25773195876288657,9
W24,mid2,mid2_find_carrot_fib,fillb,fillb_low_confidence_key,0.25773195876288657,1
W24,mid2,mid2_find_carrot_fib,fillb,fillb_low_confidence_key,0.25773195876288657,1
W24,mid2,mid2_find_carrot_fib,fillb,fillb_low_confidence_key,0.25773195876288657,5
W24,mid2,mid2_find_carrot_fib,fillb,fillb_low_confidence_key,0.25773195876288657,2
W24,mid2,mid2_find_carrot_fib,fillb,fillb_low_confidence_key,0.25773195876288657,1
W24,mid2,mid2_find_carrot_fib,fillb,fillb_low_confidence_key,0.25773195876288657,5
W24,mid2,mid2_find_carrot_fib,fillb,fillb_low_confidence_key,0.25773195876288657,4
W24,mid2,mid2_find_carrot_fib,fillb,fillb_low_confidence_key,0.25773195876288657,2
W24,mid2,mid2_find_carrot_fib,fillb,fillb_low_confidence_key,0.25773195876288657,4
W24,mid2,mid2_find_carrot_fib,fillb,fillb_low_confidence_key,0.25773195876288657,5
W24,mid2,mid2_find_carrot_fib,fillb,fillb_low_confidence_key,0.25773195876288657,1
W24,mid2,mid2_find_carrot_fib,fillb,fillb_low_confidence_key,0.25773195876288657,1
W24,mid2,mid2_find_carrot_fib,fillb,fillb_low_confidence_key,0.25773195876288657,8
W24,mid2,mid2_find_carrot_fib,fillb,fillb_low_confidence_key,0.25773195876288657,1
W24,mid2,mid2_find_carrot_fib,fillb,fillb_low_confidence_key,0.25773195876288657,1
W24,mid2,mid2_find_carrot_fib,fillb,fillb_low_confidence_key,0.25773195876288657,3
W24,mid2,mid2_find_carrot_fib,fillb,fillb_low_confidence_key,0.25773195876288657,3
W24,mid2,mid2_find_carrot_fib,fillb,fillb_low_confidence_key,0.25773195876288657,1
W24,mid2,mid2_find_carrot_fib,fillb,fillb_low_confidence_key,0.25773195876288657,1
W24,mid2,mid2_find_carrot_fib,fillb,fillb_low_confidence_key,0.25773195876288657,3
W24,mid2,mid2_find_carrot_fib,fillb,fillb_low_confidence_key,0.25773195876288657,3
W24,mid2,mid2_find_carrot_fib,fillb,fillb_low_confidence_key,0.25773195876288657,5
W24,mid2,mid2_find_carrot_fib,fillb,fillb_low_confidence_key,0.25773195876288657,2
W24,mid2,mid2_find_carrot_fib,fillb,fillb_low_confidence_key,0.25773195876288657,2
W24,mid2,mid2_find_carrot_fib,fillb,fillb_low_confidence_key,0.25773195876288657,2
W24,mid2,mid2_find_carrot_fib,fillb,fillb_low_confidence_key,0.25773195876288657,1
W24,mid2,mid2_find_carrot_fib,fillb,fillb_low_confidence_key,0.25773195876288657,1
W24,mid2,mid2_find_carrot_fib,fillb,fillb_low_confidence_key,0.25773195876288657,7
W24,mid2,mid2_find_carrot_fib,fillb,fillb_low_confidence_key,0.25773195876288657,2
W24,mid2,mid2_find_carrot_fib,fillb,fillb_low_confidence_key,0.25773195876288657,1
W24,mid2,mid2_find_carrot_fib,fillb,fillb_low_confidence_key,0.25773195876288657,4
W24,mid2,mid2_find_carrot_fib,fillb,fillb_low_confidence_key,0.25773195876288657,4
W24,mid2,mid2_find_carrot_fib,fillb,fillb_low_confidence_key,0.25773195876288657,4
W24,mid2,mid2_find_carrot_fib,fillb,fillb_low_confidence_key,0.25773195876288657,2
W24,mid2,mid2_find_carrot_fib,fillb,fillb_low_confidence_key,0.25773195876288657,10
W24,mid2,mid2_find_carrot_fib,fillb,fillb_low_confidence_key,0.25773195876288657,7
W24,mid2,mid2_find_carrot_fib,fillb,fillb_low_confidence_key,0.25773195876288657,1
W24,mid2,mid2_find_carrot_fib,fillb,fillb_low_confidence_key,0.25773195876288657,1
W24,mid2,mid2_find_carrot_fib,fillb,fillb_low_confidence_key,0.25773195876288657,1
W24,mid2,mid2_find_carrot_fib,fillb,fillb_low_confidence_key,0.25773195876288657,3
W24,mid2,mid2_find_carrot_fib,fillb,fillb_low_confidence_key,0.25773195876288657,5
W24,mid2,mid2_find_carrot_fib,fillb,fillb_low_confidence_key,0.25773195876288657,4
W24,mid2,mid2_find_carrot_fib,fillb,fillb_low_confidence_key,0.25773195876288657,3
W24,mid2,mid2_find_carrot_fib,fillb,fillb_low_confidence_key,0.25773195876288657,3
W24,mid2,mid2_find_carrot_fib,fillb,fillb_low_confidence_key,0.25773195876288657,6
W24,mid2,mid2_find_carrot_fib,fillb,fillb_low_confidence_key,0.25773195876288657,1
W24,mid2,mid2_find_carrot_fib,fillb,fillb_low_confidence_key,0.25773195876288657,4
W24,mid2,mid2_find_carrot_fib,fillb,fillb_low_confidence_key,0.25773195876288657,2
W24,mid2,mid2_find_carrot_fib,fillb,fillb_low_confidence_key,0.25773195876288657,3
W24,mid2,mid2_find_carrot_fib,fillb,fillb_low_confidence_key,0.25773195876288657,4
W24,mid2,mid2_find_carrot_fib,fillb,fillb_low_confidence_key,0.25773195876288657,5
W24,mid2,mid2_find_carrot_fib,fillb,fillb_low_confidence_key,0.25773195876288657,3
W24,mid2,mid2_find_carrot_fib,fillb,fillb_low_confidence_key,0.25773195876288657,2
W24,mid2,mid2_find_carrot_fib,fillb,fillb_low_confidence_key,0.25773195876288657,2
W24,mid2,mid2_find_carrot_fib,fillb,fillb_low_confidence_key,0.25773195876288657,1
W24,mid2,mid2_find_carrot_fib,fillb,fillb_low_confidence_key,0.25773195876288657,2
W24,mid2,mid2_find_carrot_fib,fillb,fillb_low_confidence_key,0.25773195876288657,2
W24,mid2,mid2_find_carrot_fib,fillb,fillb_low_confidence_key,0.25773195876288657,6
W24,mid2,mid2_find_carrot_fib,fillb,fillb_low_confidence_key,0.25773195876288657,2
W24,mid2,mid2_find_carrot_fib,fillb,fillb_low_confidence_key,0.25773195876288657,7
W24,mid2,mid2_find_carrot_fib,fillb,fillb_low_confidence_key,0.25773195876288657,1
W24,mid2,mid2_find_carrot_fib,fillb,fillb_low_confidence_key,0.25773195876288657,3
W24,mid2,mid2_find_carrot_fib,fillb,fillb_low_confidence_key,0.25773195876288657,5
W24,mid2,mid2_find_carrot_fib,fillb,fillb_low_confidence_key,0.25773195876288657,2
W24,mid2,mid2_find_carrot_fib,fillb,fillb_low_confidence_key,0.25773195876288657,6
W24,mid2,mid2_find_carrot_fib,fillb,fillb_low_confidence_key,0.25773195876288657,3
W24,mid2,mid2_find_carrot_fib,fillb,fillb_low_confidence_key,0.25773195876288657,1
W24,mid2,mid2_find_carrot_fib,fillb,fillb_low_confidence_key,0.25773195876288657,3
W24,mid2,mid2_find_carrot_fib,fillb,fillb_low_confidence_key,0.25773195876288657,1
W24,mid2,mid2_find_carrot_fib,fillb,fillb_low_confidence_key,0.25773195876288657,1
W24,mid2,mid2_find_carrot_fib,fillb,fillb_low_confidence_key,0.25773195876288657,6
W24,mid2,mid2_find_carrot_fib,fillb,fillb_low_confidence_key,0.25773195876288657,4
W24,mid2,mid2_find_carrot_fib,fillb,fillb_low_confidence_key,0.25773195876288657,9
W24,mid2,mid2_find_carrot_fib,fillb,fillb_low_confidence_key,0.25773195876288657,5
W24,mid2,mid2_find_carrot_fib,fillb,fillb_low_confidence_key,0.25773195876288657,4
W24,mid2,mid2_find_carrot_fib,fillb,fillb_low_confidence_key,0.25773195876288657,1
W24,mid2,mid2_find_carrot_fib,fillb,fillb_low_confidence_key,0.25773195876288657,1
W24,mid2,mid2_find_carrot_fib,fillb,fillb_low_confidence_key,0.25773195876288657,3
W24,mid2,mid2_find_carrot_fib,fillb,fillb_low_confidence_key,0.25773195876288657,3
W24,mid2,mid2_find_carrot_fib,fillb,fillb_low_confidence_key,0.25773195876288657,3
W24,mid2,mid2_find_carrot_fib,fillb,fillb_low_confidence_key,0.25773195876288657,2
W24,mid2,mid2_find_carrot_fib,fillb,fillb_low_confidence_key,0.25773195876288657,2
W24,mid2,mid2_find_carrot_fib,fillb,fillb_low_confidence_key,0.25773195876288657,1
W24,mid2,mid2_find_carrot_fib,fillb,fillb_low_confidence_key,0.25773195876288657,4
W24,mid2,mid2_find_carrot_fib,fillb,fillb_low_confidence_key,0.25773195876288657,2
W24,mid2,mid2_find_carrot_fib,fillb,fillb_low_confidence_key,0.25773195876288657,2
W24,mid2,mid2_find_carrot_fib,fillb,fillb_low_confidence_key,0.25773195876288657,1
W24,mid2,mid2_find_carrot_fib,fillb,fillb_low_confidence_key,0.25773195876288657,3
W24,mid2,mid2_find_carrot_fib,fillb,fillb_low_confidence_key,0.25773195876288657,5
W24,mid2,mid2_find_carrot_fib,fillb,fillb_low_confidence_key,0.25773195876288657,3
W24,mid2,mid2_find_carrot_fib,fillb,fillb_low_confidence_key,0.25773195876288657,1
W24,mid2,mid2_find_carrot_fib,fillb,fillb_low_confidence_key,0.25773195876288657,2
W24,mid2,mid2_find_carrot_fib,fillb,fillb_low_confidence_key,0.25773195876288657,1
W24,mid2,mid2_find_carrot_fib,fillb,fillb_low_confidence_key,0.25773195876288657,2
W24,mid2,mid2_find_carrot_fib,fillb,fillb_low_confidence_key,0.25773195876288657,5
W24,mid2,mid2_find_carrot_fib,fillb,fillb_low_confidence_key,0.25773195876288657,1
W24,mid2,mid2_find_carrot_fib,fillb,fillb_low_confidence_key,0.25773195876288657,3
W24,mid2,mid2_find_carrot_fib,fillb,fillb_low_confidence_key,0.25773195876288657,3
W24,mid2,mid2_find_carrot_fib,fillb,fillb_low_confidence_key,0.25773195876288657,3
W24,mid2,mid2_find_carrot_fib,fillb,fillb_low_confidence_key,0.25773195876288657,2
W24,mid2,mid2_find_carrot_fib,fillb,fillb_low_confidence_key,0.25773195876288657,2
W24,mid2,mid2_find_carrot_fib,fillb,fillb_low_confidence_key,0.25773195876288657,4
W24,mid2,mid2_find_carrot_fib,fillb,fillb_low_confidence_key,0.25773195876288657,2
W24,mid2,mid2_find_carrot_fib,fillb,fillb_low_confidence_key,0.25773195876288657,2
W24,mid2,mid2_find_carrot_fib,fillb,fillb_low_confidence_key,0.25773195876288657,2
W24,mid2,mid2_find_carrot_fib,fillb,fillb_low_confidence_key,0.25773195876288657,1
W24,mid2,mid2_find_carrot_fib,fillb,fillb_low_confidence_key,0.25773195876288657,2
W24,mid2,mid2_find_carrot_fib,fillb,fillb_low_confidence_key,0.25773195876288657,5
W24,mid2,mid2_find_carrot_fib,fillb,fillb_low_confidence_key,0.25773195876288657,3
W24,mid2,mid2_find_carrot_fib,fillb,fillb_low_confidence_key,0.25773195876288657,7
W24,mid2,mid2_find_carrot_fib,fillb,fillb_low_confidence_key,0.25773195876288657,5
W24,mid2,mid2_find_carrot_fib,fillb,fillb_low_confidence_key,0.25773195876288657,2
W24,mid2,mid2_find_carrot_fib,fillb,fillb_low_confidence_key,0.25773195876288657,5
W24,mid2,mid2_find_carrot_fib,fillb,fillb_low_confidence_key,0.25773195876288657,2
W24,mid2,mid2_find_carrot_fib,fillb,fillb_low_confidence_key,0.25773195876288657,7
W24,mid2,mid2_find_carrot_fib,fillb,fillb_low_confidence_key,0.25773195876288657,1
W24,mid2,mid2_find_carrot_fib,fillb,fillb_low_confidence_key,0.25773195876288657,4
W24,mid2,mid2_find_carrot_fib,fillb,fillb_low_confidence_key,0.25773195876288657,4
W24,mid2,mid2_find_carrot_fib,fillb,fillb_low_confidence_key,0.25773195876288657,1
W24,mid2,mid2_find_carrot_fib,fillb,fillb_low_confidence_key,0.25773195876288657,1
W24,mid2,mid2_find_carrot_fib,fillb,fillb_low_confidence_key,0.25773195876288657,2
W24,mid2,mid2_find_carrot_fib,fillb,fillb_low_confidence_key,0.25773195876288657,3
W24,mid2,mid_2_html_attr_fill,fillb,fillb_low_confidence_key,0.5555555555555556,3
W24,mid2,mid_2_html_attr_fill,fillb,fillb_low_confidence_key,0.5555555555555556,2
W24,mid2,mid_2_html_attr_fill,fillb,fillb_low_confidence_key,0.5555555555555556,19
W24,mid2,mid_2_html_attr_fill,fillb,fillb_low_confidence_key,0.5555555555555556,3
W24,mid2,mid_2_html_attr_fill,fillb,fillb_low_confidence_key,0.5555555555555556,5
W24,mid2,mid_2_html_attr_fill,fillb,fillb_low_confidence_key,0.5555555555555556,1
W24,mid2,mid_2_html_attr_fill,fillb,fillb_low_confidence_key,0.5555555555555556,1
W24,mid2,mid_2_html_attr_fill,fillb,fillb_low_confidence_key,0.5555555555555556,2
W24,mid2,mid_2_html_attr_fill,fillb,fillb_low_confidence_key,0.5555555555555556,3
W24,mid2,mid_2_html_attr_fill,fillb,fillb_low_confidence_key,0.5555555555555556,1
W24,mid2,mid_2_html_attr_fill,fillb,fillb_low_confidence_key,0.5555555555555556,2
W24,mid2,mid_2_html_attr_fill,fillb,fillb_low_confidence_key,0.5555555555555556,4
W24,mid2,mid_2_html_attr_fill,fillb,fillb_low_confidence_key,0.5555555555555556,1
W24,mid2,mid_2_html_attr_fill,fillb,fillb_low_confidence_key,0.5555555555555556,3
W24,mid2,mid_2_html_attr_fill,fillb,fillb_low_confidence_key,0.5555555555555556,3
W24,mid2,mid_2_html_attr_fill,fillb,fillb_low_confidence_key,0.5555555555555556,1
W24,mid2,mid_2_html_attr_fill,fillb,fillb_low_confidence_key,0.5555555555555556,2
W24,mid2,mid_2_html_attr_fill,fillb,fillb_low_confidence_key,0.5555555555555556,1
W24,mid2,mid_2_html_attr_fill,fillb,fillb_low_confidence_key,0.5555555555555556,1
W24,mid2,mid_2_html_attr_fill,fillb,fillb_low_confidence_key,0.5555555555555556,2
W24,mid2,mid_2_html_attr_fill,fillb,fillb_low_confidence_key,0.5555555555555556,7
W24,mid2,mid_2_html_attr_fill,fillb,fillb_low_confidence_key,0.5555555555555556,2
W24,mid2,mid_2_html_attr_fill,fillb,fillb_low_confidence_key,0.5555555555555556,4
W24,mid2,mid_2_html_attr_fill,fillb,fillb_low_confidence_key,0.5555555555555556,2
W24,mid2,mid_2_html_attr_fill,fillb,fillb_low_confidence_key,0.5555555555555556,1
W24,mid2,mid_2_html_attr_fill,fillb,fillb_low_confidence_key,0.5555555555555556,3
W24,mid2,mid_2_html_attr_fill,fillb,fillb_low_confidence_key,0.5555555555555556,4
W24,mid2,mid_2_html_attr_fill,fillb,fillb_low_confidence_key,0.5555555555555556,2
W24,mid2,mid_2_html_attr_fill,fillb,fillb_low_confidence_key,0.5555555555555556,1
W24,mid2,mid_2_html_attr_fill,fillb,fillb_low_confidence_key,0.5555555555555556,7
W24,mid2,mid_2_html_attr_fill,fillb,fillb_low_confidence_key,0.5555555555555556,3
W24,mid2,mid_2_html_attr_fill,fillb,fillb_low_confidence_key,0.5555555555555556,3
W24,mid2,mid_2_html_attr_fill,fillb,fillb_low_confidence_key,0.5555555555555556,2
W24,mid2,mid_2_html_attr_fill,fillb,fillb_low_confidence_key,0.5555555555555556,3
W24,mid2,mid_2_html_attr_fill,fillb,fillb_low_confidence_key,0.5555555555555556,4
W24,mid2,mid_2_html_attr_fill,fillb,fillb_low_confidence_key,0.5555555555555556,1
W24,mid2,mid_2_html_attr_fill,fillb,fillb_low_confidence_key,0.5555555555555556,2
W24,mid2,mid_2_html_attr_fill,fillb,fillb_low_confidence_key,0.5555555555555556,1
W24,mid2,mid_2_html_attr_fill,fillb,fillb_low_confidence_key,0.5555555555555556,1
W24,mid2,mid_2_html_attr_fill,fillb,fillb_low_confidence_key,0.5555555555555556,2
W24,mid2,mid_2_html_attr_fill,fillb,fillb_low_confidence_key,0.5555555555555556,2
W24,mid2,mid_2_html_attr_fill,fillb,fillb_low_confidence_key,0.5555555555555556,2
W24,mid2,mid_2_html_attr_fill,fillb,fillb_low_confidence_key,0.5555555555555556,2
W24,mid2,mid_2_html_attr_fill,fillb,fillb_low_confidence_key,0.5555555555555556,1
W24,mid2,mid_2_html_attr_fill,fillb,fillb_low_confidence_key,0.5555555555555556,1
W24,mid2,mid_2_html_attr_fill,fillb,fillb_low_confidence_key,0.5555555555555556,1
W24,mid2,mid_2_html_attr_fill,fillb,fillb_low_confidence_key,0.5555555555555556,3
W24,mid2,mid_2_html_attr_fill,fillb,fillb_low_confidence_key,0.5555555555555556,1
W24,mid2,mid_2_html_attr_fill,fillb,fillb_low_confidence_key,0.5555555555555556,4
W24,mid2,mid_2_html_attr_fill,fillb,fillb_low_confidence_key,0.5555555555555556,17
W24,mid2,mid_2_html_attr_fill,fillb,fillb_low_confidence_key,0.5555555555555556,5
W24,mid2,mid_2_html_attr_fill,fillb,fillb_low_confidence_key,0.5555555555555556,2
W24,mid2,mid_2_html_attr_fill,fillb,fillb_low_confidence_key,0.5555555555555556,1
W24,mid2,mid_2_html_attr_fill,fillb,fillb_low_confidence_key,0.5555555555555556,2
W24,mid2,mid_2_html_attr_fill,fillb,fillb_low_confidence_key,0.5555555555555556,4
W24,mid2,mid_2_html_attr_fill,fillb,fillb_low_confidence_key,0.5555555555555556,1
W24,mid2,mid_2_html_attr_fill,fillb,fillb_low_confidence_key,0.5555555555555556,1
W24,mid2,mid_2_html_attr_fill,fillb,fillb_low_confidence_key,0.5555555555555556,1
W24,mid2,mid_2_html_attr_fill,fillb,fillb_low_confidence_key,0.5555555555555556,3
W24,mid2,mid_2_html_attr_fill,fillb,fillb_low_confidence_key,0.5555555555555556,9
W24,mid2,mid_2_html_attr_fill,fillb,fillb_low_confidence_key,0.5555555555555556,1
W24,mid2,mid_2_html_attr_fill,fillb,fillb_low_confidence_key,0.5555555555555556,1
W24,mid2,mid_2_html_attr_fill,fillb,fillb_low_confidence_key,0.5555555555555556,7
W24,mid2,mid_2_html_attr_fill,fillb,fillb_low_confidence_key,0.5555555555555556,2
W24,mid2,mid_2_html_attr_fill,fillb,fillb_low_confidence_key,0.5555555555555556,2
W24,mid2,mid_2_html_attr_fill,fillb,fillb_low_confidence_key,0.5555555555555556,4
W24,mid2,mid_2_html_attr_fill,fillb,fillb_low_confidence_key,0.5555555555555556,3
W24,mid2,mid_2_html_attr_fill,fillb,fillb_low_confidence_key,0.5555555555555556,2
W24,mid2,mid_2_html_attr_fill,fillb,fillb_low_confidence_key,0.5555555555555556,2
W24,mid2,mid_2_html_attr_fill,fillb,fillb_low_confidence_key,0.5555555555555556,3
W24,mid2,mid_2_html_attr_fill,fillb,fillb_low_confidence_key,0.5555555555555556,1
W24,mid2,mid_2_html_attr_fill,fillb,fillb_low_confidence_key,0.5555555555555556,1
W24,mid2,mid_2_html_attr_fill,fillb,fillb_low_confidence_key,0.5555555555555556,2
W24,mid2,mid_2_html_attr_fill,fillb,fillb_low_confidence_key,0.5555555555555556,1
W24,mid2,mid_2_html_attr_fill,fillb,fillb_low_confidence_key,0.5555555555555556,1
W24,mid2,mid_2_html_attr_fill,fillb,fillb_low_confidence_key,0.5555555555555556,2
W24,mid2,mid_2_html_attr_fill,fillb,fillb_low_confidence_key,0.5555555555555556,4
W24,mid2,mid_2_html_attr_fill,fillb,fillb_low_confidence_key,0.5555555555555556,1
W24,mid2,mid_2_html_attr_fill,fillb,fillb_low_confidence_key,0.5555555555555556,1
W24,mid2,mid_2_html_attr_fill,fillb,fillb_low_confidence_key,0.5555555555555556,3
W24,mid2,mid_2_html_attr_fill,fillb,fillb_low_confidence_key,0.5555555555555556,4
W24,mid2,mid_2_html_attr_fill,fillb,fillb_low_confidence_key,0.5555555555555556,1
W24,mid2,mid_2_html_attr_fill,fillb,fillb_low_confidence_key,0.5555555555555556,4
W24,mid2,mid_2_html_attr_fill,fillb,fillb_low_confidence_key,0.5555555555555556,1
W24,mid2,mid_2_html_attr_fill,fillb,fillb_low_confidence_key,0.5555555555555556,5
W24,mid2,mid_2_html_attr_fill,fillb,fillb_low_confidence_key,0.5555555555555556,1
W24,mid2,mid_2_html_attr_fill,fillb,fillb_low_confidence_key,0.5555555555555556,2
W24,mid2,mid_2_html_attr_fill,fillb,fillb_low_confidence_key,0.5555555555555556,2
W24,mid2,mid_2_html_attr_fill,fillb,fillb_low_confidence_key,0.5555555555555556,1
W24,mid2,mid_2_html_attr_fill,fillb,fillb_low_confidence_key,0.5555555555555556,1
W24,mid2,mid_2_html_attr_fill,fillb,fillb_low_confidence_key,0.5555555555555556,5
W24,mid2,mid_2_html_attr_fill,fillb,fillb_low_confidence_key,0.5555555555555556,5
W24,mid2,mid_2_html_attr_fill,fillb,fillb_low_confidence_key,0.5555555555555556,4
W24,mid2,mid_2_html_attr_fill,fillb,fillb_low_confidence_key,0.5555555555555556,2
W24,mid2,mid_2_html_attr_fill,fillb,fillb_low_confidence_key,0.5555555555555556,13
W24,mid2,mid_2_html_attr_fill,fillb,fillb_low_confidence_key,0.5555555555555556,1
W24,mid2,mid_2_html_attr_fill,fillb,fillb_low_confidence_key,0.5555555555555556,1
W24,mid2,mid_2_html_attr_fill,fillb,fillb_low_confidence_key,0.5555555555555556,1
W24,mid2,mid_2_html_attr_fill,fillb,fillb_low_confidence_key,0.5555555555555556,2
W24,mid2,mid_2_html_attr_fill,fillb,fillb_low_confidence_key,0.5555555555555556,2
W24,mid2,mid_2_html_attr_fill,fillb,fillb_low_confidence_key,0.5555555555555556,3
W24,mid2,mid_2_html_attr_fill,fillb,fillb_low_confidence_key,0.5555555555555556,1
W24,mid2,mid_2_html_attr_fill,fillb,fillb_low_confidence_key,0.5555555555555556,2
W24,mid2,mid_2_html_attr_fill,fillb,fillb_low_confidence_key,0.5555555555555556,4
W24,mid2,mid_2_html_attr_fill,fillb,fillb_low_confidence_key,0.5555555555555556,2
W24,mid2,mid_2_html_attr_fill,fillb,fillb_low_confidence_key,0.5555555555555556,1
W24,mid2,mid_2_html_attr_fill,fillb,fillb_low_confidence_key,0.5555555555555556,2
W24,mid2,mid_2_html_attr_fill,fillb,fillb_low_confidence_key,0.5555555555555556,2
W24,mid2,mid_2_html_attr_fill,fillb,fillb_low_confidence_key,0.5555555555555556,2
W24,mid2,mid_2_html_attr_fill,fillb,fillb_low_confidence_key,0.5555555555555556,4
W24,mid2,mid_2_html_attr_fill,fillb,fillb_low_confidence_key,0.5555555555555556,1
W24,mid2,mid_2_html_attr_fill,fillb,fillb_low_confidence_key,0.5555555555555556,2
W24,mid2,mid_2_html_attr_fill,fillb,fillb_low_confidence_key,0.5555555555555556,2
W24,mid2,mid_2_html_attr_fill,fillb,fillb_low_confidence_key,0.5555555555555556,4
W24,mid2,mid_2_html_attr_fill,fillb,fillb_low_confidence_key,0.5555555555555556,1
W24,mid2,mid_2_html_attr_fill,fillb,fillb_low_confidence_key,0.5555555555555556,2
W24,mid2,mid_2_html_attr_fill,fillb,fillb_low_confidence_key,0.5555555555555556,1
W24,mid2,mid_2_html_attr_fill,fillb,fillb_low_confidence_key,0.5555555555555556,3
W24,mid2,mid_2_html_attr_fill,fillb,fillb_low_confidence_key,0.5555555555555556,1
W24,mid2,mid_2_html_attr_fill,fillb,fillb_low_confidence_key,0.5555555555555556,6
W24,mid2,mid_2_html_attr_fill,fillb,fillb_low_confidence_key,0.5555555555555556,1
W24,mid2,mid_2_html_attr_fill,fillb,fillb_low_confidence_key,0.5555555555555556,2
W24,mid2,mid_2_html_attr_fill,fillb,fillb_low_confidence_key,0.5555555555555556,2
W24,mid2,mid_2_html_attr_fill,fillb,fillb_low_confidence_key,0.5555555555555556,3
W24,mid2,mid_2_html_attr_fill,fillb,fillb_low_confidence_key,0.5555555555555556,6
W24,mid2,mid_2_html_attr_fill,fillb,fillb_low_confidence_key,0.5555555555555556,3
W24,mid2,mid_2_html_attr_fill,fillb,fillb_low_confidence_key,0.5555555555555556,1
W24,mid2,mid_2_html_attr_fill,fillb,fillb_low_confidence_key,0.5555555555555556,2
W24,mid2,mid_2_html_attr_fill,fillb,fillb_low_confidence_key,0.5555555555555556,1
W24,mid2,mid_2_html_attr_fill,fillb,fillb_low_confidence_key,0.5555555555555556,1
W24,mid2,mid_2_html_attr_fill,fillb,fillb_low_confidence_key,0.5555555555555556,6
W24,mid2,mid_2_html_attr_fill,fillb,fillb_low_confidence_key,0.5555555555555556,2
W24,mid2,mid_2_html_attr_fill,fillb,fillb_low_confidence_key,0.5555555555555556,8
W24,mid2,mid_2_html_attr_fill,fillb,fillb_low_confidence_key,0.5555555555555556,3
W24,mid2,mid_2_html_attr_fill,fillb,fillb_low_confidence_key,0.5555555555555556,2
W24,mid2,mid_2_html_attr_fill,fillb,fillb_low_confidence_key,0.5555555555555556,1
W24,mid2,mid_2_html_attr_fill,fillb,fillb_low_confidence_key,0.5555555555555556,1
W24,mid2,mid_2_html_attr_fill,fillb,fillb_low_confidence_key,0.5555555555555556,4
W24,mid2,mid_2_html_attr_fill,fillb,fillb_low_confidence_key,0.5555555555555556,2
W24,mid2,mid_2_html_attr_fill,fillb,fillb_low_confidence_key,0.5555555555555556,1
W24,mid2,mid_2_html_attr_fill,fillb,fillb_low_confidence_key,0.5555555555555556,2
W24,mid2,mid_2_html_attr_fill,fillb,fillb_low_confidence_key,0.5555555555555556,2
W24,mid2,mid_2_html_attr_fill,fillb,fillb_low_confidence_key,0.5555555555555556,1
W24,mid2,mid_2_html_attr_fill,fillb,fillb_low_confidence_key,0.5555555555555556,2
W24,mid2,mid_2_html_attr_fill,fillb,fillb_low_confidence_key,0.5555555555555556,2
W24,mid2,mid_2_html_attr_fill,fillb,fillb_low_confidence_key,0.5555555555555556,1
W24,mid2,mid_2_html_attr_fill,fillb,fillb_low_confidence_key,0.5555555555555556,1
W24,mid2,mid_2_html_attr_fill,fillb,fillb_low_confidence_key,0.5555555555555556,4
W24,mid2,mid_2_html_attr_fill,fillb,fillb_low_confidence_key,0.5555555555555556,5
W24,mid2,mid_2_html_attr_fill,fillb,fillb_low_confidence_key,0.5555555555555556,9
W24,mid2,mid_2_html_attr_fill,fillb,fillb_low_confidence_key,0.5555555555555556,2
W24,mid2,mid_2_html_attr_fill,fillb,fillb_low_confidence_key,0.5555555555555556,1
W24,mid2,mid_2_html_attr_fill,fillb,fillb_low_confidence_key,0.5555555555555556,4
W24,mid2,mid_2_html_attr_fill,fillb,fillb_low_confidence_key,0.5555555555555556,5
W24,mid2,mid_2_html_attr_fill,fillb,fillb_low_confidence_key,0.5555555555555556,2
W24,mid2,mid_2_html_attr_fill,fillb,fillb_low_confidence_key,0.5555555555555556,2
W24,mid2,mid_2_html_attr_fill,fillb,fillb_low_confidence_key,0.5555555555555556,1
W24,mid2,mid_2_html_attr_fill,fillb,fillb_low_confidence_key,0.5555555555555556,3
W24,mid2,mid_2_html_attr_fill,fillb,fillb_low_confidence_key,0.5555555555555556,2
W24,mid2,mid_2_html_attr_fill,fillb,fillb_low_confidence_key,0.5555555555555556,1
W24,mid2,mid_2_html_attr_fill,fillb,fillb_low_confidence_key,0.5555555555555556,6
W24,mid2,mid_2_html_attr_fill,fillb,fillb_low_confidence_key,0.5555555555555556,2
W24,mid2,mid_2_html_attr_fill,fillb,fillb_low_confidence_key,0.5555555555555556,3
W24,mid2,mid_2_html_attr_fill,fillb,fillb_low_confidence_key,0.5555555555555556,2
W24,mid2,mid_2_html_attr_fill,fillb,fillb_low_confidence_key,0.5555555555555556,3
W24,mid2,mid_2_html_attr_fill,fillb,fillb_low_confidence_key,0.5555555555555556,1
W24,mid2,mid_2_html_attr_fill,fillb,fillb_low_confidence_key,0.5555555555555556,1
W24,mid2,mid_2_html_attr_fill,fillb,fillb_low_confidence_key,0.5555555555555556,2
W24,mid2,mid_2_html_attr_fill,fillb,fillb_low_confidence_key,0.5555555555555556,2
W24,mid2,mid_2_html_attr_fill,fillb,fillb_low_confidence_key,0.5555555555555556,6
W24,mid2,mid_2_html_attr_fill,fillb,fillb_low_confidence_key,0.5555555555555556,5
W24,mid2,mid_2_html_attr_fill,fillb,fillb_low_confidence_key,0.5555555555555556,2
W24,mid2,mid_2_html_attr_fill,fillb,fillb_low_confidence_key,0.5555555555555556,2
W24,mid2,mid_2_html_attr_fill,fillb,fillb_low_confidence_key,0.5555555555555556,3
W24,mid2,mid_2_html_attr_fill,fillb,fillb_low_confidence_key,0.5555555555555556,2
W24,mid2,mid_2_html_attr_fill,fillb,fillb_low_confidence_key,0.5555555555555556,2
W24,mid2,mid_2_html_attr_fill,fillb,fillb_low_confidence_key,0.5555555555555556,3
W24,mid2,mid_2_html_attr_fill,fillb,fillb_low_confidence_key,0.5555555555555556,3
W24,mid2,mid_2_html_attr_fill,fillb,fillb_low_confidence_key,0.5555555555555556,1
W24,mid2,mid_2_html_attr_fill,fillb,fillb_low_confidence_key,0.5555555555555556,1
W24,mid2,mid_2_html_attr_fill,fillb,fillb_low_confidence_key,0.5555555555555556,1
W24,mid2,mid_2_html_attr_fill,fillb,fillb_low_confidence_key,0.5555555555555556,3
W24,mid1,q_midf21_several_ifs_fitb,fillb,fillb_low_confidence_key,0.6442307692307693,3
W24,mid1,q_midf21_several_ifs_fitb,fillb,fillb_low_confidence_key,0.6442307692307693,2
W24,mid1,q_midf21_several_ifs_fitb,fillb,fillb_low_confidence_key,0.6442307692307693,1
W24,mid1,q_midf21_several_ifs_fitb,fillb,fillb_low_confidence_key,0.6442307692307693,4
W24,mid1,q_midf21_several_ifs_fitb,fillb,fillb_low_confidence_key,0.6442307692307693,7
W24,mid1,q_midf21_several_ifs_fitb,fillb,fillb_low_confidence_key,0.6442307692307693,4
W24,mid1,q_midf21_several_ifs_fitb,fillb,fillb_low_confidence_key,0.6442307692307693,3
W24,mid1,q_midf21_several_ifs_fitb,fillb,fillb_low_confidence_key,0.6442307692307693,3
W24,mid1,q_midf21_several_ifs_fitb,fillb,fillb_low_confidence_key,0.6442307692307693,2
W24,mid1,q_midf21_several_ifs_fitb,fillb,fillb_low_confidence_key,0.6442307692307693,5
W24,mid1,q_midf21_several_ifs_fitb,fillb,fillb_low_confidence_key,0.6442307692307693,1
W24,mid1,q_midf21_several_ifs_fitb,fillb,fillb_low_confidence_key,0.6442307692307693,5
W24,mid1,q_midf21_several_ifs_fitb,fillb,fillb_low_confidence_key,0.6442307692307693,2
W24,mid1,q_midf21_several_ifs_fitb,fillb,fillb_low_confidence_key,0.6442307692307693,5
W24,mid1,q_midf21_several_ifs_fitb,fillb,fillb_low_confidence_key,0.6442307692307693,1
W24,mid1,q_midf21_several_ifs_fitb,fillb,fillb_low_confidence_key,0.6442307692307693,7
W24,mid1,q_midf21_several_ifs_fitb,fillb,fillb_low_confidence_key,0.6442307692307693,2
W24,mid1,q_midf21_several_ifs_fitb,fillb,fillb_low_confidence_key,0.6442307692307693,1
W24,mid1,q_midf21_several_ifs_fitb,fillb,fillb_low_confidence_key,0.6442307692307693,5
W24,mid1,q_midf21_several_ifs_fitb,fillb,fillb_low_confidence_key,0.6442307692307693,1
W24,mid1,q_midf21_several_ifs_fitb,fillb,fillb_low_confidence_key,0.6442307692307693,2
W24,mid1,q_midf21_several_ifs_fitb,fillb,fillb_low_confidence_key,0.6442307692307693,1
W24,mid1,q_midf21_several_ifs_fitb,fillb,fillb_low_confidence_key,0.6442307692307693,4
W24,mid1,q_midf21_several_ifs_fitb,fillb,fillb_low_confidence_key,0.6442307692307693,6
W24,mid1,q_midf21_several_ifs_fitb,fillb,fillb_low_confidence_key,0.6442307692307693,4
W24,mid1,q_midf21_several_ifs_fitb,fillb,fillb_low_confidence_key,0.6442307692307693,3
W24,mid1,q_midf21_several_ifs_fitb,fillb,fillb_low_confidence_key,0.6442307692307693,2
W24,mid1,q_midf21_several_ifs_fitb,fillb,fillb_low_confidence_key,0.6442307692307693,5
W24,mid1,q_midf21_several_ifs_fitb,fillb,fillb_low_confidence_key,0.6442307692307693,2
W24,mid1,q_midf21_several_ifs_fitb,fillb,fillb_low_confidence_key,0.6442307692307693,1
W24,mid1,q_midf21_several_ifs_fitb,fillb,fillb_low_confidence_key,0.6442307692307693,11
W24,mid1,q_midf21_several_ifs_fitb,fillb,fillb_low_confidence_key,0.6442307692307693,3
W24,mid1,q_midf21_several_ifs_fitb,fillb,fillb_low_confidence_key,0.6442307692307693,3
W24,mid1,q_midf21_several_ifs_fitb,fillb,fillb_low_confidence_key,0.6442307692307693,4
W24,mid1,q_midf21_several_ifs_fitb,fillb,fillb_low_confidence_key,0.6442307692307693,1
W24,mid1,q_midf21_several_ifs_fitb,fillb,fillb_low_confidence_key,0.6442307692307693,6
W24,mid1,q_midf21_several_ifs_fitb,fillb,fillb_low_confidence_key,0.6442307692307693,2
W24,mid1,q_midf21_several_ifs_fitb,fillb,fillb_low_confidence_key,0.6442307692307693,2
W24,mid1,q_midf21_several_ifs_fitb,fillb,fillb_low_confidence_key,0.6442307692307693,3
W24,mid1,q_midf21_several_ifs_fitb,fillb,fillb_low_confidence_key,0.6442307692307693,3
W24,mid1,q_midf21_several_ifs_fitb,fillb,fillb_low_confidence_key,0.6442307692307693,1
W24,mid1,q_midf21_several_ifs_fitb,fillb,fillb_low_confidence_key,0.6442307692307693,2
W24,mid1,q_midf21_several_ifs_fitb,fillb,fillb_low_confidence_key,0.6442307692307693,2
W24,mid1,q_midf21_several_ifs_fitb,fillb,fillb_low_confidence_key,0.6442307692307693,2
W24,mid1,q_midf21_several_ifs_fitb,fillb,fillb_low_confidence_key,0.6442307692307693,3
W24,mid1,q_midf21_several_ifs_fitb,fillb,fillb_low_confidence_key,0.6442307692307693,3
W24,mid1,q_midf21_several_ifs_fitb,fillb,fillb_low_confidence_key,0.6442307692307693,3
W24,mid1,q_midf21_several_ifs_fitb,fillb,fillb_low_confidence_key,0.6442307692307693,1
W24,mid1,q_midf21_several_ifs_fitb,fillb,fillb_low_confidence_key,0.6442307692307693,1
W24,mid1,q_midf21_several_ifs_fitb,fillb,fillb_low_confidence_key,0.6442307692307693,1
W24,mid1,q_midf21_several_ifs_fitb,fillb,fillb_low_confidence_key,0.6442307692307693,10
W24,mid1,q_midf21_several_ifs_fitb,fillb,fillb_low_confidence_key,0.6442307692307693,3
W24,mid1,q_midf21_several_ifs_fitb,fillb,fillb_low_confidence_key,0.6442307692307693,2
W24,mid1,q_midf21_several_ifs_fitb,fillb,fillb_low_confidence_key,0.6442307692307693,2
W24,mid1,q_midf21_several_ifs_fitb,fillb,fillb_low_confidence_key,0.6442307692307693,3
W24,mid1,q_midf21_several_ifs_fitb,fillb,fillb_low_confidence_key,0.6442307692307693,2
W24,mid1,q_midf21_several_ifs_fitb,fillb,fillb_low_confidence_key,0.6442307692307693,1
W24,mid1,q_midf21_several_ifs_fitb,fillb,fillb_low_confidence_key,0.6442307692307693,2
W24,mid1,q_midf21_several_ifs_fitb,fillb,fillb_low_confidence_key,0.6442307692307693,1
W24,mid1,q_midf21_several_ifs_fitb,fillb,fillb_low_confidence_key,0.6442307692307693,2
W24,mid1,q_midf21_several_ifs_fitb,fillb,fillb_low_confidence_key,0.6442307692307693,3
W24,mid1,q_midf21_several_ifs_fitb,fillb,fillb_low_confidence_key,0.6442307692307693,3
W24,mid1,q_midf21_several_ifs_fitb,fillb,fillb_low_confidence_key,0.6442307692307693,2
W24,mid1,q_midf21_several_ifs_fitb,fillb,fillb_low_confidence_key,0.6442307692307693,4
W24,mid1,q_midf21_several_ifs_fitb,fillb,fillb_low_confidence_key,0.6442307692307693,1
W24,mid1,q_midf21_several_ifs_fitb,fillb,fillb_low_confidence_key,0.6442307692307693,3
W24,mid1,q_midf21_several_ifs_fitb,fillb,fillb_low_confidence_key,0.6442307692307693,4
W24,mid1,q_midf21_several_ifs_fitb,fillb,fillb_low_confidence_key,0.6442307692307693,1
W24,mid1,q_midf21_several_ifs_fitb,fillb,fillb_low_confidence_key,0.6442307692307693,7
W24,mid1,q_midf21_several_ifs_fitb,fillb,fillb_low_confidence_key,0.6442307692307693,5
W24,mid1,q_midf21_several_ifs_fitb,fillb,fillb_low_confidence_key,0.6442307692307693,7
W24,mid1,q_midf21_several_ifs_fitb,fillb,fillb_low_confidence_key,0.6442307692307693,2
W24,mid1,q_midf21_several_ifs_fitb,fillb,fillb_low_confidence_key,0.6442307692307693,1
W24,mid1,q_midf21_several_ifs_fitb,fillb,fillb_low_confidence_key,0.6442307692307693,1
W24,mid1,q_midf21_several_ifs_fitb,fillb,fillb_low_confidence_key,0.6442307692307693,3
W24,mid1,q_midf21_several_ifs_fitb,fillb,fillb_low_confidence_key,0.6442307692307693,1
W24,mid1,q_midf21_several_ifs_fitb,fillb,fillb_low_confidence_key,0.6442307692307693,6
W24,mid1,q_midf21_several_ifs_fitb,fillb,fillb_low_confidence_key,0.6442307692307693,5
W24,mid1,q_midf21_several_ifs_fitb,fillb,fillb_low_confidence_key,0.6442307692307693,1
W24,mid1,q_midf21_several_ifs_fitb,fillb,fillb_low_confidence_key,0.6442307692307693,1
W24,mid1,q_midf21_several_ifs_fitb,fillb,fillb_low_confidence_key,0.6442307692307693,1
W24,mid1,q_midf21_several_ifs_fitb,fillb,fillb_low_confidence_key,0.6442307692307693,3
W24,mid1,q_midf21_several_ifs_fitb,fillb,fillb_low_confidence_key,0.6442307692307693,4
W24,mid1,q_midf21_several_ifs_fitb,fillb,fillb_low_confidence_key,0.6442307692307693,2
W24,mid1,q_midf21_several_ifs_fitb,fillb,fillb_low_confidence_key,0.6442307692307693,6
W24,mid1,q_midf21_several_ifs_fitb,fillb,fillb_low_confidence_key,0.6442307692307693,6
W24,mid1,q_midf21_several_ifs_fitb,fillb,fillb_low_confidence_key,0.6442307692307693,1
W24,mid1,q_midf21_several_ifs_fitb,fillb,fillb_low_confidence_key,0.6442307692307693,3
W24,mid1,q_midf21_several_ifs_fitb,fillb,fillb_low_confidence_key,0.6442307692307693,2
W24,mid1,q_midf21_several_ifs_fitb,fillb,fillb_low_confidence_key,0.6442307692307693,1
W24,mid1,q_midf21_several_ifs_fitb,fillb,fillb_low_confidence_key,0.6442307692307693,1
W24,mid1,q_midf21_several_ifs_fitb,fillb,fillb_low_confidence_key,0.6442307692307693,3
W24,mid1,q_midf21_several_ifs_fitb,fillb,fillb_low_confidence_key,0.6442307692307693,2
W24,mid1,q_midf21_several_ifs_fitb,fillb,fillb_low_confidence_key,0.6442307692307693,5
W24,mid1,q_midf21_several_ifs_fitb,fillb,fillb_low_confidence_key,0.6442307692307693,1
W24,mid1,q_midf21_several_ifs_fitb,fillb,fillb_low_confidence_key,0.6442307692307693,2
W24,mid1,q_midf21_several_ifs_fitb,fillb,fillb_low_confidence_key,0.6442307692307693,1
W24,mid1,q_midf21_several_ifs_fitb,fillb,fillb_low_confidence_key,0.6442307692307693,1
W24,mid1,q_midf21_several_ifs_fitb,fillb,fillb_low_confidence_key,0.6442307692307693,2
W24,mid1,q_midf21_several_ifs_fitb,fillb,fillb_low_confidence_key,0.6442307692307693,3
W24,mid1,q_midf21_several_ifs_fitb,fillb,fillb_low_confidence_key,0.6442307692307693,2
W24,mid1,q_midf21_several_ifs_fitb,fillb,fillb_low_confidence_key,0.6442307692307693,3
W24,mid1,q_midf21_several_ifs_fitb,fillb,fillb_low_confidence_key,0.6442307692307693,7
W24,mid1,q_midf21_several_ifs_fitb,fillb,fillb_low_confidence_key,0.6442307692307693,2
W24,mid1,q_midf21_several_ifs_fitb,fillb,fillb_low_confidence_key,0.6442307692307693,1
W24,mid1,q_midf21_several_ifs_fitb,fillb,fillb_low_confidence_key,0.6442307692307693,7
W24,mid1,q_midf21_several_ifs_fitb,fillb,fillb_low_confidence_key,0.6442307692307693,1
W24,mid1,q_midf21_several_ifs_fitb,fillb,fillb_low_confidence_key,0.6442307692307693,3
W24,mid1,q_midf21_several_ifs_fitb,fillb,fillb_low_confidence_key,0.6442307692307693,3
W24,mid1,q_midf21_several_ifs_fitb,fillb,fillb_low_confidence_key,0.6442307692307693,4
W24,mid1,q_midf21_several_ifs_fitb,fillb,fillb_low_confidence_key,0.6442307692307693,5
W24,mid1,q_midf21_several_ifs_fitb,fillb,fillb_low_confidence_key,0.6442307692307693,6
W24,mid1,q_midf21_several_ifs_fitb,fillb,fillb_low_confidence_key,0.6442307692307693,1
W24,mid1,q_midf21_several_ifs_fitb,fillb,fillb_low_confidence_key,0.6442307692307693,7
W24,mid1,q_midf21_several_ifs_fitb,fillb,fillb_low_confidence_key,0.6442307692307693,1
W24,mid1,q_midf21_several_ifs_fitb,fillb,fillb_low_confidence_key,0.6442307692307693,4
W24,mid1,q_midf21_several_ifs_fitb,fillb,fillb_low_confidence_key,0.6442307692307693,6
W24,mid1,q_midf21_several_ifs_fitb,fillb,fillb_low_confidence_key,0.6442307692307693,1
W24,mid1,q_midf21_several_ifs_fitb,fillb,fillb_low_confidence_key,0.6442307692307693,1
W24,mid1,q_midf21_several_ifs_fitb,fillb,fillb_low_confidence_key,0.6442307692307693,2
W24,mid1,q_midf21_several_ifs_fitb,fillb,fillb_low_confidence_key,0.6442307692307693,4
W24,mid1,q_midf21_several_ifs_fitb,fillb,fillb_low_confidence_key,0.6442307692307693,2
W24,mid1,q_midf21_several_ifs_fitb,fillb,fillb_low_confidence_key,0.6442307692307693,2
W24,mid1,q_midf21_several_ifs_fitb,fillb,fillb_low_confidence_key,0.6442307692307693,6
W24,mid1,q_midf21_several_ifs_fitb,fillb,fillb_low_confidence_key,0.6442307692307693,4
W24,mid1,q_midf21_several_ifs_fitb,fillb,fillb_low_confidence_key,0.6442307692307693,2
W24,mid1,q_midf21_several_ifs_fitb,fillb,fillb_low_confidence_key,0.6442307692307693,3
W24,mid1,q_midf21_several_ifs_fitb,fillb,fillb_low_confidence_key,0.6442307692307693,1
W24,mid1,q_midf21_several_ifs_fitb,fillb,fillb_low_confidence_key,0.6442307692307693,2
W24,mid1,q_midf21_several_ifs_fitb,fillb,fillb_low_confidence_key,0.6442307692307693,2
W24,mid1,q_midf21_several_ifs_fitb,fillb,fillb_low_confidence_key,0.6442307692307693,2
W24,mid1,q_midf21_several_ifs_fitb,fillb,fillb_low_confidence_key,0.6442307692307693,1
W24,mid1,q_midf21_several_ifs_fitb,fillb,fillb_low_confidence_key,0.6442307692307693,1
W24,mid1,q_midf21_several_ifs_fitb,fillb,fillb_low_confidence_key,0.6442307692307693,1
W24,mid1,q_midf21_several_ifs_fitb,fillb,fillb_low_confidence_key,0.6442307692307693,2
W24,mid1,q_midf21_several_ifs_fitb,fillb,fillb_low_confidence_key,0.6442307692307693,3
W24,mid1,q_midf21_several_ifs_fitb,fillb,fillb_low_confidence_key,0.6442307692307693,1
W24,mid1,q_midf21_several_ifs_fitb,fillb,fillb_low_confidence_key,0.6442307692307693,1
W24,mid1,q_midf21_several_ifs_fitb,fillb,fillb_low_confidence_key,0.6442307692307693,3
W24,mid1,q_midf21_several_ifs_fitb,fillb,fillb_low_confidence_key,0.6442307692307693,7
W24,mid1,q_midf21_several_ifs_fitb,fillb,fillb_low_confidence_key,0.6442307692307693,3
W24,mid1,q_midf21_several_ifs_fitb,fillb,fillb_low_confidence_key,0.6442307692307693,2
W24,mid1,q_midf21_several_ifs_fitb,fillb,fillb_low_confidence_key,0.6442307692307693,1
W24,mid1,q_midf21_several_ifs_fitb,fillb,fillb_low_confidence_key,0.6442307692307693,3
W24,mid1,q_midf21_several_ifs_fitb,fillb,fillb_low_confidence_key,0.6442307692307693,2
W24,mid1,q_midf21_several_ifs_fitb,fillb,fillb_low_confidence_key,0.6442307692307693,2
W24,mid1,q_midf21_several_ifs_fitb,fillb,fillb_low_confidence_key,0.6442307692307693,1
W24,mid1,q_midf21_several_ifs_fitb,fillb,fillb_low_confidence_key,0.6442307692307693,2
W24,mid1,q_midf21_several_ifs_fitb,fillb,fillb_low_confidence_key,0.6442307692307693,4
W24,mid1,q_midf21_several_ifs_fitb,fillb,fillb_low_confidence_key,0.6442307692307693,2
W24,mid1,q_midf21_several_ifs_fitb,fillb,fillb_low_confidence_key,0.6442307692307693,8
W24,mid1,q_midf21_several_ifs_fitb,fillb,fillb_low_confidence_key,0.6442307692307693,4
W24,mid1,q_midf21_several_ifs_fitb,fillb,fillb_low_confidence_key,0.6442307692307693,1
W24,mid1,q_midf21_several_ifs_fitb,fillb,fillb_low_confidence_key,0.6442307692307693,3
W24,mid1,q_midf21_several_ifs_fitb,fillb,fillb_low_confidence_key,0.6442307692307693,2
W24,mid1,q_midf21_several_ifs_fitb,fillb,fillb_low_confidence_key,0.6442307692307693,1
W24,mid1,q_midf21_several_ifs_fitb,fillb,fillb_low_confidence_key,0.6442307692307693,2
W24,mid1,q_midf21_several_ifs_fitb,fillb,fillb_low_confidence_key,0.6442307692307693,3
W24,mid1,q_midf21_several_ifs_fitb,fillb,fillb_low_confidence_key,0.6442307692307693,1
W24,mid1,q_midf21_several_ifs_fitb,fillb,fillb_low_confidence_key,0.6442307692307693,3
W24,mid1,q_midf21_several_ifs_fitb,fillb,fillb_low_confidence_key,0.6442307692307693,2
W24,mid1,q_midf21_several_ifs_fitb,fillb,fillb_low_confidence_key,0.6442307692307693,3
W24,mid1,q_midf21_several_ifs_fitb,fillb,fillb_low_confidence_key,0.6442307692307693,3
W24,mid1,q_midf21_several_ifs_fitb,fillb,fillb_low_confidence_key,0.6442307692307693,4
W24,mid1,q_midf21_several_ifs_fitb,fillb,fillb_low_confidence_key,0.6442307692307693,4
W24,mid1,q_midf21_several_ifs_fitb,fillb,fillb_low_confidence_key,0.6442307692307693,1
W24,mid1,q_midf21_several_ifs_fitb,fillb,fillb_low_confidence_key,0.6442307692307693,1
W24,mid1,q_midf21_several_ifs_fitb,fillb,fillb_low_confidence_key,0.6442307692307693,1
W24,mid1,q_midf21_several_ifs_fitb,fillb,fillb_low_confidence_key,0.6442307692307693,6
W24,mid1,q_midf21_several_ifs_fitb,fillb,fillb_low_confidence_key,0.6442307692307693,5
W24,mid1,q_midf21_several_ifs_fitb,fillb,fillb_low_confidence_key,0.6442307692307693,7
W24,mid1,q_midf21_several_ifs_fitb,fillb,fillb_low_confidence_key,0.6442307692307693,1
W24,mid1,q_midf21_several_ifs_fitb,fillb,fillb_low_confidence_key,0.6442307692307693,2
W24,mid1,q_midf21_several_ifs_fitb,fillb,fillb_low_confidence_key,0.6442307692307693,1
W24,mid1,q_midf21_several_ifs_fitb,fillb,fillb_low_confidence_key,0.6442307692307693,2
W24,mid1,q_midf21_several_ifs_fitb,fillb,fillb_low_confidence_key,0.6442307692307693,3
W24,mid1,q_midf21_several_ifs_fitb,fillb,fillb_low_confidence_key,0.6442307692307693,2
W24,mid1,q_midf21_several_ifs_fitb,fillb,fillb_low_confidence_key,0.6442307692307693,6
W24,mid1,q_midf21_several_ifs_fitb,fillb,fillb_low_confidence_key,0.6442307692307693,4
W24,mid1,q_midf21_several_ifs_fitb,fillb,fillb_low_confidence_key,0.6442307692307693,2
W24,mid1,q_midf21_several_ifs_fitb,fillb,fillb_low_confidence_key,0.6442307692307693,3
W24,mid1,q_midf21_several_ifs_fitb,fillb,fillb_low_confidence_key,0.6442307692307693,1
W24,mid1,q_midf21_several_ifs_fitb,fillb,fillb_low_confidence_key,0.6442307692307693,5
W24,mid1,q_midw23_object_attributes_and_methods_v2,fillb,fillb_low_confidence_key,0.4855769230769231,3
W24,mid1,q_midw23_object_attributes_and_methods_v2,fillb,fillb_low_confidence_key,0.4855769230769231,3
W24,mid1,q_midw23_object_attributes_and_methods_v2,fillb,fillb_low_confidence_key,0.4855769230769231,2
W24,mid1,q_midw23_object_attributes_and_methods_v2,fillb,fillb_low_confidence_key,0.4855769230769231,2
W24,mid1,q_midw23_object_attributes_and_methods_v2,fillb,fillb_low_confidence_key,0.4855769230769231,7
W24,mid1,q_midw23_object_attributes_and_methods_v2,fillb,fillb_low_confidence_key,0.4855769230769231,2
W24,mid1,q_midw23_object_attributes_and_methods_v2,fillb,fillb_low_confidence_key,0.4855769230769231,2
W24,mid1,q_midw23_object_attributes_and_methods_v2,fillb,fillb_low_confidence_key,0.4855769230769231,3
W24,mid1,q_midw23_object_attributes_and_methods_v2,fillb,fillb_low_confidence_key,0.4855769230769231,2
W24,mid1,q_midw23_object_attributes_and_methods_v2,fillb,fillb_low_confidence_key,0.4855769230769231,5
W24,mid1,q_midw23_object_attributes_and_methods_v2,fillb,fillb_low_confidence_key,0.4855769230769231,1
W24,mid1,q_midw23_object_attributes_and_methods_v2,fillb,fillb_low_confidence_key,0.4855769230769231,4
W24,mid1,q_midw23_object_attributes_and_methods_v2,fillb,fillb_low_confidence_key,0.4855769230769231,2
W24,mid1,q_midw23_object_attributes_and_methods_v2,fillb,fillb_low_confidence_key,0.4855769230769231,3
W24,mid1,q_midw23_object_attributes_and_methods_v2,fillb,fillb_low_confidence_key,0.4855769230769231,1
W24,mid1,q_midw23_object_attributes_and_methods_v2,fillb,fillb_low_confidence_key,0.4855769230769231,5
W24,mid1,q_midw23_object_attributes_and_methods_v2,fillb,fillb_low_confidence_key,0.4855769230769231,4
W24,mid1,q_midw23_object_attributes_and_methods_v2,fillb,fillb_low_confidence_key,0.4855769230769231,2
W24,mid1,q_midw23_object_attributes_and_methods_v2,fillb,fillb_low_confidence_key,0.4855769230769231,5
W24,mid1,q_midw23_object_attributes_and_methods_v2,fillb,fillb_low_confidence_key,0.4855769230769231,2
W24,mid1,q_midw23_object_attributes_and_methods_v2,fillb,fillb_low_confidence_key,0.4855769230769231,3
W24,mid1,q_midw23_object_attributes_and_methods_v2,fillb,fillb_low_confidence_key,0.4855769230769231,1
W24,mid1,q_midw23_object_attributes_and_methods_v2,fillb,fillb_low_confidence_key,0.4855769230769231,3
W24,mid1,q_midw23_object_attributes_and_methods_v2,fillb,fillb_low_confidence_key,0.4855769230769231,5
W24,mid1,q_midw23_object_attributes_and_methods_v2,fillb,fillb_low_confidence_key,0.4855769230769231,4
W24,mid1,q_midw23_object_attributes_and_methods_v2,fillb,fillb_low_confidence_key,0.4855769230769231,3
W24,mid1,q_midw23_object_attributes_and_methods_v2,fillb,fillb_low_confidence_key,0.4855769230769231,2
W24,mid1,q_midw23_object_attributes_and_methods_v2,fillb,fillb_low_confidence_key,0.4855769230769231,8
W24,mid1,q_midw23_object_attributes_and_methods_v2,fillb,fillb_low_confidence_key,0.4855769230769231,4
W24,mid1,q_midw23_object_attributes_and_methods_v2,fillb,fillb_low_confidence_key,0.4855769230769231,2
W24,mid1,q_midw23_object_attributes_and_methods_v2,fillb,fillb_low_confidence_key,0.4855769230769231,14
W24,mid1,q_midw23_object_attributes_and_methods_v2,fillb,fillb_low_confidence_key,0.4855769230769231,4
W24,mid1,q_midw23_object_attributes_and_methods_v2,fillb,fillb_low_confidence_key,0.4855769230769231,2
W24,mid1,q_midw23_object_attributes_and_methods_v2,fillb,fillb_low_confidence_key,0.4855769230769231,4
W24,mid1,q_midw23_object_attributes_and_methods_v2,fillb,fillb_low_confidence_key,0.4855769230769231,1
W24,mid1,q_midw23_object_attributes_and_methods_v2,fillb,fillb_low_confidence_key,0.4855769230769231,4
W24,mid1,q_midw23_object_attributes_and_methods_v2,fillb,fillb_low_confidence_key,0.4855769230769231,2
W24,mid1,q_midw23_object_attributes_and_methods_v2,fillb,fillb_low_confidence_key,0.4855769230769231,4
W24,mid1,q_midw23_object_attributes_and_methods_v2,fillb,fillb_low_confidence_key,0.4855769230769231,8
W24,mid1,q_midw23_object_attributes_and_methods_v2,fillb,fillb_low_confidence_key,0.4855769230769231,5
W24,mid1,q_midw23_object_attributes_and_methods_v2,fillb,fillb_low_confidence_key,0.4855769230769231,1
W24,mid1,q_midw23_object_attributes_and_methods_v2,fillb,fillb_low_confidence_key,0.4855769230769231,3
W24,mid1,q_midw23_object_attributes_and_methods_v2,fillb,fillb_low_confidence_key,0.4855769230769231,2
W24,mid1,q_midw23_object_attributes_and_methods_v2,fillb,fillb_low_confidence_key,0.4855769230769231,2
W24,mid1,q_midw23_object_attributes_and_methods_v2,fillb,fillb_low_confidence_key,0.4855769230769231,3
W24,mid1,q_midw23_object_attributes_and_methods_v2,fillb,fillb_low_confidence_key,0.4855769230769231,3
W24,mid1,q_midw23_object_attributes_and_methods_v2,fillb,fillb_low_confidence_key,0.4855769230769231,3
W24,mid1,q_midw23_object_attributes_and_methods_v2,fillb,fillb_low_confidence_key,0.4855769230769231,1
W24,mid1,q_midw23_object_attributes_and_methods_v2,fillb,fillb_low_confidence_key,0.4855769230769231,1
W24,mid1,q_midw23_object_attributes_and_methods_v2,fillb,fillb_low_confidence_key,0.4855769230769231,1
W24,mid1,q_midw23_object_attributes_and_methods_v2,fillb,fillb_low_confidence_key,0.4855769230769231,11
W24,mid1,q_midw23_object_attributes_and_methods_v2,fillb,fillb_low_confidence_key,0.4855769230769231,2
W24,mid1,q_midw23_object_attributes_and_methods_v2,fillb,fillb_low_confidence_key,0.4855769230769231,3
W24,mid1,q_midw23_object_attributes_and_methods_v2,fillb,fillb_low_confidence_key,0.4855769230769231,4
W24,mid1,q_midw23_object_attributes_and_methods_v2,fillb,fillb_low_confidence_key,0.4855769230769231,2
W24,mid1,q_midw23_object_attributes_and_methods_v2,fillb,fillb_low_confidence_key,0.4855769230769231,2
W24,mid1,q_midw23_object_attributes_and_methods_v2,fillb,fillb_low_confidence_key,0.4855769230769231,2
W24,mid1,q_midw23_object_attributes_and_methods_v2,fillb,fillb_low_confidence_key,0.4855769230769231,1
W24,mid1,q_midw23_object_attributes_and_methods_v2,fillb,fillb_low_confidence_key,0.4855769230769231,5
W24,mid1,q_midw23_object_attributes_and_methods_v2,fillb,fillb_low_confidence_key,0.4855769230769231,2
W24,mid1,q_midw23_object_attributes_and_methods_v2,fillb,fillb_low_confidence_key,0.4855769230769231,3
W24,mid1,q_midw23_object_attributes_and_methods_v2,fillb,fillb_low_confidence_key,0.4855769230769231,4
W24,mid1,q_midw23_object_attributes_and_methods_v2,fillb,fillb_low_confidence_key,0.4855769230769231,1
W24,mid1,q_midw23_object_attributes_and_methods_v2,fillb,fillb_low_confidence_key,0.4855769230769231,3
W24,mid1,q_midw23_object_attributes_and_methods_v2,fillb,fillb_low_confidence_key,0.4855769230769231,3
W24,mid1,q_midw23_object_attributes_and_methods_v2,fillb,fillb_low_confidence_key,0.4855769230769231,3
W24,mid1,q_midw23_object_attributes_and_methods_v2,fillb,fillb_low_confidence_key,0.4855769230769231,3
W24,mid1,q_midw23_object_attributes_and_methods_v2,fillb,fillb_low_confidence_key,0.4855769230769231,3
W24,mid1,q_midw23_object_attributes_and_methods_v2,fillb,fillb_low_confidence_key,0.4855769230769231,5
W24,mid1,q_midw23_object_attributes_and_methods_v2,fillb,fillb_low_confidence_key,0.4855769230769231,5
W24,mid1,q_midw23_object_attributes_and_methods_v2,fillb,fillb_low_confidence_key,0.4855769230769231,9
W24,mid1,q_midw23_object_attributes_and_methods_v2,fillb,fillb_low_confidence_key,0.4855769230769231,6
W24,mid1,q_midw23_object_attributes_and_methods_v2,fillb,fillb_low_confidence_key,0.4855769230769231,1
W24,mid1,q_midw23_object_attributes_and_methods_v2,fillb,fillb_low_confidence_key,0.4855769230769231,1
W24,mid1,q_midw23_object_attributes_and_methods_v2,fillb,fillb_low_confidence_key,0.4855769230769231,2
W24,mid1,q_midw23_object_attributes_and_methods_v2,fillb,fillb_low_confidence_key,0.4855769230769231,2
W24,mid1,q_midw23_object_attributes_and_methods_v2,fillb,fillb_low_confidence_key,0.4855769230769231,1
W24,mid1,q_midw23_object_attributes_and_methods_v2,fillb,fillb_low_confidence_key,0.4855769230769231,6
W24,mid1,q_midw23_object_attributes_and_methods_v2,fillb,fillb_low_confidence_key,0.4855769230769231,1
W24,mid1,q_midw23_object_attributes_and_methods_v2,fillb,fillb_low_confidence_key,0.4855769230769231,1
W24,mid1,q_midw23_object_attributes_and_methods_v2,fillb,fillb_low_confidence_key,0.4855769230769231,5
W24,mid1,q_midw23_object_attributes_and_methods_v2,fillb,fillb_low_confidence_key,0.4855769230769231,6
W24,mid1,q_midw23_object_attributes_and_methods_v2,fillb,fillb_low_confidence_key,0.4855769230769231,3
W24,mid1,q_midw23_object_attributes_and_methods_v2,fillb,fillb_low_confidence_key,0.4855769230769231,2
W24,mid1,q_midw23_object_attributes_and_methods_v2,fillb,fillb_low_confidence_key,0.4855769230769231,10
W24,mid1,q_midw23_object_attributes_and_methods_v2,fillb,fillb_low_confidence_key,0.4855769230769231,6
W24,mid1,q_midw23_object_attributes_and_methods_v2,fillb,fillb_low_confidence_key,0.4855769230769231,1
W24,mid1,q_midw23_object_attributes_and_methods_v2,fillb,fillb_low_confidence_key,0.4855769230769231,3
W24,mid1,q_midw23_object_attributes_and_methods_v2,fillb,fillb_low_confidence_key,0.4855769230769231,2
W24,mid1,q_midw23_object_attributes_and_methods_v2,fillb,fillb_low_confidence_key,0.4855769230769231,1
W24,mid1,q_midw23_object_attributes_and_methods_v2,fillb,fillb_low_confidence_key,0.4855769230769231,1
W24,mid1,q_midw23_object_attributes_and_methods_v2,fillb,fillb_low_confidence_key,0.4855769230769231,2
W24,mid1,q_midw23_object_attributes_and_methods_v2,fillb,fillb_low_confidence_key,0.4855769230769231,2
W24,mid1,q_midw23_object_attributes_and_methods_v2,fillb,fillb_low_confidence_key,0.4855769230769231,5
W24,mid1,q_midw23_object_attributes_and_methods_v2,fillb,fillb_low_confidence_key,0.4855769230769231,1
W24,mid1,q_midw23_object_attributes_and_methods_v2,fillb,fillb_low_confidence_key,0.4855769230769231,4
W24,mid1,q_midw23_object_attributes_and_methods_v2,fillb,fillb_low_confidence_key,0.4855769230769231,5
W24,mid1,q_midw23_object_attributes_and_methods_v2,fillb,fillb_low_confidence_key,0.4855769230769231,1
W24,mid1,q_midw23_object_attributes_and_methods_v2,fillb,fillb_low_confidence_key,0.4855769230769231,2
W24,mid1,q_midw23_object_attributes_and_methods_v2,fillb,fillb_low_confidence_key,0.4855769230769231,6
W24,mid1,q_midw23_object_attributes_and_methods_v2,fillb,fillb_low_confidence_key,0.4855769230769231,4
W24,mid1,q_midw23_object_attributes_and_methods_v2,fillb,fillb_low_confidence_key,0.4855769230769231,3
W24,mid1,q_midw23_object_attributes_and_methods_v2,fillb,fillb_low_confidence_key,0.4855769230769231,4
W24,mid1,q_midw23_object_attributes_and_methods_v2,fillb,fillb_low_confidence_key,0.4855769230769231,2
W24,mid1,q_midw23_object_attributes_and_methods_v2,fillb,fillb_low_confidence_key,0.4855769230769231,1
W24,mid1,q_midw23_object_attributes_and_methods_v2,fillb,fillb_low_confidence_key,0.4855769230769231,4
W24,mid1,q_midw23_object_attributes_and_methods_v2,fillb,fillb_low_confidence_key,0.4855769230769231,1
W24,mid1,q_midw23_object_attributes_and_methods_v2,fillb,fillb_low_confidence_key,0.4855769230769231,2
W24,mid1,q_midw23_object_attributes_and_methods_v2,fillb,fillb_low_confidence_key,0.4855769230769231,3
W24,mid1,q_midw23_object_attributes_and_methods_v2,fillb,fillb_low_confidence_key,0.4855769230769231,6
W24,mid1,q_midw23_object_attributes_and_methods_v2,fillb,fillb_low_confidence_key,0.4855769230769231,4
W24,mid1,q_midw23_object_attributes_and_methods_v2,fillb,fillb_low_confidence_key,0.4855769230769231,6
W24,mid1,q_midw23_object_attributes_and_methods_v2,fillb,fillb_low_confidence_key,0.4855769230769231,1
W24,mid1,q_midw23_object_attributes_and_methods_v2,fillb,fillb_low_confidence_key,0.4855769230769231,5
W24,mid1,q_midw23_object_attributes_and_methods_v2,fillb,fillb_low_confidence_key,0.4855769230769231,1
W24,mid1,q_midw23_object_attributes_and_methods_v2,fillb,fillb_low_confidence_key,0.4855769230769231,4
W24,mid1,q_midw23_object_attributes_and_methods_v2,fillb,fillb_low_confidence_key,0.4855769230769231,4
W24,mid1,q_midw23_object_attributes_and_methods_v2,fillb,fillb_low_confidence_key,0.4855769230769231,1
W24,mid1,q_midw23_object_attributes_and_methods_v2,fillb,fillb_low_confidence_key,0.4855769230769231,1
W24,mid1,q_midw23_object_attributes_and_methods_v2,fillb,fillb_low_confidence_key,0.4855769230769231,2
W24,mid1,q_midw23_object_attributes_and_methods_v2,fillb,fillb_low_confidence_key,0.4855769230769231,5
W24,mid1,q_midw23_object_attributes_and_methods_v2,fillb,fillb_low_confidence_key,0.4855769230769231,1
W24,mid1,q_midw23_object_attributes_and_methods_v2,fillb,fillb_low_confidence_key,0.4855769230769231,1
W24,mid1,q_midw23_object_attributes_and_methods_v2,fillb,fillb_low_confidence_key,0.4855769230769231,3
W24,mid1,q_midw23_object_attributes_and_methods_v2,fillb,fillb_low_confidence_key,0.4855769230769231,3
W24,mid1,q_midw23_object_attributes_and_methods_v2,fillb,fillb_low_confidence_key,0.4855769230769231,2
W24,mid1,q_midw23_object_attributes_and_methods_v2,fillb,fillb_low_confidence_key,0.4855769230769231,3
W24,mid1,q_midw23_object_attributes_and_methods_v2,fillb,fillb_low_confidence_key,0.4855769230769231,2
W24,mid1,q_midw23_object_attributes_and_methods_v2,fillb,fillb_low_confidence_key,0.4855769230769231,9
W24,mid1,q_midw23_object_attributes_and_methods_v2,fillb,fillb_low_confidence_key,0.4855769230769231,3
W24,mid1,q_midw23_object_attributes_and_methods_v2,fillb,fillb_low_confidence_key,0.4855769230769231,3
W24,mid1,q_midw23_object_attributes_and_methods_v2,fillb,fillb_low_confidence_key,0.4855769230769231,1
W24,mid1,q_midw23_object_attributes_and_methods_v2,fillb,fillb_low_confidence_key,0.4855769230769231,2
W24,mid1,q_midw23_object_attributes_and_methods_v2,fillb,fillb_low_confidence_key,0.4855769230769231,1
W24,mid1,q_midw23_object_attributes_and_methods_v2,fillb,fillb_low_confidence_key,0.4855769230769231,2
W24,mid1,q_midw23_object_attributes_and_methods_v2,fillb,fillb_low_confidence_key,0.4855769230769231,3
W24,mid1,q_midw23_object_attributes_and_methods_v2,fillb,fillb_low_confidence_key,0.4855769230769231,2
W24,mid1,q_midw23_object_attributes_and_methods_v2,fillb,fillb_low_confidence_key,0.4855769230769231,1
W24,mid1,q_midw23_object_attributes_and_methods_v2,fillb,fillb_low_confidence_key,0.4855769230769231,5
W24,mid1,q_midw23_object_attributes_and_methods_v2,fillb,fillb_low_confidence_key,0.4855769230769231,6
W24,mid1,q_midw23_object_attributes_and_methods_v2,fillb,fillb_low_confidence_key,0.4855769230769231,4
W24,mid1,q_midw23_object_attributes_and_methods_v2,fillb,fillb_low_confidence_key,0.4855769230769231,2
W24,mid1,q_midw23_object_attributes_and_methods_v2,fillb,fillb_low_confidence_key,0.4855769230769231,1
W24,mid1,q_midw23_object_attributes_and_methods_v2,fillb,fillb_low_confidence_key,0.4855769230769231,2
W24,mid1,q_midw23_object_attributes_and_methods_v2,fillb,fillb_low_confidence_key,0.4855769230769231,2
W24,mid1,q_midw23_object_attributes_and_methods_v2,fillb,fillb_low_confidence_key,0.4855769230769231,2
W24,mid1,q_midw23_object_attributes_and_methods_v2,fillb,fillb_low_confidence_key,0.4855769230769231,1
W24,mid1,q_midw23_object_attributes_and_methods_v2,fillb,fillb_low_confidence_key,0.4855769230769231,2
W24,mid1,q_midw23_object_attributes_and_methods_v2,fillb,fillb_low_confidence_key,0.4855769230769231,5
W24,mid1,q_midw23_object_attributes_and_methods_v2,fillb,fillb_low_confidence_key,0.4855769230769231,2
W24,mid1,q_midw23_object_attributes_and_methods_v2,fillb,fillb_low_confidence_key,0.4855769230769231,5
W24,mid1,q_midw23_object_attributes_and_methods_v2,fillb,fillb_low_confidence_key,0.4855769230769231,4
W24,mid1,q_midw23_object_attributes_and_methods_v2,fillb,fillb_low_confidence_key,0.4855769230769231,2
W24,mid1,q_midw23_object_attributes_and_methods_v2,fillb,fillb_low_confidence_key,0.4855769230769231,2
W24,mid1,q_midw23_object_attributes_and_methods_v2,fillb,fillb_low_confidence_key,0.4855769230769231,2
W24,mid1,q_midw23_object_attributes_and_methods_v2,fillb,fillb_low_confidence_key,0.4855769230769231,1
W24,mid1,q_midw23_object_attributes_and_methods_v2,fillb,fillb_low_confidence_key,0.4855769230769231,4
W24,mid1,q_midw23_object_attributes_and_methods_v2,fillb,fillb_low_confidence_key,0.4855769230769231,8
W24,mid1,q_midw23_object_attributes_and_methods_v2,fillb,fillb_low_confidence_key,0.4855769230769231,1
W24,mid1,q_midw23_object_attributes_and_methods_v2,fillb,fillb_low_confidence_key,0.4855769230769231,1
W24,mid1,q_midw23_object_attributes_and_methods_v2,fillb,fillb_low_confidence_key,0.4855769230769231,1
W24,mid1,q_midw23_object_attributes_and_methods_v2,fillb,fillb_low_confidence_key,0.4855769230769231,4
W24,mid1,q_midw23_object_attributes_and_methods_v2,fillb,fillb_low_confidence_key,0.4855769230769231,1
W24,mid1,q_midw23_object_attributes_and_methods_v2,fillb,fillb_low_confidence_key,0.4855769230769231,2
W24,mid1,q_midw23_object_attributes_and_methods_v2,fillb,fillb_low_confidence_key,0.4855769230769231,2
W24,mid1,q_midw23_object_attributes_and_methods_v2,fillb,fillb_low_confidence_key,0.4855769230769231,1
W24,mid1,q_midw23_object_attributes_and_methods_v2,fillb,fillb_low_confidence_key,0.4855769230769231,1
W24,mid1,q_midw23_object_attributes_and_methods_v2,fillb,fillb_low_confidence_key,0.4855769230769231,3
W24,mid1,q_midw23_object_attributes_and_methods_v2,fillb,fillb_low_confidence_key,0.4855769230769231,5
W24,mid1,q_midw23_object_attributes_and_methods_v2,fillb,fillb_low_confidence_key,0.4855769230769231,2
W24,mid1,q_midw23_object_attributes_and_methods_v2,fillb,fillb_low_confidence_key,0.4855769230769231,1
W24,mid1,q_midw23_object_attributes_and_methods_v2,fillb,fillb_low_confidence_key,0.4855769230769231,1
W24,mid1,q_midw23_object_attributes_and_methods_v2,fillb,fillb_low_confidence_key,0.4855769230769231,1
W24,mid1,q_midw23_object_attributes_and_methods_v2,fillb,fillb_low_confidence_key,0.4855769230769231,1
W24,mid1,q_midw23_object_attributes_and_methods_v2,fillb,fillb_low_confidence_key,0.4855769230769231,1
W24,mid1,q_midw23_object_attributes_and_methods_v2,fillb,fillb_low_confidence_key,0.4855769230769231,3
W24,mid1,q_midw23_object_attributes_and_methods_v2,fillb,fillb_low_confidence_key,0.4855769230769231,2
W24,mid1,q_midw23_object_attributes_and_methods_v2,fillb,fillb_low_confidence_key,0.4855769230769231,6
W24,mid1,q_midw23_object_attributes_and_methods_v2,fillb,fillb_low_confidence_key,0.4855769230769231,2
W24,mid1,q_midw23_object_attributes_and_methods_v2,fillb,fillb_low_confidence_key,0.4855769230769231,1
W24,mid1,q_midw23_object_attributes_and_methods_v2,fillb,fillb_low_confidence_key,0.4855769230769231,3
W24,mid1,q_midw23_object_attributes_and_methods_v2,fillb,fillb_low_confidence_key,0.4855769230769231,1
W24,mid1,q_midw23_object_attributes_and_methods_v2,fillb,fillb_low_confidence_key,0.4855769230769231,7
F23,mid2,html-anchor-vs-img,shortanswer,unsupported_shortanswer,,1
F24,mid2,file_read_all_lines_at_once_sa,shortanswer,unsupported_shortanswer,,1
F24,mid1,fuction1_sa,shortanswer,unsupported_shortanswer,,2
F24,mid1,fuction2_sa,shortanswer,unsupported_shortanswer,,1
F24,mid1,fuction3_sa,shortanswer,unsupported_shortanswer,,1
F24,mid1,fuction4_sa,shortanswer,unsupported_shortanswer,,1
F24,mid1,fuction5_sa,shortanswer,unsupported_shortanswer,,1
F24,mid2,html-anchor-vs-img,shortanswer,unsupported_shortanswer,,2
F24,mid2,html-headers-short-answer,shortanswer,unsupported_shortanswer,,1
F25,mid2,file_read_all_lines_at_once_sa,shortanswer,unsupported_shortanswer,,1
F25,mid2,file_read_lines_no_file,shortanswer,unsupported_shortanswer,,1
F25,mid1,func_dict_key_error_sa,shortanswer,unsupported_shortanswer,,1
F25,mid1,func_tuple_change_sa,shortanswer,unsupported_shortanswer,,1
F25,mid2,html-anchor-vs-img,shortanswer,unsupported_shortanswer,,2
F25,mid2,html-anchor-vs-img,shortanswer,unsupported_shortanswer,,1
F25,mid2,html-anchor-vs-img,shortanswer,unsupported_shortanswer,,1
F25,mid2,html-headers-short-answer,shortanswer,unsupported_shortanswer,,1
F25,mid2,html-headers-short-answer,shortanswer,unsupported_shortanswer,,3
F25,mid1,list_index_negative_indices,shortanswer,unsupported_shortanswer,,1
